// 4.23.0 0xbc7ab997 D2 AY R0 FARGB8888 U565 N0 SExtFlashSection
// Generated by imageconverter. Please, do not edit!

#include <touchgfx/hal/Config.hpp>

LOCATION_PRAGMA("ExtFlashSection")
KEEP extern const unsigned char image_zma_84x180[] LOCATION_ATTRIBUTE("ExtFlashSection") = { // 84x180 ARGB8888 pixels.
    0x48, 0x70, 0x48, 0x00, 0x50, 0x70, 0x48, 0x00, 0x48, 0x70, 0x48, 0x00,
    0x48, 0x70, 0x48, 0x00, 0x50, 0x70, 0x48, 0x00, 0x48, 0x70, 0x48, 0x00,
    0x48, 0x70, 0x48, 0x00, 0x50, 0x70, 0x48, 0x00, 0x48, 0x70, 0x48, 0x00,
    0x48, 0x70, 0x48, 0x00, 0x50, 0x70, 0x48, 0x00, 0x48, 0x70, 0x48, 0x00,
    0x48, 0x70, 0x48, 0x00, 0x50, 0x70, 0x48, 0x00, 0x48, 0x70, 0x48, 0x00,
    0x48, 0x70, 0x48, 0x00, 0x50, 0x70, 0x48, 0x00, 0x48, 0x70, 0x48, 0x00,
    0x48, 0x70, 0x48, 0x00, 0x50, 0x70, 0x48, 0x00, 0x48, 0x70, 0x48, 0x00,
    0x48, 0x70, 0x48, 0x00, 0x50, 0x70, 0x48, 0x00, 0x48, 0x70, 0x48, 0x00,
    0x48, 0x70, 0x48, 0x00, 0x50, 0x70, 0x48, 0x00, 0x48, 0x70, 0x48, 0x00,
    0x48, 0x70, 0x48, 0x00, 0x50, 0x70, 0x48, 0x00, 0x48, 0x70, 0x48, 0x00,
    0x48, 0x70, 0x48, 0x00, 0x50, 0x70, 0x48, 0x00, 0x48, 0x70, 0x48, 0x00,
    0x48, 0x70, 0x48, 0x00, 0x50, 0x70, 0x48, 0x00, 0x48, 0x70, 0x48, 0x00,
    0x48, 0x70, 0x48, 0x00, 0x50, 0x70, 0x48, 0x00, 0x48, 0x70, 0x48, 0x00,
    0x48, 0x70, 0x48, 0x00, 0x50, 0x70, 0x48, 0x00, 0x48, 0x70, 0x48, 0x00,
    0x48, 0x70, 0x48, 0x00, 0x50, 0x70, 0x48, 0x00, 0x48, 0x70, 0x48, 0x00,
    0x48, 0x70, 0x48, 0x00, 0x50, 0x70, 0x48, 0x00, 0x48, 0x70, 0x48, 0x00,
    0x48, 0x70, 0x48, 0x00, 0x50, 0x70, 0x48, 0x00, 0x48, 0x70, 0x48, 0x00,
    0x48, 0x70, 0x48, 0x00, 0x50, 0x70, 0x48, 0x00, 0x48, 0x70, 0x48, 0x00,
    0x48, 0x70, 0x48, 0x00, 0x50, 0x70, 0x48, 0x00, 0x48, 0x70, 0x48, 0x00,
    0x48, 0x70, 0x48, 0x00, 0x50, 0x70, 0x48, 0x00, 0x48, 0x70, 0x48, 0x00,
    0x48, 0x70, 0x48, 0x00, 0x50, 0x70, 0x48, 0x00, 0x48, 0x70, 0x48, 0x00,
    0x48, 0x70, 0x48, 0x00, 0x50, 0x70, 0x48, 0x00, 0x48, 0x70, 0x48, 0x00,
    0x48, 0x70, 0x48, 0x00, 0x50, 0x70, 0x48, 0x00, 0x48, 0x70, 0x48, 0x00,
    0x48, 0x70, 0x48, 0x00, 0x50, 0x70, 0x48, 0x00, 0x48, 0x70, 0x48, 0x00,
    0x48, 0x70, 0x48, 0x00, 0x50, 0x70, 0x48, 0x00, 0x48, 0x70, 0x48, 0x00,
    0x48, 0x70, 0x48, 0x00, 0x50, 0x70, 0x48, 0x00, 0x48, 0x70, 0x48, 0x00,
    0x48, 0x70, 0x48, 0x00, 0x50, 0x70, 0x48, 0x00, 0x48, 0x70, 0x48, 0x00,
    0x48, 0x70, 0x48, 0x00, 0x50, 0x70, 0x48, 0x00, 0x48, 0x70, 0x48, 0x00,
    0x48, 0x70, 0x48, 0x00, 0x50, 0x70, 0x48, 0x00, 0x50, 0x70, 0x48, 0x00,
    0x48, 0x70, 0x48, 0x00, 0x50, 0x70, 0x48, 0x00, 0x50, 0x70, 0x48, 0x00,
    0x48, 0x70, 0x48, 0x00, 0x50, 0x70, 0x48, 0x00, 0x50, 0x70, 0x48, 0x00,
    0x48, 0x70, 0x48, 0x00, 0x50, 0x70, 0x48, 0x00, 0x50, 0x70, 0x48, 0x00,
    0x48, 0x70, 0x48, 0x00, 0x50, 0x70, 0x48, 0x00, 0x50, 0x70, 0x48, 0x00,
    0x48, 0x70, 0x48, 0x00, 0x50, 0x70, 0x48, 0x00, 0x50, 0x70, 0x48, 0x00,
    0x48, 0x70, 0x48, 0x00, 0x50, 0x70, 0x48, 0x00, 0x50, 0x70, 0x48, 0x00,
    0x48, 0x70, 0x48, 0x00, 0x50, 0x70, 0x48, 0x00, 0x50, 0x70, 0x48, 0x00,
    0x48, 0x70, 0x48, 0x00, 0x50, 0x70, 0x48, 0x00, 0x50, 0x70, 0x48, 0x00,
    0x48, 0x70, 0x48, 0x00, 0x50, 0x70, 0x48, 0x00, 0x50, 0x70, 0x48, 0x00,
    0x48, 0x70, 0x48, 0x00, 0x50, 0x70, 0x48, 0x00, 0x50, 0x70, 0x48, 0x00,
    0x48, 0x70, 0x48, 0x00, 0x50, 0x70, 0x48, 0x00, 0x50, 0x70, 0x48, 0x00,
    0x48, 0x70, 0x48, 0x00, 0x50, 0x70, 0x48, 0x00, 0x50, 0x70, 0x48, 0x00,
    0x48, 0x70, 0x48, 0x00, 0x50, 0x70, 0x48, 0x00, 0x50, 0x70, 0x48, 0x00,
    0x48, 0x70, 0x48, 0x00, 0x50, 0x70, 0x48, 0x00, 0x50, 0x70, 0x48, 0x00,
    0x48, 0x70, 0x48, 0x00, 0x50, 0x70, 0x48, 0x00, 0x50, 0x70, 0x48, 0x00,
    0x48, 0x70, 0x48, 0x00, 0x50, 0x70, 0x48, 0x00, 0x50, 0x70, 0x48, 0x00,
    0x48, 0x70, 0x48, 0x00, 0x50, 0x70, 0x48, 0x00, 0x50, 0x70, 0x48, 0x00,
    0x48, 0x70, 0x48, 0x00, 0x50, 0x70, 0x48, 0x00, 0x50, 0x70, 0x48, 0x00,
    0x48, 0x70, 0x48, 0x00, 0x50, 0x70, 0x48, 0x00, 0x50, 0x70, 0x48, 0x00,
    0x48, 0x70, 0x48, 0x00, 0x50, 0x70, 0x48, 0x00, 0x50, 0x70, 0x48, 0x00,
    0x48, 0x70, 0x48, 0x00, 0x50, 0x70, 0x48, 0x00, 0x50, 0x70, 0x48, 0x00,
    0x48, 0x70, 0x48, 0x00, 0x50, 0x70, 0x48, 0x00, 0x50, 0x70, 0x48, 0x00,
    0x48, 0x70, 0x48, 0x00, 0x50, 0x70, 0x48, 0x00, 0x50, 0x70, 0x48, 0x00,
    0x48, 0x70, 0x48, 0x00, 0x50, 0x70, 0x48, 0x00, 0x50, 0x70, 0x48, 0x00,
    0x48, 0x70, 0x48, 0x00, 0x50, 0x70, 0x48, 0x00, 0x50, 0x70, 0x48, 0x00,
    0x48, 0x70, 0x48, 0x00, 0x50, 0x70, 0x48, 0x00, 0x50, 0x70, 0x48, 0x00,
    0x48, 0x70, 0x48, 0x00, 0x50, 0x70, 0x48, 0x00, 0x50, 0x70, 0x48, 0x00,
    0x48, 0x70, 0x48, 0x00, 0x50, 0x70, 0x48, 0x00, 0x48, 0x70, 0x48, 0x00,
    0x48, 0x70, 0x48, 0x00, 0x50, 0x70, 0x48, 0x00, 0x48, 0x70, 0x48, 0x00,
    0x48, 0x70, 0x48, 0x00, 0x50, 0x70, 0x48, 0x00, 0x48, 0x70, 0x48, 0x00,
    0x48, 0x70, 0x48, 0x00, 0x50, 0x70, 0x48, 0x00, 0x48, 0x70, 0x48, 0x00,
    0x48, 0x70, 0x48, 0x00, 0x50, 0x70, 0x48, 0x00, 0x48, 0x70, 0x48, 0x00,
    0x48, 0x70, 0x48, 0x00, 0x50, 0x70, 0x48, 0x00, 0x48, 0x70, 0x48, 0x00,
    0x48, 0x70, 0x48, 0x00, 0x50, 0x70, 0x48, 0x00, 0x48, 0x70, 0x48, 0x00,
    0x48, 0x70, 0x48, 0x00, 0x50, 0x70, 0x48, 0x00, 0x48, 0x70, 0x48, 0x00,
    0x48, 0x70, 0x48, 0x00, 0x50, 0x70, 0x48, 0x00, 0x48, 0x70, 0x48, 0x00,
    0x48, 0x70, 0x48, 0x00, 0x50, 0x70, 0x48, 0x00, 0x48, 0x70, 0x48, 0x00,
    0x48, 0x70, 0x48, 0x00, 0x50, 0x70, 0x48, 0x00, 0x48, 0x70, 0x48, 0x00,
    0x48, 0x70, 0x48, 0x00, 0x50, 0x70, 0x48, 0x00, 0x48, 0x70, 0x48, 0x00,
    0x48, 0x70, 0x48, 0x00, 0x50, 0x70, 0x48, 0x00, 0x48, 0x70, 0x48, 0x00,
    0x48, 0x70, 0x48, 0x00, 0x50, 0x70, 0x48, 0x00, 0x48, 0x70, 0x48, 0x00,
    0x48, 0x70, 0x48, 0x00, 0x50, 0x70, 0x48, 0x00, 0x48, 0x70, 0x48, 0x00,
    0x48, 0x70, 0x48, 0x00, 0x50, 0x70, 0x48, 0x00, 0x48, 0x70, 0x48, 0x00,
    0x48, 0x70, 0x48, 0x00, 0x50, 0x70, 0x48, 0x00, 0x48, 0x70, 0x48, 0x00,
    0x48, 0x70, 0x48, 0x00, 0x50, 0x70, 0x48, 0x00, 0x48, 0x70, 0x48, 0x00,
    0x48, 0x70, 0x48, 0x00, 0x50, 0x70, 0x48, 0x00, 0x48, 0x70, 0x48, 0x00,
    0x48, 0x70, 0x48, 0x00, 0x50, 0x70, 0x48, 0x00, 0x48, 0x70, 0x48, 0x00,
    0x48, 0x70, 0x48, 0x00, 0x50, 0x70, 0x48, 0x00, 0x48, 0x70, 0x48, 0x00,
    0x48, 0x70, 0x48, 0x00, 0x50, 0x70, 0x48, 0x00, 0x48, 0x70, 0x48, 0x00,
    0x48, 0x70, 0x48, 0x00, 0x50, 0x70, 0x48, 0x00, 0x48, 0x70, 0x48, 0x00,
    0x48, 0x70, 0x48, 0x00, 0x50, 0x70, 0x48, 0x00, 0x48, 0x70, 0x48, 0x00,
    0x48, 0x70, 0x48, 0x00, 0x50, 0x70, 0x48, 0x00, 0x48, 0x70, 0x48, 0x00,
    0x48, 0x70, 0x48, 0x00, 0x50, 0x70, 0x48, 0x00, 0x48, 0x70, 0x48, 0x00,
    0x48, 0x70, 0x48, 0x00, 0x50, 0x70, 0x48, 0x00, 0x48, 0x70, 0x48, 0x00,
    0x48, 0x70, 0x48, 0x00, 0x50, 0x70, 0x48, 0x00, 0x48, 0x70, 0x48, 0x00,
    0x50, 0x70, 0x48, 0x00, 0x48, 0x70, 0x48, 0x00, 0x50, 0x70, 0x48, 0x00,
    0x50, 0x70, 0x40, 0x00, 0x48, 0x70, 0x48, 0x00, 0x50, 0x70, 0x48, 0x00,
    0x50, 0x70, 0x40, 0x00, 0x48, 0x70, 0x48, 0x00, 0x50, 0x70, 0x48, 0x00,
    0x50, 0x70, 0x40, 0x00, 0x48, 0x70, 0x48, 0x00, 0x50, 0x70, 0x48, 0x00,
    0x50, 0x70, 0x40, 0x00, 0x48, 0x70, 0x48, 0x00, 0x50, 0x70, 0x48, 0x00,
    0x50, 0x70, 0x40, 0x00, 0x48, 0x70, 0x48, 0x00, 0x50, 0x70, 0x48, 0x00,
    0x50, 0x70, 0x40, 0x00, 0x48, 0x70, 0x48, 0x00, 0x50, 0x70, 0x48, 0x00,
    0x50, 0x70, 0x40, 0x00, 0x48, 0x70, 0x48, 0x00, 0x50, 0x70, 0x48, 0x00,
    0x50, 0x70, 0x40, 0x00, 0x48, 0x70, 0x48, 0x00, 0x50, 0x70, 0x48, 0x00,
    0x50, 0x70, 0x40, 0x00, 0x48, 0x70, 0x48, 0x00, 0x50, 0x70, 0x48, 0x00,
    0x50, 0x70, 0x40, 0x00, 0x48, 0x70, 0x48, 0x00, 0x50, 0x70, 0x48, 0x00,
    0x50, 0x70, 0x40, 0x00, 0x48, 0x70, 0x48, 0x00, 0x50, 0x70, 0x48, 0x00,
    0x50, 0x70, 0x40, 0x00, 0x48, 0x70, 0x48, 0x00, 0x50, 0x70, 0x48, 0x00,
    0x50, 0x70, 0x40, 0x00, 0x48, 0x70, 0x48, 0x00, 0x50, 0x70, 0x48, 0x00,
    0x50, 0x70, 0x40, 0x00, 0x48, 0x70, 0x48, 0x00, 0x50, 0x70, 0x48, 0x00,
    0x50, 0x70, 0x40, 0x00, 0x48, 0x70, 0x48, 0x00, 0x50, 0x70, 0x48, 0x00,
    0x50, 0x70, 0x40, 0x00, 0x48, 0x70, 0x48, 0x00, 0x50, 0x70, 0x48, 0x00,
    0x50, 0x70, 0x40, 0x00, 0x48, 0x70, 0x48, 0x00, 0x50, 0x70, 0x48, 0x00,
    0x50, 0x70, 0x40, 0x00, 0x48, 0x70, 0x48, 0x00, 0x50, 0x70, 0x48, 0x00,
    0x50, 0x70, 0x40, 0x00, 0x48, 0x70, 0x48, 0x00, 0x50, 0x70, 0x48, 0x00,
    0x50, 0x70, 0x40, 0x00, 0x48, 0x70, 0x48, 0x00, 0x50, 0x70, 0x48, 0x00,
    0x50, 0x70, 0x40, 0x00, 0x48, 0x70, 0x48, 0x00, 0x50, 0x70, 0x48, 0x00,
    0x50, 0x70, 0x40, 0x00, 0x48, 0x70, 0x48, 0x00, 0x50, 0x70, 0x48, 0x00,
    0x50, 0x70, 0x40, 0x00, 0x48, 0x70, 0x48, 0x00, 0x50, 0x70, 0x48, 0x00,
    0x50, 0x70, 0x40, 0x00, 0x48, 0x70, 0x48, 0x00, 0x50, 0x70, 0x48, 0x00,
    0x50, 0x70, 0x40, 0x00, 0x48, 0x70, 0x48, 0x00, 0x50, 0x70, 0x48, 0x00,
    0x50, 0x70, 0x40, 0x00, 0x48, 0x70, 0x48, 0x00, 0x50, 0x70, 0x48, 0x00,
    0x50, 0x70, 0x40, 0x00, 0x48, 0x70, 0x48, 0x00, 0x48, 0x70, 0x48, 0x00,
    0x48, 0x70, 0x48, 0x00, 0x50, 0x70, 0x48, 0x00, 0x48, 0x70, 0x48, 0x00,
    0x50, 0x70, 0x48, 0x00, 0x48, 0x70, 0x48, 0x00, 0x48, 0x70, 0x48, 0x00,
    0x50, 0x70, 0x48, 0x00, 0x48, 0x70, 0x48, 0x00, 0x50, 0x70, 0x48, 0x00,
    0x48, 0x70, 0x48, 0x00, 0x48, 0x70, 0x48, 0x00, 0x50, 0x70, 0x48, 0x00,
    0x48, 0x70, 0x48, 0x00, 0x48, 0x70, 0x48, 0x00, 0x50, 0x70, 0x48, 0x00,
    0x48, 0x70, 0x48, 0x00, 0x48, 0x70, 0x48, 0x00, 0x50, 0x70, 0x48, 0x00,
    0x48, 0x70, 0x48, 0x00, 0x48, 0x70, 0x48, 0x00, 0x50, 0x70, 0x48, 0x00,
    0x48, 0x70, 0x48, 0x00, 0x48, 0x70, 0x48, 0x00, 0x50, 0x70, 0x48, 0x00,
    0x48, 0x70, 0x48, 0x00, 0x48, 0x70, 0x48, 0x00, 0x50, 0x70, 0x48, 0x00,
    0x48, 0x70, 0x48, 0x00, 0x48, 0x70, 0x48, 0x00, 0x50, 0x70, 0x48, 0x00,
    0x48, 0x70, 0x48, 0x00, 0x48, 0x70, 0x48, 0x00, 0x50, 0x70, 0x48, 0x00,
    0x48, 0x70, 0x48, 0x00, 0x48, 0x70, 0x48, 0x00, 0x50, 0x70, 0x48, 0x00,
    0x48, 0x70, 0x48, 0x00, 0x48, 0x70, 0x48, 0x00, 0x50, 0x70, 0x48, 0x00,
    0x48, 0x70, 0x48, 0x00, 0x48, 0x70, 0x48, 0x00, 0x50, 0x70, 0x48, 0x00,
    0x48, 0x70, 0x48, 0x00, 0x48, 0x70, 0x48, 0x00, 0x50, 0x70, 0x48, 0x00,
    0x48, 0x70, 0x48, 0x00, 0x48, 0x70, 0x48, 0x00, 0x50, 0x70, 0x48, 0x00,
    0x48, 0x70, 0x48, 0x00, 0x48, 0x70, 0x48, 0x00, 0x50, 0x70, 0x48, 0x00,
    0x48, 0x70, 0x48, 0x00, 0x48, 0x70, 0x48, 0x00, 0x50, 0x70, 0x48, 0x00,
    0x48, 0x70, 0x48, 0x00, 0x48, 0x70, 0x48, 0x00, 0x50, 0x70, 0x48, 0x00,
    0x48, 0x70, 0x48, 0x00, 0x48, 0x70, 0x48, 0x00, 0x50, 0x70, 0x48, 0x00,
    0x48, 0x70, 0x48, 0x00, 0x48, 0x70, 0x48, 0x00, 0x50, 0x70, 0x48, 0x00,
    0x48, 0x70, 0x48, 0x00, 0x48, 0x70, 0x48, 0x00, 0x50, 0x70, 0x48, 0x00,
    0x48, 0x70, 0x48, 0x00, 0x48, 0x70, 0x48, 0x00, 0x50, 0x70, 0x48, 0x00,
    0x48, 0x70, 0x48, 0x00, 0x48, 0x70, 0x48, 0x00, 0x50, 0x70, 0x48, 0x00,
    0x48, 0x70, 0x48, 0x00, 0x48, 0x70, 0x48, 0x00, 0x50, 0x70, 0x48, 0x00,
    0x48, 0x70, 0x48, 0x00, 0x48, 0x70, 0x48, 0x00, 0x50, 0x70, 0x48, 0x00,
    0x48, 0x70, 0x48, 0x00, 0x48, 0x70, 0x48, 0x00, 0x50, 0x70, 0x48, 0x00,
    0x50, 0x70, 0x48, 0x00, 0x48, 0x70, 0x48, 0x00, 0x50, 0x70, 0x48, 0x00,
    0x48, 0x70, 0x48, 0x00, 0x50, 0x70, 0x48, 0x00, 0x48, 0x70, 0x48, 0x00,
    0x48, 0x70, 0x48, 0x00, 0x50, 0x70, 0x48, 0x00, 0x50, 0x70, 0x48, 0x00,
    0x48, 0x70, 0x48, 0x00, 0x50, 0x70, 0x48, 0x00, 0x48, 0x70, 0x48, 0x00,
    0x50, 0x70, 0x48, 0x00, 0x50, 0x70, 0x48, 0x00, 0x48, 0x70, 0x48, 0x00,
    0x50, 0x70, 0x48, 0x00, 0x50, 0x70, 0x48, 0x00, 0x48, 0x70, 0x48, 0x00,
    0x50, 0x70, 0x48, 0x00, 0x50, 0x70, 0x48, 0x00, 0x48, 0x70, 0x48, 0x00,
    0x50, 0x70, 0x48, 0x00, 0x50, 0x70, 0x48, 0x00, 0x48, 0x70, 0x48, 0x00,
    0x50, 0x70, 0x48, 0x00, 0x50, 0x70, 0x48, 0x00, 0x48, 0x70, 0x48, 0x00,
    0x50, 0x70, 0x48, 0x00, 0x50, 0x70, 0x48, 0x00, 0x48, 0x70, 0x48, 0x00,
    0x50, 0x70, 0x48, 0x00, 0x50, 0x70, 0x48, 0x00, 0x48, 0x70, 0x48, 0x00,
    0x50, 0x70, 0x48, 0x00, 0x50, 0x70, 0x48, 0x00, 0x48, 0x70, 0x48, 0x00,
    0x50, 0x70, 0x48, 0x00, 0x50, 0x70, 0x48, 0x00, 0x48, 0x70, 0x48, 0x00,
    0x50, 0x70, 0x48, 0x00, 0x50, 0x70, 0x48, 0x00, 0x48, 0x70, 0x48, 0x00,
    0x50, 0x70, 0x48, 0x00, 0x50, 0x70, 0x48, 0x00, 0x48, 0x70, 0x48, 0x00,
    0x50, 0x70, 0x48, 0x00, 0x50, 0x70, 0x48, 0x00, 0x48, 0x70, 0x48, 0x00,
    0x50, 0x70, 0x48, 0x00, 0x50, 0x70, 0x48, 0x00, 0x48, 0x70, 0x48, 0x00,
    0x50, 0x70, 0x48, 0x00, 0x50, 0x70, 0x48, 0x00, 0x48, 0x70, 0x48, 0x00,
    0x50, 0x70, 0x48, 0x00, 0x50, 0x70, 0x48, 0x00, 0x48, 0x70, 0x48, 0x00,
    0x50, 0x70, 0x48, 0x00, 0x50, 0x70, 0x48, 0x00, 0x48, 0x70, 0x48, 0x00,
    0x50, 0x70, 0x48, 0x00, 0x50, 0x70, 0x48, 0x00, 0x48, 0x70, 0x48, 0x00,
    0x50, 0x70, 0x48, 0x00, 0x50, 0x70, 0x48, 0x00, 0x48, 0x70, 0x48, 0x00,
    0x50, 0x70, 0x48, 0x00, 0x50, 0x70, 0x48, 0x00, 0x48, 0x70, 0x48, 0x00,
    0x50, 0x70, 0x48, 0x00, 0x50, 0x70, 0x48, 0x00, 0x48, 0x70, 0x48, 0x00,
    0x50, 0x70, 0x48, 0x00, 0x50, 0x70, 0x48, 0x00, 0x48, 0x70, 0x48, 0x00,
    0x50, 0x70, 0x48, 0x00, 0x50, 0x70, 0x48, 0x00, 0x48, 0x70, 0x48, 0x00,
    0x50, 0x70, 0x48, 0x00, 0x50, 0x70, 0x48, 0x00, 0x48, 0x70, 0x48, 0x00,
    0x50, 0x70, 0x48, 0x00, 0x48, 0x70, 0x48, 0x00, 0x48, 0x70, 0x48, 0x00,
    0x50, 0x70, 0x48, 0x00, 0x48, 0x70, 0x48, 0x00, 0x50, 0x70, 0x48, 0x00,
    0x50, 0x70, 0x48, 0x00, 0x48, 0x70, 0x48, 0x00, 0x50, 0x70, 0x40, 0x00,
    0x50, 0x70, 0x48, 0x00, 0x48, 0x70, 0x48, 0x00, 0x50, 0x70, 0x40, 0x00,
    0x48, 0x70, 0x48, 0x00, 0x48, 0x70, 0x48, 0x00, 0x50, 0x70, 0x40, 0x00,
    0x48, 0x70, 0x48, 0x00, 0x50, 0x70, 0x48, 0x00, 0x48, 0x70, 0x40, 0x00,
    0x48, 0x70, 0x48, 0x00, 0x50, 0x70, 0x48, 0x00, 0x48, 0x70, 0x40, 0x00,
    0x50, 0x70, 0x48, 0x00, 0x48, 0x70, 0x48, 0x00, 0x48, 0x70, 0x40, 0x00,
    0x50, 0x70, 0x48, 0x00, 0x48, 0x70, 0x48, 0x00, 0x48, 0x70, 0x40, 0x00,
    0x50, 0x70, 0x48, 0x00, 0x48, 0x70, 0x48, 0x00, 0x48, 0x70, 0x40, 0x00,
    0x50, 0x70, 0x48, 0x00, 0x48, 0x70, 0x48, 0x00, 0x48, 0x70, 0x40, 0x00,
    0x50, 0x70, 0x48, 0x00, 0x48, 0x70, 0x48, 0x00, 0x48, 0x70, 0x40, 0x00,
    0x50, 0x70, 0x48, 0x00, 0x48, 0x70, 0x48, 0x00, 0x48, 0x70, 0x40, 0x00,
    0x50, 0x70, 0x48, 0x00, 0x48, 0x70, 0x48, 0x00, 0x48, 0x70, 0x40, 0x00,
    0x50, 0x70, 0x48, 0x00, 0x48, 0x70, 0x48, 0x00, 0x48, 0x70, 0x40, 0x00,
    0x50, 0x70, 0x48, 0x00, 0x48, 0x70, 0x48, 0x00, 0x48, 0x70, 0x40, 0x00,
    0x50, 0x70, 0x48, 0x00, 0x48, 0x70, 0x48, 0x00, 0x48, 0x70, 0x40, 0x00,
    0x50, 0x70, 0x48, 0x00, 0x48, 0x70, 0x48, 0x00, 0x48, 0x70, 0x40, 0x00,
    0x50, 0x70, 0x48, 0x00, 0x48, 0x70, 0x48, 0x00, 0x48, 0x70, 0x40, 0x00,
    0x50, 0x70, 0x48, 0x00, 0x48, 0x70, 0x48, 0x00, 0x48, 0x70, 0x40, 0x00,
    0x50, 0x70, 0x48, 0x00, 0x48, 0x70, 0x48, 0x00, 0x48, 0x70, 0x40, 0x00,
    0x50, 0x70, 0x48, 0x00, 0x48, 0x70, 0x48, 0x00, 0x48, 0x70, 0x40, 0x00,
    0x50, 0x70, 0x48, 0x00, 0x48, 0x70, 0x48, 0x00, 0x48, 0x70, 0x40, 0x00,
    0x50, 0x70, 0x48, 0x00, 0x48, 0x70, 0x48, 0x00, 0x48, 0x70, 0x40, 0x00,
    0x50, 0x70, 0x48, 0x00, 0x48, 0x70, 0x48, 0x00, 0x48, 0x70, 0x40, 0x00,
    0x50, 0x70, 0x48, 0x00, 0x48, 0x70, 0x48, 0x00, 0x48, 0x70, 0x40, 0x00,
    0x50, 0x70, 0x48, 0x00, 0x48, 0x70, 0x48, 0x00, 0x48, 0x70, 0x40, 0x00,
    0x50, 0x70, 0x48, 0x00, 0x48, 0x70, 0x48, 0x00, 0x50, 0x70, 0x40, 0x00,
    0x50, 0x70, 0x48, 0x00, 0x48, 0x70, 0x48, 0x00, 0x50, 0x70, 0x40, 0x00,
    0x48, 0x70, 0x48, 0x00, 0x48, 0x70, 0x48, 0x00, 0x50, 0x70, 0x48, 0x00,
    0x48, 0x70, 0x48, 0x00, 0x50, 0x70, 0x48, 0x00, 0x48, 0x70, 0x48, 0x00,
    0x48, 0x70, 0x48, 0x00, 0x50, 0x70, 0x48, 0x00, 0x48, 0x70, 0x48, 0x00,
    0x50, 0x70, 0x48, 0x00, 0x50, 0x70, 0x48, 0x00, 0x48, 0x70, 0x48, 0x00,
    0x48, 0x70, 0x48, 0x00, 0x50, 0x70, 0x48, 0x00, 0x50, 0x70, 0x48, 0x00,
    0x48, 0x70, 0x48, 0x00, 0x48, 0x70, 0x48, 0x00, 0x50, 0x70, 0x48, 0x00,
    0x48, 0x70, 0x48, 0x00, 0x50, 0x70, 0x48, 0x00, 0x50, 0x70, 0x48, 0x00,
    0x48, 0x70, 0x48, 0x00, 0x50, 0x70, 0x48, 0x00, 0x50, 0x70, 0x48, 0x00,
    0x48, 0x70, 0x48, 0x00, 0x50, 0x70, 0x48, 0x00, 0x50, 0x70, 0x48, 0x00,
    0x48, 0x70, 0x48, 0x00, 0x50, 0x70, 0x48, 0x00, 0x50, 0x70, 0x48, 0x00,
    0x48, 0x70, 0x48, 0x00, 0x50, 0x70, 0x48, 0x00, 0x50, 0x70, 0x48, 0x00,
    0x48, 0x70, 0x48, 0x00, 0x50, 0x70, 0x48, 0x00, 0x50, 0x70, 0x48, 0x00,
    0x48, 0x70, 0x48, 0x00, 0x50, 0x70, 0x48, 0x00, 0x50, 0x70, 0x48, 0x00,
    0x48, 0x70, 0x48, 0x00, 0x50, 0x70, 0x48, 0x00, 0x50, 0x70, 0x48, 0x00,
    0x48, 0x70, 0x48, 0x00, 0x50, 0x70, 0x48, 0x00, 0x50, 0x70, 0x48, 0x00,
    0x48, 0x70, 0x48, 0x00, 0x50, 0x70, 0x48, 0x00, 0x50, 0x70, 0x48, 0x00,
    0x48, 0x70, 0x48, 0x00, 0x50, 0x70, 0x48, 0x00, 0x50, 0x70, 0x48, 0x00,
    0x48, 0x70, 0x48, 0x00, 0x50, 0x70, 0x48, 0x00, 0x50, 0x70, 0x48, 0x00,
    0x48, 0x70, 0x48, 0x00, 0x50, 0x70, 0x48, 0x00, 0x50, 0x70, 0x48, 0x00,
    0x48, 0x70, 0x48, 0x00, 0x50, 0x70, 0x48, 0x00, 0x50, 0x70, 0x48, 0x00,
    0x48, 0x70, 0x48, 0x00, 0x50, 0x70, 0x48, 0x00, 0x50, 0x70, 0x48, 0x00,
    0x48, 0x70, 0x48, 0x00, 0x50, 0x70, 0x48, 0x00, 0x50, 0x70, 0x48, 0x00,
    0x48, 0x70, 0x48, 0x00, 0x50, 0x70, 0x48, 0x00, 0x50, 0x70, 0x48, 0x00,
    0x48, 0x70, 0x48, 0x00, 0x50, 0x70, 0x48, 0x00, 0x50, 0x70, 0x48, 0x00,
    0x48, 0x70, 0x48, 0x00, 0x50, 0x70, 0x48, 0x00, 0x50, 0x70, 0x48, 0x00,
    0x48, 0x70, 0x48, 0x00, 0x50, 0x70, 0x48, 0x00, 0x50, 0x70, 0x48, 0x00,
    0x48, 0x70, 0x48, 0x00, 0x48, 0x70, 0x48, 0x00, 0x50, 0x70, 0x48, 0x00,
    0x48, 0x70, 0x48, 0x00, 0x50, 0x70, 0x48, 0x00, 0x50, 0x70, 0x48, 0x00,
    0x48, 0x70, 0x48, 0x00, 0x50, 0x70, 0x48, 0x00, 0x48, 0x70, 0x48, 0x00,
    0x48, 0x70, 0x48, 0x00, 0x50, 0x70, 0x48, 0x00, 0x50, 0x70, 0x48, 0x00,
    0x48, 0x70, 0x48, 0x00, 0x50, 0x70, 0x48, 0x00, 0x48, 0x70, 0x48, 0x00,
    0x50, 0x70, 0x40, 0x00, 0x50, 0x70, 0x48, 0x00, 0x48, 0x70, 0x48, 0x00,
    0x50, 0x70, 0x48, 0x00, 0x48, 0x70, 0x40, 0x00, 0x50, 0x70, 0x48, 0x00,
    0x50, 0x70, 0x48, 0x00, 0x48, 0x70, 0x48, 0x00, 0x50, 0x70, 0x48, 0x00,
    0x48, 0x70, 0x40, 0x00, 0x50, 0x70, 0x48, 0x00, 0x48, 0x70, 0x48, 0x00,
    0x48, 0x70, 0x40, 0x00, 0x50, 0x70, 0x48, 0x00, 0x48, 0x70, 0x48, 0x00,
    0x48, 0x70, 0x48, 0x00, 0x50, 0x70, 0x40, 0x00, 0x48, 0x70, 0x48, 0x00,
    0x48, 0x70, 0x48, 0x00, 0x50, 0x70, 0x40, 0x00, 0x48, 0x70, 0x48, 0x00,
    0x48, 0x70, 0x48, 0x00, 0x50, 0x70, 0x48, 0x00, 0x48, 0x70, 0x48, 0x00,
    0x48, 0x70, 0x40, 0x00, 0x50, 0x70, 0x48, 0x00, 0x48, 0x70, 0x48, 0x00,
    0x48, 0x70, 0x40, 0x00, 0x50, 0x70, 0x48, 0x00, 0x48, 0x70, 0x48, 0x00,
    0x48, 0x70, 0x48, 0x00, 0x50, 0x70, 0x40, 0x00, 0x48, 0x70, 0x48, 0x00,
    0x48, 0x70, 0x48, 0x00, 0x50, 0x70, 0x40, 0x00, 0x48, 0x70, 0x48, 0x00,
    0x48, 0x70, 0x48, 0x00, 0x50, 0x70, 0x48, 0x00, 0x48, 0x70, 0x48, 0x00,
    0x48, 0x70, 0x40, 0x00, 0x50, 0x70, 0x48, 0x00, 0x48, 0x70, 0x48, 0x00,
    0x48, 0x70, 0x40, 0x00, 0x50, 0x70, 0x48, 0x00, 0x48, 0x70, 0x48, 0x00,
    0x48, 0x70, 0x48, 0x00, 0x50, 0x70, 0x40, 0x00, 0x48, 0x70, 0x48, 0x00,
    0x48, 0x70, 0x48, 0x00, 0x50, 0x70, 0x40, 0x00, 0x48, 0x70, 0x48, 0x00,
    0x48, 0x70, 0x48, 0x00, 0x50, 0x70, 0x48, 0x00, 0x48, 0x70, 0x48, 0x00,
    0x48, 0x70, 0x40, 0x00, 0x50, 0x70, 0x48, 0x00, 0x48, 0x70, 0x48, 0x00,
    0x48, 0x70, 0x40, 0x00, 0x50, 0x70, 0x48, 0x00, 0x48, 0x70, 0x48, 0x00,
    0x48, 0x70, 0x48, 0x00, 0x50, 0x70, 0x40, 0x00, 0x48, 0x70, 0x48, 0x00,
    0x48, 0x70, 0x48, 0x00, 0x50, 0x70, 0x40, 0x00, 0x48, 0x70, 0x48, 0x00,
    0x48, 0x70, 0x48, 0x00, 0x50, 0x70, 0x48, 0x00, 0x50, 0x70, 0x48, 0x00,
    0x48, 0x70, 0x40, 0x00, 0x50, 0x70, 0x48, 0x00, 0x48, 0x70, 0x48, 0x00,
    0x48, 0x70, 0x48, 0x00, 0x50, 0x70, 0x40, 0x00, 0x48, 0x70, 0x48, 0x00,
    0x50, 0x70, 0x48, 0x00, 0x50, 0x70, 0x40, 0x00, 0x48, 0x70, 0x48, 0x00,
    0x48, 0x70, 0x48, 0x00, 0x50, 0x70, 0x48, 0x00, 0x48, 0x70, 0x40, 0x00,
    0x50, 0x70, 0x48, 0x00, 0x48, 0x70, 0x48, 0x00, 0x48, 0x70, 0x48, 0x00,
    0x48, 0x70, 0x48, 0x00, 0x50, 0x70, 0x48, 0x00, 0x48, 0x70, 0x48, 0x00,
    0x50, 0x70, 0x48, 0x00, 0x48, 0x70, 0x48, 0x00, 0x48, 0x70, 0x48, 0x00,
    0x50, 0x70, 0x40, 0x00, 0x50, 0x70, 0x48, 0x00, 0x48, 0x70, 0x48, 0x00,
    0x50, 0x70, 0x48, 0x00, 0x48, 0x70, 0x48, 0x00, 0x50, 0x70, 0x48, 0x00,
    0x50, 0x70, 0x48, 0x00, 0x48, 0x70, 0x48, 0x00, 0x50, 0x70, 0x48, 0x00,
    0x50, 0x70, 0x48, 0x00, 0x48, 0x70, 0x48, 0x00, 0x50, 0x70, 0x48, 0x00,
    0x50, 0x70, 0x48, 0x00, 0x48, 0x70, 0x48, 0x00, 0x50, 0x70, 0x48, 0x00,
    0x50, 0x70, 0x40, 0x00, 0x48, 0x70, 0x48, 0x00, 0x50, 0x70, 0x48, 0x00,
    0x50, 0x70, 0x48, 0x00, 0x48, 0x70, 0x48, 0x00, 0x50, 0x70, 0x48, 0x00,
    0x50, 0x70, 0x48, 0x00, 0x48, 0x70, 0x48, 0x00, 0x50, 0x70, 0x48, 0x00,
    0x50, 0x70, 0x48, 0x00, 0x48, 0x70, 0x48, 0x00, 0x50, 0x70, 0x48, 0x00,
    0x50, 0x70, 0x48, 0x00, 0x48, 0x70, 0x48, 0x00, 0x50, 0x70, 0x48, 0x00,
    0x50, 0x70, 0x40, 0x00, 0x48, 0x70, 0x48, 0x00, 0x50, 0x70, 0x48, 0x00,
    0x50, 0x70, 0x48, 0x00, 0x48, 0x70, 0x48, 0x00, 0x50, 0x70, 0x48, 0x00,
    0x50, 0x70, 0x48, 0x00, 0x48, 0x70, 0x48, 0x00, 0x50, 0x70, 0x48, 0x00,
    0x50, 0x70, 0x48, 0x00, 0x48, 0x70, 0x48, 0x00, 0x50, 0x70, 0x48, 0x00,
    0x50, 0x70, 0x48, 0x00, 0x48, 0x70, 0x48, 0x00, 0x50, 0x70, 0x48, 0x00,
    0x50, 0x70, 0x40, 0x00, 0x48, 0x70, 0x48, 0x00, 0x50, 0x70, 0x48, 0x00,
    0x50, 0x70, 0x48, 0x00, 0x48, 0x70, 0x48, 0x00, 0x50, 0x70, 0x48, 0x00,
    0x50, 0x70, 0x48, 0x00, 0x48, 0x70, 0x48, 0x00, 0x50, 0x70, 0x48, 0x00,
    0x50, 0x70, 0x48, 0x00, 0x48, 0x70, 0x48, 0x00, 0x50, 0x70, 0x48, 0x00,
    0x50, 0x70, 0x48, 0x00, 0x48, 0x70, 0x48, 0x00, 0x50, 0x70, 0x48, 0x00,
    0x48, 0x70, 0x40, 0x00, 0x48, 0x70, 0x48, 0x00, 0x50, 0x70, 0x48, 0x00,
    0x48, 0x70, 0x48, 0x00, 0x50, 0x70, 0x48, 0x00, 0x50, 0x70, 0x48, 0x00,
    0x48, 0x70, 0x48, 0x00, 0x50, 0x70, 0x48, 0x00, 0x48, 0x70, 0x48, 0x00,
    0x48, 0x70, 0x48, 0x00, 0x50, 0x70, 0x48, 0x00, 0x48, 0x70, 0x48, 0x00,
    0x50, 0x70, 0x48, 0x00, 0x48, 0x70, 0x48, 0x00, 0x48, 0x70, 0x48, 0x00,
    0x50, 0x70, 0x48, 0x00, 0x50, 0x70, 0x40, 0x00, 0x50, 0x70, 0x48, 0x00,
    0x48, 0x70, 0x48, 0x00, 0x48, 0x70, 0x48, 0x00, 0x50, 0x70, 0x40, 0x00,
    0x48, 0x70, 0x48, 0x00, 0x50, 0x70, 0x48, 0x00, 0x48, 0x70, 0x48, 0x00,
    0x48, 0x70, 0x48, 0x00, 0x50, 0x70, 0x48, 0x00, 0x48, 0x70, 0x48, 0x00,
    0x48, 0x70, 0x48, 0x00, 0x50, 0x70, 0x48, 0x00, 0x48, 0x70, 0x48, 0x00,
    0x50, 0x70, 0x48, 0x00, 0x48, 0x70, 0x48, 0x00, 0x48, 0x70, 0x40, 0x00,
    0x50, 0x70, 0x48, 0x00, 0x48, 0x70, 0x48, 0x00, 0x50, 0x70, 0x48, 0x00,
    0x48, 0x70, 0x48, 0x00, 0x48, 0x70, 0x48, 0x00, 0x50, 0x70, 0x48, 0x00,
    0x48, 0x70, 0x48, 0x00, 0x48, 0x70, 0x48, 0x00, 0x50, 0x70, 0x48, 0x00,
    0x48, 0x70, 0x48, 0x00, 0x48, 0x70, 0x48, 0x00, 0x50, 0x70, 0x48, 0x00,
    0x48, 0x70, 0x48, 0x00, 0x48, 0x70, 0x48, 0x00, 0x50, 0x70, 0x40, 0x00,
    0x48, 0x70, 0x48, 0x00, 0x48, 0x70, 0x48, 0x00, 0x50, 0x70, 0x48, 0x00,
    0x48, 0x70, 0x48, 0x00, 0x48, 0x70, 0x48, 0x00, 0x50, 0x70, 0x48, 0x00,
    0x48, 0x70, 0x48, 0x00, 0x48, 0x70, 0x48, 0x00, 0x50, 0x70, 0x48, 0x00,
    0x48, 0x70, 0x48, 0x00, 0x48, 0x70, 0x48, 0x00, 0x50, 0x70, 0x48, 0x00,
    0x48, 0x70, 0x48, 0x00, 0x48, 0x70, 0x48, 0x00, 0x50, 0x70, 0x40, 0x00,
    0x48, 0x70, 0x48, 0x00, 0x48, 0x70, 0x48, 0x00, 0x50, 0x70, 0x48, 0x00,
    0x48, 0x70, 0x48, 0x00, 0x48, 0x70, 0x48, 0x00, 0x50, 0x70, 0x48, 0x00,
    0x48, 0x70, 0x48, 0x00, 0x48, 0x70, 0x48, 0x00, 0x50, 0x70, 0x48, 0x00,
    0x48, 0x70, 0x48, 0x00, 0x48, 0x70, 0x48, 0x00, 0x50, 0x70, 0x48, 0x00,
    0x48, 0x70, 0x48, 0x00, 0x48, 0x70, 0x48, 0x00, 0x50, 0x70, 0x40, 0x00,
    0x48, 0x70, 0x48, 0x00, 0x48, 0x70, 0x48, 0x00, 0x50, 0x70, 0x48, 0x00,
    0x48, 0x70, 0x48, 0x00, 0x50, 0x70, 0x48, 0x00, 0x50, 0x70, 0x48, 0x00,
    0x48, 0x70, 0x48, 0x00, 0x50, 0x70, 0x48, 0x00, 0x48, 0x70, 0x48, 0x00,
    0x48, 0x70, 0x48, 0x00, 0x50, 0x70, 0x40, 0x00, 0x48, 0x70, 0x48, 0x00,
    0x50, 0x70, 0x48, 0x00, 0x50, 0x70, 0x48, 0x00, 0x48, 0x70, 0x48, 0x00,
    0x50, 0x70, 0x48, 0x00, 0x48, 0x70, 0x48, 0x00, 0x50, 0x70, 0x48, 0x00,
    0x50, 0x70, 0x48, 0x00, 0x48, 0x70, 0x48, 0x00, 0x50, 0x70, 0x48, 0x00,
    0x48, 0x70, 0x48, 0x00, 0x48, 0x70, 0x48, 0x00, 0x50, 0x70, 0x48, 0x00,
    0x50, 0x70, 0x48, 0x00, 0x48, 0x70, 0x48, 0x00, 0x50, 0x70, 0x48, 0x00,
    0x50, 0x70, 0x48, 0x00, 0x48, 0x70, 0x48, 0x00, 0x50, 0x70, 0x48, 0x00,
    0x50, 0x70, 0x48, 0x00, 0x48, 0x70, 0x48, 0x00, 0x50, 0x70, 0x40, 0x00,
    0x50, 0x70, 0x48, 0x00, 0x48, 0x70, 0x48, 0x00, 0x48, 0x70, 0x40, 0x00,
    0x50, 0x70, 0x48, 0x00, 0x50, 0x70, 0x48, 0x00, 0x48, 0x70, 0x48, 0x00,
    0x48, 0x70, 0x48, 0x00, 0x50, 0x70, 0x48, 0x00, 0x48, 0x70, 0x40, 0x00,
    0x50, 0x70, 0x48, 0x00, 0x50, 0x70, 0x48, 0x00, 0x48, 0x70, 0x48, 0x00,
    0x50, 0x70, 0x48, 0x00, 0x50, 0x70, 0x48, 0x00, 0x48, 0x70, 0x40, 0x00,
    0x50, 0x70, 0x48, 0x00, 0x50, 0x70, 0x48, 0x00, 0x48, 0x70, 0x40, 0x00,
    0x50, 0x70, 0x48, 0x00, 0x50, 0x70, 0x48, 0x00, 0x48, 0x70, 0x48, 0x00,
    0x50, 0x70, 0x48, 0x00, 0x50, 0x70, 0x48, 0x00, 0x48, 0x70, 0x40, 0x00,
    0x50, 0x70, 0x48, 0x00, 0x50, 0x70, 0x48, 0x00, 0x48, 0x70, 0x48, 0x00,
    0x50, 0x70, 0x48, 0x00, 0x50, 0x70, 0x48, 0x00, 0x48, 0x70, 0x40, 0x00,
    0x50, 0x70, 0x48, 0x00, 0x50, 0x70, 0x48, 0x00, 0x48, 0x70, 0x40, 0x00,
    0x50, 0x70, 0x48, 0x00, 0x50, 0x70, 0x48, 0x00, 0x48, 0x70, 0x48, 0x00,
    0x50, 0x70, 0x48, 0x00, 0x50, 0x70, 0x48, 0x00, 0x48, 0x70, 0x40, 0x00,
    0x50, 0x70, 0x48, 0x00, 0x50, 0x70, 0x48, 0x00, 0x48, 0x70, 0x48, 0x00,
    0x50, 0x70, 0x48, 0x00, 0x50, 0x70, 0x48, 0x00, 0x48, 0x70, 0x40, 0x00,
    0x50, 0x70, 0x48, 0x00, 0x50, 0x70, 0x48, 0x00, 0x48, 0x70, 0x40, 0x00,
    0x50, 0x70, 0x48, 0x00, 0x50, 0x70, 0x48, 0x00, 0x48, 0x70, 0x48, 0x00,
    0x50, 0x70, 0x48, 0x00, 0x50, 0x70, 0x48, 0x00, 0x48, 0x70, 0x40, 0x00,
    0x48, 0x70, 0x48, 0x00, 0x50, 0x70, 0x48, 0x00, 0x48, 0x70, 0x48, 0x00,
    0x50, 0x70, 0x48, 0x00, 0x50, 0x70, 0x48, 0x00, 0x48, 0x70, 0x48, 0x00,
    0x50, 0x70, 0x48, 0x00, 0x48, 0x70, 0x48, 0x00, 0x48, 0x70, 0x48, 0x00,
    0x50, 0x70, 0x40, 0x00, 0x48, 0x70, 0x48, 0x00, 0x50, 0x70, 0x48, 0x00,
    0x48, 0x70, 0x40, 0x00, 0x50, 0x70, 0x48, 0x00, 0x48, 0x70, 0x48, 0x00,
    0x48, 0x70, 0x48, 0x00, 0x50, 0x70, 0x48, 0x00, 0x50, 0x70, 0x48, 0x00,
    0x48, 0x70, 0x48, 0x00, 0x48, 0x70, 0x48, 0x00, 0x50, 0x70, 0x48, 0x00,
    0x48, 0x70, 0x40, 0x00, 0x50, 0x70, 0x48, 0x00, 0x48, 0x70, 0x48, 0x00,
    0x48, 0x70, 0x48, 0x00, 0x50, 0x70, 0x40, 0x00, 0x48, 0x70, 0x48, 0x00,
    0x50, 0x70, 0x48, 0x00, 0x48, 0x70, 0x48, 0x00, 0x48, 0x70, 0x48, 0x00,
    0x50, 0x70, 0x48, 0x00, 0x50, 0x70, 0x48, 0x00, 0x48, 0x70, 0x48, 0x00,
    0x50, 0x70, 0x48, 0x00, 0x50, 0x70, 0x48, 0x00, 0x48, 0x70, 0x48, 0x00,
    0x50, 0x70, 0x48, 0x00, 0x50, 0x70, 0x48, 0x00, 0x48, 0x70, 0x48, 0x00,
    0x48, 0x70, 0x48, 0x00, 0x50, 0x70, 0x40, 0x00, 0x48, 0x70, 0x48, 0x00,
    0x50, 0x70, 0x48, 0x00, 0x48, 0x70, 0x48, 0x00, 0x48, 0x70, 0x48, 0x00,
    0x50, 0x70, 0x48, 0x00, 0x48, 0x70, 0x48, 0x00, 0x48, 0x70, 0x48, 0x00,
    0x50, 0x70, 0x48, 0x00, 0x48, 0x70, 0x48, 0x00, 0x48, 0x70, 0x48, 0x00,
    0x50, 0x70, 0x48, 0x00, 0x48, 0x70, 0x48, 0x00, 0x48, 0x70, 0x48, 0x00,
    0x50, 0x70, 0x48, 0x00, 0x48, 0x70, 0x40, 0x00, 0x48, 0x70, 0x48, 0x00,
    0x50, 0x70, 0x48, 0x00, 0x48, 0x70, 0x48, 0x00, 0x48, 0x70, 0x48, 0x00,
    0x50, 0x70, 0x48, 0x00, 0x48, 0x70, 0x48, 0x00, 0x48, 0x70, 0x48, 0x00,
    0x50, 0x70, 0x48, 0x00, 0x48, 0x70, 0x48, 0x00, 0x48, 0x70, 0x48, 0x00,
    0x50, 0x70, 0x48, 0x00, 0x48, 0x70, 0x48, 0x00, 0x48, 0x70, 0x48, 0x00,
    0x50, 0x70, 0x48, 0x00, 0x48, 0x70, 0x40, 0x00, 0x48, 0x70, 0x48, 0x00,
    0x50, 0x70, 0x48, 0x00, 0x48, 0x70, 0x48, 0x00, 0x48, 0x70, 0x48, 0x00,
    0x50, 0x70, 0x48, 0x00, 0x48, 0x70, 0x48, 0x00, 0x48, 0x70, 0x48, 0x00,
    0x50, 0x70, 0x48, 0x00, 0x48, 0x70, 0x48, 0x00, 0x48, 0x70, 0x48, 0x00,
    0x50, 0x70, 0x48, 0x00, 0x50, 0x70, 0x48, 0x00, 0x48, 0x70, 0x48, 0x00,
    0x50, 0x70, 0x48, 0x00, 0x48, 0x70, 0x40, 0x00, 0x48, 0x70, 0x48, 0x00,
    0x50, 0x70, 0x48, 0x00, 0x48, 0x70, 0x40, 0x00, 0x50, 0x70, 0x48, 0x00,
    0x50, 0x70, 0x48, 0x00, 0x48, 0x70, 0x48, 0x00, 0x50, 0x70, 0x48, 0x00,
    0x48, 0x70, 0x48, 0x00, 0x48, 0x70, 0x48, 0x00, 0x50, 0x70, 0x48, 0x00,
    0x48, 0x70, 0x48, 0x00, 0x50, 0x70, 0x48, 0x00, 0x48, 0x70, 0x48, 0x00,
    0x48, 0x70, 0x48, 0x00, 0x50, 0x70, 0x48, 0x00, 0x48, 0x70, 0x40, 0x00,
    0x50, 0x70, 0x48, 0x00, 0x50, 0x70, 0x48, 0x00, 0x48, 0x70, 0x48, 0x00,
    0x50, 0x70, 0x48, 0x00, 0x48, 0x70, 0x48, 0x00, 0x50, 0x70, 0x48, 0x00,
    0x50, 0x70, 0x48, 0x00, 0x48, 0x70, 0x48, 0x00, 0x48, 0x70, 0x48, 0x00,
    0x50, 0x70, 0x40, 0x00, 0x50, 0x70, 0x48, 0x00, 0x48, 0x70, 0x48, 0x00,
    0x48, 0x70, 0x48, 0x00, 0x50, 0x70, 0x48, 0x00, 0x48, 0x70, 0x48, 0x00,
    0x48, 0x70, 0x40, 0x00, 0x50, 0x70, 0x48, 0x00, 0x48, 0x70, 0x48, 0x00,
    0x48, 0x70, 0x40, 0x00, 0x50, 0x70, 0x48, 0x00, 0x50, 0x70, 0x48, 0x00,
    0x48, 0x70, 0x48, 0x00, 0x48, 0x70, 0x48, 0x00, 0x50, 0x70, 0x48, 0x00,
    0x48, 0x70, 0x48, 0x00, 0x50, 0x70, 0x40, 0x00, 0x50, 0x70, 0x48, 0x00,
    0x48, 0x70, 0x48, 0x00, 0x50, 0x70, 0x48, 0x00, 0x50, 0x70, 0x48, 0x00,
    0x48, 0x70, 0x40, 0x00, 0x50, 0x70, 0x48, 0x00, 0x50, 0x70, 0x48, 0x00,
    0x48, 0x70, 0x40, 0x00, 0x50, 0x70, 0x48, 0x00, 0x50, 0x70, 0x48, 0x00,
    0x48, 0x70, 0x48, 0x00, 0x50, 0x70, 0x48, 0x00, 0x50, 0x70, 0x48, 0x00,
    0x48, 0x70, 0x48, 0x00, 0x50, 0x70, 0x40, 0x00, 0x50, 0x70, 0x48, 0x00,
    0x48, 0x70, 0x48, 0x00, 0x50, 0x70, 0x48, 0x00, 0x50, 0x70, 0x48, 0x00,
    0x48, 0x70, 0x40, 0x00, 0x50, 0x70, 0x48, 0x00, 0x50, 0x70, 0x48, 0x00,
    0x48, 0x70, 0x40, 0x00, 0x50, 0x70, 0x48, 0x00, 0x50, 0x70, 0x48, 0x00,
    0x48, 0x70, 0x48, 0x00, 0x50, 0x70, 0x48, 0x00, 0x50, 0x70, 0x48, 0x00,
    0x48, 0x70, 0x48, 0x00, 0x50, 0x70, 0x40, 0x00, 0x50, 0x70, 0x48, 0x00,
    0x48, 0x70, 0x48, 0x00, 0x50, 0x70, 0x48, 0x00, 0x50, 0x70, 0x48, 0x00,
    0x48, 0x70, 0x40, 0x00, 0x50, 0x70, 0x48, 0x00, 0x48, 0x70, 0x48, 0x00,
    0x48, 0x70, 0x40, 0x00, 0x50, 0x70, 0x48, 0x00, 0x48, 0x70, 0x48, 0x00,
    0x50, 0x70, 0x48, 0x00, 0x50, 0x70, 0x48, 0x00, 0x48, 0x70, 0x48, 0x00,
    0x50, 0x70, 0x48, 0x00, 0x48, 0x70, 0x48, 0x00, 0x48, 0x70, 0x48, 0x00,
    0x50, 0x70, 0x40, 0x00, 0x50, 0x70, 0x48, 0x00, 0x48, 0x70, 0x48, 0x00,
    0x50, 0x70, 0x48, 0x00, 0x50, 0x70, 0x48, 0x00, 0x48, 0x70, 0x48, 0x00,
    0x50, 0x70, 0x48, 0x00, 0x48, 0x70, 0x48, 0x00, 0x50, 0x70, 0x48, 0x00,
    0x50, 0x70, 0x48, 0x00, 0x48, 0x70, 0x48, 0x00, 0x48, 0x70, 0x48, 0x00,
    0x50, 0x70, 0x48, 0x00, 0x48, 0x70, 0x48, 0x00, 0x50, 0x70, 0x40, 0x00,
    0x48, 0x70, 0x48, 0x00, 0x48, 0x70, 0x48, 0x00, 0x50, 0x70, 0x40, 0x00,
    0x50, 0x70, 0x48, 0x00, 0x48, 0x70, 0x48, 0x00, 0x50, 0x70, 0x48, 0x00,
    0x48, 0x70, 0x48, 0x00, 0x50, 0x70, 0x48, 0x00, 0x50, 0x70, 0x48, 0x00,
    0x48, 0x70, 0x40, 0x00, 0x50, 0x70, 0x48, 0x00, 0x50, 0x70, 0x48, 0x00,
    0x48, 0x70, 0x48, 0x00, 0x50, 0x70, 0x48, 0x00, 0x50, 0x70, 0x48, 0x00,
    0x48, 0x70, 0x48, 0x00, 0x48, 0x70, 0x48, 0x00, 0x50, 0x70, 0x48, 0x00,
    0x50, 0x70, 0x48, 0x00, 0x48, 0x70, 0x48, 0x00, 0x50, 0x70, 0x48, 0x00,
    0x48, 0x70, 0x48, 0x00, 0x50, 0x70, 0x48, 0x00, 0x48, 0x70, 0x48, 0x00,
    0x48, 0x70, 0x48, 0x00, 0x50, 0x70, 0x40, 0x00, 0x48, 0x70, 0x48, 0x00,
    0x48, 0x70, 0x48, 0x00, 0x50, 0x70, 0x48, 0x00, 0x48, 0x70, 0x48, 0x00,
    0x48, 0x70, 0x48, 0x00, 0x50, 0x70, 0x48, 0x00, 0x48, 0x70, 0x48, 0x00,
    0x48, 0x70, 0x48, 0x00, 0x50, 0x70, 0x48, 0x00, 0x48, 0x70, 0x48, 0x00,
    0x48, 0x70, 0x48, 0x00, 0x50, 0x70, 0x48, 0x00, 0x48, 0x70, 0x48, 0x00,
    0x48, 0x70, 0x48, 0x00, 0x50, 0x70, 0x40, 0x00, 0x48, 0x70, 0x48, 0x00,
    0x48, 0x70, 0x48, 0x00, 0x50, 0x70, 0x48, 0x00, 0x48, 0x70, 0x48, 0x00,
    0x48, 0x70, 0x48, 0x00, 0x50, 0x70, 0x48, 0x00, 0x48, 0x70, 0x48, 0x00,
    0x48, 0x70, 0x48, 0x00, 0x50, 0x70, 0x48, 0x00, 0x48, 0x70, 0x48, 0x00,
    0x48, 0x70, 0x48, 0x00, 0x50, 0x70, 0x48, 0x00, 0x48, 0x70, 0x48, 0x00,
    0x48, 0x70, 0x48, 0x00, 0x50, 0x70, 0x40, 0x00, 0x48, 0x70, 0x48, 0x00,
    0x50, 0x70, 0x48, 0x00, 0x50, 0x70, 0x48, 0x00, 0x48, 0x70, 0x48, 0x00,
    0x50, 0x70, 0x48, 0x00, 0x48, 0x70, 0x48, 0x00, 0x48, 0x70, 0x48, 0x00,
    0x50, 0x70, 0x48, 0x00, 0x48, 0x70, 0x48, 0x00, 0x50, 0x70, 0x48, 0x00,
    0x50, 0x70, 0x48, 0x00, 0x48, 0x70, 0x48, 0x00, 0x48, 0x70, 0x48, 0x00,
    0x50, 0x70, 0x48, 0x00, 0x48, 0x70, 0x48, 0x00, 0x48, 0x70, 0x48, 0x00,
    0x50, 0x70, 0x40, 0x00, 0x48, 0x70, 0x48, 0x00, 0x50, 0x70, 0x48, 0x00,
    0x48, 0x70, 0x40, 0x00, 0x50, 0x70, 0x48, 0x00, 0x48, 0x70, 0x48, 0x00,
    0x48, 0x70, 0x48, 0x00, 0x50, 0x70, 0x48, 0x00, 0x50, 0x70, 0x48, 0x00,
    0x48, 0x70, 0x48, 0x00, 0x48, 0x70, 0x48, 0x00, 0x50, 0x70, 0x48, 0x00,
    0x50, 0x70, 0x48, 0x00, 0x48, 0x70, 0x48, 0x00, 0x48, 0x70, 0x48, 0x00,
    0x50, 0x70, 0x48, 0x00, 0x48, 0x70, 0x48, 0x00, 0x50, 0x70, 0x48, 0x00,
    0x48, 0x70, 0x48, 0x00, 0x48, 0x70, 0x48, 0x00, 0x50, 0x70, 0x48, 0x00,
    0x48, 0x70, 0x48, 0x00, 0x48, 0x70, 0x48, 0x00, 0x50, 0x70, 0x48, 0x00,
    0x48, 0x70, 0x48, 0x00, 0x48, 0x70, 0x48, 0x00, 0x50, 0x70, 0x48, 0x00,
    0x50, 0x70, 0x48, 0x00, 0x48, 0x70, 0x40, 0x00, 0x48, 0x70, 0x48, 0x00,
    0x50, 0x70, 0x48, 0x00, 0x50, 0x70, 0x40, 0x00, 0x48, 0x70, 0x48, 0x00,
    0x50, 0x70, 0x48, 0x00, 0x48, 0x70, 0x48, 0x00, 0x50, 0x70, 0x48, 0x00,
    0x50, 0x70, 0x48, 0x00, 0x48, 0x70, 0x48, 0x00, 0x50, 0x70, 0x48, 0x00,
    0x50, 0x70, 0x48, 0x00, 0x48, 0x70, 0x48, 0x00, 0x50, 0x70, 0x48, 0x00,
    0x50, 0x70, 0x48, 0x00, 0x48, 0x70, 0x40, 0x00, 0x50, 0x70, 0x48, 0x00,
    0x50, 0x70, 0x48, 0x00, 0x48, 0x70, 0x40, 0x00, 0x50, 0x70, 0x48, 0x00,
    0x50, 0x70, 0x48, 0x00, 0x48, 0x70, 0x48, 0x00, 0x50, 0x70, 0x48, 0x00,
    0x50, 0x70, 0x48, 0x00, 0x48, 0x70, 0x48, 0x00, 0x50, 0x70, 0x48, 0x00,
    0x50, 0x70, 0x48, 0x00, 0x48, 0x70, 0x48, 0x00, 0x50, 0x70, 0x48, 0x00,
    0x50, 0x70, 0x48, 0x00, 0x48, 0x70, 0x40, 0x00, 0x50, 0x70, 0x48, 0x00,
    0x50, 0x70, 0x48, 0x00, 0x48, 0x70, 0x40, 0x00, 0x50, 0x70, 0x48, 0x00,
    0x50, 0x70, 0x48, 0x00, 0x48, 0x70, 0x48, 0x00, 0x50, 0x70, 0x48, 0x00,
    0x50, 0x70, 0x48, 0x00, 0x48, 0x70, 0x48, 0x00, 0x48, 0x70, 0x48, 0x00,
    0x50, 0x70, 0x48, 0x00, 0x48, 0x70, 0x48, 0x00, 0x50, 0x70, 0x48, 0x00,
    0x50, 0x70, 0x48, 0x00, 0x48, 0x70, 0x40, 0x00, 0x50, 0x70, 0x48, 0x00,
    0x48, 0x70, 0x48, 0x00, 0x48, 0x70, 0x40, 0x00, 0x50, 0x70, 0x48, 0x00,
    0x48, 0x70, 0x48, 0x00, 0x50, 0x70, 0x40, 0x00, 0x50, 0x70, 0x48, 0x00,
    0x48, 0x70, 0x48, 0x00, 0x50, 0x70, 0x48, 0x00, 0x50, 0x70, 0x48, 0x00,
    0x48, 0x70, 0x48, 0x00, 0x50, 0x70, 0x48, 0x00, 0x48, 0x70, 0x48, 0x00,
    0x50, 0x70, 0x48, 0x00, 0x48, 0x70, 0x48, 0x00, 0x50, 0x70, 0x48, 0x00,
    0x48, 0x70, 0x48, 0x00, 0x50, 0x70, 0x48, 0x00, 0x50, 0x70, 0x40, 0x00,
    0x48, 0x70, 0x48, 0x00, 0x50, 0x70, 0x48, 0x00, 0x48, 0x70, 0x48, 0x00,
    0x50, 0x70, 0x48, 0x00, 0x50, 0x70, 0x48, 0x00, 0x48, 0x70, 0x48, 0x00,
    0x48, 0x70, 0x48, 0x00, 0x50, 0x70, 0x40, 0x00, 0x48, 0x70, 0x48, 0x00,
    0x50, 0x70, 0x48, 0x00, 0x48, 0x70, 0x40, 0x00, 0x50, 0x70, 0x48, 0x00,
    0x50, 0x70, 0x48, 0x00, 0x48, 0x70, 0x48, 0x00, 0x50, 0x70, 0x40, 0x00,
    0x50, 0x70, 0x48, 0x00, 0x48, 0x70, 0x48, 0x00, 0x48, 0x70, 0x40, 0x00,
    0x50, 0x70, 0x48, 0x00, 0x50, 0x70, 0x48, 0x00, 0x48, 0x70, 0x48, 0x00,
    0x48, 0x70, 0x48, 0x00, 0x50, 0x70, 0x48, 0x00, 0x48, 0x70, 0x48, 0x00,
    0x48, 0x70, 0x40, 0x00, 0x50, 0x70, 0x48, 0x00, 0x48, 0x70, 0x48, 0x00,
    0x50, 0x70, 0x40, 0x00, 0x48, 0x70, 0x48, 0x00, 0x48, 0x70, 0x48, 0x00,
    0x50, 0x70, 0x48, 0x00, 0x48, 0x70, 0x40, 0x00, 0x50, 0x70, 0x48, 0x00,
    0x48, 0x70, 0x48, 0x00, 0x48, 0x70, 0x48, 0x00, 0x50, 0x70, 0x48, 0x00,
    0x48, 0x70, 0x48, 0x00, 0x48, 0x70, 0x48, 0x00, 0x50, 0x70, 0x48, 0x00,
    0x48, 0x70, 0x40, 0x00, 0x48, 0x70, 0x48, 0x00, 0x50, 0x70, 0x48, 0x00,
    0x48, 0x70, 0x40, 0x00, 0x48, 0x70, 0x48, 0x00, 0x50, 0x70, 0x48, 0x00,
    0x48, 0x70, 0x48, 0x00, 0x48, 0x70, 0x40, 0x00, 0x50, 0x70, 0x48, 0x00,
    0x48, 0x70, 0x48, 0x00, 0x48, 0x70, 0x48, 0x00, 0x50, 0x70, 0x48, 0x00,
    0x48, 0x70, 0x48, 0x00, 0x48, 0x70, 0x48, 0x00, 0x50, 0x70, 0x48, 0x00,
    0x48, 0x70, 0x40, 0x00, 0x48, 0x70, 0x48, 0x00, 0x50, 0x70, 0x48, 0x00,
    0x50, 0x70, 0x40, 0x00, 0x48, 0x70, 0x48, 0x00, 0x50, 0x70, 0x48, 0x00,
    0x48, 0x70, 0x48, 0x00, 0x48, 0x70, 0x40, 0x00, 0x50, 0x70, 0x48, 0x00,
    0x48, 0x70, 0x48, 0x00, 0x50, 0x70, 0x48, 0x00, 0x50, 0x70, 0x48, 0x00,
    0x48, 0x70, 0x48, 0x00, 0x50, 0x70, 0x48, 0x00, 0x48, 0x70, 0x48, 0x00,
    0x48, 0x70, 0x48, 0x00, 0x50, 0x70, 0x48, 0x00, 0x48, 0x70, 0x48, 0x00,
    0x48, 0x70, 0x48, 0x00, 0x50, 0x70, 0x40, 0x00, 0x48, 0x70, 0x48, 0x00,
    0x48, 0x70, 0x48, 0x00, 0x50, 0x70, 0x48, 0x00, 0x50, 0x70, 0x48, 0x00,
    0x48, 0x70, 0x48, 0x00, 0x48, 0x70, 0x48, 0x00, 0x50, 0x70, 0x48, 0x00,
    0x48, 0x70, 0x48, 0x00, 0x48, 0x70, 0x48, 0x00, 0x50, 0x70, 0x48, 0x00,
    0x48, 0x70, 0x48, 0x00, 0x50, 0x70, 0x40, 0x00, 0x48, 0x70, 0x48, 0x00,
    0x48, 0x70, 0x48, 0x00, 0x50, 0x70, 0x40, 0x00, 0x50, 0x70, 0x48, 0x00,
    0x48, 0x70, 0x48, 0x00, 0x50, 0x70, 0x48, 0x00, 0x50, 0x70, 0x48, 0x00,
    0x48, 0x70, 0x48, 0x00, 0x50, 0x70, 0x48, 0x00, 0x48, 0x70, 0x48, 0x00,
    0x48, 0x70, 0x48, 0x00, 0x50, 0x70, 0x48, 0x00, 0x48, 0x70, 0x48, 0x00,
    0x50, 0x70, 0x48, 0x00, 0x48, 0x70, 0x48, 0x00, 0x48, 0x70, 0x48, 0x00,
    0x50, 0x70, 0x48, 0x00, 0x48, 0x70, 0x48, 0x00, 0x50, 0x70, 0x48, 0x00,
    0x50, 0x70, 0x48, 0x00, 0x48, 0x70, 0x48, 0x00, 0x50, 0x70, 0x48, 0x00,
    0x50, 0x70, 0x48, 0x00, 0x48, 0x70, 0x48, 0x00, 0x48, 0x70, 0x48, 0x00,
    0x50, 0x70, 0x48, 0x00, 0x50, 0x70, 0x48, 0x00, 0x48, 0x70, 0x48, 0x00,
    0x48, 0x70, 0x48, 0x00, 0x50, 0x70, 0x48, 0x00, 0x48, 0x70, 0x48, 0x00,
    0x50, 0x70, 0x48, 0x00, 0x50, 0x70, 0x48, 0x00, 0x48, 0x70, 0x48, 0x00,
    0x50, 0x70, 0x48, 0x00, 0x50, 0x70, 0x48, 0x00, 0x48, 0x70, 0x48, 0x00,
    0x50, 0x70, 0x48, 0x00, 0x50, 0x70, 0x48, 0x00, 0x48, 0x70, 0x48, 0x00,
    0x50, 0x70, 0x48, 0x00, 0x50, 0x70, 0x48, 0x00, 0x48, 0x70, 0x48, 0x00,
    0x50, 0x70, 0x48, 0x00, 0x50, 0x70, 0x48, 0x00, 0x48, 0x70, 0x48, 0x00,
    0x50, 0x70, 0x48, 0x00, 0x50, 0x70, 0x48, 0x00, 0x48, 0x70, 0x48, 0x00,
    0x50, 0x70, 0x48, 0x00, 0x50, 0x70, 0x48, 0x00, 0x48, 0x70, 0x48, 0x00,
    0x50, 0x70, 0x48, 0x00, 0x48, 0x70, 0x48, 0x00, 0x48, 0x70, 0x48, 0x00,
    0x50, 0x70, 0x48, 0x00, 0x48, 0x70, 0x48, 0x00, 0x50, 0x70, 0x48, 0x00,
    0x50, 0x70, 0x48, 0x00, 0x48, 0x70, 0x48, 0x00, 0x50, 0x70, 0x48, 0x00,
    0x48, 0x70, 0x48, 0x00, 0x48, 0x70, 0x48, 0x00, 0x50, 0x70, 0x48, 0x00,
    0x50, 0x70, 0x48, 0x00, 0x48, 0x70, 0x48, 0x00, 0x50, 0x70, 0x40, 0x00,
    0x50, 0x70, 0x48, 0x00, 0x48, 0x70, 0x48, 0x00, 0x50, 0x70, 0x48, 0x00,
    0x50, 0x70, 0x48, 0x00, 0x48, 0x70, 0x48, 0x00, 0x50, 0x70, 0x48, 0x00,
    0x48, 0x70, 0x40, 0x00, 0x48, 0x70, 0x48, 0x00, 0x50, 0x70, 0x48, 0x00,
    0x48, 0x70, 0x40, 0x00, 0x50, 0x70, 0x48, 0x00, 0x48, 0x70, 0x48, 0x00,
    0x50, 0x70, 0x48, 0x00, 0x48, 0x70, 0x48, 0x00, 0x48, 0x70, 0x48, 0x00,
    0x50, 0x70, 0x48, 0x00, 0x50, 0x70, 0x48, 0x00, 0x48, 0x70, 0x48, 0x00,
    0x48, 0x70, 0x48, 0x00, 0x50, 0x70, 0x48, 0x00, 0x48, 0x70, 0x48, 0x00,
    0x50, 0x70, 0x48, 0x00, 0x48, 0x70, 0x48, 0x00, 0x48, 0x70, 0x48, 0x00,
    0x50, 0x70, 0x48, 0x00, 0x50, 0x70, 0x48, 0x00, 0x48, 0x70, 0x40, 0x00,
    0x50, 0x70, 0x48, 0x00, 0x48, 0x70, 0x48, 0x00, 0x48, 0x70, 0x48, 0x00,
    0x50, 0x70, 0x48, 0x00, 0x50, 0x70, 0x48, 0x00, 0x50, 0x70, 0x48, 0x00,
    0x48, 0x70, 0x48, 0x00, 0x48, 0x70, 0x40, 0x00, 0x50, 0x70, 0x48, 0x00,
    0x48, 0x70, 0x48, 0x00, 0x48, 0x70, 0x40, 0x00, 0x50, 0x70, 0x48, 0x00,
    0x50, 0x70, 0x48, 0x00, 0x48, 0x70, 0x48, 0x00, 0x50, 0x70, 0x48, 0x00,
    0x48, 0x70, 0x48, 0x00, 0x50, 0x70, 0x48, 0x00, 0x50, 0x70, 0x40, 0x00,
    0x48, 0x70, 0x48, 0x00, 0x50, 0x70, 0x48, 0x00, 0x48, 0x70, 0x48, 0x00,
    0x50, 0x70, 0x40, 0x00, 0x48, 0x70, 0x48, 0x00, 0x48, 0x70, 0x48, 0x00,
    0x50, 0x70, 0x40, 0x00, 0x48, 0x70, 0x48, 0x00, 0x48, 0x70, 0x48, 0x00,
    0x50, 0x70, 0x48, 0x00, 0x48, 0x70, 0x48, 0x00, 0x48, 0x70, 0x48, 0x00,
    0x50, 0x70, 0x48, 0x00, 0x48, 0x70, 0x48, 0x00, 0x48, 0x70, 0x40, 0x00,
    0x50, 0x70, 0x48, 0x00, 0x48, 0x70, 0x48, 0x00, 0x48, 0x70, 0x48, 0x00,
    0x50, 0x70, 0x40, 0x00, 0x48, 0x70, 0x48, 0x00, 0x48, 0x70, 0x48, 0x00,
    0x50, 0x70, 0x40, 0x00, 0x48, 0x70, 0x48, 0x00, 0x50, 0x70, 0x48, 0x00,
    0x50, 0x70, 0x48, 0x00, 0x48, 0x70, 0x48, 0x00, 0x50, 0x70, 0x48, 0x00,
    0x48, 0x70, 0x48, 0x00, 0x48, 0x70, 0x48, 0x00, 0x50, 0x70, 0x40, 0x00,
    0x48, 0x70, 0x48, 0x00, 0x50, 0x70, 0x48, 0x00, 0x50, 0x70, 0x48, 0x00,
    0x48, 0x70, 0x40, 0x00, 0x48, 0x70, 0x48, 0x00, 0x50, 0x70, 0x48, 0x00,
    0x48, 0x70, 0x40, 0x00, 0x48, 0x70, 0x48, 0x00, 0x50, 0x70, 0x48, 0x00,
    0x48, 0x70, 0x48, 0x00, 0x48, 0x70, 0x48, 0x00, 0x50, 0x70, 0x40, 0x00,
    0x48, 0x70, 0x48, 0x00, 0x50, 0x70, 0x48, 0x00, 0x50, 0x70, 0x48, 0x00,
    0x50, 0x70, 0x48, 0x00, 0x48, 0x70, 0x48, 0x00, 0x50, 0x70, 0x48, 0x00,
    0x50, 0x70, 0x48, 0x00, 0x48, 0x70, 0x48, 0x00, 0x50, 0x70, 0x48, 0x00,
    0x50, 0x70, 0x48, 0x00, 0x50, 0x70, 0x48, 0x00, 0x48, 0x70, 0x48, 0x00,
    0x50, 0x70, 0x48, 0x00, 0x48, 0x70, 0x48, 0x00, 0x50, 0x70, 0x48, 0x00,
    0x50, 0x70, 0x48, 0x00, 0x48, 0x70, 0x48, 0x00, 0x50, 0x70, 0x40, 0x00,
    0x48, 0x70, 0x48, 0x00, 0x50, 0x70, 0x48, 0x00, 0x48, 0x70, 0x40, 0x00,
    0x48, 0x70, 0x48, 0x00, 0x50, 0x70, 0x48, 0x00, 0x48, 0x70, 0x48, 0x00,
    0x50, 0x70, 0x48, 0x00, 0x50, 0x70, 0x40, 0x00, 0x48, 0x70, 0x48, 0x00,
    0x48, 0x70, 0x48, 0x00, 0x50, 0x70, 0x40, 0x00, 0x48, 0x70, 0x48, 0x00,
    0x50, 0x70, 0x48, 0x00, 0x50, 0x70, 0x48, 0x00, 0x48, 0x70, 0x48, 0x00,
    0x50, 0x70, 0x48, 0x00, 0x48, 0x70, 0x48, 0x00, 0x48, 0x70, 0x48, 0x00,
    0x50, 0x70, 0x48, 0x00, 0x48, 0x70, 0x40, 0x00, 0x50, 0x70, 0x48, 0x00,
    0x88, 0x9c, 0xb0, 0x00, 0x48, 0x70, 0x48, 0x00, 0x50, 0x70, 0x48, 0x00,
    0x50, 0x70, 0x48, 0x00, 0x48, 0x70, 0x48, 0x00, 0x50, 0x70, 0x48, 0x00,
    0x48, 0x70, 0x48, 0x00, 0x50, 0x70, 0x48, 0x00, 0x50, 0x70, 0x48, 0x00,
    0x48, 0x70, 0x48, 0x00, 0x50, 0x70, 0x48, 0x00, 0x50, 0x70, 0x40, 0x00,
    0x48, 0x70, 0x48, 0x00, 0x50, 0x70, 0x48, 0x00, 0x50, 0x70, 0x40, 0x00,
    0x48, 0x70, 0x48, 0x00, 0x50, 0x70, 0x48, 0x00, 0x50, 0x70, 0x48, 0x00,
    0x48, 0x70, 0x48, 0x00, 0x50, 0x70, 0x48, 0x00, 0x50, 0x70, 0x48, 0x00,
    0x48, 0x70, 0x48, 0x00, 0x50, 0x70, 0x48, 0x00, 0x88, 0x9c, 0xb0, 0x00,
    0x48, 0x70, 0x48, 0x00, 0x50, 0x70, 0x48, 0x00, 0x48, 0x70, 0x48, 0x00,
    0x48, 0x70, 0x40, 0x00, 0x50, 0x70, 0x48, 0x00, 0x50, 0x70, 0x48, 0x00,
    0x48, 0x70, 0x40, 0x00, 0x50, 0x70, 0x48, 0x00, 0x48, 0x70, 0x48, 0x00,
    0x48, 0x70, 0x48, 0x00, 0x50, 0x70, 0x48, 0x00, 0x48, 0x70, 0x48, 0x00,
    0x50, 0x70, 0x48, 0x00, 0x50, 0x70, 0x48, 0x00, 0x48, 0x70, 0x48, 0x00,
    0x50, 0x70, 0x48, 0x00, 0x50, 0x70, 0x48, 0x00, 0x48, 0x70, 0x48, 0x00,
    0x50, 0x70, 0x48, 0x00, 0x50, 0x70, 0x48, 0x00, 0x48, 0x70, 0x48, 0x00,
    0x48, 0x70, 0x48, 0x00, 0x48, 0x70, 0x48, 0x00, 0x50, 0x70, 0x48, 0x00,
    0x48, 0x70, 0x48, 0x00, 0x48, 0x70, 0x48, 0x00, 0x50, 0x70, 0x48, 0x00,
    0x48, 0x70, 0x48, 0x00, 0x48, 0x70, 0x48, 0x00, 0x50, 0x70, 0x48, 0x00,
    0x48, 0x70, 0x48, 0x00, 0x48, 0x70, 0x48, 0x00, 0x50, 0x70, 0x40, 0x00,
    0x48, 0x70, 0x48, 0x00, 0x48, 0x70, 0x48, 0x00, 0x50, 0x70, 0x40, 0x00,
    0x48, 0x70, 0x48, 0x00, 0x50, 0x70, 0x48, 0x00, 0x48, 0x70, 0x48, 0x00,
    0x50, 0x70, 0x48, 0x00, 0x50, 0x70, 0x48, 0x00, 0x48, 0x70, 0x48, 0x00,
    0x50, 0x70, 0x48, 0x00, 0x48, 0x70, 0x48, 0x00, 0x48, 0x70, 0x48, 0x00,
    0x50, 0x70, 0x48, 0x00, 0x50, 0x70, 0x48, 0x00, 0x48, 0x70, 0x48, 0x00,
    0x50, 0x70, 0x48, 0x00, 0x48, 0x70, 0x48, 0x00, 0x48, 0x70, 0x48, 0x00,
    0x50, 0x70, 0x48, 0x00, 0x48, 0x70, 0x48, 0x00, 0x50, 0x70, 0x48, 0x00,
    0x50, 0x70, 0x48, 0x00, 0x48, 0x70, 0x48, 0x00, 0x50, 0x70, 0x48, 0x00,
    0x48, 0x70, 0x48, 0x00, 0x48, 0x70, 0x48, 0x00, 0x80, 0x90, 0xa8, 0x30,
    0x78, 0x90, 0xa8, 0x3c, 0x68, 0x70, 0x80, 0x04, 0x48, 0x70, 0x48, 0x00,
    0x48, 0x70, 0x48, 0x00, 0x50, 0x70, 0x40, 0x00, 0x48, 0x70, 0x48, 0x00,
    0x48, 0x70, 0x48, 0x00, 0x50, 0x70, 0x48, 0x00, 0x48, 0x70, 0x48, 0x00,
    0x48, 0x70, 0x48, 0x00, 0x50, 0x70, 0x48, 0x00, 0x48, 0x70, 0x48, 0x00,
    0x48, 0x70, 0x48, 0x00, 0x50, 0x70, 0x48, 0x00, 0x48, 0x70, 0x48, 0x00,
    0x48, 0x70, 0x48, 0x00, 0x50, 0x70, 0x48, 0x00, 0x48, 0x70, 0x48, 0x00,
    0x48, 0x70, 0x48, 0x00, 0x50, 0x70, 0x40, 0x00, 0x48, 0x70, 0x48, 0x00,
    0x50, 0x70, 0x48, 0x00, 0x88, 0x9c, 0xb0, 0x0c, 0x80, 0x98, 0xb0, 0x55,
    0x80, 0x90, 0xa8, 0x30, 0x50, 0x70, 0x48, 0x00, 0x48, 0x70, 0x48, 0x00,
    0x48, 0x70, 0x48, 0x00, 0x50, 0x70, 0x48, 0x00, 0x48, 0x70, 0x48, 0x00,
    0x50, 0x70, 0x48, 0x00, 0x50, 0x70, 0x48, 0x00, 0x48, 0x70, 0x48, 0x00,
    0x50, 0x70, 0x48, 0x00, 0x48, 0x70, 0x48, 0x00, 0x48, 0x70, 0x40, 0x00,
    0x50, 0x70, 0x48, 0x00, 0x48, 0x70, 0x48, 0x00, 0x48, 0x70, 0x48, 0x00,
    0x50, 0x70, 0x48, 0x00, 0x48, 0x70, 0x48, 0x00, 0x48, 0x70, 0x40, 0x00,
    0x50, 0x70, 0x48, 0x00, 0x50, 0x70, 0x48, 0x00, 0x48, 0x70, 0x48, 0x00,
    0x50, 0x70, 0x48, 0x00, 0x50, 0x70, 0x40, 0x00, 0x48, 0x70, 0x48, 0x00,
    0x48, 0x70, 0x48, 0x00, 0x50, 0x70, 0x40, 0x00, 0x50, 0x70, 0x48, 0x00,
    0x48, 0x70, 0x48, 0x00, 0x50, 0x70, 0x40, 0x00, 0x48, 0x70, 0x48, 0x00,
    0x48, 0x70, 0x48, 0x00, 0x50, 0x70, 0x48, 0x00, 0x50, 0x70, 0x48, 0x00,
    0x48, 0x70, 0x48, 0x00, 0x50, 0x70, 0x48, 0x00, 0x48, 0x70, 0x48, 0x00,
    0x50, 0x70, 0x48, 0x00, 0x48, 0x70, 0x48, 0x00, 0x48, 0x70, 0x48, 0x00,
    0x50, 0x70, 0x48, 0x00, 0x48, 0x70, 0x48, 0x00, 0x50, 0x70, 0x48, 0x00,
    0x50, 0x70, 0x40, 0x00, 0x48, 0x70, 0x48, 0x00, 0x50, 0x70, 0x48, 0x00,
    0x48, 0x70, 0x48, 0x00, 0x48, 0x70, 0x48, 0x00, 0x50, 0x70, 0x48, 0x00,
    0x50, 0x70, 0x48, 0x00, 0x48, 0x70, 0x48, 0x00, 0x50, 0x70, 0x40, 0x00,
    0x48, 0x70, 0x48, 0x00, 0x48, 0x70, 0x48, 0x00, 0x50, 0x70, 0x40, 0x00,
    0x68, 0x70, 0x80, 0x04, 0x88, 0x9c, 0xb0, 0x0c, 0x88, 0x9c, 0xb0, 0x00,
    0x88, 0x9c, 0xb0, 0x0c, 0x80, 0x98, 0xb0, 0x18, 0x88, 0x9c, 0xb0, 0x92,
    0x90, 0xa4, 0xc0, 0xae, 0x80, 0x90, 0xa8, 0x28, 0x80, 0x98, 0xb0, 0x18,
    0x80, 0x98, 0xb0, 0x18, 0x88, 0x98, 0xb0, 0x18, 0x80, 0x98, 0xb0, 0x18,
    0x80, 0x98, 0xb0, 0x18, 0x88, 0x98, 0xb0, 0x18, 0x80, 0x98, 0xb0, 0x18,
    0x80, 0x98, 0xb0, 0x18, 0x88, 0x98, 0xb0, 0x18, 0x80, 0x98, 0xb0, 0x18,
    0x80, 0x98, 0xb0, 0x18, 0x88, 0x98, 0xb0, 0x18, 0x80, 0x98, 0xb0, 0x18,
    0x80, 0x98, 0xb0, 0x18, 0x88, 0x98, 0xb0, 0x18, 0x80, 0x98, 0xb0, 0x18,
    0x80, 0x98, 0xb0, 0x18, 0x80, 0x98, 0xb0, 0x18, 0x80, 0x98, 0xb0, 0x18,
    0x80, 0x98, 0xb0, 0x18, 0x80, 0x94, 0xa8, 0x28, 0x88, 0xa4, 0xc0, 0xae,
    0x88, 0xa0, 0xb8, 0x75, 0x80, 0x98, 0xb0, 0x18, 0x88, 0x9c, 0xb0, 0x0c,
    0x50, 0x70, 0x48, 0x00, 0x88, 0x9c, 0xb0, 0x0c, 0x68, 0x70, 0x80, 0x04,
    0x48, 0x70, 0x48, 0x00, 0x50, 0x70, 0x48, 0x00, 0x50, 0x70, 0x48, 0x00,
    0x48, 0x70, 0x48, 0x00, 0x50, 0x70, 0x48, 0x00, 0x50, 0x70, 0x48, 0x00,
    0x48, 0x70, 0x48, 0x00, 0x50, 0x70, 0x48, 0x00, 0x50, 0x70, 0x40, 0x00,
    0x48, 0x70, 0x48, 0x00, 0x50, 0x70, 0x48, 0x00, 0x48, 0x70, 0x48, 0x00,
    0x48, 0x70, 0x48, 0x00, 0x50, 0x70, 0x48, 0x00, 0x48, 0x70, 0x48, 0x00,
    0x50, 0x70, 0x48, 0x00, 0x50, 0x70, 0x48, 0x00, 0x48, 0x70, 0x48, 0x00,
    0x50, 0x70, 0x48, 0x00, 0x50, 0x70, 0x48, 0x00, 0x48, 0x70, 0x48, 0x00,
    0x50, 0x70, 0x48, 0x00, 0x48, 0x70, 0x48, 0x00, 0x50, 0x70, 0x48, 0x00,
    0x50, 0x70, 0x48, 0x00, 0x48, 0x70, 0x48, 0x00, 0x50, 0x70, 0x48, 0x00,
    0x50, 0x70, 0x48, 0x00, 0x48, 0x70, 0x48, 0x00, 0x50, 0x70, 0x48, 0x00,
    0x50, 0x70, 0x40, 0x00, 0x48, 0x70, 0x48, 0x00, 0x50, 0x70, 0x48, 0x00,
    0x48, 0x70, 0x40, 0x00, 0x48, 0x70, 0x48, 0x00, 0x50, 0x70, 0x48, 0x00,
    0x48, 0x70, 0x48, 0x00, 0x50, 0x70, 0x48, 0x00, 0x50, 0x70, 0x40, 0x00,
    0x48, 0x70, 0x48, 0x00, 0x48, 0x70, 0x48, 0x00, 0x50, 0x70, 0x40, 0x00,
    0x48, 0x70, 0x48, 0x00, 0x50, 0x70, 0x48, 0x00, 0x50, 0x70, 0x48, 0x00,
    0x48, 0x70, 0x48, 0x00, 0x90, 0xa0, 0xb0, 0x04, 0x88, 0x9c, 0xb8, 0x20,
    0x88, 0x9c, 0xb0, 0x65, 0x88, 0xa0, 0xb8, 0x75, 0x80, 0x98, 0xb0, 0x18,
    0x88, 0x98, 0xb0, 0x55, 0x88, 0xa0, 0xb8, 0xba, 0x80, 0x9c, 0xb8, 0xdb,
    0x80, 0x9c, 0xb8, 0xdb, 0x88, 0xa0, 0xb8, 0xba, 0x88, 0xa0, 0xb8, 0xba,
    0x88, 0xa0, 0xb8, 0xba, 0x90, 0xa8, 0xc0, 0xae, 0x88, 0xa0, 0xb8, 0xba,
    0x88, 0xa0, 0xb8, 0xba, 0x90, 0xa8, 0xc0, 0xae, 0x88, 0xa0, 0xb8, 0xba,
    0x88, 0xa0, 0xb8, 0xba, 0x88, 0xa0, 0xb8, 0xba, 0x90, 0xa8, 0xc0, 0xae,
    0x90, 0xa4, 0xc0, 0xae, 0x88, 0xa0, 0xb8, 0xba, 0x88, 0xa0, 0xb8, 0xba,
    0x88, 0xa0, 0xb8, 0xba, 0x90, 0xa8, 0xc0, 0xae, 0x88, 0xa0, 0xb8, 0xba,
    0x88, 0xa0, 0xb8, 0xba, 0x90, 0xa8, 0xc0, 0xae, 0x88, 0xa0, 0xb8, 0xba,
    0x88, 0xa0, 0xb8, 0xba, 0x88, 0xa0, 0xb8, 0xb6, 0x88, 0xa0, 0xc0, 0xe7,
    0x88, 0x9c, 0xb8, 0xdb, 0x88, 0xa0, 0xb8, 0xba, 0x80, 0x98, 0xb0, 0x55,
    0x88, 0xa0, 0xb8, 0x20, 0x88, 0xa0, 0xb8, 0x75, 0x88, 0x9c, 0xb0, 0x65,
    0x88, 0x9c, 0xb8, 0x20, 0x90, 0xa0, 0xb0, 0x04, 0x48, 0x70, 0x48, 0x00,
    0x48, 0x70, 0x48, 0x00, 0x50, 0x70, 0x40, 0x00, 0x48, 0x70, 0x48, 0x00,
    0x48, 0x70, 0x48, 0x00, 0x50, 0x70, 0x48, 0x00, 0x48, 0x70, 0x48, 0x00,
    0x50, 0x70, 0x48, 0x00, 0x50, 0x70, 0x48, 0x00, 0x48, 0x70, 0x48, 0x00,
    0x50, 0x70, 0x48, 0x00, 0x48, 0x70, 0x40, 0x00, 0x48, 0x70, 0x48, 0x00,
    0x50, 0x70, 0x48, 0x00, 0x48, 0x70, 0x48, 0x00, 0x48, 0x70, 0x48, 0x00,
    0x50, 0x70, 0x40, 0x00, 0x48, 0x70, 0x48, 0x00, 0x48, 0x70, 0x48, 0x00,
    0x50, 0x70, 0x48, 0x00, 0x48, 0x70, 0x48, 0x00, 0x48, 0x70, 0x48, 0x00,
    0x48, 0x70, 0x48, 0x00, 0x48, 0x70, 0x48, 0x00, 0x48, 0x70, 0x40, 0x00,
    0x50, 0x70, 0x48, 0x00, 0x48, 0x70, 0x48, 0x00, 0x48, 0x70, 0x48, 0x00,
    0x50, 0x70, 0x48, 0x00, 0x48, 0x70, 0x48, 0x00, 0x50, 0x70, 0x48, 0x00,
    0x50, 0x70, 0x48, 0x00, 0x48, 0x70, 0x48, 0x00, 0x50, 0x70, 0x48, 0x00,
    0x48, 0x70, 0x48, 0x00, 0x48, 0x70, 0x48, 0x00, 0x50, 0x70, 0x48, 0x00,
    0x50, 0x70, 0x48, 0x00, 0x48, 0x70, 0x48, 0x00, 0x50, 0x70, 0x48, 0x00,
    0x48, 0x70, 0x48, 0x00, 0x48, 0x70, 0x48, 0x00, 0x90, 0xa0, 0xb0, 0x04,
    0x88, 0x9c, 0xb8, 0x20, 0x88, 0x98, 0xb0, 0x65, 0x88, 0xa0, 0xb8, 0xba,
    0x80, 0x98, 0xb0, 0xeb, 0x80, 0x94, 0xb0, 0xeb, 0x78, 0x8c, 0xa8, 0x92,
    0x70, 0x88, 0xa0, 0xbe, 0x80, 0x98, 0xb0, 0xff, 0x80, 0x98, 0xb8, 0xff,
    0x80, 0x98, 0xb8, 0xff, 0x80, 0x9c, 0xb8, 0xff, 0x80, 0x9c, 0xb8, 0xff,
    0x80, 0x9c, 0xb8, 0xff, 0x80, 0x98, 0xb0, 0xff, 0x80, 0x98, 0xb8, 0xff,
    0x80, 0x98, 0xb0, 0xff, 0x80, 0x98, 0xb0, 0xff, 0x80, 0x9c, 0xb8, 0xff,
    0x80, 0x9c, 0xb8, 0xff, 0x80, 0x9c, 0xb8, 0xff, 0x80, 0x9c, 0xb8, 0xff,
    0x80, 0x9c, 0xb8, 0xff, 0x80, 0x9c, 0xb8, 0xff, 0x80, 0x9c, 0xb8, 0xff,
    0x80, 0x9c, 0xb8, 0xff, 0x80, 0x9c, 0xb8, 0xff, 0x80, 0x9c, 0xb8, 0xff,
    0x80, 0x9c, 0xb8, 0xff, 0x80, 0x98, 0xb0, 0xff, 0x80, 0x98, 0xb8, 0xff,
    0x80, 0x98, 0xb0, 0xff, 0x80, 0x98, 0xb0, 0xff, 0x80, 0x98, 0xb8, 0xff,
    0x80, 0x9c, 0xb8, 0xff, 0x80, 0x98, 0xb8, 0xff, 0x70, 0x88, 0xa0, 0xbe,
    0x78, 0x8c, 0xa0, 0x92, 0x80, 0x98, 0xb0, 0xeb, 0x80, 0x94, 0xb0, 0xeb,
    0x88, 0xa0, 0xb8, 0xba, 0x80, 0x98, 0xb0, 0x65, 0x88, 0x9c, 0xb8, 0x20,
    0x90, 0xa0, 0xb0, 0x04, 0x50, 0x70, 0x48, 0x00, 0x48, 0x70, 0x48, 0x00,
    0x50, 0x70, 0x48, 0x00, 0x48, 0x70, 0x48, 0x00, 0x48, 0x70, 0x48, 0x00,
    0x50, 0x70, 0x48, 0x00, 0x48, 0x70, 0x40, 0x00, 0x50, 0x70, 0x48, 0x00,
    0x50, 0x70, 0x48, 0x00, 0x48, 0x70, 0x48, 0x00, 0x50, 0x70, 0x48, 0x00,
    0x50, 0x70, 0x40, 0x00, 0x48, 0x70, 0x48, 0x00, 0x50, 0x70, 0x48, 0x00,
    0x48, 0x70, 0x48, 0x00, 0x50, 0x70, 0x48, 0x00, 0x50, 0x70, 0x48, 0x00,
    0x48, 0x70, 0x40, 0x00, 0x50, 0x70, 0x48, 0x00, 0x50, 0x70, 0x48, 0x00,
    0x50, 0x70, 0x48, 0x00, 0x50, 0x70, 0x48, 0x00, 0x48, 0x70, 0x48, 0x00,
    0x50, 0x70, 0x48, 0x00, 0x50, 0x70, 0x48, 0x00, 0x48, 0x70, 0x40, 0x00,
    0x48, 0x70, 0x48, 0x00, 0x50, 0x70, 0x48, 0x00, 0x48, 0x70, 0x48, 0x00,
    0x50, 0x70, 0x48, 0x00, 0x48, 0x70, 0x40, 0x00, 0x50, 0x70, 0x48, 0x00,
    0x50, 0x70, 0x48, 0x00, 0x48, 0x70, 0x48, 0x00, 0x48, 0x70, 0x48, 0x00,
    0x50, 0x70, 0x48, 0x00, 0x50, 0x70, 0x48, 0x00, 0x48, 0x70, 0x48, 0x00,
    0x90, 0xa0, 0xb0, 0x04, 0x88, 0x9c, 0xb8, 0x20, 0x88, 0x98, 0xb0, 0x65,
    0x88, 0xa0, 0xb8, 0xba, 0x80, 0x9c, 0xb8, 0xeb, 0x78, 0x90, 0xa8, 0xff,
    0x70, 0x88, 0xa0, 0xff, 0x68, 0x80, 0x98, 0xff, 0x70, 0x8c, 0xa0, 0xf7,
    0x70, 0x8c, 0xa8, 0xff, 0x78, 0x90, 0xa8, 0xff, 0x78, 0x94, 0xb0, 0xff,
    0x78, 0x94, 0xb0, 0xff, 0x78, 0x90, 0xa8, 0xff, 0x78, 0x94, 0xb0, 0xff,
    0x78, 0x94, 0xb0, 0xff, 0x78, 0x94, 0xb0, 0xff, 0x80, 0x98, 0xb0, 0xff,
    0x78, 0x94, 0xb0, 0xff, 0x78, 0x94, 0xb0, 0xff, 0x78, 0x90, 0xa8, 0xff,
    0x78, 0x90, 0xa8, 0xff, 0x80, 0x98, 0xb0, 0xff, 0x80, 0x94, 0xb0, 0xff,
    0x78, 0x98, 0xb0, 0xff, 0x80, 0x98, 0xb0, 0xff, 0x78, 0x94, 0xb0, 0xff,
    0x78, 0x90, 0xa8, 0xff, 0x80, 0x98, 0xb0, 0xff, 0x80, 0x94, 0xb0, 0xff,
    0x80, 0x98, 0xb0, 0xff, 0x80, 0x98, 0xb0, 0xff, 0x78, 0x94, 0xb0, 0xff,
    0x78, 0x90, 0xb0, 0xff, 0x78, 0x90, 0xa8, 0xff, 0x78, 0x94, 0xb0, 0xff,
    0x78, 0x94, 0xb0, 0xff, 0x78, 0x90, 0xa8, 0xff, 0x78, 0x8c, 0xa8, 0xff,
    0x70, 0x88, 0xa0, 0xfb, 0x68, 0x7c, 0x98, 0xff, 0x70, 0x88, 0xa0, 0xff,
    0x78, 0x90, 0xa8, 0xff, 0x88, 0x9c, 0xb8, 0xeb, 0x88, 0xa0, 0xb8, 0xba,
    0x88, 0x9c, 0xb0, 0x65, 0x88, 0x9c, 0xb8, 0x20, 0x90, 0xa0, 0xb0, 0x04,
    0x50, 0x70, 0x48, 0x00, 0x48, 0x70, 0x48, 0x00, 0x50, 0x70, 0x40, 0x00,
    0x48, 0x70, 0x48, 0x00, 0x48, 0x70, 0x48, 0x00, 0x50, 0x70, 0x48, 0x00,
    0x48, 0x70, 0x48, 0x00, 0x48, 0x70, 0x48, 0x00, 0x50, 0x70, 0x48, 0x00,
    0x48, 0x70, 0x48, 0x00, 0x50, 0x70, 0x48, 0x00, 0x48, 0x70, 0x48, 0x00,
    0x50, 0x70, 0x48, 0x00, 0x48, 0x70, 0x48, 0x00, 0x48, 0x70, 0x48, 0x00,
    0x50, 0x70, 0x48, 0x00, 0x48, 0x70, 0x48, 0x00, 0x48, 0x70, 0x48, 0x00,
    0x48, 0x70, 0x48, 0x00, 0x50, 0x70, 0x48, 0x00, 0x48, 0x70, 0x48, 0x00,
    0x48, 0x70, 0x48, 0x00, 0x50, 0x70, 0x48, 0x00, 0x50, 0x70, 0x48, 0x00,
    0x48, 0x70, 0x48, 0x00, 0x50, 0x70, 0x48, 0x00, 0x48, 0x70, 0x40, 0x00,
    0x48, 0x70, 0x48, 0x00, 0x50, 0x70, 0x48, 0x00, 0x48, 0x70, 0x48, 0x00,
    0x50, 0x70, 0x48, 0x00, 0x48, 0x70, 0x40, 0x00, 0x50, 0x70, 0x48, 0x00,
    0x48, 0x70, 0x48, 0x00, 0x90, 0xa0, 0xb0, 0x04, 0x88, 0x9c, 0xb0, 0x20,
    0x80, 0x94, 0xb0, 0x75, 0x78, 0x90, 0xa8, 0xcb, 0x80, 0x9c, 0xb8, 0xeb,
    0x78, 0x94, 0xb0, 0xff, 0x70, 0x8c, 0xa8, 0xff, 0x68, 0x7c, 0x98, 0xff,
    0x60, 0x78, 0x90, 0xff, 0x70, 0x84, 0xa0, 0xff, 0x78, 0x94, 0xb0, 0xff,
    0x80, 0x98, 0xb8, 0xff, 0x80, 0x98, 0xb8, 0xff, 0x80, 0x9c, 0xb8, 0xff,
    0x80, 0x9c, 0xb8, 0xff, 0x80, 0x98, 0xb0, 0xff, 0x80, 0x9c, 0xb8, 0xff,
    0x80, 0x9c, 0xb8, 0xff, 0x80, 0x9c, 0xb8, 0xff, 0x80, 0x9c, 0xb8, 0xff,
    0x80, 0x9c, 0xb8, 0xff, 0x80, 0x9c, 0xb8, 0xff, 0x80, 0x9c, 0xb8, 0xff,
    0x80, 0x9c, 0xb8, 0xff, 0x80, 0x9c, 0xb8, 0xff, 0x80, 0x9c, 0xb8, 0xff,
    0x80, 0x9c, 0xb8, 0xff, 0x80, 0x9c, 0xb8, 0xff, 0x80, 0x9c, 0xb8, 0xff,
    0x80, 0x9c, 0xb8, 0xff, 0x80, 0x9c, 0xb8, 0xff, 0x80, 0x9c, 0xb8, 0xff,
    0x80, 0x9c, 0xb8, 0xff, 0x80, 0x9c, 0xb8, 0xff, 0x80, 0x9c, 0xb8, 0xff,
    0x80, 0x9c, 0xb8, 0xff, 0x80, 0x98, 0xb8, 0xff, 0x80, 0x9c, 0xb8, 0xff,
    0x80, 0x9c, 0xb8, 0xff, 0x80, 0x9c, 0xb8, 0xff, 0x80, 0x9c, 0xb8, 0xff,
    0x78, 0x90, 0xa8, 0xff, 0x70, 0x84, 0xa0, 0xff, 0x68, 0x7c, 0x90, 0xff,
    0x68, 0x7c, 0x98, 0xff, 0x70, 0x8c, 0xa8, 0xff, 0x80, 0x9c, 0xb0, 0xff,
    0x80, 0x9c, 0xb8, 0xeb, 0x88, 0xa0, 0xb8, 0xba, 0x88, 0x98, 0xb0, 0x65,
    0x88, 0x9c, 0xb8, 0x20, 0x90, 0xa0, 0xb0, 0x04, 0x50, 0x70, 0x48, 0x00,
    0x48, 0x70, 0x48, 0x00, 0x50, 0x70, 0x48, 0x00, 0x50, 0x70, 0x48, 0x00,
    0x48, 0x70, 0x40, 0x00, 0x50, 0x70, 0x48, 0x00, 0x48, 0x70, 0x48, 0x00,
    0x50, 0x70, 0x48, 0x00, 0x48, 0x70, 0x48, 0x00, 0x50, 0x70, 0x40, 0x00,
    0x48, 0x70, 0x48, 0x00, 0x50, 0x70, 0x48, 0x00, 0x50, 0x70, 0x40, 0x00,
    0x48, 0x70, 0x48, 0x00, 0x50, 0x70, 0x48, 0x00, 0x48, 0x70, 0x48, 0x00,
    0x48, 0x70, 0x48, 0x00, 0x50, 0x70, 0x48, 0x00, 0x50, 0x70, 0x40, 0x00,
    0x48, 0x70, 0x48, 0x00, 0x48, 0x70, 0x48, 0x00, 0x50, 0x70, 0x48, 0x00,
    0x50, 0x70, 0x48, 0x00, 0x48, 0x70, 0x48, 0x00, 0x50, 0x70, 0x48, 0x00,
    0x50, 0x70, 0x48, 0x00, 0x48, 0x70, 0x48, 0x00, 0x48, 0x70, 0x48, 0x00,
    0x50, 0x70, 0x48, 0x00, 0x50, 0x70, 0x48, 0x00, 0x88, 0xa0, 0xb0, 0x04,
    0x88, 0x9c, 0xb8, 0x20, 0x88, 0x98, 0xb0, 0x65, 0x88, 0xa0, 0xb8, 0xba,
    0x80, 0x98, 0xb0, 0xeb, 0x78, 0x8c, 0xa8, 0xff, 0x70, 0x88, 0xa0, 0xff,
    0x60, 0x78, 0x90, 0xff, 0x68, 0x78, 0x90, 0xff, 0x70, 0x80, 0x98, 0xff,
    0x78, 0x90, 0xa8, 0xff, 0x80, 0x98, 0xb0, 0xff, 0x80, 0x98, 0xb8, 0xff,
    0x80, 0x98, 0xb0, 0xff, 0x80, 0x98, 0xb0, 0xff, 0x80, 0x9c, 0xb8, 0xff,
    0x80, 0x9c, 0xb8, 0xff, 0x80, 0x98, 0xb0, 0xff, 0x80, 0x9c, 0xb8, 0xff,
    0x88, 0x9c, 0xb8, 0xff, 0x88, 0xa0, 0xb8, 0xff, 0x88, 0xa0, 0xb8, 0xff,
    0x88, 0x9c, 0xb8, 0xff, 0x80, 0x9c, 0xb8, 0xff, 0x80, 0x98, 0xb8, 0xff,
    0x80, 0x98, 0xb8, 0xff, 0x80, 0x9c, 0xb8, 0xff, 0x80, 0x9c, 0xb8, 0xff,
    0x80, 0x9c, 0xb8, 0xff, 0x88, 0x9c, 0xb8, 0xff, 0x80, 0x98, 0xb8, 0xff,
    0x80, 0x98, 0xb8, 0xff, 0x88, 0x9c, 0xb8, 0xff, 0x80, 0x9c, 0xb8, 0xff,
    0x80, 0x9c, 0xb8, 0xff, 0x80, 0x9c, 0xb8, 0xff, 0x88, 0x9c, 0xb8, 0xff,
    0x80, 0x98, 0xb8, 0xff, 0x80, 0x98, 0xb0, 0xff, 0x88, 0xa0, 0xb8, 0xff,
    0x80, 0x9c, 0xb8, 0xff, 0x80, 0x98, 0xb8, 0xff, 0x80, 0x9c, 0xb8, 0xff,
    0x80, 0x9c, 0xb8, 0xff, 0x80, 0x98, 0xb0, 0xff, 0x78, 0x90, 0xa8, 0xff,
    0x68, 0x84, 0xa0, 0xff, 0x68, 0x7c, 0x90, 0xff, 0x68, 0x7c, 0x90, 0xff,
    0x70, 0x88, 0xa0, 0xff, 0x78, 0x94, 0xb0, 0xff, 0x80, 0x9c, 0xb8, 0xeb,
    0x88, 0xa0, 0xb8, 0xba, 0x88, 0x98, 0xb0, 0x65, 0x88, 0x9c, 0xb8, 0x20,
    0x90, 0xa0, 0xb0, 0x04, 0x48, 0x70, 0x48, 0x00, 0x48, 0x70, 0x48, 0x00,
    0x50, 0x70, 0x48, 0x00, 0x50, 0x70, 0x48, 0x00, 0x48, 0x70, 0x48, 0x00,
    0x48, 0x70, 0x40, 0x00, 0x50, 0x70, 0x48, 0x00, 0x48, 0x70, 0x48, 0x00,
    0x50, 0x70, 0x48, 0x00, 0x48, 0x70, 0x48, 0x00, 0x48, 0x70, 0x48, 0x00,
    0x50, 0x70, 0x48, 0x00, 0x50, 0x70, 0x48, 0x00, 0x50, 0x70, 0x48, 0x00,
    0x48, 0x70, 0x48, 0x00, 0x50, 0x70, 0x48, 0x00, 0x50, 0x70, 0x48, 0x00,
    0x48, 0x70, 0x48, 0x00, 0x48, 0x70, 0x48, 0x00, 0x50, 0x70, 0x40, 0x00,
    0x48, 0x70, 0x48, 0x00, 0x48, 0x70, 0x48, 0x00, 0x50, 0x70, 0x48, 0x00,
    0x50, 0x70, 0x48, 0x00, 0x48, 0x70, 0x40, 0x00, 0x50, 0x70, 0x48, 0x00,
    0x48, 0x70, 0x48, 0x00, 0x50, 0x70, 0x48, 0x00, 0x80, 0x90, 0xa8, 0x10,
    0x80, 0x9c, 0xb0, 0x8e, 0x80, 0x98, 0xb0, 0xeb, 0x78, 0x94, 0xb0, 0xff,
    0x70, 0x84, 0xa0, 0xff, 0x60, 0x74, 0x88, 0xff, 0x60, 0x78, 0x90, 0xff,
    0x68, 0x80, 0x98, 0xff, 0x78, 0x8c, 0xa8, 0xff, 0x80, 0x98, 0xb0, 0xff,
    0x80, 0x98, 0xb8, 0xff, 0x80, 0x9c, 0xb8, 0xff, 0x88, 0xa4, 0xc0, 0xff,
    0x90, 0xa8, 0xc8, 0xff, 0x90, 0xa8, 0xc8, 0xff, 0x90, 0xa8, 0xc8, 0xff,
    0x88, 0xa4, 0xc0, 0xff, 0x88, 0xa0, 0xc0, 0xff, 0x90, 0xa8, 0xc8, 0xff,
    0x90, 0xa8, 0xc8, 0xff, 0x90, 0xac, 0xc8, 0xff, 0x90, 0xa8, 0xc8, 0xff,
    0x90, 0xa8, 0xc8, 0xff, 0x90, 0xa8, 0xc8, 0xff, 0x88, 0xa8, 0xc8, 0xff,
    0x90, 0xa8, 0xc0, 0xff, 0x90, 0xa8, 0xc8, 0xff, 0x90, 0xa8, 0xc8, 0xff,
    0x90, 0xa8, 0xc8, 0xff, 0x90, 0xa8, 0xc0, 0xff, 0x88, 0xa4, 0xc0, 0xff,
    0x88, 0xa4, 0xc0, 0xff, 0x90, 0xa8, 0xc8, 0xff, 0x90, 0xa8, 0xc8, 0xff,
    0x90, 0xa8, 0xc8, 0xff, 0x90, 0xac, 0xc8, 0xff, 0x90, 0xa8, 0xc8, 0xff,
    0x88, 0xa0, 0xc0, 0xff, 0x80, 0x9c, 0xb8, 0xff, 0x88, 0xa0, 0xc0, 0xff,
    0x88, 0xa8, 0xc0, 0xff, 0x90, 0xa8, 0xc8, 0xff, 0x90, 0xa8, 0xc0, 0xff,
    0x88, 0xa4, 0xc0, 0xff, 0x80, 0x9c, 0xb8, 0xff, 0x80, 0x98, 0xb8, 0xff,
    0x80, 0x98, 0xb0, 0xff, 0x78, 0x90, 0xa8, 0xff, 0x68, 0x80, 0xa0, 0xff,
    0x68, 0x7c, 0x98, 0xff, 0x68, 0x7c, 0x98, 0xff, 0x70, 0x8c, 0xa8, 0xff,
    0x80, 0x9c, 0xb0, 0xff, 0x80, 0x9c, 0xb8, 0xeb, 0x88, 0x9c, 0xb8, 0x8e,
    0x88, 0xa0, 0xb8, 0x0c, 0x48, 0x70, 0x48, 0x00, 0x50, 0x70, 0x48, 0x00,
    0x48, 0x70, 0x48, 0x00, 0x50, 0x70, 0x48, 0x00, 0x50, 0x70, 0x48, 0x00,
    0x48, 0x70, 0x48, 0x00, 0x50, 0x70, 0x48, 0x00, 0x50, 0x70, 0x48, 0x00,
    0x48, 0x70, 0x48, 0x00, 0x50, 0x70, 0x48, 0x00, 0x48, 0x70, 0x48, 0x00,
    0x48, 0x70, 0x48, 0x00, 0x48, 0x70, 0x48, 0x00, 0x48, 0x70, 0x48, 0x00,
    0x48, 0x70, 0x48, 0x00, 0x48, 0x70, 0x48, 0x00, 0x50, 0x70, 0x48, 0x00,
    0x50, 0x70, 0x48, 0x00, 0x48, 0x70, 0x48, 0x00, 0x50, 0x70, 0x48, 0x00,
    0x50, 0x70, 0x48, 0x00, 0x48, 0x70, 0x40, 0x00, 0x48, 0x70, 0x48, 0x00,
    0x50, 0x70, 0x48, 0x00, 0x48, 0x70, 0x48, 0x00, 0x50, 0x70, 0x48, 0x00,
    0x48, 0x70, 0x48, 0x00, 0x48, 0x70, 0x48, 0x00, 0x88, 0x9c, 0xb8, 0x20,
    0x70, 0x88, 0xa0, 0xbe, 0x70, 0x88, 0xa0, 0xff, 0x68, 0x7c, 0x90, 0xff,
    0x60, 0x7c, 0x98, 0xff, 0x70, 0x80, 0x98, 0xff, 0x78, 0x8c, 0xa8, 0xff,
    0x80, 0x98, 0xb0, 0xff, 0x80, 0x98, 0xb8, 0xff, 0x80, 0x9c, 0xb8, 0xff,
    0x88, 0xa4, 0xc0, 0xff, 0x90, 0xb0, 0xd0, 0xff, 0xa0, 0xbc, 0xd8, 0xff,
    0xa0, 0xc0, 0xe0, 0xff, 0xa0, 0xbc, 0xd8, 0xff, 0x98, 0xb4, 0xd0, 0xff,
    0x88, 0xa0, 0xc0, 0xff, 0x80, 0xa0, 0xb8, 0xff, 0x90, 0xac, 0xc8, 0xff,
    0xa0, 0xc0, 0xe0, 0xff, 0xa0, 0xbc, 0xe0, 0xff, 0x98, 0xb8, 0xd8, 0xff,
    0x98, 0xb8, 0xd8, 0xff, 0x98, 0xb8, 0xd8, 0xff, 0x98, 0xb8, 0xd8, 0xff,
    0xa0, 0xb8, 0xd8, 0xff, 0x98, 0xb8, 0xd8, 0xff, 0xa0, 0xbc, 0xd8, 0xff,
    0xa0, 0xb8, 0xd8, 0xff, 0x98, 0xb8, 0xd8, 0xff, 0x98, 0xb4, 0xd0, 0xff,
    0x98, 0xb4, 0xd0, 0xff, 0x98, 0xb4, 0xd0, 0xff, 0xa0, 0xbc, 0xd8, 0xff,
    0xa0, 0xbc, 0xd8, 0xff, 0xa0, 0xbc, 0xd8, 0xff, 0x98, 0xb4, 0xd0, 0xff,
    0x88, 0xa4, 0xc0, 0xff, 0x78, 0x98, 0xb0, 0xff, 0x80, 0x98, 0xb8, 0xff,
    0x90, 0xb0, 0xd0, 0xff, 0xa0, 0xbc, 0xd8, 0xff, 0xa0, 0xbc, 0xd8, 0xff,
    0x98, 0xb8, 0xd8, 0xff, 0x90, 0xb0, 0xd0, 0xff, 0x88, 0xa4, 0xc0, 0xff,
    0x80, 0x9c, 0xb8, 0xff, 0x80, 0x98, 0xb8, 0xff, 0x78, 0x98, 0xb0, 0xff,
    0x78, 0x90, 0xa8, 0xff, 0x70, 0x84, 0xa0, 0xff, 0x68, 0x7c, 0x90, 0xff,
    0x68, 0x80, 0x98, 0xff, 0x70, 0x8c, 0xa8, 0xff, 0x70, 0x88, 0xa0, 0xbe,
    0x80, 0x90, 0xa8, 0x10, 0x50, 0x70, 0x48, 0x00, 0x48, 0x70, 0x48, 0x00,
    0x48, 0x70, 0x40, 0x00, 0x50, 0x70, 0x48, 0x00, 0x48, 0x70, 0x48, 0x00,
    0x48, 0x70, 0x48, 0x00, 0x50, 0x70, 0x48, 0x00, 0x48, 0x70, 0x40, 0x00,
    0x48, 0x70, 0x48, 0x00, 0x50, 0x70, 0x48, 0x00, 0x50, 0x70, 0x40, 0x00,
    0x50, 0x70, 0x48, 0x00, 0x48, 0x70, 0x48, 0x00, 0x50, 0x70, 0x48, 0x00,
    0x50, 0x70, 0x48, 0x00, 0x48, 0x70, 0x48, 0x00, 0x48, 0x70, 0x40, 0x00,
    0x50, 0x70, 0x48, 0x00, 0x48, 0x70, 0x48, 0x00, 0x48, 0x70, 0x48, 0x00,
    0x50, 0x70, 0x48, 0x00, 0x50, 0x70, 0x48, 0x00, 0x48, 0x70, 0x48, 0x00,
    0x48, 0x70, 0x48, 0x00, 0x50, 0x70, 0x48, 0x00, 0x48, 0x70, 0x48, 0x00,
    0x50, 0x70, 0x40, 0x00, 0x50, 0x70, 0x48, 0x00, 0x70, 0x84, 0x98, 0x61,
    0x70, 0x84, 0xa0, 0xe3, 0x68, 0x7c, 0x98, 0xff, 0x68, 0x80, 0x98, 0xff,
    0x78, 0x8c, 0xa8, 0xff, 0x78, 0x94, 0xb0, 0xff, 0x80, 0x98, 0xb8, 0xff,
    0x80, 0x9c, 0xb8, 0xff, 0x88, 0xa4, 0xc0, 0xff, 0x90, 0xb0, 0xd0, 0xff,
    0x98, 0xb8, 0xd8, 0xff, 0xa0, 0xb8, 0xd8, 0xff, 0x98, 0xb8, 0xd8, 0xff,
    0x98, 0xb8, 0xd8, 0xff, 0xa0, 0xbc, 0xd8, 0xff, 0x88, 0xa8, 0xc0, 0xff,
    0x78, 0x90, 0xa8, 0xff, 0x78, 0x94, 0xb0, 0xff, 0x80, 0x9c, 0xb8, 0xff,
    0x98, 0xb8, 0xd8, 0xff, 0x98, 0xb8, 0xd8, 0xff, 0x98, 0xb0, 0xd0, 0xff,
    0x90, 0xb0, 0xc8, 0xff, 0x90, 0xb0, 0xc8, 0xff, 0x90, 0xa8, 0xc8, 0xff,
    0x88, 0xa0, 0xc0, 0xff, 0x88, 0xa4, 0xc0, 0xff, 0x90, 0xb0, 0xc8, 0xff,
    0x90, 0xac, 0xc8, 0xff, 0x88, 0xa0, 0xc0, 0xff, 0x80, 0xa0, 0xb8, 0xff,
    0x90, 0xa8, 0xc8, 0xff, 0x98, 0xb4, 0xd0, 0xff, 0x98, 0xb8, 0xd8, 0xff,
    0x98, 0xb8, 0xd8, 0xff, 0x98, 0xb4, 0xd0, 0xff, 0x90, 0xac, 0xc8, 0xff,
    0x78, 0x90, 0xa8, 0xff, 0x70, 0x88, 0xa0, 0xff, 0x70, 0x88, 0xa0, 0xff,
    0x90, 0xa8, 0xc8, 0xff, 0xa0, 0xb8, 0xd8, 0xff, 0x98, 0xb8, 0xd8, 0xff,
    0x98, 0xb4, 0xd8, 0xff, 0xa0, 0xbc, 0xd8, 0xff, 0xa0, 0xb8, 0xd8, 0xff,
    0x90, 0xb0, 0xd0, 0xff, 0x88, 0xa4, 0xc0, 0xff, 0x80, 0x9c, 0xb8, 0xff,
    0x80, 0x9c, 0xb8, 0xff, 0x80, 0x98, 0xb0, 0xff, 0x78, 0x90, 0xa8, 0xff,
    0x70, 0x84, 0xa0, 0xff, 0x70, 0x80, 0x98, 0xff, 0x70, 0x88, 0xa0, 0xe3,
    0x70, 0x80, 0x90, 0x45, 0x48, 0x70, 0x48, 0x00, 0x50, 0x70, 0x48, 0x00,
    0x50, 0x70, 0x48, 0x00, 0x48, 0x70, 0x48, 0x00, 0x50, 0x70, 0x48, 0x00,
    0x50, 0x70, 0x48, 0x00, 0x48, 0x70, 0x48, 0x00, 0x50, 0x70, 0x48, 0x00,
    0x48, 0x70, 0x48, 0x00, 0x48, 0x70, 0x48, 0x00, 0x50, 0x70, 0x48, 0x00,
    0x50, 0x70, 0x48, 0x00, 0x48, 0x70, 0x40, 0x00, 0x50, 0x70, 0x48, 0x00,
    0x50, 0x70, 0x48, 0x00, 0x50, 0x70, 0x48, 0x00, 0x48, 0x70, 0x48, 0x00,
    0x50, 0x70, 0x48, 0x00, 0x50, 0x70, 0x48, 0x00, 0x48, 0x70, 0x40, 0x00,
    0x48, 0x70, 0x48, 0x00, 0x50, 0x70, 0x48, 0x00, 0x50, 0x70, 0x48, 0x00,
    0x48, 0x70, 0x40, 0x00, 0x50, 0x70, 0x48, 0x00, 0x48, 0x70, 0x48, 0x00,
    0x48, 0x70, 0x48, 0x00, 0x90, 0xa0, 0xb0, 0x04, 0x78, 0x8c, 0xa8, 0x96,
    0x70, 0x8c, 0xa8, 0xff, 0x78, 0x90, 0xa8, 0xff, 0x78, 0x94, 0xb0, 0xff,
    0x80, 0x98, 0xb0, 0xff, 0x80, 0x9c, 0xb8, 0xff, 0x88, 0xa4, 0xc0, 0xff,
    0x98, 0xb4, 0xd0, 0xff, 0x98, 0xb8, 0xd8, 0xff, 0x98, 0xb8, 0xd8, 0xff,
    0xa0, 0xb8, 0xd8, 0xff, 0x98, 0xb8, 0xd8, 0xff, 0x98, 0xb0, 0xd0, 0xff,
    0x98, 0xb8, 0xd8, 0xff, 0xa0, 0xbc, 0xd8, 0xff, 0x98, 0xb0, 0xd0, 0xff,
    0x90, 0xac, 0xd0, 0xff, 0x98, 0xb4, 0xd0, 0xff, 0x98, 0xb8, 0xd8, 0xff,
    0xa0, 0xbc, 0xd8, 0xff, 0xa0, 0xbc, 0xd8, 0xff, 0x98, 0xb4, 0xd8, 0xff,
    0x98, 0xb4, 0xd0, 0xff, 0x98, 0xb4, 0xd0, 0xff, 0x90, 0xa8, 0xc8, 0xff,
    0x88, 0xa0, 0xb8, 0xff, 0x88, 0xa0, 0xc0, 0xff, 0x90, 0xb0, 0xc8, 0xff,
    0x90, 0xac, 0xc8, 0xff, 0x88, 0xa0, 0xc0, 0xff, 0x88, 0xa0, 0xc0, 0xff,
    0x90, 0xb0, 0xd0, 0xff, 0xa0, 0xbc, 0xd8, 0xff, 0xa0, 0xc0, 0xe0, 0xff,
    0xa0, 0xc0, 0xe0, 0xff, 0xa0, 0xbc, 0xd8, 0xff, 0x98, 0xb4, 0xd8, 0xff,
    0x88, 0xa4, 0xc8, 0xff, 0x88, 0xa4, 0xc0, 0xff, 0x88, 0xa4, 0xc0, 0xff,
    0x90, 0xb0, 0xd0, 0xff, 0x98, 0xb8, 0xd8, 0xff, 0x98, 0xb8, 0xd8, 0xff,
    0x98, 0xb4, 0xd0, 0xff, 0xa0, 0xbc, 0xd8, 0xff, 0xa0, 0xbc, 0xd8, 0xff,
    0xa0, 0xb8, 0xd8, 0xff, 0xa0, 0xb8, 0xd8, 0xff, 0x90, 0xb0, 0xd0, 0xff,
    0x88, 0xa0, 0xc0, 0xff, 0x80, 0x9c, 0xb8, 0xff, 0x80, 0x9c, 0xb8, 0xff,
    0x80, 0x98, 0xb0, 0xff, 0x78, 0x94, 0xb0, 0xff, 0x70, 0x8c, 0xa8, 0xf7,
    0x70, 0x84, 0x98, 0x82, 0x48, 0x70, 0x48, 0x00, 0x50, 0x70, 0x48, 0x00,
    0x48, 0x70, 0x48, 0x00, 0x48, 0x70, 0x48, 0x00, 0x50, 0x70, 0x40, 0x00,
    0x48, 0x70, 0x48, 0x00, 0x50, 0x70, 0x48, 0x00, 0x50, 0x70, 0x48, 0x00,
    0x48, 0x70, 0x48, 0x00, 0x50, 0x70, 0x48, 0x00, 0x48, 0x70, 0x48, 0x00,
    0x48, 0x70, 0x48, 0x00, 0x50, 0x70, 0x48, 0x00, 0x48, 0x70, 0x48, 0x00,
    0x48, 0x70, 0x48, 0x00, 0x48, 0x70, 0x48, 0x00, 0x50, 0x70, 0x48, 0x00,
    0x48, 0x70, 0x48, 0x00, 0x50, 0x70, 0x48, 0x00, 0x50, 0x70, 0x48, 0x00,
    0x48, 0x70, 0x48, 0x00, 0x48, 0x70, 0x48, 0x00, 0x50, 0x70, 0x48, 0x00,
    0x50, 0x70, 0x48, 0x00, 0x48, 0x70, 0x48, 0x00, 0x50, 0x70, 0x48, 0x00,
    0x48, 0x70, 0x48, 0x00, 0x88, 0x9c, 0xb0, 0x0c, 0x70, 0x88, 0xa0, 0xaa,
    0x78, 0x8c, 0xa8, 0xff, 0x80, 0x98, 0xb0, 0xff, 0x80, 0x9c, 0xb8, 0xff,
    0x88, 0xa4, 0xc0, 0xff, 0x98, 0xb4, 0xd0, 0xff, 0xa0, 0xbc, 0xd8, 0xff,
    0xa0, 0xbc, 0xd8, 0xff, 0xa0, 0xbc, 0xd8, 0xff, 0xa0, 0xbc, 0xd8, 0xff,
    0x98, 0xb8, 0xd8, 0xff, 0x98, 0xb8, 0xd8, 0xff, 0xa0, 0xbc, 0xd8, 0xff,
    0xa0, 0xbc, 0xd8, 0xff, 0x90, 0xac, 0xc8, 0xff, 0x98, 0xb8, 0xd8, 0xff,
    0xa8, 0xc8, 0xe8, 0xff, 0xa8, 0xc8, 0xe8, 0xff, 0xa8, 0xc8, 0xe8, 0xff,
    0xa8, 0xc4, 0xe0, 0xff, 0xa0, 0xc4, 0xe0, 0xff, 0xa0, 0xc0, 0xe0, 0xff,
    0xa0, 0xc0, 0xe0, 0xff, 0xa0, 0xbc, 0xd8, 0xff, 0x98, 0xb4, 0xd0, 0xff,
    0x90, 0xac, 0xc8, 0xff, 0x90, 0xb0, 0xd0, 0xff, 0x98, 0xb4, 0xd0, 0xff,
    0x98, 0xb4, 0xd8, 0xff, 0x90, 0xb0, 0xc8, 0xff, 0x90, 0xac, 0xc8, 0xff,
    0xa0, 0xbc, 0xe0, 0xff, 0xa8, 0xc8, 0xe8, 0xff, 0xb0, 0xcc, 0xf0, 0xff,
    0xa8, 0xc8, 0xe8, 0xff, 0xa8, 0xc8, 0xe8, 0xff, 0xa0, 0xc0, 0xe0, 0xff,
    0xa0, 0xbc, 0xd8, 0xff, 0xa0, 0xbc, 0xd8, 0xff, 0xa0, 0xc0, 0xe0, 0xff,
    0x98, 0xb4, 0xd0, 0xff, 0x90, 0xac, 0xc8, 0xff, 0xa0, 0xbc, 0xd8, 0xff,
    0xa0, 0xbc, 0xd8, 0xff, 0x98, 0xb8, 0xd8, 0xff, 0x98, 0xb8, 0xd8, 0xff,
    0xa0, 0xc0, 0xe0, 0xff, 0xa0, 0xb8, 0xd8, 0xff, 0xa0, 0xbc, 0xd8, 0xff,
    0x98, 0xb8, 0xd8, 0xff, 0x90, 0xac, 0xc8, 0xff, 0x88, 0xa0, 0xc0, 0xff,
    0x80, 0x9c, 0xb8, 0xff, 0x80, 0x98, 0xb8, 0xff, 0x78, 0x8c, 0xa8, 0xff,
    0x78, 0x8c, 0xa8, 0x92, 0x90, 0xa0, 0xb0, 0x04, 0x48, 0x70, 0x48, 0x00,
    0x50, 0x70, 0x48, 0x00, 0x50, 0x70, 0x48, 0x00, 0x48, 0x70, 0x48, 0x00,
    0x48, 0x70, 0x48, 0x00, 0x50, 0x70, 0x40, 0x00, 0x48, 0x70, 0x48, 0x00,
    0x50, 0x70, 0x48, 0x00, 0x50, 0x70, 0x40, 0x00, 0x48, 0x70, 0x48, 0x00,
    0x50, 0x70, 0x48, 0x00, 0x48, 0x70, 0x48, 0x00, 0x50, 0x70, 0x48, 0x00,
    0x48, 0x70, 0x48, 0x00, 0x50, 0x70, 0x48, 0x00, 0x48, 0x70, 0x40, 0x00,
    0x48, 0x70, 0x48, 0x00, 0x50, 0x70, 0x48, 0x00, 0x48, 0x70, 0x48, 0x00,
    0x50, 0x70, 0x48, 0x00, 0x48, 0x70, 0x40, 0x00, 0x48, 0x70, 0x48, 0x00,
    0x50, 0x70, 0x48, 0x00, 0x48, 0x70, 0x48, 0x00, 0x50, 0x70, 0x48, 0x00,
    0x50, 0x70, 0x48, 0x00, 0x80, 0x98, 0xb0, 0x18, 0x70, 0x88, 0xa0, 0xbe,
    0x78, 0x8c, 0xa8, 0xff, 0x80, 0x9c, 0xb8, 0xff, 0x90, 0xb0, 0xd0, 0xff,
    0xa0, 0xbc, 0xe0, 0xff, 0xa0, 0xc0, 0xe0, 0xff, 0xa0, 0xc0, 0xe0, 0xff,
    0xa0, 0xc0, 0xe0, 0xff, 0xa0, 0xc4, 0xe8, 0xff, 0xa0, 0xc4, 0xe0, 0xff,
    0xa0, 0xc0, 0xe0, 0xff, 0xa0, 0xb8, 0xd8, 0xff, 0xa0, 0xbc, 0xd8, 0xff,
    0x98, 0xb4, 0xd0, 0xff, 0x80, 0x9c, 0xb8, 0xff, 0x98, 0xb0, 0xd0, 0xff,
    0xa0, 0xc4, 0xe0, 0xff, 0xa8, 0xc8, 0xe8, 0xff, 0xa8, 0xc8, 0xe8, 0xff,
    0xa8, 0xc4, 0xe8, 0xff, 0xa8, 0xc8, 0xe8, 0xff, 0xa0, 0xc4, 0xe0, 0xff,
    0xa0, 0xc0, 0xe0, 0xff, 0xa0, 0xc0, 0xe0, 0xff, 0x98, 0xb8, 0xd8, 0xff,
    0x88, 0xa4, 0xc0, 0xff, 0x90, 0xb0, 0xc8, 0xff, 0x98, 0xb4, 0xd8, 0xff,
    0x98, 0xb8, 0xd8, 0xff, 0x90, 0xac, 0xc8, 0xff, 0x90, 0xac, 0xc8, 0xff,
    0xa0, 0xc4, 0xe0, 0xff, 0xb0, 0xcc, 0xf0, 0xff, 0xb0, 0xd0, 0xf0, 0xff,
    0xa8, 0xc8, 0xe8, 0xff, 0xa8, 0xc8, 0xe8, 0xff, 0xa0, 0xc4, 0xe0, 0xff,
    0xa0, 0xc0, 0xe0, 0xff, 0xa0, 0xc4, 0xe0, 0xff, 0xa0, 0xc0, 0xe0, 0xff,
    0x90, 0xac, 0xc8, 0xff, 0x88, 0x9c, 0xb8, 0xff, 0x98, 0xb8, 0xd8, 0xff,
    0xa0, 0xc0, 0xe0, 0xff, 0xa0, 0xbc, 0xe0, 0xff, 0xa0, 0xc0, 0xe0, 0xff,
    0xa0, 0xc0, 0xe0, 0xff, 0xa0, 0xc0, 0xe0, 0xff, 0xa0, 0xbc, 0xd8, 0xff,
    0xa0, 0xbc, 0xd8, 0xff, 0xa0, 0xbc, 0xd8, 0xff, 0x98, 0xb8, 0xd8, 0xff,
    0x90, 0xb0, 0xd0, 0xff, 0x80, 0x9c, 0xb8, 0xff, 0x78, 0x8c, 0xa8, 0xff,
    0x70, 0x88, 0xa0, 0xaa, 0x80, 0x90, 0xa8, 0x10, 0x48, 0x70, 0x48, 0x00,
    0x48, 0x70, 0x48, 0x00, 0x50, 0x70, 0x48, 0x00, 0x48, 0x70, 0x48, 0x00,
    0x50, 0x70, 0x48, 0x00, 0x48, 0x70, 0x48, 0x00, 0x48, 0x70, 0x48, 0x00,
    0x50, 0x70, 0x48, 0x00, 0x48, 0x70, 0x48, 0x00, 0x50, 0x70, 0x48, 0x00,
    0x48, 0x70, 0x48, 0x00, 0x50, 0x70, 0x40, 0x00, 0x48, 0x70, 0x48, 0x00,
    0x50, 0x70, 0x48, 0x00, 0x50, 0x70, 0x48, 0x00, 0x48, 0x70, 0x48, 0x00,
    0x50, 0x70, 0x48, 0x00, 0x48, 0x70, 0x48, 0x00, 0x50, 0x70, 0x40, 0x00,
    0x50, 0x70, 0x48, 0x00, 0x48, 0x70, 0x48, 0x00, 0x50, 0x70, 0x48, 0x00,
    0x48, 0x70, 0x48, 0x00, 0x50, 0x70, 0x40, 0x00, 0x48, 0x70, 0x48, 0x00,
    0x80, 0x90, 0xa8, 0x10, 0x70, 0x84, 0x98, 0x61, 0x70, 0x88, 0xa0, 0xe3,
    0x78, 0x90, 0xa8, 0xff, 0x90, 0xac, 0xc8, 0xff, 0xa0, 0xc0, 0xe0, 0xff,
    0xa0, 0xc0, 0xe0, 0xff, 0xa8, 0xc4, 0xe0, 0xff, 0xa8, 0xc8, 0xe8, 0xff,
    0xa8, 0xc8, 0xe8, 0xff, 0xa8, 0xc4, 0xe8, 0xff, 0xa8, 0xc4, 0xe0, 0xff,
    0xa8, 0xc4, 0xe0, 0xff, 0xa0, 0xb8, 0xd8, 0xff, 0x98, 0xb8, 0xd8, 0xff,
    0x90, 0xb0, 0xd0, 0xff, 0x80, 0x9c, 0xb8, 0xff, 0x98, 0xb4, 0xd0, 0xff,
    0xa8, 0xc8, 0xe8, 0xff, 0xa8, 0xc8, 0xe8, 0xff, 0xa8, 0xc8, 0xe8, 0xff,
    0xa8, 0xc8, 0xe8, 0xff, 0xa8, 0xc8, 0xe8, 0xff, 0xa8, 0xc4, 0xe0, 0xff,
    0xa0, 0xc4, 0xe0, 0xff, 0xa0, 0xc0, 0xe0, 0xff, 0xa0, 0xbc, 0xe0, 0xff,
    0x88, 0xa4, 0xc0, 0xff, 0x98, 0xb0, 0xd0, 0xff, 0x98, 0xb4, 0xd8, 0xff,
    0xa0, 0xb8, 0xd8, 0xff, 0x98, 0xb4, 0xd0, 0xff, 0x90, 0xb0, 0xd0, 0xff,
    0xa8, 0xcc, 0xe8, 0xff, 0xb0, 0xcc, 0xe8, 0xff, 0xb0, 0xcc, 0xf0, 0xff,
    0xa8, 0xcc, 0xe8, 0xff, 0xa8, 0xc8, 0xe8, 0xff, 0xa0, 0xc0, 0xe0, 0xff,
    0xa0, 0xc0, 0xe0, 0xff, 0xa0, 0xc0, 0xe0, 0xff, 0xa0, 0xc4, 0xe0, 0xff,
    0x90, 0xac, 0xc8, 0xff, 0x88, 0x9c, 0xc0, 0xff, 0x98, 0xb4, 0xd0, 0xff,
    0x98, 0xb8, 0xd8, 0xff, 0xa0, 0xbc, 0xd8, 0xff, 0xa0, 0xc0, 0xe0, 0xff,
    0xa0, 0xc0, 0xe0, 0xff, 0xa0, 0xc0, 0xe0, 0xff, 0xa0, 0xc0, 0xe0, 0xff,
    0xa0, 0xc4, 0xe0, 0xff, 0xa0, 0xbc, 0xe0, 0xff, 0xa0, 0xb8, 0xd8, 0xff,
    0xa0, 0xbc, 0xd8, 0xff, 0x90, 0xa8, 0xc8, 0xff, 0x78, 0x90, 0xa8, 0xff,
    0x78, 0x90, 0xa8, 0xcb, 0x70, 0x84, 0x98, 0x61, 0x68, 0x74, 0x80, 0x10,
    0x48, 0x70, 0x48, 0x00, 0x50, 0x70, 0x48, 0x00, 0x50, 0x70, 0x40, 0x00,
    0x48, 0x70, 0x48, 0x00, 0x50, 0x70, 0x48, 0x00, 0x50, 0x70, 0x48, 0x00,
    0x48, 0x70, 0x48, 0x00, 0x48, 0x70, 0x48, 0x00, 0x50, 0x70, 0x48, 0x00,
    0x48, 0x70, 0x48, 0x00, 0x50, 0x70, 0x48, 0x00, 0x48, 0x70, 0x48, 0x00,
    0x48, 0x70, 0x48, 0x00, 0x48, 0x70, 0x48, 0x00, 0x50, 0x70, 0x48, 0x00,
    0x50, 0x70, 0x48, 0x00, 0x48, 0x70, 0x48, 0x00, 0x48, 0x70, 0x48, 0x00,
    0x50, 0x70, 0x48, 0x00, 0x50, 0x70, 0x48, 0x00, 0x48, 0x70, 0x48, 0x00,
    0x50, 0x70, 0x48, 0x00, 0x68, 0x70, 0x80, 0x04, 0x78, 0x90, 0xa8, 0x3c,
    0x78, 0x8c, 0xa0, 0x96, 0x70, 0x84, 0xa0, 0xe3, 0x68, 0x84, 0xa0, 0xff,
    0x78, 0x90, 0xb0, 0xff, 0x98, 0xb4, 0xd0, 0xff, 0x98, 0xb8, 0xd8, 0xff,
    0xa0, 0xc0, 0xe0, 0xff, 0xa8, 0xc8, 0xe8, 0xff, 0xa8, 0xcc, 0xe8, 0xff,
    0xa8, 0xc8, 0xe8, 0xff, 0xa8, 0xc8, 0xe8, 0xff, 0xa8, 0xc8, 0xe8, 0xff,
    0xa0, 0xc4, 0xe0, 0xff, 0x98, 0xb8, 0xd8, 0xff, 0x98, 0xb4, 0xd8, 0xff,
    0x98, 0xb4, 0xd0, 0xff, 0x80, 0x98, 0xb8, 0xff, 0x90, 0xb0, 0xd0, 0xff,
    0xa8, 0xc8, 0xe8, 0xff, 0xb0, 0xcc, 0xe8, 0xff, 0xb0, 0xcc, 0xe8, 0xff,
    0xa8, 0xcc, 0xe8, 0xff, 0xa8, 0xc8, 0xe8, 0xff, 0xa8, 0xc4, 0xe0, 0xff,
    0xa8, 0xc4, 0xe8, 0xff, 0xa0, 0xc4, 0xe0, 0xff, 0xa8, 0xc4, 0xe0, 0xff,
    0xa0, 0xc0, 0xe0, 0xff, 0xa0, 0xc0, 0xe0, 0xff, 0x98, 0xb8, 0xd8, 0xff,
    0xa0, 0xbc, 0xd8, 0xff, 0xa8, 0xc8, 0xe8, 0xff, 0xa8, 0xc8, 0xe8, 0xff,
    0xb0, 0xcc, 0xf0, 0xff, 0xb0, 0xcc, 0xe8, 0xff, 0xa8, 0xcc, 0xf0, 0xff,
    0xa8, 0xc8, 0xe8, 0xff, 0xa8, 0xc4, 0xe0, 0xff, 0xa8, 0xc4, 0xe0, 0xff,
    0xa0, 0xc0, 0xe0, 0xff, 0xa0, 0xc0, 0xe0, 0xff, 0xa0, 0xc0, 0xe0, 0xff,
    0x90, 0xa8, 0xc8, 0xff, 0x80, 0x9c, 0xb8, 0xff, 0x98, 0xb4, 0xd0, 0xff,
    0x98, 0xb4, 0xd0, 0xff, 0xa0, 0xbc, 0xd8, 0xff, 0xa0, 0xc0, 0xe0, 0xff,
    0xa0, 0xc0, 0xe0, 0xff, 0xa0, 0xc0, 0xe0, 0xff, 0xa0, 0xc0, 0xe0, 0xff,
    0xa8, 0xc4, 0xe8, 0xff, 0xa0, 0xc0, 0xe0, 0xff, 0x98, 0xb4, 0xd8, 0xff,
    0x98, 0xb8, 0xd8, 0xff, 0x90, 0xb0, 0xc8, 0xff, 0x78, 0x90, 0xb0, 0xff,
    0x68, 0x84, 0xa0, 0xff, 0x70, 0x88, 0xa0, 0xe3, 0x78, 0x8c, 0xa0, 0x92,
    0x78, 0x90, 0xa8, 0x30, 0x68, 0x70, 0x80, 0x04, 0x48, 0x70, 0x48, 0x00,
    0x48, 0x70, 0x48, 0x00, 0x50, 0x70, 0x48, 0x00, 0x50, 0x70, 0x40, 0x00,
    0x48, 0x70, 0x48, 0x00, 0x50, 0x70, 0x48, 0x00, 0x48, 0x70, 0x40, 0x00,
    0x50, 0x70, 0x48, 0x00, 0x48, 0x70, 0x48, 0x00, 0x50, 0x70, 0x48, 0x00,
    0x48, 0x70, 0x48, 0x00, 0x50, 0x70, 0x48, 0x00, 0x48, 0x70, 0x40, 0x00,
    0x50, 0x70, 0x48, 0x00, 0x48, 0x70, 0x48, 0x00, 0x48, 0x70, 0x48, 0x00,
    0x50, 0x70, 0x48, 0x00, 0x48, 0x70, 0x48, 0x00, 0x48, 0x70, 0x40, 0x00,
    0x88, 0x9c, 0xb0, 0x0c, 0x70, 0x84, 0x98, 0x61, 0x78, 0x90, 0xa8, 0xcf,
    0x78, 0x8c, 0xa8, 0xff, 0x68, 0x80, 0x98, 0xff, 0x68, 0x80, 0x98, 0xff,
    0x78, 0x90, 0xb0, 0xff, 0x98, 0xb4, 0xd0, 0xff, 0xa0, 0xbc, 0xe0, 0xff,
    0xa8, 0xc8, 0xe8, 0xff, 0xb0, 0xcc, 0xf0, 0xff, 0xb0, 0xcc, 0xf0, 0xff,
    0xb0, 0xd0, 0xf0, 0xff, 0xb0, 0xcc, 0xe8, 0xff, 0xa8, 0xc8, 0xe8, 0xff,
    0xa0, 0xc4, 0xe0, 0xff, 0xa0, 0xbc, 0xd8, 0xff, 0xa0, 0xbc, 0xd8, 0xff,
    0xa0, 0xbc, 0xd8, 0xff, 0x90, 0xa8, 0xc8, 0xff, 0x98, 0xb8, 0xd8, 0xff,
    0xa8, 0xc8, 0xe8, 0xff, 0xb0, 0xcc, 0xf0, 0xff, 0xa8, 0xc8, 0xe8, 0xff,
    0xa8, 0xc8, 0xe8, 0xff, 0xa8, 0xc8, 0xe8, 0xff, 0xa0, 0xc4, 0xe0, 0xff,
    0xa0, 0xc4, 0xe8, 0xff, 0xa8, 0xc4, 0xe0, 0xff, 0xa0, 0xc4, 0xe0, 0xff,
    0xa8, 0xc4, 0xe8, 0xff, 0xa8, 0xc8, 0xe8, 0xff, 0x98, 0xb4, 0xd0, 0xff,
    0x98, 0xb8, 0xd8, 0xff, 0xa8, 0xc8, 0xe8, 0xff, 0xb0, 0xcc, 0xe8, 0xff,
    0xb0, 0xcc, 0xf0, 0xff, 0xa8, 0xcc, 0xe8, 0xff, 0xa8, 0xc8, 0xe8, 0xff,
    0xa8, 0xc8, 0xe8, 0xff, 0xa8, 0xc4, 0xe0, 0xff, 0xa0, 0xc0, 0xe0, 0xff,
    0xa0, 0xc0, 0xe0, 0xff, 0xa0, 0xc0, 0xe0, 0xff, 0xa0, 0xc0, 0xe0, 0xff,
    0x98, 0xb0, 0xd0, 0xff, 0x90, 0xac, 0xc8, 0xff, 0xa0, 0xbc, 0xd8, 0xff,
    0xa0, 0xb8, 0xd8, 0xff, 0xa0, 0xb8, 0xd8, 0xff, 0xa0, 0xc4, 0xe0, 0xff,
    0xa0, 0xc0, 0xe0, 0xff, 0xa0, 0xc0, 0xe0, 0xff, 0xa8, 0xc4, 0xe0, 0xff,
    0xa0, 0xc4, 0xe0, 0xff, 0xa0, 0xc0, 0xe0, 0xff, 0xa0, 0xbc, 0xd8, 0xff,
    0xa0, 0xbc, 0xd8, 0xff, 0x98, 0xb4, 0xd0, 0xff, 0x78, 0x90, 0xa8, 0xff,
    0x68, 0x80, 0x98, 0xff, 0x68, 0x80, 0xa0, 0xff, 0x78, 0x90, 0xa8, 0xff,
    0x78, 0x90, 0xa8, 0xcf, 0x80, 0x98, 0xb0, 0x55, 0x90, 0xa0, 0xb0, 0x04,
    0x50, 0x70, 0x48, 0x00, 0x48, 0x70, 0x48, 0x00, 0x48, 0x70, 0x48, 0x00,
    0x50, 0x70, 0x48, 0x00, 0x48, 0x70, 0x48, 0x00, 0x50, 0x70, 0x48, 0x00,
    0x48, 0x70, 0x48, 0x00, 0x50, 0x70, 0x48, 0x00, 0x48, 0x70, 0x48, 0x00,
    0x50, 0x70, 0x48, 0x00, 0x48, 0x70, 0x48, 0x00, 0x50, 0x70, 0x48, 0x00,
    0x48, 0x70, 0x48, 0x00, 0x50, 0x70, 0x48, 0x00, 0x50, 0x70, 0x40, 0x00,
    0x48, 0x70, 0x48, 0x00, 0x50, 0x70, 0x48, 0x00, 0x50, 0x70, 0x48, 0x00,
    0x80, 0x90, 0xa8, 0x28, 0x78, 0x90, 0xa8, 0xcb, 0x80, 0x9c, 0xb8, 0xff,
    0x80, 0x9c, 0xb8, 0xff, 0x70, 0x88, 0xa0, 0xff, 0x68, 0x80, 0xa0, 0xff,
    0x78, 0x90, 0xa8, 0xff, 0x98, 0xb8, 0xd8, 0xff, 0xa8, 0xc8, 0xe8, 0xff,
    0xb0, 0xd0, 0xf0, 0xff, 0xb0, 0xd0, 0xf0, 0xff, 0xb8, 0xd4, 0xf0, 0xff,
    0xb0, 0xd0, 0xf0, 0xff, 0xb0, 0xcc, 0xf0, 0xff, 0xa8, 0xc8, 0xe8, 0xff,
    0xa8, 0xc4, 0xe8, 0xff, 0xa0, 0xbc, 0xe0, 0xff, 0xa0, 0xc4, 0xe0, 0xff,
    0xa0, 0xc0, 0xe0, 0xff, 0x98, 0xb4, 0xd0, 0xff, 0xa0, 0xbc, 0xd8, 0xff,
    0xa8, 0xcc, 0xe8, 0xff, 0xb0, 0xcc, 0xf0, 0xff, 0xa8, 0xc8, 0xe8, 0xff,
    0xa8, 0xc8, 0xe8, 0xff, 0xa8, 0xc8, 0xe8, 0xff, 0xa0, 0xc4, 0xe0, 0xff,
    0xa0, 0xc0, 0xe0, 0xff, 0xa8, 0xc4, 0xe0, 0xff, 0xa0, 0xc0, 0xe0, 0xff,
    0xa0, 0xc4, 0xe0, 0xff, 0xa8, 0xc4, 0xe8, 0xff, 0x98, 0xb8, 0xd8, 0xff,
    0x98, 0xb8, 0xd8, 0xff, 0xa8, 0xc8, 0xe8, 0xff, 0xb0, 0xcc, 0xf0, 0xff,
    0xb0, 0xcc, 0xe8, 0xff, 0xa8, 0xc8, 0xe8, 0xff, 0xa8, 0xc8, 0xe8, 0xff,
    0xa8, 0xc4, 0xe0, 0xff, 0xa0, 0xc0, 0xe0, 0xff, 0xa0, 0xc0, 0xe0, 0xff,
    0xa0, 0xc0, 0xe0, 0xff, 0xa0, 0xbc, 0xe0, 0xff, 0xa0, 0xc0, 0xe0, 0xff,
    0x98, 0xb8, 0xd8, 0xff, 0x98, 0xb4, 0xd0, 0xff, 0xa0, 0xbc, 0xe0, 0xff,
    0xa0, 0xbc, 0xe0, 0xff, 0xa0, 0xbc, 0xd8, 0xff, 0xa0, 0xc0, 0xe0, 0xff,
    0xa0, 0xc0, 0xe0, 0xff, 0xa8, 0xc4, 0xe8, 0xff, 0xa8, 0xc8, 0xe8, 0xff,
    0xa8, 0xc8, 0xe8, 0xff, 0xa8, 0xcc, 0xe8, 0xff, 0xb0, 0xcc, 0xf0, 0xff,
    0xa8, 0xc4, 0xe8, 0xff, 0x98, 0xb4, 0xd0, 0xff, 0x70, 0x8c, 0xa8, 0xff,
    0x68, 0x80, 0x98, 0xff, 0x70, 0x88, 0xa8, 0xff, 0x88, 0xa0, 0xb8, 0xff,
    0x88, 0xa0, 0xb8, 0xff, 0x88, 0xa0, 0xb8, 0xba, 0x80, 0x98, 0xb0, 0x18,
    0x50, 0x70, 0x48, 0x00, 0x48, 0x70, 0x48, 0x00, 0x50, 0x70, 0x48, 0x00,
    0x48, 0x70, 0x48, 0x00, 0x50, 0x70, 0x48, 0x00, 0x48, 0x70, 0x48, 0x00,
    0x50, 0x70, 0x40, 0x00, 0x48, 0x70, 0x48, 0x00, 0x50, 0x70, 0x48, 0x00,
    0x48, 0x70, 0x48, 0x00, 0x50, 0x70, 0x48, 0x00, 0x48, 0x70, 0x48, 0x00,
    0x50, 0x70, 0x48, 0x00, 0x48, 0x70, 0x48, 0x00, 0x50, 0x70, 0x48, 0x00,
    0x48, 0x70, 0x48, 0x00, 0x48, 0x70, 0x48, 0x00, 0x90, 0xa0, 0xb0, 0x04,
    0x90, 0xac, 0xc8, 0x41, 0x80, 0x9c, 0xb8, 0xeb, 0x80, 0x9c, 0xb8, 0xff,
    0x80, 0xa0, 0xb8, 0xff, 0x70, 0x8c, 0xa8, 0xff, 0x68, 0x7c, 0x90, 0xff,
    0x70, 0x8c, 0xa0, 0xff, 0x98, 0xb8, 0xd8, 0xff, 0xa8, 0xc8, 0xe8, 0xff,
    0xb0, 0xd0, 0xf0, 0xff, 0xb0, 0xd0, 0xf0, 0xff, 0xb0, 0xd4, 0xf0, 0xff,
    0xb0, 0xd0, 0xf0, 0xff, 0xb0, 0xcc, 0xf0, 0xff, 0xa8, 0xc8, 0xe8, 0xff,
    0xa8, 0xc8, 0xe8, 0xff, 0xa0, 0xbc, 0xd8, 0xff, 0xa0, 0xc4, 0xe0, 0xff,
    0xa0, 0xc4, 0xe8, 0xff, 0x98, 0xb4, 0xd0, 0xff, 0xa0, 0xbc, 0xd8, 0xff,
    0xb0, 0xcc, 0xf0, 0xff, 0xb0, 0xd0, 0xf0, 0xff, 0xb0, 0xcc, 0xe8, 0xff,
    0xa0, 0xc4, 0xe0, 0xff, 0xa0, 0xc0, 0xe0, 0xff, 0xa0, 0xbc, 0xe0, 0xff,
    0xa0, 0xbc, 0xd8, 0xff, 0xa0, 0xc0, 0xe0, 0xff, 0xa0, 0xc0, 0xe0, 0xff,
    0xa8, 0xc4, 0xe8, 0xff, 0xa8, 0xc8, 0xe8, 0xff, 0x98, 0xb8, 0xd0, 0xff,
    0xa0, 0xbc, 0xd8, 0xff, 0xa8, 0xcc, 0xe8, 0xff, 0xa8, 0xc8, 0xe8, 0xff,
    0xa8, 0xc8, 0xe8, 0xff, 0xa8, 0xc4, 0xe8, 0xff, 0xa0, 0xc0, 0xe0, 0xff,
    0x98, 0xb8, 0xd8, 0xff, 0x98, 0xb8, 0xd8, 0xff, 0xa0, 0xbc, 0xd8, 0xff,
    0xa0, 0xc0, 0xe0, 0xff, 0xa0, 0xc0, 0xe0, 0xff, 0xa0, 0xc0, 0xe0, 0xff,
    0xa0, 0xb8, 0xd8, 0xff, 0x98, 0xb4, 0xd0, 0xff, 0xa0, 0xc0, 0xe0, 0xff,
    0xa0, 0xc0, 0xe0, 0xff, 0xa0, 0xbc, 0xd8, 0xff, 0xa0, 0xc4, 0xe8, 0xff,
    0xa8, 0xc4, 0xe0, 0xff, 0xa8, 0xc8, 0xe8, 0xff, 0xa8, 0xcc, 0xe8, 0xff,
    0xb0, 0xcc, 0xf0, 0xff, 0xb8, 0xd4, 0xf0, 0xff, 0xb8, 0xd8, 0xf8, 0xff,
    0xa8, 0xc8, 0xe8, 0xff, 0x98, 0xb8, 0xd8, 0xff, 0x70, 0x84, 0xa0, 0xff,
    0x60, 0x78, 0x90, 0xff, 0x78, 0x90, 0xa8, 0xff, 0x80, 0x9c, 0xb8, 0xff,
    0x88, 0xa0, 0xc0, 0xff, 0x80, 0x9c, 0xb8, 0xdb, 0x78, 0x90, 0xa8, 0x30,
    0x88, 0x9c, 0xb0, 0x00, 0x50, 0x70, 0x48, 0x00, 0x48, 0x70, 0x48, 0x00,
    0x50, 0x70, 0x40, 0x00, 0x48, 0x70, 0x48, 0x00, 0x50, 0x70, 0x48, 0x00,
    0x48, 0x70, 0x48, 0x00, 0x50, 0x70, 0x48, 0x00, 0x48, 0x70, 0x48, 0x00,
    0x50, 0x70, 0x48, 0x00, 0x48, 0x70, 0x48, 0x00, 0x50, 0x70, 0x40, 0x00,
    0x48, 0x70, 0x48, 0x00, 0x50, 0x70, 0x48, 0x00, 0x48, 0x70, 0x48, 0x00,
    0x88, 0x9c, 0xb0, 0x00, 0x88, 0x9c, 0xb8, 0x20, 0x98, 0xb0, 0xc8, 0x65,
    0x88, 0xa4, 0xc0, 0xae, 0x90, 0xb0, 0xd0, 0xff, 0x80, 0x9c, 0xb8, 0xff,
    0x78, 0x8c, 0xa8, 0xff, 0x70, 0x88, 0xa0, 0xff, 0x58, 0x70, 0x88, 0xff,
    0x60, 0x74, 0x90, 0xff, 0x98, 0xb4, 0xd8, 0xff, 0xa8, 0xc8, 0xe8, 0xff,
    0xb0, 0xcc, 0xe8, 0xff, 0xb0, 0xcc, 0xf0, 0xff, 0xb0, 0xcc, 0xf0, 0xff,
    0xb0, 0xd0, 0xf0, 0xff, 0xa8, 0xc8, 0xe8, 0xff, 0xa8, 0xc8, 0xe8, 0xff,
    0xa8, 0xc8, 0xe8, 0xff, 0xa0, 0xbc, 0xe0, 0xff, 0xa8, 0xc4, 0xe0, 0xff,
    0xa8, 0xc4, 0xe0, 0xff, 0x98, 0xb4, 0xd8, 0xff, 0xa0, 0xc0, 0xe0, 0xff,
    0xb0, 0xcc, 0xe8, 0xff, 0xb0, 0xcc, 0xf0, 0xff, 0xa8, 0xc8, 0xe8, 0xff,
    0x98, 0xb4, 0xd0, 0xff, 0x88, 0xa4, 0xc0, 0xff, 0x90, 0xa8, 0xc8, 0xff,
    0x90, 0xa8, 0xc8, 0xff, 0x88, 0xa4, 0xc0, 0xff, 0x98, 0xb4, 0xd0, 0xff,
    0xa8, 0xc8, 0xe8, 0xff, 0xa8, 0xc8, 0xe8, 0xff, 0x98, 0xb8, 0xd8, 0xff,
    0xa0, 0xbc, 0xd8, 0xff, 0xb0, 0xcc, 0xf0, 0xff, 0xa8, 0xc8, 0xe8, 0xff,
    0x98, 0xb4, 0xd0, 0xff, 0x88, 0xa4, 0xc0, 0xff, 0x90, 0xac, 0xc8, 0xff,
    0x90, 0xa8, 0xc8, 0xff, 0x80, 0xa0, 0xc0, 0xff, 0x90, 0xb0, 0xd0, 0xff,
    0xa0, 0xc0, 0xe0, 0xff, 0xa0, 0xc0, 0xe0, 0xff, 0xa0, 0xc4, 0xe0, 0xff,
    0xa0, 0xbc, 0xd8, 0xff, 0x98, 0xb4, 0xd0, 0xff, 0xa0, 0xc0, 0xe0, 0xff,
    0xa0, 0xc0, 0xe0, 0xff, 0xa0, 0xc0, 0xe0, 0xff, 0xa8, 0xc8, 0xe8, 0xff,
    0xa8, 0xcc, 0xe8, 0xff, 0xb0, 0xcc, 0xf0, 0xff, 0xb0, 0xcc, 0xf0, 0xff,
    0xb0, 0xd4, 0xf0, 0xff, 0xb8, 0xd4, 0xf0, 0xff, 0xb0, 0xd4, 0xf0, 0xff,
    0xb0, 0xcc, 0xf0, 0xff, 0x98, 0xb4, 0xd0, 0xff, 0x58, 0x74, 0x88, 0xff,
    0x60, 0x74, 0x90, 0xff, 0x70, 0x8c, 0xa8, 0xff, 0x70, 0x8c, 0xa8, 0xff,
    0x88, 0xa0, 0xc0, 0xff, 0x98, 0xb8, 0xd8, 0xff, 0x90, 0xa4, 0xc0, 0xae,
    0x98, 0xb0, 0xc8, 0x65, 0x80, 0x98, 0xb0, 0x18, 0x50, 0x70, 0x48, 0x00,
    0x48, 0x70, 0x48, 0x00, 0x50, 0x70, 0x48, 0x00, 0x48, 0x70, 0x48, 0x00,
    0x50, 0x70, 0x48, 0x00, 0x48, 0x70, 0x48, 0x00, 0x50, 0x70, 0x48, 0x00,
    0x48, 0x70, 0x48, 0x00, 0x50, 0x70, 0x48, 0x00, 0x48, 0x70, 0x48, 0x00,
    0x50, 0x70, 0x48, 0x00, 0x48, 0x70, 0x48, 0x00, 0x50, 0x70, 0x40, 0x00,
    0x80, 0x90, 0xa8, 0x10, 0x88, 0x9c, 0xb0, 0x8e, 0x90, 0xb0, 0xd0, 0xff,
    0x90, 0xac, 0xc8, 0xff, 0x88, 0x9c, 0xb8, 0xff, 0x68, 0x7c, 0x98, 0xff,
    0x60, 0x78, 0x90, 0xff, 0x68, 0x7c, 0x98, 0xff, 0x50, 0x64, 0x80, 0xff,
    0x58, 0x6c, 0x80, 0xff, 0x98, 0xb4, 0xd0, 0xff, 0xa8, 0xc4, 0xe0, 0xff,
    0xb0, 0xcc, 0xe8, 0xff, 0xb0, 0xcc, 0xe8, 0xff, 0xb0, 0xcc, 0xe8, 0xff,
    0xa8, 0xcc, 0xe8, 0xff, 0xa8, 0xc8, 0xe8, 0xff, 0xa8, 0xc8, 0xe8, 0xff,
    0xa8, 0xc4, 0xe0, 0xff, 0xa0, 0xbc, 0xd8, 0xff, 0xa0, 0xc4, 0xe0, 0xff,
    0xa0, 0xc4, 0xe0, 0xff, 0x98, 0xb4, 0xd8, 0xff, 0xa0, 0xc0, 0xe0, 0xff,
    0xb0, 0xcc, 0xe8, 0xff, 0xb0, 0xcc, 0xf0, 0xff, 0xa8, 0xc8, 0xe8, 0xff,
    0x90, 0xac, 0xc8, 0xff, 0x80, 0x98, 0xb8, 0xff, 0x88, 0xa0, 0xc0, 0xff,
    0x88, 0xa4, 0xc0, 0xff, 0x80, 0x9c, 0xb8, 0xff, 0x98, 0xb0, 0xd0, 0xff,
    0xa8, 0xc8, 0xe8, 0xff, 0xa8, 0xc8, 0xe8, 0xff, 0x98, 0xb8, 0xd8, 0xff,
    0xa0, 0xbc, 0xd8, 0xff, 0xa8, 0xc8, 0xe8, 0xff, 0xa8, 0xc8, 0xe8, 0xff,
    0x90, 0xac, 0xc8, 0xff, 0x80, 0x9c, 0xb8, 0xff, 0x88, 0xa4, 0xc0, 0xff,
    0x88, 0xa0, 0xc0, 0xff, 0x80, 0x9c, 0xb8, 0xff, 0x90, 0xac, 0xc8, 0xff,
    0xa0, 0xbc, 0xe0, 0xff, 0xa0, 0xc0, 0xe0, 0xff, 0xa8, 0xc4, 0xe0, 0xff,
    0xa0, 0xbc, 0xd8, 0xff, 0x98, 0xb4, 0xd8, 0xff, 0xa0, 0xc0, 0xe0, 0xff,
    0xa0, 0xc0, 0xe0, 0xff, 0xa0, 0xc0, 0xe0, 0xff, 0xb0, 0xcc, 0xe8, 0xff,
    0xb0, 0xcc, 0xf0, 0xff, 0xb0, 0xd0, 0xf0, 0xff, 0xb0, 0xd0, 0xf0, 0xff,
    0xb0, 0xcc, 0xf0, 0xff, 0xb0, 0xcc, 0xf0, 0xff, 0xb0, 0xd0, 0xf0, 0xff,
    0xa8, 0xc8, 0xe8, 0xff, 0x98, 0xb0, 0xd0, 0xff, 0x50, 0x64, 0x78, 0xff,
    0x50, 0x64, 0x80, 0xff, 0x68, 0x7c, 0x90, 0xff, 0x60, 0x78, 0x90, 0xff,
    0x70, 0x88, 0xa0, 0xff, 0x90, 0xa4, 0xc0, 0xff, 0x98, 0xb4, 0xd0, 0xff,
    0x98, 0xb4, 0xd0, 0xff, 0x88, 0xa0, 0xb8, 0x75, 0x68, 0x74, 0x80, 0x0c,
    0x50, 0x70, 0x48, 0x00, 0x48, 0x70, 0x48, 0x00, 0x50, 0x70, 0x40, 0x00,
    0x48, 0x70, 0x48, 0x00, 0x50, 0x70, 0x48, 0x00, 0x48, 0x70, 0x48, 0x00,
    0x48, 0x70, 0x48, 0x00, 0x50, 0x70, 0x48, 0x00, 0x50, 0x70, 0x48, 0x00,
    0x48, 0x70, 0x48, 0x00, 0x48, 0x70, 0x48, 0x00, 0x50, 0x70, 0x48, 0x00,
    0x50, 0x50, 0x58, 0x18, 0x68, 0x7c, 0x90, 0x96, 0x60, 0x74, 0x88, 0xff,
    0x60, 0x6c, 0x78, 0xff, 0x70, 0x80, 0x98, 0xff, 0x70, 0x88, 0xa0, 0xff,
    0x78, 0x8c, 0xa8, 0xff, 0x68, 0x80, 0xa0, 0xff, 0x58, 0x70, 0x88, 0xff,
    0x68, 0x7c, 0x90, 0xff, 0x98, 0xb4, 0xd0, 0xff, 0xa0, 0xc4, 0xe0, 0xff,
    0xa8, 0xc8, 0xe8, 0xff, 0xa8, 0xc8, 0xe8, 0xff, 0xa8, 0xc8, 0xe8, 0xff,
    0xa8, 0xc8, 0xe8, 0xff, 0xa8, 0xc8, 0xe8, 0xff, 0xa8, 0xc8, 0xe8, 0xff,
    0xa0, 0xc4, 0xe0, 0xff, 0x98, 0xb8, 0xd8, 0xff, 0xa0, 0xb8, 0xd8, 0xff,
    0xa0, 0xc0, 0xe0, 0xff, 0x98, 0xb8, 0xd8, 0xff, 0xa0, 0xc0, 0xe0, 0xff,
    0xb0, 0xcc, 0xe8, 0xff, 0xb0, 0xd0, 0xf0, 0xff, 0xa8, 0xcc, 0xf0, 0xff,
    0xa0, 0xc0, 0xe0, 0xff, 0x98, 0xb8, 0xd8, 0xff, 0x98, 0xb4, 0xd0, 0xff,
    0x98, 0xb4, 0xd0, 0xff, 0x98, 0xb8, 0xd8, 0xff, 0xa0, 0xc4, 0xe0, 0xff,
    0xa8, 0xc8, 0xe8, 0xff, 0xa8, 0xc8, 0xe8, 0xff, 0x98, 0xb8, 0xd8, 0xff,
    0x98, 0xb8, 0xd8, 0xff, 0xa8, 0xc8, 0xe8, 0xff, 0xa8, 0xc8, 0xe8, 0xff,
    0xa0, 0xc0, 0xe0, 0xff, 0xa0, 0xbc, 0xd8, 0xff, 0x98, 0xb8, 0xd8, 0xff,
    0x98, 0xb4, 0xd0, 0xff, 0xa0, 0xb8, 0xd8, 0xff, 0xa0, 0xbc, 0xd8, 0xff,
    0xa0, 0xc0, 0xe0, 0xff, 0xa0, 0xc0, 0xe0, 0xff, 0xa0, 0xc4, 0xe0, 0xff,
    0xa0, 0xbc, 0xd8, 0xff, 0x98, 0xb4, 0xd8, 0xff, 0xa0, 0xc0, 0xe0, 0xff,
    0x98, 0xb4, 0xd0, 0xff, 0x98, 0xb8, 0xd8, 0xff, 0xa8, 0xcc, 0xe8, 0xff,
    0xa8, 0xc8, 0xe8, 0xff, 0xb0, 0xcc, 0xe8, 0xff, 0xb0, 0xcc, 0xe8, 0xff,
    0xa8, 0xc8, 0xe8, 0xff, 0xa8, 0xc8, 0xe8, 0xff, 0xa8, 0xc8, 0xe8, 0xff,
    0xa0, 0xc4, 0xe0, 0xff, 0x98, 0xb0, 0xd0, 0xff, 0x50, 0x64, 0x80, 0xff,
    0x58, 0x6c, 0x80, 0xff, 0x68, 0x80, 0xa0, 0xff, 0x78, 0x8c, 0xa8, 0xff,
    0x70, 0x8c, 0xa0, 0xff, 0x70, 0x84, 0xa0, 0xff, 0x60, 0x6c, 0x78, 0xff,
    0x60, 0x78, 0x90, 0xff, 0x68, 0x7c, 0x90, 0x96, 0x68, 0x74, 0x80, 0x10,
    0x48, 0x70, 0x48, 0x00, 0x50, 0x70, 0x48, 0x00, 0x48, 0x70, 0x48, 0x00,
    0x50, 0x70, 0x48, 0x00, 0x48, 0x70, 0x48, 0x00, 0x50, 0x70, 0x48, 0x00,
    0x48, 0x70, 0x48, 0x00, 0x50, 0x70, 0x48, 0x00, 0x48, 0x70, 0x40, 0x00,
    0x50, 0x70, 0x48, 0x00, 0x48, 0x70, 0x48, 0x00, 0x48, 0x70, 0x48, 0x00,
    0x68, 0x74, 0x80, 0x04, 0x48, 0x48, 0x48, 0x30, 0x48, 0x4c, 0x58, 0xba,
    0x50, 0x50, 0x58, 0xff, 0x78, 0x8c, 0xa8, 0xff, 0x80, 0x9c, 0xb8, 0xff,
    0x78, 0x94, 0xb0, 0xff, 0x68, 0x80, 0x98, 0xff, 0x60, 0x74, 0x90, 0xff,
    0x78, 0x8c, 0xa8, 0xff, 0x98, 0xb4, 0xd8, 0xff, 0x98, 0xb8, 0xd8, 0xff,
    0xa0, 0xc0, 0xe0, 0xff, 0xa8, 0xc4, 0xe8, 0xff, 0xa0, 0xc4, 0xe0, 0xff,
    0xa0, 0xc4, 0xe0, 0xff, 0xa8, 0xc4, 0xe0, 0xff, 0xa8, 0xc4, 0xe8, 0xff,
    0xa0, 0xc4, 0xe0, 0xff, 0xa0, 0xb8, 0xd8, 0xff, 0xa0, 0xc0, 0xe0, 0xff,
    0xa0, 0xc0, 0xe0, 0xff, 0x98, 0xb4, 0xd0, 0xff, 0xa0, 0xc0, 0xe0, 0xff,
    0xb0, 0xcc, 0xe8, 0xff, 0xb0, 0xd0, 0xf0, 0xff, 0xb0, 0xcc, 0xf0, 0xff,
    0xa8, 0xc4, 0xe0, 0xff, 0xa0, 0xc0, 0xe0, 0xff, 0xa0, 0xc0, 0xe0, 0xff,
    0xa0, 0xc0, 0xe0, 0xff, 0xa0, 0xc4, 0xe0, 0xff, 0xa8, 0xc4, 0xe0, 0xff,
    0xa8, 0xc8, 0xe8, 0xff, 0xa8, 0xc8, 0xe8, 0xff, 0xa0, 0xb8, 0xd8, 0xff,
    0xa0, 0xb8, 0xd8, 0xff, 0xa8, 0xc8, 0xe8, 0xff, 0xb0, 0xc8, 0xe8, 0xff,
    0xa8, 0xc8, 0xe8, 0xff, 0xa8, 0xc4, 0xe8, 0xff, 0xa0, 0xc0, 0xe0, 0xff,
    0xa0, 0xc0, 0xe0, 0xff, 0xa0, 0xc0, 0xe0, 0xff, 0xa0, 0xc0, 0xe0, 0xff,
    0xa0, 0xc4, 0xe0, 0xff, 0xa0, 0xc0, 0xe0, 0xff, 0xa0, 0xc0, 0xe0, 0xff,
    0x98, 0xb8, 0xd8, 0xff, 0x98, 0xb4, 0xd0, 0xff, 0xa0, 0xc0, 0xe0, 0xff,
    0xa0, 0xbc, 0xd8, 0xff, 0xa0, 0xb8, 0xd8, 0xff, 0xa0, 0xc4, 0xe8, 0xff,
    0xa8, 0xc4, 0xe0, 0xff, 0xa0, 0xc4, 0xe0, 0xff, 0xa0, 0xc0, 0xe0, 0xff,
    0xa0, 0xc0, 0xe0, 0xff, 0xa0, 0xc0, 0xe0, 0xff, 0xa0, 0xbc, 0xd8, 0xff,
    0x98, 0xb8, 0xd8, 0xff, 0x90, 0xb0, 0xd0, 0xff, 0x68, 0x80, 0x98, 0xff,
    0x68, 0x7c, 0x90, 0xff, 0x60, 0x7c, 0x98, 0xff, 0x78, 0x94, 0xb0, 0xff,
    0x80, 0x9c, 0xb8, 0xff, 0x70, 0x88, 0xa8, 0xff, 0x48, 0x48, 0x48, 0xff,
    0x48, 0x4c, 0x58, 0xba, 0x48, 0x44, 0x48, 0x30, 0x88, 0x9c, 0xb0, 0x00,
    0x48, 0x70, 0x48, 0x00, 0x50, 0x70, 0x48, 0x00, 0x48, 0x70, 0x48, 0x00,
    0x48, 0x70, 0x48, 0x00, 0x50, 0x70, 0x40, 0x00, 0x48, 0x70, 0x48, 0x00,
    0x50, 0x70, 0x48, 0x00, 0x48, 0x70, 0x48, 0x00, 0x48, 0x70, 0x48, 0x00,
    0x50, 0x70, 0x48, 0x00, 0x50, 0x70, 0x48, 0x00, 0x48, 0x70, 0x48, 0x00,
    0x50, 0x70, 0x48, 0x00, 0x50, 0x50, 0x58, 0x18, 0x48, 0x4c, 0x50, 0xba,
    0x48, 0x48, 0x48, 0xff, 0x70, 0x8c, 0xa8, 0xff, 0x80, 0x98, 0xb8, 0xff,
    0x78, 0x90, 0xa8, 0xff, 0x60, 0x7c, 0x90, 0xff, 0x60, 0x78, 0x90, 0xff,
    0x80, 0x98, 0xb0, 0xff, 0x98, 0xb4, 0xd8, 0xff, 0x98, 0xb8, 0xd8, 0xff,
    0xa0, 0xbc, 0xd8, 0xff, 0xa0, 0xbc, 0xd8, 0xff, 0xa0, 0xbc, 0xe0, 0xff,
    0xa0, 0xb8, 0xd8, 0xff, 0xa0, 0xc0, 0xe0, 0xff, 0xa0, 0xc4, 0xe0, 0xff,
    0xa0, 0xc0, 0xe0, 0xff, 0xa0, 0xbc, 0xd8, 0xff, 0xa8, 0xc4, 0xe8, 0xff,
    0x98, 0xb8, 0xd8, 0xff, 0x88, 0xa0, 0xc0, 0xff, 0x98, 0xb4, 0xd0, 0xff,
    0xa8, 0xcc, 0xf0, 0xff, 0xb0, 0xd0, 0xf0, 0xff, 0xb0, 0xcc, 0xe8, 0xff,
    0xa0, 0xc0, 0xe0, 0xff, 0xa0, 0xc0, 0xe0, 0xff, 0xa0, 0xc0, 0xe0, 0xff,
    0xa0, 0xc0, 0xe0, 0xff, 0xa8, 0xc4, 0xe0, 0xff, 0xa8, 0xc8, 0xe8, 0xff,
    0xa8, 0xc8, 0xe8, 0xff, 0xa8, 0xc8, 0xe8, 0xff, 0xa0, 0xbc, 0xd8, 0xff,
    0xa0, 0xbc, 0xe0, 0xff, 0xa8, 0xcc, 0xe8, 0xff, 0xa8, 0xcc, 0xe8, 0xff,
    0xa8, 0xc8, 0xe8, 0xff, 0xa8, 0xc8, 0xe8, 0xff, 0xa8, 0xc4, 0xe0, 0xff,
    0xa0, 0xc4, 0xe0, 0xff, 0xa8, 0xc4, 0xe0, 0xff, 0xa8, 0xc4, 0xe0, 0xff,
    0xa8, 0xc4, 0xe8, 0xff, 0xa0, 0xc0, 0xe0, 0xff, 0xa0, 0xbc, 0xd8, 0xff,
    0x90, 0xa8, 0xc8, 0xff, 0x88, 0xa4, 0xc0, 0xff, 0xa0, 0xb8, 0xd8, 0xff,
    0xa0, 0xc0, 0xe0, 0xff, 0x98, 0xb8, 0xd8, 0xff, 0xa0, 0xbc, 0xd8, 0xff,
    0x98, 0xb8, 0xd8, 0xff, 0x98, 0xb4, 0xd8, 0xff, 0x98, 0xb4, 0xd0, 0xff,
    0x98, 0xb4, 0xd8, 0xff, 0x98, 0xb4, 0xd8, 0xff, 0x98, 0xb4, 0xd0, 0xff,
    0xa0, 0xbc, 0xd8, 0xff, 0x98, 0xb4, 0xd0, 0xff, 0x70, 0x84, 0xa0, 0xff,
    0x68, 0x80, 0x98, 0xff, 0x60, 0x78, 0x90, 0xff, 0x78, 0x90, 0xb0, 0xff,
    0x80, 0x98, 0xb8, 0xff, 0x70, 0x8c, 0xa0, 0xff, 0x48, 0x48, 0x48, 0xff,
    0x48, 0x4c, 0x58, 0xba, 0x50, 0x50, 0x58, 0x14, 0x50, 0x70, 0x48, 0x00,
    0x50, 0x70, 0x48, 0x00, 0x48, 0x70, 0x48, 0x00, 0x50, 0x70, 0x48, 0x00,
    0x50, 0x70, 0x48, 0x00, 0x48, 0x70, 0x48, 0x00, 0x50, 0x70, 0x48, 0x00,
    0x50, 0x70, 0x48, 0x00, 0x48, 0x70, 0x48, 0x00, 0x50, 0x70, 0x48, 0x00,
    0x50, 0x70, 0x48, 0x00, 0x48, 0x70, 0x40, 0x00, 0x50, 0x70, 0x48, 0x00,
    0x48, 0x70, 0x48, 0x00, 0x40, 0x44, 0x48, 0x20, 0x40, 0x40, 0x40, 0xcb,
    0x48, 0x48, 0x48, 0xff, 0x78, 0x8c, 0xa8, 0xff, 0x80, 0x9c, 0xb8, 0xff,
    0x78, 0x94, 0xb0, 0xff, 0x68, 0x7c, 0x98, 0xff, 0x60, 0x78, 0x90, 0xff,
    0x80, 0xa0, 0xb8, 0xff, 0x98, 0xb4, 0xd8, 0xff, 0x98, 0xb8, 0xd8, 0xff,
    0x98, 0xb0, 0xd0, 0xff, 0x90, 0xac, 0xc8, 0xff, 0x90, 0xac, 0xc8, 0xff,
    0x90, 0xac, 0xc8, 0xff, 0x98, 0xb4, 0xd0, 0xff, 0xa0, 0xbc, 0xd8, 0xff,
    0xa0, 0xc0, 0xe0, 0xff, 0xa0, 0xbc, 0xe0, 0xff, 0xa0, 0xc4, 0xe0, 0xff,
    0x98, 0xb4, 0xd0, 0xff, 0x80, 0x9c, 0xb8, 0xff, 0x98, 0xb4, 0xd8, 0xff,
    0xb0, 0xcc, 0xe8, 0xff, 0xb0, 0xd0, 0xf0, 0xff, 0xa8, 0xcc, 0xe8, 0xff,
    0xa0, 0xc0, 0xe0, 0xff, 0xa0, 0xc0, 0xe0, 0xff, 0xa0, 0xc0, 0xe0, 0xff,
    0xa0, 0xc0, 0xe0, 0xff, 0xa0, 0xc0, 0xe0, 0xff, 0xa8, 0xc8, 0xe8, 0xff,
    0xa8, 0xc8, 0xe8, 0xff, 0xa8, 0xc8, 0xe8, 0xff, 0xa0, 0xb8, 0xd8, 0xff,
    0xa0, 0xbc, 0xd8, 0xff, 0xa8, 0xc8, 0xe8, 0xff, 0xa8, 0xc8, 0xe8, 0xff,
    0xa8, 0xc4, 0xe0, 0xff, 0xa8, 0xc8, 0xe8, 0xff, 0xa8, 0xc8, 0xe8, 0xff,
    0xa8, 0xc8, 0xe8, 0xff, 0xa8, 0xc8, 0xe8, 0xff, 0xa8, 0xc8, 0xe8, 0xff,
    0xa0, 0xc4, 0xe0, 0xff, 0xa0, 0xc0, 0xe0, 0xff, 0xa0, 0xbc, 0xd8, 0xff,
    0x90, 0xac, 0xc8, 0xff, 0x80, 0xa0, 0xb8, 0xff, 0x98, 0xb4, 0xd8, 0xff,
    0xa0, 0xbc, 0xd8, 0xff, 0x98, 0xb4, 0xd0, 0xff, 0x98, 0xb4, 0xd8, 0xff,
    0x90, 0xa8, 0xc8, 0xff, 0x80, 0xa0, 0xb8, 0xff, 0x88, 0xa0, 0xc0, 0xff,
    0x88, 0xa4, 0xc0, 0xff, 0x88, 0xa4, 0xc0, 0xff, 0x90, 0xa8, 0xc8, 0xff,
    0x98, 0xb8, 0xd8, 0xff, 0x98, 0xb4, 0xd0, 0xff, 0x68, 0x80, 0x98, 0xff,
    0x68, 0x7c, 0x98, 0xff, 0x68, 0x7c, 0x90, 0xff, 0x78, 0x94, 0xb0, 0xff,
    0x80, 0x98, 0xb8, 0xff, 0x78, 0x8c, 0xa0, 0xff, 0x48, 0x48, 0x48, 0xff,
    0x48, 0x4c, 0x50, 0xba, 0x40, 0x44, 0x48, 0x24, 0x50, 0x70, 0x48, 0x00,
    0x48, 0x70, 0x48, 0x00, 0x48, 0x70, 0x48, 0x00, 0x50, 0x70, 0x48, 0x00,
    0x48, 0x70, 0x48, 0x00, 0x50, 0x70, 0x48, 0x00, 0x48, 0x70, 0x48, 0x00,
    0x48, 0x70, 0x48, 0x00, 0x50, 0x70, 0x48, 0x00, 0x48, 0x70, 0x48, 0x00,
    0x48, 0x70, 0x48, 0x00, 0x50, 0x70, 0x48, 0x00, 0x48, 0x70, 0x48, 0x00,
    0x50, 0x70, 0x48, 0x00, 0x48, 0x44, 0x48, 0x30, 0x40, 0x40, 0x40, 0xc7,
    0x48, 0x48, 0x50, 0xff, 0x78, 0x8c, 0xa8, 0xff, 0x80, 0x9c, 0xb8, 0xff,
    0x80, 0x98, 0xb0, 0xff, 0x68, 0x80, 0xa0, 0xff, 0x68, 0x7c, 0x98, 0xff,
    0x88, 0xa0, 0xc0, 0xff, 0x98, 0xb0, 0xd0, 0xff, 0x98, 0xb4, 0xd0, 0xff,
    0xa0, 0xbc, 0xd8, 0xff, 0x90, 0xb0, 0xd0, 0xff, 0x90, 0xb0, 0xd0, 0xff,
    0x98, 0xb8, 0xd8, 0xff, 0x90, 0xb0, 0xd0, 0xff, 0x90, 0xac, 0xc8, 0xff,
    0x98, 0xb8, 0xd8, 0xff, 0xa0, 0xbc, 0xd8, 0xff, 0xa8, 0xc4, 0xe0, 0xff,
    0x98, 0xb4, 0xd0, 0xff, 0x80, 0x98, 0xb8, 0xff, 0x98, 0xb4, 0xd0, 0xff,
    0xb0, 0xcc, 0xe8, 0xff, 0xb0, 0xd4, 0xf0, 0xff, 0xb0, 0xcc, 0xf0, 0xff,
    0xa0, 0xc0, 0xe0, 0xff, 0xa0, 0xc0, 0xe0, 0xff, 0xa0, 0xc0, 0xe0, 0xff,
    0xa0, 0xc0, 0xe0, 0xff, 0xa0, 0xc0, 0xe0, 0xff, 0xa8, 0xc8, 0xe8, 0xff,
    0xa8, 0xc8, 0xe8, 0xff, 0xa8, 0xc8, 0xe8, 0xff, 0xa0, 0xbc, 0xd8, 0xff,
    0xa0, 0xbc, 0xd8, 0xff, 0xa8, 0xc8, 0xe8, 0xff, 0xa8, 0xc8, 0xe8, 0xff,
    0xa8, 0xc8, 0xe8, 0xff, 0xa8, 0xc8, 0xe8, 0xff, 0xb0, 0xd0, 0xf0, 0xff,
    0xb0, 0xd0, 0xf0, 0xff, 0xa8, 0xc8, 0xe8, 0xff, 0xa8, 0xc8, 0xe8, 0xff,
    0xa0, 0xc4, 0xe0, 0xff, 0xa0, 0xc0, 0xe0, 0xff, 0xa0, 0xbc, 0xe0, 0xff,
    0x90, 0xac, 0xc8, 0xff, 0x80, 0x9c, 0xb8, 0xff, 0x98, 0xb4, 0xd0, 0xff,
    0xa0, 0xbc, 0xe0, 0xff, 0x90, 0xb0, 0xd0, 0xff, 0x88, 0xa4, 0xc0, 0xff,
    0x88, 0xa0, 0xc0, 0xff, 0x90, 0xa8, 0xc0, 0xff, 0x90, 0xac, 0xc8, 0xff,
    0x90, 0xb0, 0xc8, 0xff, 0x90, 0xb0, 0xd0, 0xff, 0x90, 0xac, 0xc8, 0xff,
    0x90, 0xa8, 0xc8, 0xff, 0x90, 0xac, 0xc8, 0xff, 0x70, 0x84, 0xa0, 0xff,
    0x68, 0x80, 0x98, 0xff, 0x68, 0x80, 0xa0, 0xff, 0x80, 0x98, 0xb0, 0xff,
    0x80, 0x9c, 0xb8, 0xff, 0x78, 0x8c, 0xa8, 0xff, 0x50, 0x4c, 0x58, 0xff,
    0x40, 0x40, 0x40, 0xc7, 0x48, 0x48, 0x48, 0x30, 0x50, 0x70, 0x48, 0x00,
    0x48, 0x70, 0x48, 0x00, 0x50, 0x70, 0x48, 0x00, 0x48, 0x70, 0x40, 0x00,
    0x50, 0x70, 0x48, 0x00, 0x48, 0x70, 0x48, 0x00, 0x50, 0x70, 0x48, 0x00,
    0x48, 0x70, 0x48, 0x00, 0x50, 0x70, 0x48, 0x00, 0x48, 0x70, 0x40, 0x00,
    0x50, 0x70, 0x48, 0x00, 0x48, 0x70, 0x48, 0x00, 0x50, 0x70, 0x48, 0x00,
    0x50, 0x70, 0x48, 0x00, 0x48, 0x48, 0x48, 0x30, 0x40, 0x40, 0x40, 0xcb,
    0x50, 0x50, 0x58, 0xff, 0x78, 0x90, 0xa8, 0xff, 0x80, 0xa0, 0xb8, 0xff,
    0x80, 0x98, 0xb0, 0xff, 0x70, 0x84, 0xa0, 0xff, 0x68, 0x80, 0x98, 0xff,
    0x88, 0xa4, 0xc0, 0xff, 0x90, 0xb0, 0xc8, 0xff, 0x98, 0xb4, 0xd0, 0xff,
    0xa0, 0xbc, 0xd8, 0xff, 0x90, 0xb0, 0xd0, 0xff, 0x90, 0xac, 0xc8, 0xff,
    0xa0, 0xb8, 0xd8, 0xff, 0x98, 0xb0, 0xd0, 0xff, 0x88, 0xa4, 0xc0, 0xff,
    0x98, 0xb4, 0xd8, 0xff, 0x98, 0xb4, 0xd0, 0xff, 0xa0, 0xc0, 0xe0, 0xff,
    0xa0, 0xbc, 0xd8, 0xff, 0x88, 0xa4, 0xc0, 0xff, 0x98, 0xb4, 0xd8, 0xff,
    0xb0, 0xcc, 0xf0, 0xff, 0xb0, 0xd0, 0xf0, 0xff, 0xa8, 0xc8, 0xe8, 0xff,
    0xa0, 0xc0, 0xe0, 0xff, 0xa0, 0xc0, 0xe0, 0xff, 0xa0, 0xc0, 0xe0, 0xff,
    0xa0, 0xbc, 0xe0, 0xff, 0xa0, 0xc0, 0xe0, 0xff, 0xa8, 0xc4, 0xe0, 0xff,
    0xa8, 0xc8, 0xe8, 0xff, 0xa8, 0xc8, 0xe8, 0xff, 0xa0, 0xb8, 0xd8, 0xff,
    0xa0, 0xbc, 0xd8, 0xff, 0xa8, 0xc8, 0xe8, 0xff, 0xa8, 0xc8, 0xe8, 0xff,
    0xa8, 0xc8, 0xe8, 0xff, 0xa8, 0xcc, 0xe8, 0xff, 0xb0, 0xd0, 0xf0, 0xff,
    0xb8, 0xd4, 0xf0, 0xff, 0xb0, 0xcc, 0xf0, 0xff, 0xa8, 0xc8, 0xe8, 0xff,
    0xa8, 0xc4, 0xe8, 0xff, 0xa8, 0xc4, 0xe8, 0xff, 0xa0, 0xc4, 0xe0, 0xff,
    0x90, 0xac, 0xd0, 0xff, 0x88, 0xa4, 0xc0, 0xff, 0xa0, 0xb8, 0xd8, 0xff,
    0x98, 0xb8, 0xd8, 0xff, 0x88, 0xa4, 0xc0, 0xff, 0x78, 0x90, 0xa8, 0xff,
    0x88, 0xa4, 0xc0, 0xff, 0xa8, 0xc4, 0xe8, 0xff, 0xa8, 0xc8, 0xe8, 0xff,
    0xa8, 0xc8, 0xe8, 0xff, 0xb0, 0xcc, 0xe8, 0xff, 0xa0, 0xc0, 0xe0, 0xff,
    0x88, 0xa4, 0xc0, 0xff, 0x90, 0xac, 0xc8, 0xff, 0x70, 0x8c, 0xa8, 0xff,
    0x70, 0x88, 0xa0, 0xff, 0x70, 0x84, 0xa0, 0xff, 0x80, 0x98, 0xb8, 0xff,
    0x80, 0xa0, 0xb8, 0xff, 0x78, 0x90, 0xa8, 0xff, 0x48, 0x4c, 0x58, 0xff,
    0x40, 0x40, 0x40, 0xcb, 0x48, 0x48, 0x48, 0x30, 0x50, 0x70, 0x48, 0x00,
    0x48, 0x70, 0x48, 0x00, 0x50, 0x70, 0x48, 0x00, 0x50, 0x70, 0x48, 0x00,
    0x48, 0x70, 0x48, 0x00, 0x48, 0x70, 0x48, 0x00, 0x50, 0x70, 0x48, 0x00,
    0x50, 0x70, 0x48, 0x00, 0x48, 0x70, 0x48, 0x00, 0x50, 0x70, 0x48, 0x00,
    0x50, 0x70, 0x48, 0x00, 0x48, 0x70, 0x48, 0x00, 0x48, 0x70, 0x40, 0x00,
    0x50, 0x70, 0x48, 0x00, 0x48, 0x48, 0x48, 0x30, 0x40, 0x40, 0x40, 0xc7,
    0x50, 0x54, 0x60, 0xff, 0x78, 0x94, 0xb0, 0xff, 0x88, 0xa0, 0xc0, 0xff,
    0x80, 0x9c, 0xb8, 0xff, 0x70, 0x88, 0xa0, 0xff, 0x68, 0x80, 0x98, 0xff,
    0x88, 0xa8, 0xc0, 0xff, 0x90, 0xac, 0xc8, 0xff, 0x90, 0xb0, 0xd0, 0xff,
    0xa0, 0xb8, 0xd8, 0xff, 0x90, 0xac, 0xc8, 0xff, 0x88, 0xa4, 0xc0, 0xff,
    0x98, 0xb8, 0xd8, 0xff, 0x98, 0xb4, 0xd0, 0xff, 0x88, 0xa4, 0xc0, 0xff,
    0x98, 0xb4, 0xd0, 0xff, 0x98, 0xb4, 0xd8, 0xff, 0xa0, 0xc0, 0xe0, 0xff,
    0xa0, 0xc0, 0xe0, 0xff, 0x98, 0xb8, 0xd8, 0xff, 0x90, 0xb0, 0xd0, 0xff,
    0x98, 0xb4, 0xd0, 0xff, 0x98, 0xb4, 0xd0, 0xff, 0x98, 0xb0, 0xd0, 0xff,
    0x90, 0xb0, 0xc8, 0xff, 0x90, 0xac, 0xc8, 0xff, 0x90, 0xac, 0xc8, 0xff,
    0x90, 0xac, 0xc8, 0xff, 0x90, 0xac, 0xc8, 0xff, 0x98, 0xb4, 0xd0, 0xff,
    0x98, 0xb4, 0xd0, 0xff, 0x98, 0xb4, 0xd0, 0xff, 0x90, 0xac, 0xd0, 0xff,
    0x90, 0xb0, 0xd0, 0xff, 0x98, 0xb4, 0xd0, 0xff, 0x98, 0xb8, 0xd8, 0xff,
    0xa0, 0xb8, 0xd8, 0xff, 0x98, 0xb8, 0xd8, 0xff, 0xa0, 0xb8, 0xd8, 0xff,
    0xa0, 0xbc, 0xe0, 0xff, 0xa0, 0xbc, 0xd8, 0xff, 0x98, 0xb4, 0xd0, 0xff,
    0x98, 0xb4, 0xd0, 0xff, 0x98, 0xb4, 0xd0, 0xff, 0x90, 0xb0, 0xd0, 0xff,
    0x90, 0xac, 0xc8, 0xff, 0x98, 0xb4, 0xd0, 0xff, 0xa0, 0xbc, 0xd8, 0xff,
    0xa0, 0xb8, 0xd8, 0xff, 0x88, 0xa4, 0xc0, 0xff, 0x70, 0x8c, 0xa0, 0xff,
    0x80, 0x9c, 0xb8, 0xff, 0xa0, 0xc0, 0xe0, 0xff, 0xa0, 0xc4, 0xe0, 0xff,
    0xa8, 0xc8, 0xe8, 0xff, 0xa8, 0xc8, 0xe8, 0xff, 0xa0, 0xc0, 0xe0, 0xff,
    0x88, 0xa4, 0xc0, 0xff, 0x90, 0xac, 0xc8, 0xff, 0x78, 0x90, 0xa8, 0xff,
    0x70, 0x8c, 0xa8, 0xff, 0x70, 0x88, 0xa0, 0xff, 0x80, 0x9c, 0xb8, 0xff,
    0x88, 0xa0, 0xc0, 0xff, 0x78, 0x90, 0xa8, 0xff, 0x50, 0x54, 0x60, 0xff,
    0x50, 0x54, 0x58, 0xd3, 0x48, 0x44, 0x48, 0x30, 0x50, 0x70, 0x48, 0x00,
    0x48, 0x70, 0x48, 0x00, 0x48, 0x70, 0x48, 0x00, 0x50, 0x70, 0x48, 0x00,
    0x48, 0x70, 0x48, 0x00, 0x50, 0x70, 0x40, 0x00, 0x48, 0x70, 0x48, 0x00,
    0x48, 0x70, 0x48, 0x00, 0x50, 0x70, 0x48, 0x00, 0x48, 0x70, 0x48, 0x00,
    0x48, 0x70, 0x48, 0x00, 0x50, 0x70, 0x48, 0x00, 0x48, 0x70, 0x48, 0x00,
    0x48, 0x70, 0x48, 0x00, 0x40, 0x44, 0x48, 0x20, 0x40, 0x40, 0x40, 0xcb,
    0x50, 0x54, 0x60, 0xff, 0x78, 0x94, 0xb0, 0xff, 0x88, 0xa0, 0xc0, 0xff,
    0x80, 0x9c, 0xb8, 0xff, 0x70, 0x88, 0xa0, 0xff, 0x70, 0x84, 0xa0, 0xff,
    0x90, 0xa8, 0xc8, 0xff, 0x90, 0xac, 0xc8, 0xff, 0x90, 0xac, 0xd0, 0xff,
    0xa0, 0xbc, 0xd8, 0xff, 0x88, 0xa4, 0xc0, 0xff, 0x88, 0xa0, 0xc0, 0xff,
    0xa0, 0xbc, 0xd8, 0xff, 0x90, 0xb4, 0xd0, 0xff, 0x88, 0xa4, 0xc0, 0xff,
    0x98, 0xb0, 0xd0, 0xff, 0x98, 0xb8, 0xd8, 0xff, 0xa0, 0xc4, 0xe0, 0xff,
    0xa8, 0xc4, 0xe0, 0xff, 0xa0, 0xc0, 0xe0, 0xff, 0xa0, 0xbc, 0xe0, 0xff,
    0xa0, 0xbc, 0xd8, 0xff, 0xa0, 0xbc, 0xd8, 0xff, 0x98, 0xb8, 0xd8, 0xff,
    0x98, 0xb8, 0xd8, 0xff, 0x98, 0xb4, 0xd0, 0xff, 0x90, 0xac, 0xd0, 0xff,
    0x90, 0xac, 0xc8, 0xff, 0x98, 0xb4, 0xd0, 0xff, 0x98, 0xb8, 0xd8, 0xff,
    0x98, 0xb8, 0xd8, 0xff, 0x98, 0xb8, 0xd8, 0xff, 0x98, 0xb4, 0xd0, 0xff,
    0x98, 0xb4, 0xd8, 0xff, 0xa0, 0xb8, 0xd8, 0xff, 0xa0, 0xbc, 0xd8, 0xff,
    0xa0, 0xc0, 0xe0, 0xff, 0xa0, 0xb8, 0xd8, 0xff, 0x98, 0xb4, 0xd8, 0xff,
    0xa0, 0xc0, 0xe0, 0xff, 0xa0, 0xc0, 0xe0, 0xff, 0x98, 0xb8, 0xd8, 0xff,
    0x98, 0xb8, 0xd8, 0xff, 0xa0, 0xb8, 0xd8, 0xff, 0x98, 0xb4, 0xd8, 0xff,
    0xa0, 0xbc, 0xd8, 0xff, 0xa0, 0xc0, 0xe0, 0xff, 0xa0, 0xbc, 0xe0, 0xff,
    0xa0, 0xbc, 0xd8, 0xff, 0x88, 0xa8, 0xc8, 0xff, 0x70, 0x84, 0xa0, 0xff,
    0x80, 0x98, 0xb8, 0xff, 0xa0, 0xc0, 0xe0, 0xff, 0xa0, 0xc4, 0xe0, 0xff,
    0xa8, 0xc4, 0xe0, 0xff, 0xa8, 0xc8, 0xe8, 0xff, 0xa0, 0xbc, 0xd8, 0xff,
    0x88, 0xa0, 0xc0, 0xff, 0x90, 0xac, 0xc8, 0xff, 0x80, 0x98, 0xb8, 0xff,
    0x70, 0x8c, 0xa8, 0xff, 0x70, 0x8c, 0xa8, 0xff, 0x80, 0x9c, 0xb8, 0xff,
    0x88, 0xa0, 0xc0, 0xff, 0x78, 0x90, 0xa8, 0xff, 0x50, 0x54, 0x60, 0xff,
    0x58, 0x54, 0x58, 0xd3, 0x48, 0x48, 0x48, 0x30, 0x48, 0x70, 0x48, 0x00,
    0x50, 0x70, 0x48, 0x00, 0x50, 0x70, 0x48, 0x00, 0x48, 0x70, 0x48, 0x00,
    0x50, 0x70, 0x48, 0x00, 0x50, 0x70, 0x48, 0x00, 0x48, 0x70, 0x48, 0x00,
    0x48, 0x70, 0x48, 0x00, 0x50, 0x70, 0x48, 0x00, 0x50, 0x70, 0x40, 0x00,
    0x48, 0x70, 0x48, 0x00, 0x50, 0x70, 0x48, 0x00, 0x50, 0x70, 0x48, 0x00,
    0x50, 0x70, 0x48, 0x00, 0x48, 0x44, 0x48, 0x30, 0x40, 0x40, 0x40, 0xcb,
    0x50, 0x54, 0x60, 0xff, 0x80, 0x98, 0xb0, 0xff, 0x88, 0xa4, 0xc0, 0xff,
    0x80, 0x9c, 0xb8, 0xff, 0x70, 0x88, 0xa0, 0xff, 0x70, 0x88, 0xa8, 0xff,
    0x90, 0xb0, 0xd0, 0xff, 0x90, 0xac, 0xc8, 0xff, 0x90, 0xb0, 0xc8, 0xff,
    0xa0, 0xc0, 0xe0, 0xff, 0x90, 0xa8, 0xc8, 0xff, 0x88, 0xa8, 0xc8, 0xff,
    0xa0, 0xc0, 0xe0, 0xff, 0x98, 0xb0, 0xd0, 0xff, 0x88, 0xa4, 0xc0, 0xff,
    0x98, 0xb4, 0xd0, 0xff, 0x98, 0xb8, 0xd8, 0xff, 0xa0, 0xc0, 0xe0, 0xff,
    0xa8, 0xc4, 0xe0, 0xff, 0xa8, 0xc4, 0xe0, 0xff, 0xa0, 0xc4, 0xe0, 0xff,
    0xa0, 0xc0, 0xe0, 0xff, 0x98, 0xb8, 0xd8, 0xff, 0x90, 0xac, 0xc8, 0xff,
    0x90, 0xac, 0xc8, 0xff, 0x90, 0xac, 0xc8, 0xff, 0x88, 0xa4, 0xc0, 0xff,
    0x88, 0xa4, 0xc0, 0xff, 0x90, 0xa8, 0xc8, 0xff, 0x90, 0xac, 0xc8, 0xff,
    0x90, 0xac, 0xc8, 0xff, 0x90, 0xac, 0xc8, 0xff, 0x90, 0xa8, 0xc8, 0xff,
    0x90, 0xac, 0xc8, 0xff, 0x90, 0xb0, 0xd0, 0xff, 0x98, 0xb4, 0xd0, 0xff,
    0x98, 0xb4, 0xd8, 0xff, 0x98, 0xb4, 0xd0, 0xff, 0x90, 0xb0, 0xd0, 0xff,
    0x98, 0xb4, 0xd0, 0xff, 0x98, 0xb0, 0xd0, 0xff, 0x90, 0xb0, 0xd0, 0xff,
    0xa0, 0xb8, 0xd8, 0xff, 0xa0, 0xc0, 0xe0, 0xff, 0xa0, 0xc0, 0xe0, 0xff,
    0xa8, 0xc4, 0xe0, 0xff, 0xa0, 0xc4, 0xe0, 0xff, 0xa0, 0xc0, 0xe0, 0xff,
    0xa0, 0xbc, 0xd8, 0xff, 0x88, 0xa4, 0xc0, 0xff, 0x70, 0x84, 0xa0, 0xff,
    0x80, 0x9c, 0xb8, 0xff, 0xa0, 0xc0, 0xe0, 0xff, 0xa8, 0xc0, 0xe0, 0xff,
    0xa0, 0xc0, 0xe0, 0xff, 0xa8, 0xc8, 0xe8, 0xff, 0x98, 0xb8, 0xd8, 0xff,
    0x80, 0x98, 0xb0, 0xff, 0x90, 0xa8, 0xc8, 0xff, 0x80, 0x9c, 0xb8, 0xff,
    0x70, 0x88, 0xa0, 0xff, 0x78, 0x8c, 0xa8, 0xff, 0x88, 0xa0, 0xb8, 0xff,
    0x88, 0xa4, 0xc0, 0xff, 0x78, 0x94, 0xb0, 0xff, 0x58, 0x5c, 0x60, 0xff,
    0x50, 0x54, 0x50, 0xd3, 0x48, 0x44, 0x48, 0x30, 0x50, 0x70, 0x48, 0x00,
    0x48, 0x70, 0x48, 0x00, 0x48, 0x70, 0x40, 0x00, 0x50, 0x70, 0x48, 0x00,
    0x48, 0x70, 0x48, 0x00, 0x48, 0x70, 0x48, 0x00, 0x50, 0x70, 0x48, 0x00,
    0x48, 0x70, 0x48, 0x00, 0x50, 0x70, 0x48, 0x00, 0x48, 0x70, 0x48, 0x00,
    0x48, 0x70, 0x48, 0x00, 0x50, 0x70, 0x48, 0x00, 0x48, 0x70, 0x48, 0x00,
    0x50, 0x70, 0x48, 0x00, 0x48, 0x48, 0x48, 0x30, 0x58, 0x54, 0x58, 0xd3,
    0x60, 0x64, 0x68, 0xff, 0x88, 0x98, 0xb0, 0xff, 0x88, 0xa8, 0xc0, 0xff,
    0x88, 0xa0, 0xc0, 0xff, 0x70, 0x88, 0xa0, 0xff, 0x70, 0x8c, 0xa8, 0xff,
    0x98, 0xb0, 0xd0, 0xff, 0x90, 0xac, 0xc8, 0xff, 0x90, 0xac, 0xc8, 0xff,
    0xa0, 0xc0, 0xe0, 0xff, 0x90, 0xa8, 0xc8, 0xff, 0x90, 0xa8, 0xc8, 0xff,
    0xa0, 0xc4, 0xe0, 0xff, 0x98, 0xb0, 0xd0, 0xff, 0x88, 0xa4, 0xc0, 0xff,
    0x98, 0xb4, 0xd8, 0xff, 0xa0, 0xbc, 0xd8, 0xff, 0xa8, 0xc4, 0xe8, 0xff,
    0xa8, 0xc4, 0xe8, 0xff, 0x98, 0xb8, 0xd8, 0xff, 0x90, 0xac, 0xc8, 0xff,
    0x88, 0xa4, 0xc0, 0xff, 0x88, 0xa0, 0xc0, 0xff, 0x90, 0xa8, 0xc8, 0xff,
    0x90, 0xac, 0xc8, 0xff, 0x90, 0xa8, 0xc8, 0xff, 0x90, 0xac, 0xc8, 0xff,
    0x90, 0xac, 0xc8, 0xff, 0x90, 0xa8, 0xc8, 0xff, 0x90, 0xac, 0xc8, 0xff,
    0x90, 0xac, 0xc8, 0xff, 0x90, 0xac, 0xc8, 0xff, 0x90, 0xa8, 0xc8, 0xff,
    0x80, 0xa0, 0xc0, 0xff, 0x88, 0xa4, 0xc0, 0xff, 0x88, 0xa8, 0xc8, 0xff,
    0x90, 0xa8, 0xc0, 0xff, 0x90, 0xac, 0xc8, 0xff, 0x88, 0xa8, 0xc8, 0xff,
    0x88, 0xa0, 0xb8, 0xff, 0x88, 0xa0, 0xb8, 0xff, 0x88, 0xa4, 0xc0, 0xff,
    0x88, 0xa0, 0xc0, 0xff, 0x88, 0xa8, 0xc0, 0xff, 0x90, 0xb0, 0xc8, 0xff,
    0xa0, 0xb8, 0xd8, 0xff, 0xa8, 0xc8, 0xe8, 0xff, 0xa0, 0xc4, 0xe0, 0xff,
    0xa0, 0xbc, 0xe0, 0xff, 0x88, 0xa8, 0xc8, 0xff, 0x68, 0x80, 0x98, 0xff,
    0x78, 0x94, 0xb0, 0xff, 0xa0, 0xc0, 0xe0, 0xff, 0xa8, 0xc4, 0xe0, 0xff,
    0xa0, 0xc0, 0xe0, 0xff, 0xa8, 0xc8, 0xe8, 0xff, 0xa0, 0xbc, 0xd8, 0xff,
    0x80, 0x9c, 0xb8, 0xff, 0x90, 0xac, 0xc8, 0xff, 0x88, 0xa0, 0xc0, 0xff,
    0x70, 0x88, 0xa0, 0xff, 0x78, 0x90, 0xa8, 0xff, 0x88, 0x9c, 0xb8, 0xff,
    0x88, 0xa8, 0xc0, 0xff, 0x80, 0x98, 0xb0, 0xff, 0x60, 0x64, 0x70, 0xff,
    0x50, 0x50, 0x58, 0xd3, 0x48, 0x44, 0x48, 0x30, 0x50, 0x70, 0x48, 0x00,
    0x48, 0x70, 0x48, 0x00, 0x50, 0x70, 0x48, 0x00, 0x50, 0x70, 0x48, 0x00,
    0x48, 0x70, 0x40, 0x00, 0x50, 0x70, 0x48, 0x00, 0x48, 0x70, 0x48, 0x00,
    0x50, 0x70, 0x48, 0x00, 0x48, 0x70, 0x48, 0x00, 0x50, 0x70, 0x48, 0x00,
    0x50, 0x70, 0x48, 0x00, 0x48, 0x70, 0x40, 0x00, 0x48, 0x70, 0x48, 0x00,
    0x48, 0x70, 0x48, 0x00, 0x48, 0x44, 0x48, 0x30, 0x50, 0x54, 0x50, 0xd3,
    0x60, 0x64, 0x70, 0xff, 0x80, 0x9c, 0xb8, 0xff, 0x90, 0xa8, 0xc8, 0xff,
    0x88, 0xa0, 0xc0, 0xff, 0x70, 0x88, 0xa0, 0xff, 0x70, 0x8c, 0xa8, 0xff,
    0x98, 0xb0, 0xd0, 0xff, 0x90, 0xac, 0xc8, 0xff, 0x90, 0xa8, 0xc8, 0xff,
    0xa0, 0xc4, 0xe0, 0xff, 0x90, 0xac, 0xc8, 0xff, 0x90, 0xa8, 0xc8, 0xff,
    0xa0, 0xc0, 0xe0, 0xff, 0x98, 0xb4, 0xd0, 0xff, 0x90, 0xa8, 0xc8, 0xff,
    0x98, 0xb8, 0xd8, 0xff, 0x98, 0xb4, 0xd0, 0xff, 0x98, 0xb4, 0xd0, 0xff,
    0x88, 0xa8, 0xc8, 0xff, 0x88, 0xa0, 0xc0, 0xff, 0x88, 0xa0, 0xc0, 0xff,
    0x90, 0xb0, 0xd0, 0xff, 0xa0, 0xc0, 0xe0, 0xff, 0xa8, 0xcc, 0xe8, 0xff,
    0xa8, 0xc8, 0xe8, 0xff, 0xa8, 0xc8, 0xe8, 0xff, 0xa8, 0xc8, 0xe8, 0xff,
    0xa8, 0xc8, 0xe8, 0xff, 0xa0, 0xc4, 0xe0, 0xff, 0xa0, 0xc0, 0xe0, 0xff,
    0xa0, 0xc0, 0xe0, 0xff, 0xa0, 0xc4, 0xe0, 0xff, 0xa0, 0xbc, 0xe0, 0xff,
    0x98, 0xb0, 0xd0, 0xff, 0x98, 0xb8, 0xd0, 0xff, 0x98, 0xb4, 0xd0, 0xff,
    0x98, 0xb4, 0xd0, 0xff, 0x98, 0xb4, 0xd0, 0xff, 0x98, 0xb4, 0xd0, 0xff,
    0x90, 0xa8, 0xc8, 0xff, 0x88, 0xa8, 0xc8, 0xff, 0x98, 0xb4, 0xd0, 0xff,
    0x90, 0xac, 0xc8, 0xff, 0x90, 0xa8, 0xc8, 0xff, 0x88, 0xa4, 0xc0, 0xff,
    0x88, 0xa8, 0xc8, 0xff, 0x98, 0xb0, 0xd0, 0xff, 0x98, 0xb8, 0xd8, 0xff,
    0x98, 0xb8, 0xd8, 0xff, 0x88, 0xa4, 0xc0, 0xff, 0x70, 0x88, 0xa0, 0xff,
    0x80, 0x9c, 0xb8, 0xff, 0xa8, 0xc4, 0xe0, 0xff, 0xa8, 0xc4, 0xe0, 0xff,
    0xa0, 0xc4, 0xe8, 0xff, 0xa8, 0xc8, 0xe8, 0xff, 0xa0, 0xbc, 0xe0, 0xff,
    0x88, 0xa0, 0xc0, 0xff, 0x90, 0xb0, 0xd0, 0xff, 0x88, 0xa8, 0xc0, 0xff,
    0x70, 0x88, 0xa0, 0xff, 0x78, 0x90, 0xa8, 0xff, 0x80, 0x9c, 0xb8, 0xff,
    0x88, 0xa8, 0xc8, 0xff, 0x88, 0x98, 0xb0, 0xff, 0x58, 0x5c, 0x68, 0xff,
    0x50, 0x54, 0x58, 0xd3, 0x48, 0x44, 0x48, 0x3c, 0x50, 0x70, 0x48, 0x00,
    0x48, 0x70, 0x48, 0x00, 0x48, 0x70, 0x48, 0x00, 0x50, 0x70, 0x48, 0x00,
    0x48, 0x70, 0x48, 0x00, 0x50, 0x70, 0x48, 0x00, 0x50, 0x70, 0x48, 0x00,
    0x48, 0x70, 0x48, 0x00, 0x50, 0x70, 0x48, 0x00, 0x48, 0x70, 0x48, 0x00,
    0x50, 0x70, 0x48, 0x00, 0x50, 0x70, 0x48, 0x00, 0x50, 0x70, 0x48, 0x00,
    0x50, 0x70, 0x48, 0x00, 0x48, 0x44, 0x48, 0x30, 0x50, 0x50, 0x50, 0xd3,
    0x60, 0x6c, 0x78, 0xff, 0x80, 0x9c, 0xb8, 0xff, 0x90, 0xa8, 0xc8, 0xff,
    0x80, 0xa0, 0xb8, 0xff, 0x70, 0x88, 0xa0, 0xff, 0x78, 0x90, 0xa8, 0xff,
    0x98, 0xb4, 0xd0, 0xff, 0x90, 0xb0, 0xd0, 0xff, 0x90, 0xb0, 0xd0, 0xff,
    0xa0, 0xc0, 0xe0, 0xff, 0x90, 0xac, 0xc8, 0xff, 0x90, 0xac, 0xc8, 0xff,
    0xa0, 0xbc, 0xe0, 0xff, 0x90, 0xb0, 0xd0, 0xff, 0x88, 0xa8, 0xc0, 0xff,
    0x90, 0xa8, 0xc8, 0xff, 0x78, 0x94, 0xb0, 0xff, 0x78, 0x94, 0xb0, 0xff,
    0x88, 0xa4, 0xc0, 0xff, 0x98, 0xb4, 0xd0, 0xff, 0xa0, 0xc0, 0xe0, 0xff,
    0xa8, 0xc8, 0xe8, 0xff, 0xb0, 0xd0, 0xf0, 0xff, 0xb0, 0xcc, 0xe8, 0xff,
    0xa8, 0xc8, 0xe8, 0xff, 0xa8, 0xcc, 0xe8, 0xff, 0xa8, 0xc8, 0xe8, 0xff,
    0xa8, 0xc8, 0xe8, 0xff, 0xa0, 0xc4, 0xe0, 0xff, 0xa8, 0xc4, 0xe8, 0xff,
    0xa8, 0xc4, 0xe0, 0xff, 0xa8, 0xc4, 0xe8, 0xff, 0xa0, 0xc0, 0xe0, 0xff,
    0x98, 0xb4, 0xd0, 0xff, 0x98, 0xb0, 0xd0, 0xff, 0x80, 0x98, 0xb0, 0xff,
    0x78, 0x94, 0xb0, 0xff, 0x90, 0xa8, 0xc8, 0xff, 0x78, 0x94, 0xb0, 0xff,
    0x78, 0x8c, 0xa8, 0xff, 0x78, 0x98, 0xb0, 0xff, 0x90, 0xa8, 0xc8, 0xff,
    0x98, 0xb4, 0xd0, 0xff, 0x98, 0xb4, 0xd0, 0xff, 0x98, 0xb0, 0xd0, 0xff,
    0x90, 0xac, 0xc8, 0xff, 0x88, 0xa8, 0xc0, 0xff, 0x88, 0xa4, 0xc0, 0xff,
    0x88, 0xa4, 0xc0, 0xff, 0x80, 0x98, 0xb8, 0xff, 0x70, 0x88, 0xa0, 0xff,
    0x80, 0x94, 0xb0, 0xff, 0x90, 0xac, 0xc8, 0xff, 0x90, 0xa8, 0xc8, 0xff,
    0x90, 0xa8, 0xc8, 0xff, 0x90, 0xb0, 0xc8, 0xff, 0x90, 0xac, 0xc8, 0xff,
    0x90, 0xac, 0xc8, 0xff, 0x98, 0xb8, 0xd8, 0xff, 0x90, 0xa8, 0xc8, 0xff,
    0x70, 0x80, 0x98, 0xff, 0x78, 0x8c, 0xa8, 0xff, 0x80, 0x9c, 0xb8, 0xff,
    0x90, 0xa8, 0xc8, 0xff, 0x80, 0x98, 0xb0, 0xff, 0x60, 0x64, 0x68, 0xff,
    0x50, 0x54, 0x58, 0xd3, 0x48, 0x44, 0x48, 0x3c, 0x50, 0x70, 0x48, 0x00,
    0x48, 0x70, 0x48, 0x00, 0x50, 0x70, 0x40, 0x00, 0x48, 0x70, 0x48, 0x00,
    0x48, 0x70, 0x48, 0x00, 0x50, 0x70, 0x48, 0x00, 0x48, 0x70, 0x48, 0x00,
    0x48, 0x70, 0x48, 0x00, 0x50, 0x70, 0x48, 0x00, 0x48, 0x70, 0x40, 0x00,
    0x48, 0x70, 0x48, 0x00, 0x48, 0x70, 0x48, 0x00, 0x48, 0x70, 0x48, 0x00,
    0x50, 0x70, 0x48, 0x00, 0x48, 0x48, 0x48, 0x30, 0x50, 0x54, 0x58, 0xd3,
    0x60, 0x64, 0x68, 0xff, 0x88, 0x9c, 0xb8, 0xff, 0x90, 0xa8, 0xc8, 0xff,
    0x80, 0x9c, 0xb8, 0xff, 0x70, 0x84, 0xa0, 0xff, 0x78, 0x94, 0xb0, 0xff,
    0x98, 0xb4, 0xd0, 0xff, 0x90, 0xb0, 0xd0, 0xff, 0x98, 0xb0, 0xd0, 0xff,
    0xa8, 0xc4, 0xe0, 0xff, 0x90, 0xac, 0xc8, 0xff, 0x90, 0xac, 0xc8, 0xff,
    0xa0, 0xbc, 0xe0, 0xff, 0x90, 0xb0, 0xc8, 0xff, 0x88, 0xa0, 0xb8, 0xff,
    0x80, 0x9c, 0xb8, 0xff, 0x88, 0xa4, 0xc0, 0xff, 0x98, 0xb4, 0xd0, 0xff,
    0xa0, 0xbc, 0xd8, 0xff, 0xa0, 0xc0, 0xe0, 0xff, 0xa8, 0xc4, 0xe0, 0xff,
    0xa8, 0xc8, 0xe8, 0xff, 0xb0, 0xcc, 0xe8, 0xff, 0xb0, 0xcc, 0xf0, 0xff,
    0xb0, 0xcc, 0xf0, 0xff, 0xa8, 0xc8, 0xe8, 0xff, 0xb0, 0xc8, 0xe8, 0xff,
    0xa8, 0xc8, 0xe8, 0xff, 0xa8, 0xc4, 0xe8, 0xff, 0xa0, 0xc4, 0xe0, 0xff,
    0xa8, 0xc4, 0xe8, 0xff, 0xa8, 0xc8, 0xe8, 0xff, 0xa0, 0xc0, 0xe0, 0xff,
    0x90, 0xb0, 0xd0, 0xff, 0x88, 0xa4, 0xc0, 0xff, 0x68, 0x7c, 0x98, 0xff,
    0x68, 0x80, 0x98, 0xff, 0x80, 0x9c, 0xb8, 0xff, 0x68, 0x7c, 0x98, 0xff,
    0x60, 0x78, 0x90, 0xff, 0x68, 0x7c, 0x90, 0xfb, 0x68, 0x80, 0x98, 0xff,
    0x78, 0x90, 0xa8, 0xff, 0x88, 0xa0, 0xc0, 0xff, 0x90, 0xb0, 0xd0, 0xff,
    0x98, 0xb4, 0xd0, 0xff, 0x98, 0xb4, 0xd8, 0xff, 0x98, 0xb0, 0xd0, 0xff,
    0x88, 0xa0, 0xc0, 0xff, 0x78, 0x94, 0xb0, 0xff, 0x70, 0x8c, 0xa8, 0xff,
    0x78, 0x8c, 0xa8, 0xff, 0x60, 0x7c, 0x98, 0xff, 0x60, 0x7c, 0x98, 0xff,
    0x68, 0x80, 0x98, 0xff, 0x70, 0x88, 0xa0, 0xff, 0x80, 0x98, 0xb8, 0xff,
    0x98, 0xb4, 0xd0, 0xff, 0xa0, 0xbc, 0xd8, 0xff, 0x90, 0xa8, 0xc8, 0xff,
    0x68, 0x7c, 0x98, 0xff, 0x78, 0x90, 0xa8, 0xff, 0x80, 0x9c, 0xb8, 0xff,
    0x90, 0xa8, 0xc8, 0xff, 0x80, 0x98, 0xb0, 0xff, 0x58, 0x5c, 0x60, 0xff,
    0x50, 0x50, 0x58, 0xd3, 0x48, 0x48, 0x48, 0x38, 0x48, 0x70, 0x48, 0x00,
    0x50, 0x70, 0x48, 0x00, 0x50, 0x70, 0x48, 0x00, 0x48, 0x70, 0x48, 0x00,
    0x50, 0x70, 0x48, 0x00, 0x48, 0x70, 0x48, 0x00, 0x48, 0x70, 0x48, 0x00,
    0x50, 0x70, 0x48, 0x00, 0x48, 0x70, 0x48, 0x00, 0x50, 0x70, 0x48, 0x00,
    0x50, 0x70, 0x48, 0x00, 0x48, 0x70, 0x48, 0x00, 0x48, 0x70, 0x40, 0x00,
    0x50, 0x70, 0x48, 0x00, 0x48, 0x44, 0x48, 0x30, 0x40, 0x40, 0x40, 0xcb,
    0x58, 0x5c, 0x68, 0xff, 0x80, 0x9c, 0xb8, 0xff, 0x90, 0xa8, 0xc8, 0xff,
    0x80, 0x9c, 0xb8, 0xff, 0x70, 0x84, 0xa0, 0xff, 0x78, 0x94, 0xb0, 0xff,
    0x98, 0xb4, 0xd0, 0xff, 0x98, 0xb0, 0xd0, 0xff, 0x98, 0xb4, 0xd0, 0xff,
    0xa8, 0xc8, 0xe8, 0xff, 0x90, 0xb0, 0xc8, 0xff, 0x88, 0xa8, 0xc8, 0xff,
    0xa0, 0xbc, 0xd8, 0xff, 0x98, 0xb0, 0xd0, 0xff, 0x80, 0x9c, 0xb8, 0xff,
    0x80, 0x9c, 0xb8, 0xff, 0xa0, 0xb8, 0xd8, 0xff, 0xa0, 0xc0, 0xe0, 0xff,
    0xa0, 0xc0, 0xe0, 0xff, 0xa0, 0xc0, 0xe0, 0xff, 0xa8, 0xc4, 0xe0, 0xff,
    0xa8, 0xc8, 0xe8, 0xff, 0xb0, 0xcc, 0xf0, 0xff, 0xb0, 0xd0, 0xf0, 0xff,
    0xb0, 0xcc, 0xf0, 0xff, 0xa8, 0xcc, 0xe8, 0xff, 0xa8, 0xc8, 0xe8, 0xff,
    0xa8, 0xc8, 0xe8, 0xff, 0xa8, 0xc8, 0xe8, 0xff, 0xa8, 0xc8, 0xe8, 0xff,
    0xa8, 0xc8, 0xe8, 0xff, 0xa8, 0xc8, 0xe8, 0xff, 0xa0, 0xc0, 0xe0, 0xff,
    0x90, 0xac, 0xc8, 0xff, 0x88, 0xa0, 0xb8, 0xff, 0x60, 0x78, 0x90, 0xff,
    0x68, 0x7c, 0x90, 0xfb, 0x80, 0x98, 0xb0, 0xff, 0x60, 0x78, 0x90, 0xff,
    0x60, 0x74, 0x88, 0xff, 0x68, 0x74, 0x90, 0xff, 0x60, 0x74, 0x88, 0xff,
    0x60, 0x74, 0x88, 0xff, 0x68, 0x7c, 0x98, 0xff, 0x70, 0x88, 0xa0, 0xff,
    0x88, 0xa0, 0xc0, 0xff, 0x90, 0xac, 0xc8, 0xff, 0x90, 0xac, 0xc8, 0xff,
    0x88, 0xa0, 0xb8, 0xff, 0x78, 0x94, 0xb0, 0xff, 0x78, 0x8c, 0xa8, 0xff,
    0x78, 0x94, 0xb0, 0xff, 0x70, 0x88, 0xa0, 0xff, 0x78, 0x90, 0xa8, 0xff,
    0x88, 0xa0, 0xc0, 0xff, 0x90, 0xa8, 0xc8, 0xff, 0x98, 0xb4, 0xd8, 0xff,
    0xa0, 0xc4, 0xe0, 0xff, 0xa0, 0xc0, 0xe0, 0xff, 0x90, 0xb0, 0xd0, 0xff,
    0x68, 0x80, 0x98, 0xff, 0x78, 0x90, 0xa8, 0xff, 0x80, 0x98, 0xb8, 0xff,
    0x88, 0xa8, 0xc0, 0xff, 0x88, 0x9c, 0xb0, 0xff, 0x58, 0x5c, 0x68, 0xff,
    0x50, 0x50, 0x58, 0xd3, 0x48, 0x48, 0x48, 0x3c, 0x50, 0x70, 0x48, 0x00,
    0x48, 0x70, 0x48, 0x00, 0x48, 0x70, 0x48, 0x00, 0x50, 0x70, 0x48, 0x00,
    0x50, 0x70, 0x40, 0x00, 0x50, 0x70, 0x48, 0x00, 0x48, 0x70, 0x48, 0x00,
    0x48, 0x70, 0x48, 0x00, 0x50, 0x70, 0x48, 0x00, 0x48, 0x70, 0x48, 0x00,
    0x50, 0x70, 0x48, 0x00, 0x50, 0x70, 0x48, 0x00, 0x50, 0x70, 0x48, 0x00,
    0x48, 0x70, 0x48, 0x00, 0x48, 0x44, 0x48, 0x30, 0x50, 0x54, 0x58, 0xd3,
    0x60, 0x64, 0x68, 0xff, 0x80, 0x9c, 0xb8, 0xff, 0x88, 0xa8, 0xc8, 0xff,
    0x80, 0x9c, 0xb8, 0xff, 0x70, 0x84, 0xa0, 0xff, 0x80, 0x9c, 0xb8, 0xff,
    0x98, 0xb8, 0xd8, 0xff, 0x98, 0xb0, 0xd0, 0xff, 0x98, 0xb4, 0xd0, 0xff,
    0xa8, 0xc8, 0xe8, 0xff, 0x90, 0xa8, 0xc8, 0xff, 0x80, 0x9c, 0xb8, 0xff,
    0x98, 0xb0, 0xd0, 0xff, 0x98, 0xb4, 0xd0, 0xff, 0x80, 0x98, 0xb8, 0xff,
    0x80, 0x9c, 0xb8, 0xff, 0xa0, 0xb8, 0xd8, 0xff, 0xa8, 0xc4, 0xe0, 0xff,
    0xa0, 0xc4, 0xe0, 0xff, 0xa8, 0xc4, 0xe8, 0xff, 0xa8, 0xc8, 0xe8, 0xff,
    0xb0, 0xcc, 0xe8, 0xff, 0xa8, 0xcc, 0xe8, 0xff, 0xa8, 0xcc, 0xe8, 0xff,
    0xb0, 0xcc, 0xf0, 0xff, 0xb0, 0xcc, 0xf0, 0xff, 0xa8, 0xcc, 0xe8, 0xff,
    0xa8, 0xc8, 0xe8, 0xff, 0xa8, 0xc8, 0xe8, 0xff, 0xa8, 0xc8, 0xe8, 0xff,
    0xa8, 0xc8, 0xe0, 0xff, 0xa8, 0xc8, 0xe8, 0xff, 0xa0, 0xc0, 0xe0, 0xff,
    0x90, 0xac, 0xc8, 0xff, 0x88, 0xa0, 0xc0, 0xff, 0x68, 0x7c, 0x90, 0xff,
    0x68, 0x7c, 0x98, 0xff, 0x80, 0x98, 0xb8, 0xff, 0x68, 0x7c, 0x90, 0xff,
    0x60, 0x74, 0x88, 0xff, 0x68, 0x78, 0x90, 0xff, 0x60, 0x78, 0x90, 0xff,
    0x60, 0x78, 0x90, 0xff, 0x68, 0x7c, 0x98, 0xff, 0x68, 0x7c, 0x90, 0xff,
    0x78, 0x94, 0xb0, 0xff, 0x88, 0xa0, 0xc0, 0xff, 0x88, 0xa0, 0xb8, 0xff,
    0x80, 0xa0, 0xb8, 0xff, 0x80, 0x98, 0xb0, 0xff, 0x70, 0x80, 0x98, 0xff,
    0x78, 0x90, 0xa8, 0xff, 0x80, 0x98, 0xb0, 0xff, 0x88, 0xa8, 0xc8, 0xff,
    0xa0, 0xb8, 0xd8, 0xff, 0xa0, 0xc0, 0xe0, 0xff, 0xa0, 0xc4, 0xe0, 0xff,
    0xa8, 0xc8, 0xe8, 0xff, 0xa8, 0xc4, 0xe0, 0xff, 0x98, 0xb4, 0xd0, 0xff,
    0x68, 0x80, 0x98, 0xff, 0x70, 0x8c, 0xa8, 0xff, 0x80, 0x98, 0xb8, 0xff,
    0x88, 0xa4, 0xc0, 0xff, 0x80, 0x98, 0xb8, 0xff, 0x60, 0x64, 0x70, 0xff,
    0x50, 0x50, 0x50, 0xd3, 0x48, 0x44, 0x48, 0x3c, 0x50, 0x70, 0x48, 0x00,
    0x48, 0x70, 0x48, 0x00, 0x48, 0x70, 0x48, 0x00, 0x50, 0x70, 0x48, 0x00,
    0x48, 0x70, 0x48, 0x00, 0x48, 0x70, 0x48, 0x00, 0x50, 0x70, 0x48, 0x00,
    0x48, 0x70, 0x48, 0x00, 0x50, 0x70, 0x48, 0x00, 0x48, 0x70, 0x40, 0x00,
    0x48, 0x70, 0x48, 0x00, 0x50, 0x70, 0x48, 0x00, 0x48, 0x70, 0x48, 0x00,
    0x50, 0x70, 0x48, 0x00, 0x48, 0x48, 0x48, 0x30, 0x40, 0x40, 0x40, 0xc7,
    0x50, 0x54, 0x60, 0xff, 0x88, 0x98, 0xb0, 0xff, 0x88, 0xa8, 0xc0, 0xff,
    0x80, 0x98, 0xb8, 0xff, 0x68, 0x80, 0x98, 0xff, 0x80, 0x9c, 0xb8, 0xff,
    0x98, 0xb8, 0xd8, 0xff, 0x98, 0xb4, 0xd0, 0xff, 0x98, 0xb4, 0xd0, 0xff,
    0xa8, 0xc4, 0xe8, 0xff, 0x88, 0xa4, 0xc0, 0xff, 0x78, 0x94, 0xb0, 0xff,
    0x88, 0xa8, 0xc8, 0xff, 0x98, 0xb0, 0xd0, 0xff, 0x80, 0x9c, 0xb8, 0xff,
    0x88, 0xa0, 0xc0, 0xff, 0xa0, 0xc0, 0xe0, 0xff, 0xa8, 0xc8, 0xe8, 0xff,
    0xa8, 0xcc, 0xe8, 0xff, 0xa8, 0xc8, 0xe8, 0xff, 0xa8, 0xcc, 0xe8, 0xff,
    0xb0, 0xcc, 0xf0, 0xff, 0xb0, 0xcc, 0xf0, 0xff, 0xb0, 0xcc, 0xe8, 0xff,
    0xb0, 0xcc, 0xe8, 0xff, 0xb0, 0xcc, 0xf0, 0xff, 0xa8, 0xc8, 0xe8, 0xff,
    0xa8, 0xc8, 0xe8, 0xff, 0xa8, 0xc8, 0xe8, 0xff, 0xa8, 0xc8, 0xe8, 0xff,
    0xa8, 0xc8, 0xe8, 0xff, 0xa8, 0xc8, 0xe8, 0xff, 0xa8, 0xc4, 0xe0, 0xff,
    0x90, 0xb0, 0xc8, 0xff, 0x80, 0x9c, 0xb8, 0xff, 0x60, 0x74, 0x88, 0xff,
    0x60, 0x78, 0x90, 0xff, 0x78, 0x94, 0xb0, 0xff, 0x60, 0x78, 0x90, 0xff,
    0x68, 0x74, 0x90, 0xff, 0x60, 0x74, 0x90, 0xff, 0x60, 0x74, 0x88, 0xff,
    0x68, 0x74, 0x90, 0xff, 0x60, 0x74, 0x88, 0xff, 0x60, 0x74, 0x88, 0xff,
    0x78, 0x90, 0xb0, 0xff, 0x80, 0xa0, 0xb8, 0xff, 0x70, 0x8c, 0xa8, 0xff,
    0x78, 0x94, 0xb0, 0xff, 0x80, 0x98, 0xb8, 0xff, 0x68, 0x80, 0x98, 0xff,
    0x78, 0x90, 0xb0, 0xff, 0x90, 0xa8, 0xc8, 0xff, 0x98, 0xb8, 0xd8, 0xff,
    0xa0, 0xc0, 0xe0, 0xff, 0xa8, 0xc4, 0xe0, 0xff, 0xa8, 0xc4, 0xe0, 0xff,
    0xa8, 0xc8, 0xe8, 0xff, 0xa8, 0xcc, 0xe8, 0xff, 0xa0, 0xb8, 0xd8, 0xff,
    0x70, 0x84, 0xa0, 0xff, 0x70, 0x8c, 0xa8, 0xff, 0x80, 0x98, 0xb0, 0xff,
    0x88, 0xa4, 0xc0, 0xff, 0x78, 0x98, 0xb0, 0xff, 0x58, 0x5c, 0x68, 0xff,
    0x50, 0x50, 0x58, 0xd3, 0x48, 0x48, 0x48, 0x3c, 0x50, 0x70, 0x48, 0x00,
    0x48, 0x70, 0x48, 0x00, 0x50, 0x70, 0x48, 0x00, 0x50, 0x70, 0x48, 0x00,
    0x48, 0x70, 0x48, 0x00, 0x50, 0x70, 0x48, 0x00, 0x48, 0x70, 0x48, 0x00,
    0x50, 0x70, 0x48, 0x00, 0x48, 0x70, 0x48, 0x00, 0x50, 0x70, 0x48, 0x00,
    0x48, 0x70, 0x48, 0x00, 0x48, 0x70, 0x48, 0x00, 0x50, 0x70, 0x40, 0x00,
    0x48, 0x70, 0x48, 0x00, 0x48, 0x44, 0x48, 0x30, 0x50, 0x54, 0x50, 0xd3,
    0x58, 0x5c, 0x68, 0xff, 0x80, 0x98, 0xb0, 0xff, 0x88, 0xa4, 0xc0, 0xff,
    0x80, 0x98, 0xb0, 0xff, 0x68, 0x80, 0xa0, 0xff, 0x88, 0xa0, 0xb8, 0xff,
    0xa0, 0xb8, 0xd8, 0xff, 0xa0, 0xbc, 0xd8, 0xff, 0x90, 0xa8, 0xc8, 0xff,
    0x88, 0xa8, 0xc8, 0xff, 0x80, 0xa0, 0xb8, 0xff, 0x80, 0x98, 0xb0, 0xff,
    0x80, 0x9c, 0xb8, 0xff, 0x88, 0xa4, 0xc0, 0xff, 0x88, 0xa0, 0xc0, 0xff,
    0x88, 0xa4, 0xc0, 0xff, 0xa0, 0xc0, 0xe0, 0xff, 0xa8, 0xcc, 0xe8, 0xff,
    0xb0, 0xc8, 0xe8, 0xff, 0xa8, 0xc8, 0xe8, 0xff, 0xa8, 0xcc, 0xe8, 0xff,
    0xb0, 0xcc, 0xf0, 0xff, 0xb0, 0xcc, 0xf0, 0xff, 0xa8, 0xcc, 0xe8, 0xff,
    0xa8, 0xc8, 0xe8, 0xff, 0xa8, 0xcc, 0xe8, 0xff, 0xa8, 0xc8, 0xe8, 0xff,
    0xa8, 0xc8, 0xe8, 0xff, 0xa8, 0xc8, 0xe8, 0xff, 0xa8, 0xc4, 0xe8, 0xff,
    0xa8, 0xc8, 0xe8, 0xff, 0xa8, 0xc8, 0xe8, 0xff, 0xa0, 0xc0, 0xe0, 0xff,
    0x90, 0xb0, 0xc8, 0xff, 0x80, 0x9c, 0xb8, 0xff, 0x68, 0x74, 0x90, 0xff,
    0x60, 0x78, 0x90, 0xff, 0x80, 0x98, 0xb0, 0xff, 0x60, 0x78, 0x90, 0xff,
    0x60, 0x74, 0x90, 0xff, 0x68, 0x74, 0x88, 0xff, 0x60, 0x74, 0x88, 0xff,
    0x60, 0x74, 0x88, 0xff, 0x68, 0x74, 0x88, 0xff, 0x60, 0x74, 0x90, 0xff,
    0x78, 0x90, 0xa8, 0xff, 0x88, 0xa0, 0xb8, 0xff, 0x68, 0x7c, 0x98, 0xff,
    0x70, 0x84, 0xa0, 0xff, 0x80, 0x98, 0xb8, 0xff, 0x80, 0x98, 0xb8, 0xff,
    0x90, 0xac, 0xc8, 0xff, 0x98, 0xb8, 0xd8, 0xff, 0xa0, 0xc0, 0xe0, 0xff,
    0xa0, 0xc4, 0xe0, 0xff, 0xa8, 0xc4, 0xe0, 0xff, 0xa8, 0xc4, 0xe8, 0xff,
    0x98, 0xb8, 0xd8, 0xff, 0xa0, 0xbc, 0xe0, 0xff, 0xa0, 0xbc, 0xd8, 0xff,
    0x88, 0xa4, 0xc0, 0xff, 0x90, 0xac, 0xc8, 0xff, 0x88, 0xa0, 0xc0, 0xff,
    0x88, 0xa0, 0xc0, 0xff, 0x80, 0x98, 0xb0, 0xff, 0x60, 0x64, 0x68, 0xff,
    0x50, 0x50, 0x58, 0xd3, 0x48, 0x48, 0x48, 0x38, 0x48, 0x70, 0x48, 0x00,
    0x50, 0x70, 0x48, 0x00, 0x48, 0x70, 0x48, 0x00, 0x48, 0x70, 0x40, 0x00,
    0x50, 0x70, 0x48, 0x00, 0x50, 0x70, 0x48, 0x00, 0x48, 0x70, 0x48, 0x00,
    0x48, 0x70, 0x48, 0x00, 0x50, 0x70, 0x48, 0x00, 0x50, 0x70, 0x48, 0x00,
    0x50, 0x70, 0x48, 0x00, 0x48, 0x70, 0x48, 0x00, 0x50, 0x70, 0x48, 0x00,
    0x50, 0x70, 0x48, 0x00, 0x48, 0x44, 0x48, 0x30, 0x40, 0x40, 0x40, 0xcb,
    0x50, 0x50, 0x58, 0xff, 0x78, 0x94, 0xb0, 0xff, 0x88, 0xa4, 0xc0, 0xff,
    0x80, 0x98, 0xb8, 0xff, 0x70, 0x84, 0xa0, 0xff, 0x88, 0xa4, 0xc0, 0xff,
    0xa0, 0xc0, 0xe0, 0xff, 0xa8, 0xc8, 0xe8, 0xff, 0xa0, 0xbc, 0xd8, 0xff,
    0x98, 0xb0, 0xd0, 0xff, 0x90, 0xb0, 0xd0, 0xff, 0x90, 0xac, 0xc8, 0xff,
    0x90, 0xa8, 0xc8, 0xff, 0x88, 0xa4, 0xc0, 0xff, 0x78, 0x90, 0xa8, 0xff,
    0x80, 0x9c, 0xb8, 0xff, 0xa0, 0xc0, 0xe0, 0xff, 0xa8, 0xc8, 0xe8, 0xff,
    0xa8, 0xc8, 0xe8, 0xff, 0xb0, 0xc8, 0xe8, 0xff, 0xa8, 0xcc, 0xe8, 0xff,
    0xb0, 0xcc, 0xf0, 0xff, 0xb0, 0xcc, 0xe8, 0xff, 0xa8, 0xcc, 0xe8, 0xff,
    0xa8, 0xc8, 0xf0, 0xff, 0xb0, 0xcc, 0xe8, 0xff, 0xa8, 0xc8, 0xe8, 0xff,
    0xa8, 0xc8, 0xe8, 0xff, 0xa8, 0xc8, 0xe8, 0xff, 0xa8, 0xc8, 0xe0, 0xff,
    0xa8, 0xc8, 0xe8, 0xff, 0xa8, 0xc8, 0xe8, 0xff, 0xa8, 0xc0, 0xe0, 0xff,
    0x90, 0xac, 0xc8, 0xff, 0x80, 0x9c, 0xb8, 0xff, 0x68, 0x74, 0x90, 0xff,
    0x68, 0x7c, 0x98, 0xff, 0x80, 0x98, 0xb0, 0xff, 0x60, 0x74, 0x90, 0xff,
    0x60, 0x74, 0x88, 0xff, 0x60, 0x74, 0x88, 0xff, 0x60, 0x74, 0x88, 0xff,
    0x60, 0x74, 0x88, 0xff, 0x60, 0x74, 0x90, 0xff, 0x68, 0x74, 0x88, 0xff,
    0x78, 0x90, 0xa8, 0xff, 0x88, 0xa4, 0xc0, 0xff, 0x70, 0x8c, 0xa8, 0xff,
    0x70, 0x8c, 0xa8, 0xff, 0x88, 0xa4, 0xc0, 0xff, 0x80, 0xa0, 0xb8, 0xff,
    0x88, 0xa0, 0xb8, 0xff, 0x98, 0xb8, 0xd8, 0xff, 0xa0, 0xbc, 0xe0, 0xff,
    0xa0, 0xc4, 0xe0, 0xff, 0xa8, 0xc4, 0xe0, 0xff, 0xa0, 0xc4, 0xe0, 0xff,
    0x90, 0xa8, 0xc8, 0xff, 0x90, 0xac, 0xc8, 0xff, 0x98, 0xb8, 0xd8, 0xff,
    0x88, 0xa4, 0xc0, 0xff, 0x88, 0xa8, 0xc0, 0xff, 0x80, 0x9c, 0xb8, 0xff,
    0x88, 0xa0, 0xc0, 0xff, 0x80, 0x98, 0xb0, 0xff, 0x50, 0x54, 0x60, 0xff,
    0x50, 0x50, 0x58, 0xd3, 0x48, 0x48, 0x48, 0x30, 0x50, 0x70, 0x48, 0x00,
    0x48, 0x70, 0x48, 0x00, 0x50, 0x70, 0x48, 0x00, 0x48, 0x70, 0x48, 0x00,
    0x50, 0x70, 0x48, 0x00, 0x48, 0x70, 0x48, 0x00, 0x50, 0x70, 0x48, 0x00,
    0x48, 0x70, 0x48, 0x00, 0x48, 0x70, 0x48, 0x00, 0x50, 0x70, 0x40, 0x00,
    0x48, 0x70, 0x48, 0x00, 0x48, 0x70, 0x48, 0x00, 0x50, 0x70, 0x48, 0x00,
    0x48, 0x70, 0x48, 0x00, 0x48, 0x48, 0x48, 0x30, 0x40, 0x40, 0x40, 0xc7,
    0x48, 0x48, 0x48, 0xff, 0x78, 0x94, 0xb0, 0xff, 0x88, 0xa4, 0xc0, 0xff,
    0x80, 0x9c, 0xb8, 0xff, 0x70, 0x88, 0xa0, 0xff, 0x88, 0xa4, 0xc0, 0xff,
    0xa0, 0xc0, 0xe0, 0xff, 0xb0, 0xd0, 0xf0, 0xff, 0xa8, 0xcc, 0xe8, 0xff,
    0xa8, 0xc8, 0xe8, 0xff, 0xa8, 0xc4, 0xe8, 0xff, 0xa0, 0xb8, 0xd8, 0xff,
    0x80, 0xa0, 0xb8, 0xff, 0x70, 0x84, 0xa0, 0xff, 0x60, 0x78, 0x90, 0xff,
    0x78, 0x94, 0xb0, 0xff, 0xa0, 0xc0, 0xe0, 0xff, 0xa8, 0xc8, 0xe8, 0xff,
    0xa8, 0xc8, 0xe8, 0xff, 0xa8, 0xc8, 0xe8, 0xff, 0xa8, 0xc8, 0xe8, 0xff,
    0xa8, 0xc8, 0xe8, 0xff, 0xa8, 0xcc, 0xe8, 0xff, 0xa8, 0xc8, 0xe8, 0xff,
    0xb0, 0xcc, 0xe8, 0xff, 0xa8, 0xc8, 0xe8, 0xff, 0xa8, 0xc8, 0xe8, 0xff,
    0xa8, 0xc8, 0xe8, 0xff, 0xa8, 0xc8, 0xe8, 0xff, 0xa8, 0xc4, 0xe8, 0xff,
    0xa8, 0xc8, 0xe0, 0xff, 0xa8, 0xc8, 0xe8, 0xff, 0xa0, 0xc0, 0xe0, 0xff,
    0x90, 0xa8, 0xc8, 0xff, 0x80, 0x9c, 0xb8, 0xff, 0x60, 0x74, 0x88, 0xff,
    0x68, 0x7c, 0x98, 0xff, 0x78, 0x94, 0xb0, 0xff, 0x68, 0x74, 0x88, 0xff,
    0x60, 0x74, 0x88, 0xff, 0x60, 0x74, 0x88, 0xff, 0x60, 0x70, 0x88, 0xff,
    0x60, 0x74, 0x88, 0xff, 0x60, 0x74, 0x88, 0xff, 0x60, 0x74, 0x88, 0xff,
    0x78, 0x8c, 0xa8, 0xff, 0x88, 0xa4, 0xc0, 0xff, 0x78, 0x90, 0xa8, 0xff,
    0x88, 0xa0, 0xc0, 0xff, 0x98, 0xb4, 0xd0, 0xff, 0x80, 0x9c, 0xb8, 0xff,
    0x70, 0x84, 0xa0, 0xff, 0x78, 0x90, 0xa8, 0xff, 0x88, 0xa0, 0xc0, 0xff,
    0x98, 0xb8, 0xd8, 0xff, 0xa8, 0xc4, 0xe0, 0xff, 0xa0, 0xbc, 0xe0, 0xff,
    0x88, 0xa4, 0xc0, 0xff, 0x90, 0xac, 0xc8, 0xff, 0x98, 0xb4, 0xd0, 0xff,
    0x80, 0x9c, 0xb8, 0xff, 0x78, 0x90, 0xb0, 0xff, 0x80, 0x98, 0xb0, 0xff,
    0x80, 0xa0, 0xc0, 0xff, 0x80, 0x98, 0xb0, 0xff, 0x48, 0x4c, 0x58, 0xff,
    0x40, 0x40, 0x40, 0xcb, 0x48, 0x48, 0x48, 0x30, 0x50, 0x70, 0x48, 0x00,
    0x48, 0x70, 0x48, 0x00, 0x50, 0x70, 0x48, 0x00, 0x50, 0x70, 0x48, 0x00,
    0x48, 0x70, 0x40, 0x00, 0x48, 0x70, 0x48, 0x00, 0x50, 0x70, 0x48, 0x00,
    0x50, 0x70, 0x48, 0x00, 0x48, 0x70, 0x48, 0x00, 0x50, 0x70, 0x48, 0x00,
    0x48, 0x70, 0x48, 0x00, 0x50, 0x70, 0x48, 0x00, 0x48, 0x70, 0x40, 0x00,
    0x50, 0x70, 0x48, 0x00, 0x48, 0x44, 0x48, 0x30, 0x40, 0x40, 0x40, 0xcb,
    0x48, 0x48, 0x48, 0xff, 0x78, 0x90, 0xb0, 0xff, 0x88, 0xa0, 0xb8, 0xff,
    0x78, 0x90, 0xa8, 0xff, 0x68, 0x7c, 0x98, 0xff, 0x90, 0xa8, 0xc8, 0xff,
    0xa0, 0xc4, 0xe0, 0xff, 0xb0, 0xd0, 0xf0, 0xff, 0xb0, 0xd0, 0xf0, 0xff,
    0xa8, 0xc8, 0xe8, 0xff, 0x90, 0xb0, 0xc8, 0xff, 0x80, 0x98, 0xb0, 0xff,
    0x78, 0x90, 0xa8, 0xff, 0x78, 0x90, 0xb0, 0xff, 0x60, 0x78, 0x90, 0xff,
    0x78, 0x90, 0xa8, 0xff, 0xa0, 0xc0, 0xe0, 0xff, 0xa8, 0xc8, 0xe8, 0xff,
    0xa8, 0xc8, 0xe8, 0xff, 0xa8, 0xc8, 0xe8, 0xff, 0xa8, 0xc8, 0xe8, 0xff,
    0xa8, 0xc8, 0xe8, 0xff, 0xb0, 0xc8, 0xf0, 0xff, 0xa8, 0xc8, 0xe8, 0xff,
    0xa8, 0xc8, 0xe8, 0xff, 0xa8, 0xc8, 0xe8, 0xff, 0xa8, 0xc8, 0xe8, 0xff,
    0xa8, 0xc4, 0xe0, 0xff, 0xa0, 0xc4, 0xe0, 0xff, 0xa0, 0xc4, 0xe0, 0xff,
    0xa8, 0xc4, 0xe8, 0xff, 0xa8, 0xc4, 0xe0, 0xff, 0xa0, 0xbc, 0xe0, 0xff,
    0x88, 0xa8, 0xc0, 0xff, 0x80, 0x9c, 0xb8, 0xff, 0x60, 0x78, 0x90, 0xff,
    0x68, 0x7c, 0x90, 0xff, 0x78, 0x94, 0xb0, 0xff, 0x60, 0x74, 0x88, 0xff,
    0x60, 0x74, 0x88, 0xff, 0x68, 0x74, 0x90, 0xff, 0x60, 0x70, 0x88, 0xff,
    0x60, 0x74, 0x90, 0xff, 0x60, 0x74, 0x90, 0xff, 0x60, 0x74, 0x88, 0xff,
    0x78, 0x90, 0xb0, 0xff, 0x88, 0xa4, 0xc0, 0xff, 0x78, 0x90, 0xa8, 0xff,
    0x90, 0xac, 0xc8, 0xff, 0x98, 0xb4, 0xd8, 0xff, 0x80, 0x98, 0xb0, 0xff,
    0x70, 0x84, 0xa0, 0xff, 0x78, 0x90, 0xa8, 0xff, 0x78, 0x8c, 0xa8, 0xff,
    0x80, 0x98, 0xb0, 0xff, 0x90, 0xb0, 0xc8, 0xff, 0xa0, 0xbc, 0xd8, 0xff,
    0x88, 0xa4, 0xc0, 0xff, 0x88, 0xa4, 0xc0, 0xff, 0xa0, 0xb8, 0xd8, 0xff,
    0x88, 0xa0, 0xb8, 0xff, 0x70, 0x88, 0xa0, 0xff, 0x78, 0x94, 0xb0, 0xff,
    0x80, 0x9c, 0xb8, 0xff, 0x78, 0x90, 0xb0, 0xff, 0x50, 0x50, 0x50, 0xff,
    0x40, 0x40, 0x40, 0xcb, 0x48, 0x44, 0x48, 0x30, 0x50, 0x70, 0x48, 0x00,
    0x48, 0x70, 0x48, 0x00, 0x48, 0x70, 0x48, 0x00, 0x50, 0x70, 0x48, 0x00,
    0x48, 0x70, 0x48, 0x00, 0x50, 0x70, 0x48, 0x00, 0x48, 0x70, 0x48, 0x00,
    0x48, 0x70, 0x48, 0x00, 0x50, 0x70, 0x48, 0x00, 0x48, 0x70, 0x48, 0x00,
    0x50, 0x70, 0x48, 0x00, 0x50, 0x70, 0x48, 0x00, 0x48, 0x70, 0x48, 0x00,
    0x50, 0x70, 0x48, 0x00, 0x48, 0x48, 0x48, 0x30, 0x40, 0x40, 0x40, 0xc7,
    0x40, 0x40, 0x48, 0xff, 0x70, 0x8c, 0xa8, 0xff, 0x78, 0x94, 0xb0, 0xff,
    0x70, 0x84, 0xa0, 0xff, 0x60, 0x78, 0x90, 0xff, 0x90, 0xac, 0xc8, 0xff,
    0xa0, 0xc0, 0xe0, 0xff, 0xb0, 0xd0, 0xf0, 0xff, 0xb0, 0xcc, 0xf0, 0xff,
    0x90, 0xa8, 0xc8, 0xff, 0x78, 0x94, 0xb0, 0xff, 0x80, 0x9c, 0xb8, 0xff,
    0x90, 0xa8, 0xc8, 0xff, 0x80, 0x9c, 0xb8, 0xff, 0x60, 0x70, 0x88, 0xff,
    0x70, 0x8c, 0xa8, 0xff, 0xa0, 0xbc, 0xd8, 0xff, 0xa8, 0xc4, 0xe0, 0xff,
    0xa0, 0xc4, 0xe0, 0xff, 0xa8, 0xc4, 0xe8, 0xff, 0xa8, 0xc8, 0xe8, 0xff,
    0xa8, 0xc8, 0xe8, 0xff, 0xa8, 0xc4, 0xe8, 0xff, 0xa8, 0xc4, 0xe8, 0xff,
    0xa8, 0xc8, 0xe8, 0xff, 0xa8, 0xc8, 0xe8, 0xff, 0xa8, 0xc8, 0xe8, 0xff,
    0xa0, 0xc0, 0xe0, 0xff, 0xa0, 0xc0, 0xe0, 0xff, 0xa0, 0xc0, 0xe0, 0xff,
    0xa0, 0xc4, 0xe0, 0xff, 0xa8, 0xc4, 0xe0, 0xff, 0xa0, 0xbc, 0xd8, 0xff,
    0x88, 0xa4, 0xc0, 0xff, 0x80, 0x9c, 0xb8, 0xff, 0x78, 0x90, 0xa8, 0xff,
    0x78, 0x90, 0xb0, 0xff, 0x88, 0xa0, 0xc0, 0xff, 0x70, 0x8c, 0xa8, 0xff,
    0x70, 0x88, 0xa8, 0xff, 0x70, 0x88, 0xa0, 0xff, 0x70, 0x88, 0xa0, 0xff,
    0x78, 0x8c, 0xa8, 0xff, 0x78, 0x8c, 0xa8, 0xff, 0x70, 0x8c, 0xa8, 0xff,
    0x80, 0x9c, 0xb8, 0xff, 0x88, 0xa8, 0xc0, 0xff, 0x88, 0xa0, 0xc0, 0xff,
    0x90, 0xa8, 0xc8, 0xff, 0x90, 0xb0, 0xc8, 0xff, 0x80, 0x98, 0xb8, 0xff,
    0x68, 0x80, 0x98, 0xff, 0x80, 0x9c, 0xb8, 0xff, 0x90, 0xac, 0xc8, 0xff,
    0x80, 0xa0, 0xc0, 0xff, 0x78, 0x94, 0xb0, 0xff, 0x90, 0xa8, 0xc8, 0xff,
    0x98, 0xb4, 0xd0, 0xff, 0x98, 0xb4, 0xd8, 0xff, 0xa0, 0xbc, 0xd8, 0xff,
    0x78, 0x94, 0xb0, 0xff, 0x58, 0x6c, 0x80, 0xff, 0x70, 0x8c, 0xa8, 0xff,
    0x80, 0x9c, 0xb8, 0xff, 0x70, 0x8c, 0xa8, 0xff, 0x40, 0x40, 0x40, 0xff,
    0x40, 0x40, 0x40, 0xc7, 0x48, 0x48, 0x48, 0x30, 0x50, 0x70, 0x48, 0x00,
    0x48, 0x70, 0x48, 0x00, 0x50, 0x70, 0x40, 0x00, 0x48, 0x70, 0x48, 0x00,
    0x50, 0x70, 0x48, 0x00, 0x50, 0x70, 0x48, 0x00, 0x48, 0x70, 0x48, 0x00,
    0x50, 0x70, 0x48, 0x00, 0x48, 0x70, 0x48, 0x00, 0x48, 0x70, 0x40, 0x00,
    0x50, 0x70, 0x48, 0x00, 0x48, 0x70, 0x48, 0x00, 0x48, 0x70, 0x48, 0x00,
    0x50, 0x70, 0x48, 0x00, 0x48, 0x48, 0x48, 0x38, 0x40, 0x40, 0x40, 0xcb,
    0x48, 0x40, 0x40, 0xff, 0x70, 0x80, 0x98, 0xff, 0x78, 0x90, 0xb0, 0xff,
    0x68, 0x80, 0x98, 0xff, 0x60, 0x7c, 0x90, 0xff, 0x90, 0xa8, 0xc8, 0xff,
    0xa0, 0xc0, 0xe0, 0xff, 0xa8, 0xc8, 0xe8, 0xff, 0x98, 0xb4, 0xd8, 0xff,
    0x88, 0xa0, 0xb8, 0xff, 0x88, 0xa8, 0xc8, 0xff, 0x98, 0xb0, 0xd0, 0xff,
    0x98, 0xb4, 0xd0, 0xff, 0x80, 0x98, 0xb8, 0xff, 0x58, 0x70, 0x88, 0xff,
    0x70, 0x88, 0xa0, 0xff, 0xa0, 0xbc, 0xd8, 0xff, 0xa0, 0xc0, 0xe0, 0xff,
    0xa0, 0xc0, 0xe0, 0xff, 0xa0, 0xc0, 0xe0, 0xff, 0xa8, 0xc4, 0xe0, 0xff,
    0xa0, 0xc4, 0xe0, 0xff, 0x98, 0xb8, 0xd8, 0xff, 0x88, 0xa4, 0xc0, 0xff,
    0x90, 0xac, 0xc8, 0xff, 0xa0, 0xc0, 0xe0, 0xff, 0xa8, 0xc4, 0xe0, 0xff,
    0xa0, 0xb8, 0xd8, 0xff, 0x88, 0xa4, 0xc0, 0xff, 0x90, 0xa8, 0xc8, 0xff,
    0xa0, 0xb8, 0xd8, 0xff, 0xa0, 0xc0, 0xe0, 0xff, 0x98, 0xb8, 0xd8, 0xff,
    0x90, 0xac, 0xc8, 0xff, 0x90, 0xa8, 0xc8, 0xff, 0x88, 0xa4, 0xc0, 0xff,
    0x88, 0xa4, 0xc0, 0xff, 0x88, 0xa4, 0xc0, 0xff, 0x88, 0xa4, 0xc0, 0xff,
    0x88, 0xa0, 0xc0, 0xff, 0x80, 0x9c, 0xb8, 0xff, 0x80, 0x98, 0xb0, 0xff,
    0x88, 0xa4, 0xc0, 0xff, 0x88, 0xa4, 0xc0, 0xff, 0x88, 0xa4, 0xc0, 0xff,
    0x88, 0xa4, 0xc0, 0xff, 0x90, 0xa8, 0xc8, 0xff, 0x90, 0xac, 0xc8, 0xff,
    0x90, 0xb0, 0xd0, 0xff, 0x98, 0xb4, 0xd0, 0xff, 0x78, 0x98, 0xb0, 0xff,
    0x60, 0x78, 0x90, 0xff, 0x80, 0x9c, 0xb8, 0xff, 0xa0, 0xbc, 0xd8, 0xff,
    0xa0, 0xbc, 0xe0, 0xff, 0x90, 0xa8, 0xc8, 0xff, 0x80, 0x9c, 0xb8, 0xff,
    0x98, 0xb8, 0xd8, 0xff, 0xa8, 0xc8, 0xe8, 0xff, 0xa0, 0xbc, 0xe0, 0xff,
    0x80, 0x9c, 0xb8, 0xff, 0x68, 0x7c, 0x98, 0xff, 0x78, 0x90, 0xb0, 0xff,
    0x80, 0x98, 0xb0, 0xff, 0x70, 0x84, 0xa0, 0xff, 0x48, 0x48, 0x48, 0xff,
    0x40, 0x40, 0x48, 0xc7, 0x48, 0x48, 0x48, 0x30, 0x50, 0x70, 0x48, 0x00,
    0x48, 0x70, 0x48, 0x00, 0x50, 0x70, 0x48, 0x00, 0x48, 0x70, 0x48, 0x00,
    0x48, 0x70, 0x48, 0x00, 0x50, 0x70, 0x40, 0x00, 0x48, 0x70, 0x48, 0x00,
    0x50, 0x70, 0x48, 0x00, 0x48, 0x70, 0x48, 0x00, 0x50, 0x70, 0x48, 0x00,
    0x50, 0x70, 0x48, 0x00, 0x48, 0x70, 0x48, 0x00, 0x50, 0x70, 0x48, 0x00,
    0x48, 0x70, 0x48, 0x00, 0x48, 0x44, 0x48, 0x30, 0x40, 0x40, 0x40, 0xcb,
    0x30, 0x34, 0x38, 0xff, 0x58, 0x70, 0x88, 0xff, 0x78, 0x90, 0xa8, 0xff,
    0x68, 0x7c, 0x98, 0xff, 0x68, 0x7c, 0x98, 0xff, 0x90, 0xac, 0xc8, 0xff,
    0x98, 0xb8, 0xd8, 0xff, 0x90, 0xb0, 0xd0, 0xff, 0x88, 0xa0, 0xb8, 0xff,
    0x88, 0xa4, 0xc0, 0xff, 0x88, 0xa8, 0xc0, 0xff, 0x90, 0xa8, 0xc8, 0xff,
    0x88, 0xa4, 0xc0, 0xff, 0x70, 0x8c, 0xa8, 0xff, 0x58, 0x6c, 0x80, 0xff,
    0x68, 0x80, 0xa0, 0xff, 0x80, 0x98, 0xb0, 0xff, 0x78, 0x94, 0xb0, 0xff,
    0x78, 0x90, 0xa8, 0xff, 0x78, 0x90, 0xa8, 0xff, 0x78, 0x94, 0xb0, 0xff,
    0x78, 0x94, 0xb0, 0xff, 0x78, 0x90, 0xa8, 0xff, 0x68, 0x7c, 0x90, 0xff,
    0x70, 0x84, 0xa0, 0xff, 0x80, 0x98, 0xb8, 0xff, 0x80, 0x9c, 0xb8, 0xff,
    0x80, 0x98, 0xb8, 0xff, 0x70, 0x84, 0xa0, 0xff, 0x70, 0x88, 0xa0, 0xff,
    0x80, 0x9c, 0xb8, 0xff, 0x88, 0xa0, 0xb8, 0xff, 0x80, 0x98, 0xb8, 0xff,
    0x88, 0xa4, 0xc8, 0xff, 0x98, 0xb4, 0xd0, 0xff, 0x90, 0xac, 0xc8, 0xff,
    0x90, 0xac, 0xc8, 0xff, 0x90, 0xac, 0xc8, 0xff, 0x90, 0xa8, 0xc8, 0xff,
    0x90, 0xac, 0xc8, 0xff, 0x90, 0xac, 0xc8, 0xff, 0x90, 0xac, 0xc8, 0xff,
    0x90, 0xac, 0xc8, 0xff, 0x90, 0xac, 0xc8, 0xff, 0x90, 0xa8, 0xc8, 0xff,
    0x88, 0xa4, 0xc0, 0xff, 0x90, 0xac, 0xc8, 0xff, 0x98, 0xb0, 0xd0, 0xff,
    0x98, 0xb8, 0xd8, 0xff, 0x98, 0xb4, 0xd0, 0xff, 0x78, 0x94, 0xb0, 0xff,
    0x58, 0x6c, 0x88, 0xff, 0x70, 0x8c, 0xa8, 0xff, 0x90, 0xa8, 0xc8, 0xff,
    0x90, 0xb0, 0xd0, 0xff, 0x90, 0xac, 0xc8, 0xff, 0x90, 0xa8, 0xc8, 0xff,
    0x90, 0xac, 0xc8, 0xff, 0xa0, 0xb8, 0xd8, 0xff, 0x98, 0xbc, 0xd8, 0xff,
    0x80, 0x9c, 0xb8, 0xff, 0x68, 0x7c, 0x90, 0xff, 0x78, 0x90, 0xa8, 0xff,
    0x78, 0x94, 0xb0, 0xff, 0x60, 0x74, 0x88, 0xff, 0x30, 0x34, 0x38, 0xff,
    0x40, 0x40, 0x40, 0xcb, 0x48, 0x44, 0x48, 0x30, 0x50, 0x70, 0x48, 0x00,
    0x48, 0x70, 0x48, 0x00, 0x50, 0x70, 0x48, 0x00, 0x50, 0x70, 0x48, 0x00,
    0x48, 0x70, 0x48, 0x00, 0x50, 0x70, 0x48, 0x00, 0x50, 0x70, 0x48, 0x00,
    0x48, 0x70, 0x48, 0x00, 0x50, 0x70, 0x48, 0x00, 0x48, 0x70, 0x48, 0x00,
    0x48, 0x70, 0x48, 0x00, 0x50, 0x70, 0x40, 0x00, 0x50, 0x70, 0x48, 0x00,
    0x48, 0x70, 0x48, 0x00, 0x40, 0x44, 0x48, 0x20, 0x40, 0x40, 0x40, 0xc7,
    0x30, 0x34, 0x38, 0xff, 0x48, 0x58, 0x70, 0xff, 0x70, 0x8c, 0xa8, 0xff,
    0x68, 0x80, 0xa0, 0xff, 0x68, 0x80, 0x98, 0xff, 0x90, 0xa8, 0xc8, 0xff,
    0x98, 0xb4, 0xd0, 0xff, 0x90, 0xac, 0xc8, 0xff, 0x80, 0x9c, 0xb8, 0xff,
    0x80, 0x9c, 0xb8, 0xff, 0x78, 0x8c, 0xa8, 0xff, 0x68, 0x80, 0x98, 0xff,
    0x80, 0x98, 0xb0, 0xff, 0x70, 0x8c, 0xa8, 0xff, 0x60, 0x78, 0x90, 0xff,
    0x78, 0x8c, 0xa8, 0xff, 0x78, 0x90, 0xa8, 0xff, 0x70, 0x84, 0xa0, 0xff,
    0x60, 0x7c, 0x98, 0xff, 0x68, 0x80, 0x98, 0xff, 0x78, 0x8c, 0xa8, 0xff,
    0x78, 0x90, 0xb0, 0xff, 0x78, 0x94, 0xb0, 0xff, 0x80, 0x98, 0xb0, 0xff,
    0x80, 0x98, 0xb8, 0xff, 0x80, 0x98, 0xb8, 0xff, 0x80, 0x9c, 0xb8, 0xff,
    0x80, 0xa0, 0xb8, 0xff, 0x88, 0xa0, 0xc0, 0xff, 0x88, 0xa0, 0xc0, 0xff,
    0x80, 0xa0, 0xc0, 0xff, 0x88, 0xa0, 0xc0, 0xff, 0x80, 0x98, 0xb0, 0xff,
    0x88, 0xa4, 0xc0, 0xff, 0x98, 0xb0, 0xd0, 0xff, 0x98, 0xb0, 0xd0, 0xff,
    0x90, 0xac, 0xc8, 0xff, 0x90, 0xb0, 0xc8, 0xff, 0x90, 0xac, 0xc8, 0xff,
    0x90, 0xb0, 0xc8, 0xff, 0x90, 0xac, 0xc8, 0xff, 0x90, 0xac, 0xc8, 0xff,
    0x90, 0xac, 0xc8, 0xff, 0x90, 0xac, 0xc8, 0xff, 0x90, 0xa8, 0xc8, 0xff,
    0x88, 0xa4, 0xc0, 0xff, 0x88, 0xa4, 0xc0, 0xff, 0x88, 0xa0, 0xc0, 0xff,
    0x88, 0xa4, 0xc0, 0xff, 0x90, 0xac, 0xc8, 0xff, 0x80, 0x94, 0xb0, 0xff,
    0x60, 0x74, 0x88, 0xff, 0x78, 0x90, 0xb0, 0xff, 0x80, 0x9c, 0xb8, 0xff,
    0x70, 0x84, 0xa0, 0xff, 0x78, 0x90, 0xa8, 0xff, 0x88, 0xa0, 0xc0, 0xff,
    0x90, 0xac, 0xc8, 0xff, 0x98, 0xb8, 0xd8, 0xff, 0x98, 0xb8, 0xd8, 0xff,
    0x80, 0x98, 0xb0, 0xff, 0x70, 0x84, 0xa0, 0xff, 0x78, 0x94, 0xb0, 0xff,
    0x78, 0x90, 0xb0, 0xff, 0x58, 0x5c, 0x68, 0xff, 0x30, 0x30, 0x38, 0xff,
    0x40, 0x40, 0x40, 0xc7, 0x48, 0x48, 0x48, 0x30, 0x50, 0x70, 0x48, 0x00,
    0x48, 0x70, 0x48, 0x00, 0x48, 0x70, 0x48, 0x00, 0x50, 0x70, 0x40, 0x00,
    0x48, 0x70, 0x48, 0x00, 0x48, 0x70, 0x48, 0x00, 0x50, 0x70, 0x48, 0x00,
    0x48, 0x70, 0x48, 0x00, 0x50, 0x70, 0x48, 0x00, 0x50, 0x70, 0x48, 0x00,
    0x48, 0x70, 0x48, 0x00, 0x48, 0x70, 0x48, 0x00, 0x50, 0x70, 0x48, 0x00,
    0x50, 0x70, 0x48, 0x00, 0x40, 0x44, 0x48, 0x24, 0x48, 0x4c, 0x50, 0xba,
    0x38, 0x30, 0x38, 0xff, 0x40, 0x40, 0x40, 0xff, 0x70, 0x80, 0x98, 0xff,
    0x68, 0x80, 0x98, 0xff, 0x68, 0x84, 0xa0, 0xff, 0x78, 0x94, 0xb0, 0xff,
    0x80, 0x9c, 0xb8, 0xff, 0x80, 0x94, 0xb0, 0xff, 0x78, 0x90, 0xa8, 0xff,
    0x78, 0x90, 0xa8, 0xff, 0x68, 0x80, 0xa0, 0xff, 0x58, 0x70, 0x88, 0xff,
    0x60, 0x70, 0x88, 0xff, 0x58, 0x6c, 0x80, 0xff, 0x60, 0x78, 0x90, 0xff,
    0x70, 0x8c, 0xa8, 0xff, 0x68, 0x80, 0xa0, 0xff, 0x68, 0x7c, 0x90, 0xff,
    0x58, 0x6c, 0x80, 0xff, 0x58, 0x70, 0x88, 0xff, 0x70, 0x84, 0xa0, 0xff,
    0x78, 0x90, 0xa8, 0xff, 0x80, 0x9c, 0xb8, 0xff, 0x88, 0xa0, 0xc0, 0xff,
    0x80, 0xa0, 0xb8, 0xff, 0x88, 0xa4, 0xc0, 0xff, 0x88, 0xa4, 0xc0, 0xff,
    0x88, 0xa4, 0xc0, 0xff, 0x88, 0xa8, 0xc0, 0xff, 0x88, 0xa4, 0xc0, 0xff,
    0x88, 0xa4, 0xc0, 0xff, 0x88, 0xa4, 0xc0, 0xff, 0x80, 0x9c, 0xb8, 0xff,
    0x80, 0xa0, 0xb8, 0xff, 0x88, 0xa8, 0xc8, 0xff, 0x88, 0xa4, 0xc0, 0xff,
    0x88, 0xa4, 0xc0, 0xff, 0x88, 0xa0, 0xc0, 0xff, 0x88, 0xa4, 0xc0, 0xff,
    0x88, 0xa0, 0xc0, 0xff, 0x88, 0xa0, 0xc0, 0xff, 0x88, 0xa0, 0xb8, 0xff,
    0x80, 0x9c, 0xb8, 0xff, 0x80, 0x9c, 0xb8, 0xff, 0x78, 0x90, 0xb0, 0xff,
    0x70, 0x84, 0xa0, 0xff, 0x58, 0x70, 0x88, 0xff, 0x58, 0x74, 0x88, 0xff,
    0x70, 0x84, 0xa0, 0xff, 0x78, 0x90, 0xb0, 0xff, 0x78, 0x90, 0xa8, 0xff,
    0x58, 0x70, 0x88, 0xff, 0x58, 0x6c, 0x80, 0xff, 0x60, 0x78, 0x90, 0xff,
    0x60, 0x74, 0x88, 0xff, 0x68, 0x80, 0x98, 0xff, 0x78, 0x90, 0xa8, 0xff,
    0x78, 0x98, 0xb0, 0xff, 0x88, 0xa0, 0xc0, 0xff, 0x80, 0x9c, 0xb8, 0xff,
    0x78, 0x8c, 0xa8, 0xff, 0x60, 0x7c, 0x98, 0xff, 0x70, 0x88, 0xa0, 0xff,
    0x70, 0x84, 0xa0, 0xff, 0x40, 0x40, 0x40, 0xff, 0x30, 0x34, 0x38, 0xff,
    0x48, 0x4c, 0x50, 0xba, 0x48, 0x44, 0x48, 0x24, 0x50, 0x70, 0x48, 0x00,
    0x48, 0x70, 0x48, 0x00, 0x50, 0x70, 0x48, 0x00, 0x50, 0x70, 0x48, 0x00,
    0x48, 0x70, 0x48, 0x00, 0x48, 0x70, 0x48, 0x00, 0x50, 0x70, 0x48, 0x00,
    0x48, 0x70, 0x48, 0x00, 0x50, 0x70, 0x48, 0x00, 0x50, 0x70, 0x40, 0x00,
    0x48, 0x70, 0x48, 0x00, 0x50, 0x70, 0x48, 0x00, 0x48, 0x70, 0x48, 0x00,
    0x50, 0x70, 0x48, 0x00, 0x88, 0x9c, 0xb0, 0x00, 0x48, 0x44, 0x48, 0x9a,
    0x30, 0x34, 0x38, 0xff, 0x30, 0x34, 0x38, 0xff, 0x50, 0x64, 0x78, 0xff,
    0x68, 0x80, 0xa0, 0xff, 0x68, 0x80, 0x98, 0xff, 0x70, 0x88, 0xa0, 0xff,
    0x70, 0x84, 0xa0, 0xff, 0x68, 0x80, 0xa0, 0xff, 0x60, 0x78, 0x90, 0xff,
    0x68, 0x7c, 0x98, 0xff, 0x58, 0x70, 0x88, 0xff, 0x50, 0x64, 0x78, 0xff,
    0x48, 0x58, 0x70, 0xff, 0x48, 0x5c, 0x70, 0xff, 0x58, 0x6c, 0x80, 0xff,
    0x60, 0x78, 0x90, 0xff, 0x58, 0x6c, 0x80, 0xff, 0x50, 0x64, 0x80, 0xff,
    0x48, 0x58, 0x70, 0xff, 0x48, 0x58, 0x70, 0xff, 0x48, 0x60, 0x70, 0xff,
    0x58, 0x6c, 0x80, 0xff, 0x60, 0x74, 0x88, 0xff, 0x60, 0x74, 0x90, 0xff,
    0x60, 0x74, 0x88, 0xff, 0x60, 0x78, 0x90, 0xff, 0x68, 0x7c, 0x90, 0xff,
    0x68, 0x80, 0xa0, 0xff, 0x68, 0x80, 0x98, 0xff, 0x68, 0x80, 0x98, 0xff,
    0x68, 0x80, 0x98, 0xff, 0x68, 0x7c, 0x98, 0xff, 0x60, 0x74, 0x90, 0xff,
    0x68, 0x7c, 0x98, 0xff, 0x68, 0x80, 0x98, 0xff, 0x68, 0x80, 0xa0, 0xff,
    0x68, 0x80, 0x98, 0xff, 0x68, 0x7c, 0x98, 0xff, 0x68, 0x80, 0x98, 0xff,
    0x68, 0x80, 0x98, 0xff, 0x60, 0x78, 0x90, 0xff, 0x60, 0x70, 0x90, 0xff,
    0x60, 0x70, 0x90, 0xff, 0x58, 0x70, 0x88, 0xff, 0x58, 0x6c, 0x80, 0xff,
    0x48, 0x5c, 0x70, 0xff, 0x40, 0x54, 0x68, 0xff, 0x50, 0x5c, 0x70, 0xff,
    0x58, 0x6c, 0x80, 0xff, 0x58, 0x70, 0x88, 0xff, 0x60, 0x78, 0x90, 0xff,
    0x50, 0x64, 0x80, 0xff, 0x48, 0x5c, 0x70, 0xff, 0x48, 0x58, 0x70, 0xff,
    0x50, 0x68, 0x80, 0xff, 0x60, 0x74, 0x88, 0xff, 0x60, 0x7c, 0x98, 0xff,
    0x68, 0x7c, 0x98, 0xff, 0x70, 0x84, 0xa0, 0xff, 0x70, 0x84, 0xa0, 0xff,
    0x70, 0x88, 0xa0, 0xff, 0x68, 0x80, 0x98, 0xff, 0x68, 0x80, 0xa0, 0xff,
    0x60, 0x64, 0x68, 0xff, 0x30, 0x34, 0x38, 0xff, 0x30, 0x30, 0x38, 0xff,
    0x48, 0x44, 0x48, 0x9a, 0x68, 0x70, 0x80, 0x04, 0x48, 0x70, 0x48, 0x00,
    0x50, 0x70, 0x48, 0x00, 0x48, 0x70, 0x48, 0x00, 0x50, 0x70, 0x48, 0x00,
    0x50, 0x70, 0x48, 0x00, 0x48, 0x70, 0x48, 0x00, 0x48, 0x70, 0x48, 0x00,
    0x48, 0x70, 0x48, 0x00, 0x48, 0x70, 0x48, 0x00, 0x50, 0x70, 0x48, 0x00,
    0x48, 0x70, 0x48, 0x00, 0x50, 0x70, 0x48, 0x00, 0x48, 0x70, 0x48, 0x00,
    0x48, 0x70, 0x48, 0x00, 0x50, 0x70, 0x48, 0x00, 0x48, 0x48, 0x48, 0x49,
    0x40, 0x40, 0x40, 0xc7, 0x38, 0x34, 0x38, 0xe7, 0x38, 0x38, 0x40, 0xe7,
    0x60, 0x74, 0x88, 0xff, 0x70, 0x84, 0xa0, 0xff, 0x78, 0x8c, 0xa8, 0xff,
    0x78, 0x90, 0xa8, 0xff, 0x68, 0x84, 0xa0, 0xff, 0x60, 0x78, 0x90, 0xff,
    0x68, 0x7c, 0x98, 0xff, 0x50, 0x64, 0x80, 0xff, 0x40, 0x50, 0x60, 0xff,
    0x40, 0x50, 0x60, 0xff, 0x40, 0x50, 0x68, 0xff, 0x40, 0x4c, 0x60, 0xff,
    0x40, 0x50, 0x60, 0xff, 0x40, 0x54, 0x68, 0xff, 0x40, 0x50, 0x60, 0xff,
    0x40, 0x50, 0x60, 0xff, 0x40, 0x50, 0x60, 0xff, 0x40, 0x50, 0x60, 0xff,
    0x40, 0x4c, 0x60, 0xff, 0x38, 0x4c, 0x60, 0xff, 0x40, 0x4c, 0x60, 0xff,
    0x38, 0x44, 0x58, 0xff, 0x38, 0x4c, 0x58, 0xff, 0x40, 0x50, 0x60, 0xff,
    0x48, 0x58, 0x70, 0xff, 0x48, 0x58, 0x70, 0xff, 0x40, 0x54, 0x68, 0xff,
    0x50, 0x64, 0x80, 0xff, 0x60, 0x78, 0x90, 0xff, 0x68, 0x80, 0x98, 0xff,
    0x60, 0x7c, 0x90, 0xff, 0x60, 0x70, 0x88, 0xff, 0x50, 0x60, 0x70, 0xff,
    0x38, 0x44, 0x58, 0xff, 0x40, 0x50, 0x60, 0xff, 0x40, 0x50, 0x60, 0xff,
    0x40, 0x4c, 0x60, 0xff, 0x38, 0x44, 0x58, 0xff, 0x30, 0x3c, 0x50, 0xff,
    0x38, 0x44, 0x58, 0xff, 0x38, 0x44, 0x58, 0xff, 0x40, 0x4c, 0x58, 0xff,
    0x40, 0x4c, 0x60, 0xff, 0x40, 0x4c, 0x60, 0xff, 0x40, 0x4c, 0x60, 0xff,
    0x38, 0x4c, 0x60, 0xff, 0x40, 0x54, 0x68, 0xff, 0x40, 0x4c, 0x60, 0xff,
    0x40, 0x4c, 0x58, 0xff, 0x40, 0x4c, 0x60, 0xff, 0x40, 0x50, 0x60, 0xff,
    0x40, 0x54, 0x68, 0xff, 0x58, 0x6c, 0x88, 0xff, 0x68, 0x80, 0xa0, 0xff,
    0x60, 0x78, 0x90, 0xff, 0x70, 0x8c, 0xa8, 0xff, 0x78, 0x8c, 0xa8, 0xff,
    0x78, 0x90, 0xb0, 0xff, 0x70, 0x84, 0xa0, 0xff, 0x50, 0x68, 0x80, 0xff,
    0x38, 0x38, 0x38, 0xe3, 0x38, 0x34, 0x38, 0xe3, 0x40, 0x40, 0x40, 0xcb,
    0x48, 0x48, 0x48, 0x49, 0x50, 0x70, 0x48, 0x00, 0x48, 0x70, 0x48, 0x00,
    0x48, 0x70, 0x48, 0x00, 0x50, 0x70, 0x40, 0x00, 0x48, 0x70, 0x48, 0x00,
    0x50, 0x70, 0x48, 0x00, 0x50, 0x70, 0x40, 0x00, 0x48, 0x70, 0x48, 0x00,
    0x50, 0x70, 0x48, 0x00, 0x48, 0x70, 0x48, 0x00, 0x48, 0x70, 0x48, 0x00,
    0x50, 0x70, 0x48, 0x00, 0x50, 0x70, 0x40, 0x00, 0x48, 0x70, 0x48, 0x00,
    0x50, 0x70, 0x48, 0x00, 0x48, 0x70, 0x48, 0x00, 0x68, 0x74, 0x80, 0x10,
    0x48, 0x44, 0x48, 0x30, 0x48, 0x48, 0x48, 0x49, 0x40, 0x40, 0x40, 0x65,
    0x48, 0x4c, 0x50, 0xba, 0x68, 0x80, 0x98, 0xff, 0x70, 0x88, 0xa0, 0xff,
    0x78, 0x8c, 0xa8, 0xff, 0x70, 0x8c, 0xa8, 0xff, 0x68, 0x7c, 0x90, 0xff,
    0x60, 0x7c, 0x90, 0xff, 0x58, 0x6c, 0x88, 0xff, 0x38, 0x44, 0x58, 0xff,
    0x38, 0x44, 0x58, 0xff, 0x38, 0x44, 0x58, 0xff, 0x28, 0x34, 0x40, 0xff,
    0x28, 0x34, 0x48, 0xff, 0x40, 0x4c, 0x60, 0xff, 0x38, 0x4c, 0x58, 0xff,
    0x38, 0x48, 0x60, 0xff, 0x40, 0x4c, 0x60, 0xff, 0x40, 0x48, 0x58, 0xff,
    0x38, 0x4c, 0x60, 0xff, 0x40, 0x4c, 0x58, 0xff, 0x40, 0x4c, 0x58, 0xff,
    0x38, 0x4c, 0x60, 0xff, 0x40, 0x48, 0x60, 0xff, 0x40, 0x4c, 0x58, 0xff,
    0x40, 0x50, 0x60, 0xff, 0x40, 0x50, 0x60, 0xff, 0x40, 0x4c, 0x58, 0xff,
    0x50, 0x64, 0x78, 0xff, 0x60, 0x78, 0x90, 0xff, 0x70, 0x84, 0xa0, 0xff,
    0x68, 0x80, 0xa0, 0xff, 0x60, 0x74, 0x90, 0xff, 0x40, 0x50, 0x60, 0xff,
    0x20, 0x28, 0x38, 0xff, 0x28, 0x34, 0x48, 0xff, 0x30, 0x30, 0x38, 0xff,
    0x20, 0x28, 0x30, 0xff, 0x20, 0x28, 0x30, 0xff, 0x30, 0x34, 0x38, 0xff,
    0x28, 0x38, 0x40, 0xff, 0x28, 0x34, 0x40, 0xff, 0x28, 0x34, 0x48, 0xff,
    0x30, 0x40, 0x50, 0xff, 0x30, 0x3c, 0x50, 0xff, 0x28, 0x34, 0x40, 0xff,
    0x30, 0x3c, 0x50, 0xff, 0x38, 0x44, 0x58, 0xff, 0x30, 0x3c, 0x50, 0xff,
    0x30, 0x40, 0x50, 0xff, 0x38, 0x44, 0x58, 0xff, 0x38, 0x44, 0x58, 0xff,
    0x40, 0x4c, 0x58, 0xff, 0x60, 0x70, 0x88, 0xff, 0x68, 0x7c, 0x90, 0xff,
    0x68, 0x80, 0x98, 0xff, 0x70, 0x8c, 0xa8, 0xff, 0x78, 0x8c, 0xa8, 0xff,
    0x70, 0x8c, 0xa8, 0xff, 0x68, 0x7c, 0x90, 0xff, 0x48, 0x4c, 0x50, 0xba,
    0x40, 0x40, 0x48, 0x65, 0x48, 0x48, 0x48, 0x49, 0x48, 0x48, 0x48, 0x30,
    0x68, 0x74, 0x80, 0x0c, 0x50, 0x70, 0x48, 0x00, 0x48, 0x70, 0x48, 0x00,
    0x50, 0x70, 0x48, 0x00, 0x48, 0x70, 0x48, 0x00, 0x48, 0x70, 0x48, 0x00,
    0x48, 0x70, 0x48, 0x00, 0x50, 0x70, 0x48, 0x00, 0x50, 0x70, 0x48, 0x00,
    0x50, 0x70, 0x48, 0x00, 0x50, 0x70, 0x48, 0x00, 0x48, 0x70, 0x48, 0x00,
    0x50, 0x70, 0x48, 0x00, 0x48, 0x70, 0x48, 0x00, 0x50, 0x70, 0x48, 0x00,
    0x48, 0x70, 0x48, 0x00, 0x50, 0x70, 0x48, 0x00, 0x48, 0x70, 0x48, 0x00,
    0x48, 0x70, 0x48, 0x00, 0x50, 0x70, 0x48, 0x00, 0x48, 0x44, 0x48, 0x30,
    0x48, 0x4c, 0x58, 0xba, 0x70, 0x88, 0xa0, 0xff, 0x70, 0x88, 0xa0, 0xff,
    0x68, 0x84, 0xa0, 0xff, 0x78, 0x8c, 0xa8, 0xff, 0x70, 0x88, 0xa0, 0xff,
    0x60, 0x78, 0x90, 0xff, 0x68, 0x80, 0x98, 0xff, 0x48, 0x58, 0x68, 0xff,
    0x38, 0x44, 0x58, 0xff, 0x30, 0x40, 0x50, 0xff, 0x30, 0x3c, 0x50, 0xff,
    0x30, 0x3c, 0x50, 0xff, 0x40, 0x4c, 0x58, 0xff, 0x40, 0x54, 0x68, 0xff,
    0x40, 0x54, 0x68, 0xff, 0x40, 0x54, 0x68, 0xff, 0x40, 0x50, 0x68, 0xff,
    0x48, 0x58, 0x68, 0xff, 0x48, 0x58, 0x70, 0xff, 0x48, 0x58, 0x68, 0xff,
    0x48, 0x58, 0x68, 0xff, 0x48, 0x58, 0x70, 0xff, 0x48, 0x58, 0x70, 0xff,
    0x48, 0x58, 0x68, 0xff, 0x48, 0x58, 0x70, 0xff, 0x40, 0x50, 0x68, 0xff,
    0x58, 0x6c, 0x80, 0xff, 0x60, 0x74, 0x90, 0xff, 0x68, 0x80, 0x98, 0xff,
    0x60, 0x7c, 0x98, 0xff, 0x58, 0x74, 0x88, 0xff, 0x40, 0x54, 0x68, 0xff,
    0x28, 0x34, 0x40, 0xff, 0x30, 0x40, 0x50, 0xff, 0x28, 0x38, 0x40, 0xff,
    0x28, 0x34, 0x40, 0xff, 0x28, 0x34, 0x48, 0xff, 0x30, 0x38, 0x40, 0xff,
    0x28, 0x38, 0x40, 0xff, 0x30, 0x30, 0x38, 0xff, 0x28, 0x38, 0x40, 0xff,
    0x30, 0x40, 0x50, 0xff, 0x30, 0x3c, 0x50, 0xff, 0x28, 0x38, 0x40, 0xff,
    0x30, 0x40, 0x50, 0xff, 0x30, 0x34, 0x40, 0xff, 0x28, 0x38, 0x40, 0xff,
    0x30, 0x3c, 0x50, 0xff, 0x38, 0x44, 0x58, 0xff, 0x38, 0x44, 0x58, 0xff,
    0x48, 0x60, 0x70, 0xff, 0x68, 0x7c, 0x98, 0xff, 0x60, 0x78, 0x90, 0xff,
    0x70, 0x8c, 0xa8, 0xff, 0x70, 0x8c, 0xa8, 0xff, 0x70, 0x84, 0x98, 0xff,
    0x70, 0x8c, 0xa0, 0xff, 0x68, 0x80, 0x98, 0xff, 0x48, 0x4c, 0x58, 0xba,
    0x40, 0x44, 0x48, 0x24, 0x50, 0x70, 0x48, 0x00, 0x48, 0x70, 0x48, 0x00,
    0x48, 0x70, 0x48, 0x00, 0x50, 0x70, 0x48, 0x00, 0x48, 0x70, 0x48, 0x00,
    0x50, 0x70, 0x48, 0x00, 0x50, 0x70, 0x48, 0x00, 0x48, 0x70, 0x48, 0x00,
    0x50, 0x70, 0x48, 0x00, 0x48, 0x70, 0x48, 0x00, 0x48, 0x70, 0x48, 0x00,
    0x48, 0x70, 0x48, 0x00, 0x48, 0x70, 0x48, 0x00, 0x50, 0x70, 0x40, 0x00,
    0x48, 0x70, 0x48, 0x00, 0x48, 0x70, 0x48, 0x00, 0x50, 0x70, 0x48, 0x00,
    0x50, 0x70, 0x48, 0x00, 0x48, 0x70, 0x48, 0x00, 0x50, 0x70, 0x48, 0x00,
    0x50, 0x70, 0x48, 0x00, 0x48, 0x70, 0x48, 0x00, 0x48, 0x44, 0x48, 0x30,
    0x50, 0x60, 0x78, 0xaa, 0x70, 0x88, 0xa0, 0xfb, 0x58, 0x6c, 0x88, 0xff,
    0x58, 0x70, 0x88, 0xff, 0x70, 0x88, 0xa0, 0xff, 0x78, 0x90, 0xb0, 0xff,
    0x68, 0x7c, 0x98, 0xff, 0x60, 0x78, 0x90, 0xff, 0x60, 0x74, 0x88, 0xff,
    0x48, 0x58, 0x68, 0xff, 0x38, 0x44, 0x58, 0xff, 0x38, 0x44, 0x58, 0xff,
    0x40, 0x4c, 0x58, 0xff, 0x40, 0x50, 0x60, 0xff, 0x40, 0x54, 0x68, 0xff,
    0x48, 0x58, 0x68, 0xff, 0x48, 0x58, 0x68, 0xff, 0x48, 0x58, 0x70, 0xff,
    0x48, 0x58, 0x70, 0xff, 0x48, 0x58, 0x68, 0xff, 0x48, 0x5c, 0x70, 0xff,
    0x48, 0x5c, 0x70, 0xff, 0x48, 0x5c, 0x70, 0xff, 0x48, 0x5c, 0x70, 0xff,
    0x48, 0x5c, 0x78, 0xff, 0x48, 0x58, 0x70, 0xff, 0x48, 0x58, 0x68, 0xff,
    0x58, 0x6c, 0x88, 0xff, 0x68, 0x80, 0x98, 0xff, 0x78, 0x8c, 0xa8, 0xff,
    0x70, 0x84, 0xa0, 0xff, 0x60, 0x78, 0x90, 0xff, 0x48, 0x58, 0x70, 0xff,
    0x30, 0x3c, 0x50, 0xff, 0x30, 0x40, 0x50, 0xff, 0x30, 0x38, 0x40, 0xff,
    0x30, 0x34, 0x48, 0xff, 0x28, 0x38, 0x48, 0xff, 0x30, 0x34, 0x48, 0xff,
    0x30, 0x34, 0x48, 0xff, 0x28, 0x38, 0x40, 0xff, 0x30, 0x34, 0x40, 0xff,
    0x38, 0x44, 0x58, 0xff, 0x38, 0x44, 0x58, 0xff, 0x38, 0x44, 0x58, 0xff,
    0x38, 0x44, 0x58, 0xff, 0x30, 0x40, 0x50, 0xff, 0x30, 0x40, 0x50, 0xff,
    0x38, 0x44, 0x50, 0xff, 0x40, 0x50, 0x60, 0xff, 0x48, 0x60, 0x70, 0xff,
    0x60, 0x74, 0x90, 0xff, 0x58, 0x74, 0x90, 0xff, 0x68, 0x80, 0xa0, 0xff,
    0x78, 0x90, 0xa8, 0xff, 0x70, 0x84, 0xa0, 0xff, 0x58, 0x6c, 0x80, 0xff,
    0x60, 0x74, 0x88, 0xff, 0x70, 0x80, 0x98, 0xff, 0x50, 0x60, 0x78, 0xaa,
    0x48, 0x44, 0x48, 0x20, 0x50, 0x70, 0x48, 0x00, 0x48, 0x70, 0x48, 0x00,
    0x50, 0x70, 0x48, 0x00, 0x48, 0x70, 0x48, 0x00, 0x48, 0x70, 0x48, 0x00,
    0x50, 0x70, 0x48, 0x00, 0x50, 0x70, 0x40, 0x00, 0x48, 0x70, 0x48, 0x00,
    0x50, 0x70, 0x48, 0x00, 0x50, 0x70, 0x40, 0x00, 0x48, 0x70, 0x48, 0x00,
    0x48, 0x70, 0x48, 0x00, 0x50, 0x70, 0x48, 0x00, 0x50, 0x70, 0x48, 0x00,
    0x48, 0x70, 0x48, 0x00, 0x50, 0x70, 0x48, 0x00, 0x48, 0x70, 0x40, 0x00,
    0x48, 0x70, 0x48, 0x00, 0x50, 0x70, 0x48, 0x00, 0x48, 0x70, 0x48, 0x00,
    0x50, 0x70, 0x48, 0x00, 0x48, 0x70, 0x48, 0x00, 0x40, 0x44, 0x48, 0x20,
    0x58, 0x60, 0x70, 0xae, 0x60, 0x78, 0x90, 0xff, 0x50, 0x64, 0x78, 0xff,
    0x50, 0x5c, 0x70, 0xff, 0x60, 0x74, 0x88, 0xff, 0x78, 0x90, 0xa8, 0xff,
    0x70, 0x88, 0xa0, 0xff, 0x60, 0x74, 0x90, 0xff, 0x70, 0x88, 0xa0, 0xff,
    0x78, 0x90, 0xa8, 0xff, 0x58, 0x74, 0x88, 0xff, 0x58, 0x6c, 0x80, 0xff,
    0x58, 0x6c, 0x88, 0xff, 0x58, 0x6c, 0x88, 0xff, 0x58, 0x6c, 0x88, 0xff,
    0x58, 0x6c, 0x88, 0xff, 0x60, 0x74, 0x88, 0xff, 0x60, 0x74, 0x88, 0xff,
    0x60, 0x70, 0x88, 0xff, 0x58, 0x74, 0x90, 0xff, 0x60, 0x70, 0x90, 0xff,
    0x60, 0x74, 0x90, 0xff, 0x60, 0x74, 0x88, 0xff, 0x68, 0x74, 0x88, 0xff,
    0x58, 0x74, 0x88, 0xff, 0x58, 0x6c, 0x80, 0xff, 0x50, 0x64, 0x78, 0xff,
    0x60, 0x74, 0x90, 0xff, 0x80, 0x9c, 0xb8, 0xff, 0x90, 0xb0, 0xd0, 0xff,
    0x90, 0xac, 0xc8, 0xff, 0x80, 0x94, 0xb0, 0xff, 0x58, 0x6c, 0x80, 0xff,
    0x50, 0x5c, 0x70, 0xff, 0x50, 0x64, 0x80, 0xff, 0x50, 0x64, 0x78, 0xff,
    0x50, 0x64, 0x78, 0xff, 0x50, 0x64, 0x78, 0xff, 0x50, 0x64, 0x80, 0xff,
    0x50, 0x68, 0x80, 0xff, 0x50, 0x68, 0x80, 0xff, 0x50, 0x64, 0x80, 0xff,
    0x58, 0x70, 0x88, 0xff, 0x60, 0x74, 0x88, 0xff, 0x58, 0x6c, 0x80, 0xff,
    0x58, 0x70, 0x88, 0xff, 0x58, 0x6c, 0x80, 0xff, 0x50, 0x64, 0x80, 0xff,
    0x50, 0x64, 0x80, 0xff, 0x60, 0x74, 0x88, 0xff, 0x78, 0x8c, 0xa8, 0xff,
    0x68, 0x80, 0x98, 0xff, 0x60, 0x74, 0x88, 0xff, 0x70, 0x88, 0xa0, 0xff,
    0x78, 0x8c, 0xa8, 0xff, 0x60, 0x74, 0x88, 0xff, 0x50, 0x64, 0x78, 0xff,
    0x50, 0x64, 0x80, 0xff, 0x68, 0x7c, 0x98, 0xff, 0x50, 0x60, 0x70, 0xaa,
    0x40, 0x44, 0x48, 0x24, 0x50, 0x70, 0x48, 0x00, 0x48, 0x70, 0x48, 0x00,
    0x50, 0x70, 0x48, 0x00, 0x50, 0x70, 0x48, 0x00, 0x48, 0x70, 0x48, 0x00,
    0x48, 0x70, 0x48, 0x00, 0x50, 0x70, 0x48, 0x00, 0x48, 0x70, 0x48, 0x00,
    0x48, 0x70, 0x48, 0x00, 0x50, 0x70, 0x48, 0x00, 0x50, 0x70, 0x48, 0x00,
    0x50, 0x70, 0x48, 0x00, 0x48, 0x70, 0x48, 0x00, 0x48, 0x70, 0x48, 0x00,
    0x50, 0x70, 0x48, 0x00, 0x50, 0x70, 0x48, 0x00, 0x48, 0x70, 0x48, 0x00,
    0x50, 0x70, 0x48, 0x00, 0x48, 0x70, 0x40, 0x00, 0x48, 0x70, 0x48, 0x00,
    0x50, 0x70, 0x48, 0x00, 0x50, 0x70, 0x48, 0x00, 0x40, 0x44, 0x48, 0x20,
    0x58, 0x60, 0x70, 0xae, 0x60, 0x74, 0x88, 0xff, 0x58, 0x6c, 0x80, 0xff,
    0x50, 0x5c, 0x78, 0xff, 0x58, 0x6c, 0x80, 0xff, 0x68, 0x7c, 0x98, 0xff,
    0x78, 0x90, 0xb0, 0xff, 0x70, 0x84, 0xa0, 0xff, 0x68, 0x80, 0xa0, 0xff,
    0x78, 0x94, 0xb0, 0xff, 0x68, 0x80, 0xa0, 0xff, 0x68, 0x80, 0x98, 0xff,
    0x70, 0x84, 0xa0, 0xff, 0x70, 0x88, 0xa0, 0xff, 0x70, 0x84, 0xa0, 0xff,
    0x70, 0x84, 0xa0, 0xff, 0x70, 0x88, 0xa0, 0xff, 0x70, 0x84, 0xa0, 0xff,
    0x70, 0x84, 0xa0, 0xff, 0x68, 0x80, 0x98, 0xff, 0x68, 0x84, 0xa0, 0xff,
    0x70, 0x84, 0xa0, 0xff, 0x70, 0x88, 0xa0, 0xff, 0x68, 0x80, 0xa0, 0xff,
    0x68, 0x80, 0x98, 0xff, 0x60, 0x74, 0x90, 0xff, 0x50, 0x64, 0x78, 0xff,
    0x58, 0x74, 0x88, 0xff, 0x90, 0xac, 0xc8, 0xff, 0x98, 0xb8, 0xd8, 0xff,
    0xa0, 0xb8, 0xd8, 0xff, 0x88, 0xa8, 0xc0, 0xff, 0x58, 0x6c, 0x80, 0xff,
    0x58, 0x74, 0x88, 0xff, 0x68, 0x80, 0xa0, 0xff, 0x68, 0x80, 0xa0, 0xff,
    0x68, 0x80, 0x98, 0xff, 0x70, 0x84, 0xa0, 0xff, 0x68, 0x80, 0x98, 0xff,
    0x60, 0x78, 0x90, 0xff, 0x68, 0x78, 0x90, 0xff, 0x68, 0x7c, 0x90, 0xff,
    0x68, 0x80, 0x98, 0xff, 0x68, 0x80, 0x98, 0xff, 0x68, 0x80, 0x98, 0xff,
    0x60, 0x78, 0x90, 0xff, 0x58, 0x6c, 0x88, 0xff, 0x68, 0x7c, 0x90, 0xff,
    0x68, 0x7c, 0x90, 0xff, 0x68, 0x80, 0xa0, 0xff, 0x70, 0x8c, 0xa8, 0xff,
    0x68, 0x7c, 0x90, 0xff, 0x70, 0x84, 0xa0, 0xff, 0x78, 0x90, 0xb0, 0xff,
    0x68, 0x80, 0x98, 0xff, 0x58, 0x6c, 0x80, 0xff, 0x50, 0x64, 0x78, 0xff,
    0x58, 0x6c, 0x88, 0xff, 0x68, 0x7c, 0x98, 0xff, 0x50, 0x64, 0x70, 0xaa,
    0x50, 0x50, 0x58, 0x18, 0x48, 0x70, 0x48, 0x00, 0x50, 0x70, 0x48, 0x00,
    0x48, 0x70, 0x48, 0x00, 0x50, 0x70, 0x48, 0x00, 0x50, 0x70, 0x48, 0x00,
    0x48, 0x70, 0x48, 0x00, 0x50, 0x70, 0x48, 0x00, 0x50, 0x70, 0x48, 0x00,
    0x48, 0x70, 0x48, 0x00, 0x48, 0x70, 0x48, 0x00, 0x50, 0x70, 0x48, 0x00,
    0x48, 0x70, 0x48, 0x00, 0x50, 0x70, 0x48, 0x00, 0x48, 0x70, 0x40, 0x00,
    0x50, 0x70, 0x48, 0x00, 0x48, 0x70, 0x48, 0x00, 0x50, 0x70, 0x48, 0x00,
    0x50, 0x70, 0x48, 0x00, 0x48, 0x70, 0x48, 0x00, 0x50, 0x70, 0x48, 0x00,
    0x48, 0x70, 0x48, 0x00, 0x50, 0x70, 0x48, 0x00, 0x68, 0x74, 0x80, 0x04,
    0x60, 0x70, 0x80, 0x55, 0x60, 0x78, 0x90, 0xd7, 0x58, 0x74, 0x90, 0xff,
    0x50, 0x64, 0x78, 0xff, 0x50, 0x64, 0x78, 0xff, 0x58, 0x6c, 0x88, 0xff,
    0x70, 0x8c, 0xa8, 0xff, 0x88, 0xa8, 0xc8, 0xff, 0x90, 0xa8, 0xc8, 0xff,
    0x88, 0xa4, 0xc0, 0xff, 0x80, 0x9c, 0xb8, 0xff, 0x88, 0xa4, 0xc0, 0xff,
    0x90, 0xac, 0xc8, 0xff, 0x90, 0xac, 0xc8, 0xff, 0x88, 0xa8, 0xc0, 0xff,
    0x90, 0xa8, 0xc8, 0xff, 0x90, 0xa8, 0xc8, 0xff, 0x90, 0xa8, 0xc8, 0xff,
    0x88, 0xa8, 0xc8, 0xff, 0x88, 0xa4, 0xc0, 0xff, 0x88, 0xa4, 0xc0, 0xff,
    0x88, 0xa4, 0xc0, 0xff, 0x88, 0xa4, 0xc0, 0xff, 0x88, 0xa4, 0xc0, 0xff,
    0x80, 0x9c, 0xb8, 0xff, 0x78, 0x90, 0xb0, 0xff, 0x68, 0x80, 0xa0, 0xff,
    0x60, 0x78, 0x90, 0xff, 0x80, 0x9c, 0xb8, 0xff, 0x98, 0xb4, 0xd0, 0xff,
    0x98, 0xb4, 0xd8, 0xff, 0x78, 0x94, 0xb0, 0xff, 0x60, 0x78, 0x90, 0xff,
    0x78, 0x90, 0xa8, 0xff, 0x80, 0x98, 0xb0, 0xff, 0x78, 0x94, 0xb0, 0xff,
    0x78, 0x94, 0xb0, 0xff, 0x80, 0x98, 0xb0, 0xff, 0x70, 0x8c, 0xa0, 0xff,
    0x50, 0x64, 0x80, 0xff, 0x50, 0x64, 0x78, 0xff, 0x58, 0x6c, 0x80, 0xff,
    0x58, 0x6c, 0x88, 0xff, 0x58, 0x6c, 0x80, 0xff, 0x50, 0x68, 0x80, 0xff,
    0x50, 0x5c, 0x70, 0xff, 0x50, 0x64, 0x80, 0xff, 0x80, 0x9c, 0xb8, 0xff,
    0x80, 0x9c, 0xb8, 0xff, 0x80, 0x98, 0xb8, 0xff, 0x80, 0xa0, 0xb8, 0xff,
    0x88, 0xa4, 0xc0, 0xff, 0x88, 0xa4, 0xc8, 0xff, 0x70, 0x8c, 0xa8, 0xff,
    0x58, 0x6c, 0x88, 0xff, 0x50, 0x64, 0x80, 0xff, 0x58, 0x6c, 0x80, 0xff,
    0x60, 0x78, 0x90, 0xff, 0x60, 0x78, 0x90, 0xd7, 0x60, 0x70, 0x80, 0x55,
    0x68, 0x74, 0x80, 0x04, 0x50, 0x70, 0x48, 0x00, 0x48, 0x70, 0x48, 0x00,
    0x48, 0x70, 0x48, 0x00, 0x50, 0x70, 0x48, 0x00, 0x48, 0x70, 0x40, 0x00,
    0x48, 0x70, 0x48, 0x00, 0x50, 0x70, 0x48, 0x00, 0x48, 0x70, 0x40, 0x00,
    0x50, 0x70, 0x48, 0x00, 0x48, 0x70, 0x48, 0x00, 0x48, 0x70, 0x48, 0x00,
    0x50, 0x70, 0x48, 0x00, 0x48, 0x70, 0x48, 0x00, 0x50, 0x70, 0x48, 0x00,
    0x48, 0x70, 0x48, 0x00, 0x48, 0x70, 0x48, 0x00, 0x50, 0x70, 0x40, 0x00,
    0x48, 0x70, 0x48, 0x00, 0x50, 0x70, 0x48, 0x00, 0x48, 0x70, 0x48, 0x00,
    0x48, 0x70, 0x48, 0x00, 0x90, 0xa0, 0xb0, 0x04, 0x90, 0xa0, 0xb8, 0x04,
    0x78, 0x90, 0xa8, 0x30, 0x70, 0x88, 0xa0, 0xbe, 0x50, 0x64, 0x80, 0xff,
    0x58, 0x6c, 0x88, 0xff, 0x50, 0x60, 0x70, 0xff, 0x48, 0x60, 0x70, 0xff,
    0x68, 0x80, 0x98, 0xff, 0xa0, 0xb8, 0xd8, 0xff, 0xa0, 0xbc, 0xd8, 0xff,
    0x90, 0xa8, 0xc0, 0xff, 0x90, 0xa8, 0xc8, 0xff, 0xa0, 0xbc, 0xd8, 0xff,
    0xa8, 0xc8, 0xe8, 0xff, 0xa8, 0xc8, 0xe8, 0xff, 0xa0, 0xc4, 0xe0, 0xff,
    0xa8, 0xc8, 0xe8, 0xff, 0xa0, 0xc4, 0xe0, 0xff, 0xa0, 0xc4, 0xe0, 0xff,
    0xa0, 0xc0, 0xe0, 0xff, 0xa0, 0xc0, 0xe0, 0xff, 0xa0, 0xc0, 0xe0, 0xff,
    0xa0, 0xbc, 0xd8, 0xff, 0x98, 0xb8, 0xd8, 0xff, 0x98, 0xb4, 0xd0, 0xff,
    0x98, 0xb0, 0xd0, 0xff, 0x88, 0xa4, 0xc0, 0xff, 0x80, 0x9c, 0xb8, 0xff,
    0x60, 0x70, 0x88, 0xff, 0x68, 0x7c, 0x98, 0xff, 0x98, 0xb0, 0xd0, 0xff,
    0x90, 0xac, 0xc8, 0xff, 0x60, 0x78, 0x90, 0xff, 0x68, 0x80, 0xa0, 0xff,
    0x88, 0xa0, 0xc0, 0xff, 0x80, 0x98, 0xb0, 0xff, 0x70, 0x8c, 0xa8, 0xff,
    0x78, 0x8c, 0xa8, 0xff, 0x78, 0x8c, 0xa8, 0xff, 0x70, 0x8c, 0xa8, 0xff,
    0x68, 0x7c, 0x98, 0xff, 0x70, 0x84, 0xa0, 0xff, 0x70, 0x8c, 0xa8, 0xff,
    0x78, 0x90, 0xb0, 0xff, 0x78, 0x90, 0xb0, 0xff, 0x78, 0x8c, 0xa8, 0xff,
    0x70, 0x80, 0x98, 0xff, 0x70, 0x84, 0xa0, 0xff, 0x90, 0xb0, 0xc8, 0xff,
    0x90, 0xb0, 0xd0, 0xff, 0x88, 0xa4, 0xc0, 0xff, 0x90, 0xa8, 0xc8, 0xff,
    0xa0, 0xbc, 0xd8, 0xff, 0x98, 0xb4, 0xd0, 0xff, 0x60, 0x7c, 0x90, 0xff,
    0x50, 0x64, 0x78, 0xff, 0x50, 0x64, 0x80, 0xff, 0x58, 0x70, 0x88, 0xff,
    0x50, 0x64, 0x80, 0xff, 0x70, 0x88, 0xa0, 0xbe, 0x80, 0x90, 0xa8, 0x28,
    0x90, 0xa0, 0xb8, 0x04, 0x88, 0x9c, 0xb0, 0x00, 0x48, 0x70, 0x48, 0x00,
    0x50, 0x70, 0x48, 0x00, 0x50, 0x70, 0x48, 0x00, 0x48, 0x70, 0x48, 0x00,
    0x50, 0x70, 0x48, 0x00, 0x48, 0x70, 0x48, 0x00, 0x50, 0x70, 0x48, 0x00,
    0x50, 0x70, 0x48, 0x00, 0x48, 0x70, 0x48, 0x00, 0x50, 0x70, 0x48, 0x00,
    0x48, 0x70, 0x48, 0x00, 0x50, 0x70, 0x48, 0x00, 0x50, 0x70, 0x48, 0x00,
    0x48, 0x70, 0x48, 0x00, 0x50, 0x70, 0x48, 0x00, 0x48, 0x70, 0x48, 0x00,
    0x50, 0x70, 0x48, 0x00, 0x50, 0x70, 0x48, 0x00, 0x48, 0x70, 0x40, 0x00,
    0x90, 0xa0, 0xb0, 0x04, 0x78, 0x90, 0xa8, 0x3c, 0x70, 0x80, 0x98, 0x82,
    0x68, 0x7c, 0x90, 0x96, 0x70, 0x84, 0xa0, 0xe3, 0x50, 0x64, 0x78, 0xff,
    0x68, 0x74, 0x88, 0xff, 0x58, 0x6c, 0x80, 0xff, 0x48, 0x5c, 0x78, 0xff,
    0x60, 0x74, 0x90, 0xff, 0x98, 0xb4, 0xd0, 0xff, 0x90, 0xb0, 0xd0, 0xff,
    0x80, 0x9c, 0xb8, 0xff, 0x78, 0x94, 0xb0, 0xff, 0x88, 0xa8, 0xc8, 0xff,
    0xa0, 0xbc, 0xd8, 0xff, 0xa8, 0xc8, 0xe8, 0xff, 0xa8, 0xc8, 0xe8, 0xff,
    0xa0, 0xc4, 0xe0, 0xff, 0xa0, 0xc4, 0xe0, 0xff, 0xa0, 0xbc, 0xe0, 0xff,
    0xa0, 0xc0, 0xd8, 0xff, 0xa0, 0xc0, 0xe0, 0xff, 0xa0, 0xbc, 0xe0, 0xff,
    0x98, 0xb8, 0xd8, 0xff, 0x90, 0xac, 0xc8, 0xff, 0x88, 0xa4, 0xc0, 0xff,
    0x88, 0xa4, 0xc0, 0xff, 0x88, 0xa4, 0xc0, 0xff, 0x80, 0x9c, 0xb8, 0xff,
    0x68, 0x7c, 0x98, 0xff, 0x68, 0x80, 0x98, 0xff, 0x90, 0xac, 0xc8, 0xff,
    0x90, 0xa8, 0xc8, 0xff, 0x70, 0x84, 0xa0, 0xff, 0x70, 0x8c, 0xa8, 0xff,
    0x78, 0x90, 0xa8, 0xff, 0x70, 0x8c, 0xa8, 0xff, 0x98, 0xb0, 0xd0, 0xff,
    0x98, 0xb4, 0xd0, 0xff, 0x98, 0xb8, 0xd8, 0xff, 0x88, 0xa0, 0xc0, 0xff,
    0x50, 0x68, 0x80, 0xff, 0x58, 0x6c, 0x80, 0xff, 0x58, 0x6c, 0x80, 0xff,
    0x60, 0x74, 0x88, 0xff, 0x60, 0x78, 0x90, 0xff, 0x58, 0x70, 0x88, 0xff,
    0x58, 0x6c, 0x80, 0xff, 0x68, 0x80, 0x98, 0xff, 0x80, 0x9c, 0xb8, 0xff,
    0x80, 0x98, 0xb0, 0xff, 0x78, 0x8c, 0xa8, 0xff, 0x80, 0x98, 0xb8, 0xff,
    0x98, 0xb4, 0xd0, 0xff, 0x90, 0xac, 0xc8, 0xff, 0x60, 0x70, 0x88, 0xff,
    0x50, 0x60, 0x70, 0xff, 0x58, 0x74, 0x88, 0xff, 0x60, 0x70, 0x88, 0xff,
    0x50, 0x64, 0x80, 0xff, 0x70, 0x88, 0xa0, 0xe3, 0x68, 0x7c, 0x90, 0x96,
    0x80, 0x94, 0xb0, 0x75, 0x78, 0x90, 0xa8, 0x30, 0x88, 0x9c, 0xb0, 0x00,
    0x50, 0x70, 0x48, 0x00, 0x48, 0x70, 0x48, 0x00, 0x50, 0x70, 0x48, 0x00,
    0x48, 0x70, 0x48, 0x00, 0x48, 0x70, 0x48, 0x00, 0x50, 0x70, 0x48, 0x00,
    0x48, 0x70, 0x40, 0x00, 0x50, 0x70, 0x48, 0x00, 0x48, 0x70, 0x48, 0x00,
    0x48, 0x70, 0x48, 0x00, 0x50, 0x70, 0x48, 0x00, 0x48, 0x70, 0x40, 0x00,
    0x50, 0x70, 0x48, 0x00, 0x48, 0x70, 0x48, 0x00, 0x48, 0x70, 0x48, 0x00,
    0x50, 0x70, 0x48, 0x00, 0x48, 0x70, 0x48, 0x00, 0x50, 0x70, 0x48, 0x00,
    0x90, 0xa0, 0xb8, 0x04, 0x80, 0x94, 0xb0, 0x75, 0x70, 0x8c, 0xa0, 0xf7,
    0x70, 0x80, 0x98, 0xff, 0x70, 0x80, 0x98, 0xff, 0x50, 0x68, 0x80, 0xff,
    0x60, 0x74, 0x88, 0xff, 0x60, 0x78, 0x90, 0xff, 0x60, 0x74, 0x88, 0xff,
    0x60, 0x78, 0x90, 0xff, 0x90, 0xac, 0xc8, 0xff, 0x88, 0xa8, 0xc8, 0xff,
    0x80, 0x98, 0xb0, 0xff, 0x78, 0x94, 0xb0, 0xff, 0x90, 0xac, 0xc8, 0xff,
    0x90, 0xb0, 0xd0, 0xff, 0xa8, 0xc8, 0xe8, 0xff, 0xb0, 0xcc, 0xf0, 0xff,
    0xa8, 0xc4, 0xe0, 0xff, 0xa8, 0xc0, 0xe0, 0xff, 0xa0, 0xc0, 0xe0, 0xff,
    0xa0, 0xbc, 0xd8, 0xff, 0xa0, 0xbc, 0xd8, 0xff, 0xa0, 0xb8, 0xd8, 0xff,
    0x90, 0xa4, 0xc0, 0xff, 0x78, 0x8c, 0xa8, 0xff, 0x70, 0x84, 0xa0, 0xff,
    0x68, 0x80, 0x98, 0xff, 0x60, 0x7c, 0x98, 0xff, 0x78, 0x8c, 0xa8, 0xff,
    0x70, 0x88, 0xa0, 0xff, 0x60, 0x78, 0x90, 0xff, 0x68, 0x84, 0xa0, 0xff,
    0x68, 0x80, 0x98, 0xff, 0x68, 0x80, 0x98, 0xff, 0x78, 0x90, 0xa8, 0xff,
    0x70, 0x8c, 0xa8, 0xff, 0x70, 0x8c, 0xa8, 0xff, 0xa0, 0xbc, 0xd8, 0xff,
    0xa0, 0xc0, 0xe0, 0xff, 0xa0, 0xc0, 0xe0, 0xff, 0x88, 0xa0, 0xb8, 0xff,
    0x70, 0x84, 0xa0, 0xff, 0x80, 0x9c, 0xb8, 0xff, 0x80, 0x9c, 0xb8, 0xff,
    0x88, 0x9c, 0xb8, 0xff, 0x80, 0x9c, 0xb8, 0xff, 0x80, 0x9c, 0xb8, 0xff,
    0x88, 0xa0, 0xc0, 0xff, 0x80, 0x98, 0xb0, 0xff, 0x68, 0x80, 0xa0, 0xff,
    0x78, 0x94, 0xb0, 0xff, 0x70, 0x88, 0xa0, 0xff, 0x78, 0x94, 0xb0, 0xff,
    0x90, 0xa8, 0xc8, 0xff, 0x88, 0xa4, 0xc0, 0xff, 0x58, 0x70, 0x90, 0xff,
    0x60, 0x74, 0x90, 0xff, 0x68, 0x7c, 0x98, 0xff, 0x60, 0x74, 0x88, 0xff,
    0x58, 0x6c, 0x80, 0xff, 0x68, 0x80, 0x98, 0xff, 0x68, 0x7c, 0x98, 0xff,
    0x78, 0x8c, 0xa0, 0xf7, 0x88, 0x98, 0xb0, 0x65, 0x90, 0xa0, 0xb0, 0x04,
    0x48, 0x70, 0x48, 0x00, 0x48, 0x70, 0x48, 0x00, 0x50, 0x70, 0x40, 0x00,
    0x50, 0x70, 0x48, 0x00, 0x48, 0x70, 0x48, 0x00, 0x48, 0x70, 0x48, 0x00,
    0x50, 0x70, 0x48, 0x00, 0x48, 0x70, 0x48, 0x00, 0x50, 0x70, 0x48, 0x00,
    0x50, 0x70, 0x48, 0x00, 0x48, 0x70, 0x48, 0x00, 0x48, 0x70, 0x48, 0x00,
    0x50, 0x70, 0x48, 0x00, 0x50, 0x70, 0x48, 0x00, 0x48, 0x70, 0x40, 0x00,
    0x50, 0x70, 0x48, 0x00, 0x48, 0x70, 0x48, 0x00, 0x48, 0x70, 0x48, 0x00,
    0x90, 0xa0, 0xb0, 0x04, 0x80, 0x94, 0xb0, 0x75, 0x70, 0x8c, 0xa8, 0xf7,
    0x68, 0x7c, 0x98, 0xff, 0x70, 0x84, 0xa0, 0xff, 0x58, 0x6c, 0x80, 0xff,
    0x60, 0x6c, 0x80, 0xff, 0x68, 0x7c, 0x98, 0xff, 0x78, 0x90, 0xa8, 0xff,
    0x70, 0x80, 0x98, 0xff, 0x90, 0xa8, 0xc8, 0xff, 0x88, 0xa8, 0xc8, 0xff,
    0x78, 0x94, 0xb0, 0xff, 0x80, 0x98, 0xb8, 0xff, 0xa0, 0xb8, 0xd8, 0xff,
    0x98, 0xb4, 0xd0, 0xff, 0xa8, 0xc8, 0xe8, 0xff, 0xb0, 0xd0, 0xf0, 0xff,
    0xa8, 0xc8, 0xe8, 0xff, 0xa0, 0xc0, 0xe0, 0xff, 0xa0, 0xbc, 0xd8, 0xff,
    0xa0, 0xb8, 0xd8, 0xff, 0x98, 0xb8, 0xd8, 0xff, 0x90, 0xb0, 0xd0, 0xff,
    0x78, 0x94, 0xb0, 0xff, 0x60, 0x74, 0x88, 0xff, 0x60, 0x74, 0x90, 0xff,
    0x50, 0x64, 0x78, 0xff, 0x40, 0x54, 0x68, 0xff, 0x60, 0x74, 0x90, 0xff,
    0x78, 0x90, 0xa8, 0xff, 0x70, 0x8c, 0xa8, 0xff, 0x70, 0x84, 0xa0, 0xff,
    0x70, 0x84, 0xa0, 0xff, 0x78, 0x94, 0xb0, 0xff, 0x88, 0xa0, 0xc0, 0xff,
    0x78, 0x90, 0xa8, 0xff, 0x78, 0x90, 0xa8, 0xff, 0xa0, 0xbc, 0xd8, 0xff,
    0xa0, 0xc0, 0xe0, 0xff, 0x98, 0xb8, 0xd8, 0xff, 0x88, 0xa0, 0xb8, 0xff,
    0x98, 0xb4, 0xd0, 0xff, 0xa0, 0xc0, 0xe0, 0xff, 0xa0, 0xbc, 0xd8, 0xff,
    0x98, 0xb8, 0xd8, 0xff, 0xa0, 0xbc, 0xd8, 0xff, 0xa0, 0xbc, 0xe0, 0xff,
    0xa0, 0xc0, 0xe0, 0xff, 0x90, 0xa8, 0xc0, 0xff, 0x60, 0x74, 0x90, 0xff,
    0x78, 0x90, 0xa8, 0xff, 0x68, 0x80, 0x98, 0xff, 0x78, 0x90, 0xb0, 0xff,
    0x88, 0xa8, 0xc0, 0xff, 0x88, 0xa0, 0xc0, 0xff, 0x60, 0x7c, 0x90, 0xff,
    0x78, 0x90, 0xb0, 0xff, 0x68, 0x7c, 0x98, 0xff, 0x58, 0x6c, 0x80, 0xff,
    0x58, 0x70, 0x88, 0xff, 0x68, 0x80, 0xa0, 0xff, 0x60, 0x78, 0x90, 0xff,
    0x78, 0x8c, 0xa0, 0xf7, 0x88, 0x98, 0xb0, 0x65, 0x88, 0xa0, 0xb8, 0x04,
    0x50, 0x70, 0x48, 0x00, 0x48, 0x70, 0x48, 0x00, 0x50, 0x70, 0x48, 0x00,
    0x50, 0x70, 0x48, 0x00, 0x48, 0x70, 0x48, 0x00, 0x50, 0x70, 0x40, 0x00,
    0x50, 0x70, 0x48, 0x00, 0x48, 0x70, 0x48, 0x00, 0x48, 0x70, 0x48, 0x00,
    0x48, 0x70, 0x48, 0x00, 0x50, 0x70, 0x48, 0x00, 0x50, 0x70, 0x48, 0x00,
    0x48, 0x70, 0x48, 0x00, 0x50, 0x70, 0x48, 0x00, 0x48, 0x70, 0x48, 0x00,
    0x50, 0x70, 0x48, 0x00, 0x50, 0x70, 0x48, 0x00, 0x48, 0x70, 0x48, 0x00,
    0x90, 0x9c, 0xb0, 0x04, 0x80, 0x94, 0xb0, 0x75, 0x70, 0x84, 0xa0, 0xfb,
    0x68, 0x7c, 0x90, 0xff, 0x70, 0x84, 0xa0, 0xff, 0x58, 0x74, 0x88, 0xff,
    0x50, 0x64, 0x80, 0xff, 0x68, 0x7c, 0x98, 0xff, 0x78, 0x94, 0xb0, 0xff,
    0x68, 0x80, 0x98, 0xff, 0x90, 0xac, 0xc8, 0xff, 0x98, 0xb4, 0xd0, 0xff,
    0x88, 0xa0, 0xc0, 0xff, 0x98, 0xb0, 0xd0, 0xff, 0x98, 0xb8, 0xd8, 0xff,
    0x98, 0xb0, 0xd0, 0xff, 0xa8, 0xc8, 0xe8, 0xff, 0xb0, 0xd4, 0xf0, 0xff,
    0xb0, 0xd0, 0xf0, 0xff, 0xa8, 0xc4, 0xe8, 0xff, 0xa0, 0xc0, 0xe0, 0xff,
    0x98, 0xb8, 0xd8, 0xff, 0x90, 0xac, 0xc8, 0xff, 0x88, 0xa4, 0xc0, 0xff,
    0x98, 0xb4, 0xd0, 0xff, 0x90, 0xb0, 0xd0, 0xff, 0x98, 0xb0, 0xd0, 0xff,
    0x90, 0xac, 0xc8, 0xff, 0x88, 0xa4, 0xc0, 0xff, 0x78, 0x8c, 0xa8, 0xff,
    0x70, 0x88, 0xa0, 0xff, 0x78, 0x94, 0xb0, 0xff, 0x80, 0x98, 0xb0, 0xff,
    0x80, 0x98, 0xb8, 0xff, 0x80, 0xa0, 0xc0, 0xff, 0x88, 0xa4, 0xc0, 0xff,
    0x78, 0x8c, 0xa8, 0xff, 0x78, 0x90, 0xa8, 0xff, 0xa0, 0xbc, 0xe0, 0xff,
    0xa0, 0xc0, 0xe0, 0xff, 0x98, 0xb0, 0xd0, 0xff, 0x78, 0x94, 0xb0, 0xff,
    0x90, 0xb0, 0xd0, 0xff, 0xa0, 0xbc, 0xd8, 0xff, 0x98, 0xb8, 0xd8, 0xff,
    0x98, 0xb4, 0xd8, 0xff, 0xa0, 0xbc, 0xd8, 0xff, 0xa0, 0xc0, 0xe0, 0xff,
    0xa0, 0xc4, 0xe0, 0xff, 0x88, 0xa8, 0xc8, 0xff, 0x58, 0x6c, 0x80, 0xff,
    0x70, 0x88, 0xa8, 0xff, 0x78, 0x94, 0xb0, 0xff, 0x78, 0x94, 0xb0, 0xff,
    0x90, 0xac, 0xc8, 0xff, 0x80, 0x9c, 0xb8, 0xff, 0x68, 0x7c, 0x90, 0xff,
    0x78, 0x94, 0xb0, 0xff, 0x68, 0x80, 0x98, 0xff, 0x60, 0x6c, 0x78, 0xff,
    0x60, 0x78, 0x90, 0xff, 0x70, 0x84, 0xa0, 0xff, 0x60, 0x78, 0x90, 0xff,
    0x70, 0x8c, 0xa8, 0xf7, 0x88, 0x98, 0xb0, 0x65, 0x90, 0xa0, 0xb8, 0x04,
    0x48, 0x70, 0x48, 0x00, 0x50, 0x70, 0x48, 0x00, 0x48, 0x70, 0x48, 0x00,
    0x48, 0x70, 0x48, 0x00, 0x50, 0x70, 0x48, 0x00, 0x48, 0x70, 0x48, 0x00,
    0x50, 0x70, 0x48, 0x00, 0x50, 0x70, 0x48, 0x00, 0x48, 0x70, 0x48, 0x00,
    0x48, 0x70, 0x48, 0x00, 0x50, 0x70, 0x48, 0x00, 0x48, 0x70, 0x40, 0x00,
    0x48, 0x70, 0x48, 0x00, 0x50, 0x70, 0x48, 0x00, 0x48, 0x70, 0x48, 0x00,
    0x48, 0x70, 0x40, 0x00, 0x50, 0x70, 0x48, 0x00, 0x48, 0x70, 0x48, 0x00,
    0x90, 0xa0, 0xb0, 0x04, 0x80, 0x94, 0xb0, 0x75, 0x70, 0x88, 0xa0, 0xfb,
    0x60, 0x7c, 0x90, 0xff, 0x70, 0x88, 0xa0, 0xff, 0x60, 0x78, 0x90, 0xff,
    0x60, 0x6c, 0x78, 0xff, 0x70, 0x80, 0x98, 0xff, 0x78, 0x94, 0xb0, 0xff,
    0x68, 0x80, 0x98, 0xff, 0x90, 0xac, 0xc8, 0xff, 0xa8, 0xc8, 0xe8, 0xff,
    0x98, 0xb8, 0xd8, 0xff, 0x98, 0xb4, 0xd0, 0xff, 0x90, 0xb0, 0xd0, 0xff,
    0xa0, 0xc0, 0xd8, 0xff, 0xb0, 0xcc, 0xf0, 0xff, 0xb8, 0xd8, 0xf8, 0xff,
    0xb8, 0xd4, 0xf0, 0xff, 0xa8, 0xc8, 0xe8, 0xff, 0xa0, 0xbc, 0xe0, 0xff,
    0x98, 0xb4, 0xd0, 0xff, 0x88, 0x98, 0xb0, 0xff, 0x88, 0x8c, 0x98, 0xff,
    0xa8, 0xc8, 0xe8, 0xff, 0xb0, 0xd0, 0xf0, 0xff, 0xb0, 0xd0, 0xf0, 0xff,
    0xb0, 0xd0, 0xf0, 0xff, 0xa0, 0xc0, 0xe0, 0xff, 0x70, 0x88, 0xa0, 0xff,
    0x58, 0x70, 0x88, 0xff, 0x68, 0x80, 0x98, 0xff, 0x70, 0x88, 0xa0, 0xff,
    0x70, 0x8c, 0xa8, 0xff, 0x78, 0x8c, 0xa8, 0xff, 0x78, 0x90, 0xa8, 0xff,
    0x68, 0x7c, 0x98, 0xff, 0x70, 0x8c, 0xa8, 0xff, 0xa0, 0xc0, 0xe0, 0xff,
    0xa0, 0xc0, 0xe0, 0xff, 0x90, 0xac, 0xc8, 0xff, 0x70, 0x84, 0xa0, 0xff,
    0x90, 0xac, 0xc8, 0xff, 0xa0, 0xc0, 0xe0, 0xff, 0x98, 0xb8, 0xd8, 0xff,
    0x98, 0xb4, 0xd8, 0xff, 0xa0, 0xbc, 0xd8, 0xff, 0xa0, 0xbc, 0xe0, 0xff,
    0xa0, 0xc0, 0xe0, 0xff, 0x90, 0xa8, 0xc8, 0xff, 0x58, 0x70, 0x88, 0xff,
    0x70, 0x84, 0xa0, 0xff, 0x78, 0x94, 0xb0, 0xff, 0x88, 0xa4, 0xc0, 0xff,
    0x98, 0xb4, 0xd0, 0xff, 0x80, 0x9c, 0xb8, 0xff, 0x68, 0x7c, 0x98, 0xff,
    0x78, 0x94, 0xb0, 0xff, 0x70, 0x88, 0xa0, 0xff, 0x60, 0x6c, 0x78, 0xff,
    0x68, 0x7c, 0x98, 0xff, 0x70, 0x84, 0xa0, 0xff, 0x60, 0x78, 0x90, 0xff,
    0x78, 0x8c, 0xa0, 0xf7, 0x88, 0x98, 0xb0, 0x65, 0x88, 0xa0, 0xb8, 0x04,
    0x48, 0x70, 0x48, 0x00, 0x50, 0x70, 0x48, 0x00, 0x48, 0x70, 0x40, 0x00,
    0x50, 0x70, 0x48, 0x00, 0x48, 0x70, 0x48, 0x00, 0x48, 0x70, 0x48, 0x00,
    0x50, 0x70, 0x48, 0x00, 0x48, 0x70, 0x40, 0x00, 0x50, 0x70, 0x48, 0x00,
    0x50, 0x70, 0x48, 0x00, 0x48, 0x70, 0x48, 0x00, 0x50, 0x70, 0x48, 0x00,
    0x50, 0x70, 0x48, 0x00, 0x48, 0x70, 0x48, 0x00, 0x50, 0x70, 0x48, 0x00,
    0x50, 0x70, 0x48, 0x00, 0x48, 0x70, 0x48, 0x00, 0x48, 0x70, 0x48, 0x00,
    0x90, 0xa0, 0xb0, 0x00, 0x80, 0x94, 0xb0, 0x75, 0x70, 0x84, 0xa0, 0xfb,
    0x68, 0x7c, 0x98, 0xff, 0x70, 0x88, 0xa8, 0xff, 0x68, 0x80, 0x98, 0xff,
    0x50, 0x68, 0x80, 0xff, 0x70, 0x80, 0x98, 0xff, 0x78, 0x94, 0xb0, 0xff,
    0x68, 0x80, 0x98, 0xff, 0x90, 0xb0, 0xd0, 0xff, 0xb0, 0xd0, 0xf0, 0xff,
    0xb0, 0xcc, 0xe8, 0xff, 0xa8, 0xc8, 0xe8, 0xff, 0xa8, 0xc8, 0xe8, 0xff,
    0xb0, 0xcc, 0xe8, 0xff, 0xb0, 0xd0, 0xf0, 0xff, 0xb8, 0xd4, 0xf0, 0xff,
    0xb0, 0xcc, 0xf0, 0xff, 0xa8, 0xc4, 0xe0, 0xff, 0xa0, 0xbc, 0xd8, 0xff,
    0x90, 0xb0, 0xd0, 0xff, 0x78, 0x90, 0xa8, 0xff, 0x68, 0x7c, 0x90, 0xff,
    0xa0, 0xc0, 0xe0, 0xff, 0xb0, 0xcc, 0xf0, 0xff, 0xb0, 0xd0, 0xf0, 0xff,
    0xb0, 0xcc, 0xf0, 0xff, 0xa0, 0xc0, 0xe0, 0xff, 0x70, 0x88, 0xa0, 0xff,
    0x58, 0x6c, 0x88, 0xff, 0x78, 0x90, 0xa8, 0xff, 0x80, 0x9c, 0xb8, 0xff,
    0x80, 0x9c, 0xb8, 0xff, 0x80, 0x98, 0xb0, 0xff, 0x70, 0x88, 0xa0, 0xff,
    0x68, 0x7c, 0x98, 0xff, 0x78, 0x90, 0xa8, 0xff, 0xa0, 0xbc, 0xe0, 0xff,
    0xa0, 0xc0, 0xe0, 0xff, 0x90, 0xac, 0xc8, 0xff, 0x70, 0x88, 0xa0, 0xff,
    0x98, 0xb0, 0xd0, 0xff, 0xa8, 0xc4, 0xe0, 0xff, 0xa0, 0xbc, 0xe0, 0xff,
    0xa0, 0xbc, 0xd8, 0xff, 0xa0, 0xc0, 0xd8, 0xff, 0xa0, 0xbc, 0xe0, 0xff,
    0xa0, 0xbc, 0xe0, 0xff, 0x90, 0xa8, 0xc0, 0xff, 0x68, 0x80, 0x98, 0xff,
    0x78, 0x90, 0xa8, 0xff, 0x88, 0xa0, 0xc0, 0xff, 0x90, 0xb0, 0xd0, 0xff,
    0xa0, 0xb8, 0xd8, 0xff, 0x88, 0x9c, 0xb8, 0xff, 0x60, 0x7c, 0x90, 0xff,
    0x78, 0x94, 0xb0, 0xff, 0x78, 0x84, 0x90, 0xff, 0x50, 0x64, 0x80, 0xff,
    0x70, 0x84, 0xa0, 0xff, 0x70, 0x84, 0xa0, 0xff, 0x60, 0x78, 0x90, 0xff,
    0x70, 0x8c, 0xa0, 0xf7, 0x88, 0x98, 0xb0, 0x65, 0x90, 0xa0, 0xb8, 0x04,
    0x48, 0x70, 0x48, 0x00, 0x50, 0x70, 0x48, 0x00, 0x50, 0x70, 0x48, 0x00,
    0x48, 0x70, 0x48, 0x00, 0x50, 0x70, 0x40, 0x00, 0x50, 0x70, 0x48, 0x00,
    0x48, 0x70, 0x48, 0x00, 0x48, 0x70, 0x48, 0x00, 0x50, 0x70, 0x48, 0x00,
    0x48, 0x70, 0x48, 0x00, 0x50, 0x70, 0x48, 0x00, 0x48, 0x70, 0x48, 0x00,
    0x48, 0x70, 0x48, 0x00, 0x50, 0x70, 0x40, 0x00, 0x48, 0x70, 0x48, 0x00,
    0x50, 0x70, 0x48, 0x00, 0x48, 0x70, 0x48, 0x00, 0x50, 0x70, 0x48, 0x00,
    0x90, 0xa0, 0xb0, 0x04, 0x80, 0x94, 0xb0, 0x75, 0x70, 0x84, 0xa0, 0xf7,
    0x68, 0x7c, 0x90, 0xff, 0x70, 0x88, 0xa8, 0xff, 0x70, 0x80, 0x98, 0xff,
    0x48, 0x60, 0x70, 0xff, 0x68, 0x7c, 0x98, 0xff, 0x78, 0x94, 0xb0, 0xff,
    0x68, 0x80, 0xa0, 0xff, 0x98, 0xb0, 0xd0, 0xff, 0xb8, 0xd4, 0xf0, 0xff,
    0xb0, 0xd0, 0xf0, 0xff, 0xb0, 0xd0, 0xf0, 0xff, 0xb0, 0xcc, 0xf0, 0xff,
    0xb0, 0xcc, 0xe8, 0xff, 0xb0, 0xd0, 0xf0, 0xff, 0xb0, 0xd0, 0xf0, 0xff,
    0xa8, 0xc8, 0xe8, 0xff, 0xa0, 0xc0, 0xe0, 0xff, 0x98, 0xb4, 0xd8, 0xff,
    0x90, 0xac, 0xc8, 0xff, 0x78, 0x8c, 0xa8, 0xff, 0x78, 0x80, 0x90, 0xff,
    0xa0, 0xc4, 0xe0, 0xff, 0xa8, 0xc4, 0xe0, 0xff, 0x98, 0xb4, 0xd0, 0xff,
    0x90, 0xa8, 0xc8, 0xff, 0x80, 0x9c, 0xb8, 0xff, 0x88, 0xa0, 0xb8, 0xff,
    0x88, 0xa4, 0xc0, 0xff, 0x98, 0xb4, 0xd0, 0xff, 0x98, 0xb8, 0xd8, 0xff,
    0x98, 0xb8, 0xd8, 0xff, 0x98, 0xb8, 0xd8, 0xff, 0x98, 0xb8, 0xd8, 0xff,
    0x98, 0xb4, 0xd0, 0xff, 0x90, 0xb0, 0xc8, 0xff, 0x98, 0xb4, 0xd8, 0xff,
    0xa0, 0xbc, 0xd8, 0xff, 0x90, 0xac, 0xc8, 0xff, 0x78, 0x90, 0xa8, 0xff,
    0x80, 0x9c, 0xb8, 0xff, 0x88, 0xa4, 0xc0, 0xff, 0x88, 0x9c, 0xb8, 0xff,
    0x80, 0x9c, 0xb8, 0xff, 0x80, 0x9c, 0xb8, 0xff, 0x80, 0x98, 0xb0, 0xff,
    0x80, 0x9c, 0xb8, 0xff, 0x78, 0x90, 0xa8, 0xff, 0x68, 0x80, 0xa0, 0xff,
    0x80, 0x9c, 0xb8, 0xff, 0x90, 0xac, 0xc8, 0xff, 0x98, 0xb4, 0xd0, 0xff,
    0xa0, 0xbc, 0xd8, 0xff, 0x88, 0xa0, 0xc0, 0xff, 0x60, 0x7c, 0x98, 0xff,
    0x80, 0x94, 0xb0, 0xff, 0x68, 0x7c, 0x98, 0xff, 0x50, 0x64, 0x78, 0xff,
    0x70, 0x8c, 0xa0, 0xff, 0x70, 0x84, 0xa0, 0xff, 0x60, 0x78, 0x90, 0xff,
    0x70, 0x84, 0xa0, 0xfb, 0x88, 0x9c, 0xb0, 0x65, 0x90, 0xa0, 0xb8, 0x04,
    0x48, 0x70, 0x48, 0x00, 0x48, 0x70, 0x48, 0x00, 0x50, 0x70, 0x48, 0x00,
    0x48, 0x70, 0x48, 0x00, 0x50, 0x70, 0x48, 0x00, 0x50, 0x70, 0x48, 0x00,
    0x48, 0x70, 0x48, 0x00, 0x50, 0x70, 0x48, 0x00, 0x48, 0x70, 0x48, 0x00,
    0x48, 0x70, 0x48, 0x00, 0x50, 0x70, 0x48, 0x00, 0x50, 0x70, 0x48, 0x00,
    0x48, 0x70, 0x48, 0x00, 0x50, 0x70, 0x48, 0x00, 0x48, 0x70, 0x48, 0x00,
    0x48, 0x70, 0x48, 0x00, 0x50, 0x70, 0x48, 0x00, 0x48, 0x70, 0x48, 0x00,
    0x90, 0xa0, 0xb0, 0x04, 0x80, 0x94, 0xb0, 0x75, 0x70, 0x88, 0xa0, 0xfb,
    0x60, 0x7c, 0x90, 0xff, 0x70, 0x88, 0xa0, 0xff, 0x70, 0x88, 0xa0, 0xff,
    0x50, 0x5c, 0x78, 0xff, 0x70, 0x80, 0x98, 0xff, 0x78, 0x94, 0xb0, 0xff,
    0x70, 0x80, 0x98, 0xff, 0x98, 0xb4, 0xd0, 0xff, 0xb0, 0xd4, 0xf0, 0xff,
    0xb0, 0xd0, 0xf0, 0xff, 0xb0, 0xcc, 0xf0, 0xff, 0xb0, 0xcc, 0xe8, 0xff,
    0xa8, 0xc8, 0xe8, 0xff, 0xa8, 0xc8, 0xe8, 0xff, 0xa8, 0xc8, 0xe8, 0xff,
    0xa0, 0xc0, 0xe0, 0xff, 0x98, 0xb8, 0xd8, 0xff, 0x90, 0xb0, 0xc8, 0xff,
    0x88, 0xa0, 0xc0, 0xff, 0x70, 0x84, 0xa0, 0xff, 0x78, 0x84, 0x90, 0xff,
    0x98, 0xb4, 0xd0, 0xff, 0x80, 0x98, 0xb0, 0xff, 0x60, 0x78, 0x90, 0xff,
    0x58, 0x6c, 0x80, 0xff, 0x50, 0x68, 0x80, 0xff, 0x78, 0x94, 0xb0, 0xff,
    0x98, 0xb4, 0xd0, 0xff, 0xa0, 0xbc, 0xd8, 0xff, 0xa0, 0xbc, 0xd8, 0xff,
    0xa0, 0xbc, 0xd8, 0xff, 0xa0, 0xbc, 0xd8, 0xff, 0xa0, 0xbc, 0xe0, 0xff,
    0xa0, 0xb8, 0xd8, 0xff, 0x98, 0xb4, 0xd0, 0xff, 0x90, 0xac, 0xc8, 0xff,
    0x90, 0xac, 0xc8, 0xff, 0x90, 0xa8, 0xc8, 0xff, 0x88, 0xa4, 0xc0, 0xff,
    0x78, 0x94, 0xb0, 0xff, 0x70, 0x84, 0xa0, 0xff, 0x60, 0x7c, 0x90, 0xff,
    0x60, 0x7c, 0x98, 0xff, 0x68, 0x7c, 0x90, 0xff, 0x68, 0x7c, 0x98, 0xff,
    0x68, 0x80, 0x98, 0xff, 0x68, 0x80, 0x98, 0xff, 0x68, 0x80, 0xa0, 0xff,
    0x88, 0xa0, 0xb8, 0xff, 0x90, 0xac, 0xc8, 0xff, 0x98, 0xb8, 0xd8, 0xff,
    0xa0, 0xc0, 0xe0, 0xff, 0x88, 0xa0, 0xb8, 0xff, 0x60, 0x7c, 0x90, 0xff,
    0x78, 0x94, 0xb0, 0xff, 0x68, 0x7c, 0x98, 0xff, 0x50, 0x64, 0x78, 0xff,
    0x78, 0x90, 0xa8, 0xff, 0x70, 0x84, 0xa0, 0xff, 0x60, 0x78, 0x90, 0xff,
    0x70, 0x84, 0xa0, 0xfb, 0x88, 0x9c, 0xb0, 0x65, 0x90, 0xa0, 0xb8, 0x04,
    0x48, 0x70, 0x48, 0x00, 0x50, 0x70, 0x40, 0x00, 0x48, 0x70, 0x48, 0x00,
    0x48, 0x70, 0x48, 0x00, 0x48, 0x70, 0x48, 0x00, 0x48, 0x70, 0x48, 0x00,
    0x50, 0x70, 0x40, 0x00, 0x50, 0x70, 0x48, 0x00, 0x48, 0x70, 0x48, 0x00,
    0x48, 0x70, 0x48, 0x00, 0x50, 0x70, 0x48, 0x00, 0x48, 0x70, 0x40, 0x00,
    0x50, 0x70, 0x48, 0x00, 0x50, 0x70, 0x48, 0x00, 0x48, 0x70, 0x48, 0x00,
    0x50, 0x70, 0x40, 0x00, 0x50, 0x70, 0x48, 0x00, 0x48, 0x70, 0x48, 0x00,
    0x90, 0xa0, 0xb0, 0x04, 0x80, 0x94, 0xb0, 0x75, 0x70, 0x84, 0xa0, 0xfb,
    0x68, 0x7c, 0x90, 0xff, 0x70, 0x84, 0xa0, 0xff, 0x70, 0x8c, 0xa8, 0xff,
    0x50, 0x68, 0x80, 0xff, 0x78, 0x84, 0x90, 0xff, 0x78, 0x94, 0xb0, 0xff,
    0x68, 0x80, 0x98, 0xff, 0x98, 0xb4, 0xd0, 0xff, 0xb8, 0xd4, 0xf0, 0xff,
    0xb0, 0xcc, 0xf0, 0xff, 0xb0, 0xcc, 0xe8, 0xff, 0xb0, 0xd0, 0xf0, 0xff,
    0xb0, 0xcc, 0xf0, 0xff, 0xa8, 0xc8, 0xe8, 0xff, 0xa8, 0xc4, 0xe0, 0xff,
    0xa0, 0xb8, 0xd8, 0xff, 0x90, 0xb0, 0xd0, 0xff, 0x88, 0xa4, 0xc0, 0xff,
    0x78, 0x94, 0xb0, 0xff, 0x70, 0x8c, 0xa8, 0xff, 0x78, 0x80, 0x90, 0xff,
    0x70, 0x84, 0xa0, 0xff, 0x60, 0x7c, 0x98, 0xff, 0x70, 0x8c, 0xa8, 0xff,
    0x78, 0x94, 0xb0, 0xff, 0x78, 0x8c, 0xa8, 0xff, 0x88, 0xa0, 0xc0, 0xff,
    0xa0, 0xbc, 0xd8, 0xff, 0xa0, 0xc0, 0xe0, 0xff, 0xa0, 0xc0, 0xe0, 0xff,
    0xa0, 0xbc, 0xe0, 0xff, 0xa0, 0xbc, 0xd8, 0xff, 0xa0, 0xbc, 0xd8, 0xff,
    0x98, 0xbc, 0xd8, 0xff, 0x98, 0xb8, 0xd8, 0xff, 0x98, 0xb8, 0xd8, 0xff,
    0x98, 0xb4, 0xd0, 0xff, 0x90, 0xa8, 0xc8, 0xff, 0x88, 0xa4, 0xc0, 0xff,
    0x88, 0xa4, 0xc0, 0xff, 0x80, 0x9c, 0xb8, 0xff, 0x80, 0x9c, 0xb8, 0xff,
    0x90, 0xa8, 0xc8, 0xff, 0x90, 0xac, 0xc8, 0xff, 0x90, 0xac, 0xc8, 0xff,
    0x90, 0xac, 0xc8, 0xff, 0x80, 0x98, 0xb8, 0xff, 0x70, 0x84, 0xa0, 0xff,
    0x88, 0xa4, 0xc0, 0xff, 0x90, 0xb0, 0xc8, 0xff, 0x98, 0xb8, 0xd8, 0xff,
    0xa0, 0xc0, 0xe0, 0xff, 0x88, 0xa0, 0xc0, 0xff, 0x68, 0x7c, 0x90, 0xff,
    0x78, 0x94, 0xb0, 0xff, 0x68, 0x7c, 0x98, 0xff, 0x50, 0x68, 0x80, 0xff,
    0x78, 0x90, 0xa8, 0xff, 0x68, 0x80, 0xa0, 0xff, 0x60, 0x78, 0x90, 0xff,
    0x70, 0x88, 0xa0, 0xfb, 0x88, 0x98, 0xb0, 0x65, 0x88, 0xa0, 0xb8, 0x04,
    0x50, 0x70, 0x48, 0x00, 0x50, 0x70, 0x48, 0x00, 0x50, 0x70, 0x48, 0x00,
    0x50, 0x70, 0x48, 0x00, 0x48, 0x70, 0x48, 0x00, 0x50, 0x70, 0x48, 0x00,
    0x48, 0x70, 0x48, 0x00, 0x48, 0x70, 0x48, 0x00, 0x50, 0x70, 0x48, 0x00,
    0x50, 0x70, 0x48, 0x00, 0x48, 0x70, 0x48, 0x00, 0x48, 0x70, 0x48, 0x00,
    0x50, 0x70, 0x48, 0x00, 0x48, 0x70, 0x48, 0x00, 0x48, 0x70, 0x48, 0x00,
    0x50, 0x70, 0x48, 0x00, 0x48, 0x70, 0x48, 0x00, 0x48, 0x70, 0x48, 0x00,
    0x90, 0xa0, 0xb8, 0x00, 0x80, 0x94, 0xa8, 0x75, 0x70, 0x84, 0xa0, 0xfb,
    0x60, 0x78, 0x90, 0xff, 0x68, 0x80, 0xa0, 0xff, 0x78, 0x8c, 0xa8, 0xff,
    0x58, 0x6c, 0x80, 0xff, 0x70, 0x84, 0xa0, 0xff, 0x78, 0x94, 0xb0, 0xff,
    0x70, 0x80, 0x98, 0xff, 0x98, 0xb4, 0xd0, 0xff, 0xb0, 0xd4, 0xf0, 0xff,
    0xb0, 0xcc, 0xf0, 0xff, 0xb0, 0xd0, 0xf0, 0xff, 0xb0, 0xd0, 0xf0, 0xff,
    0xb0, 0xd0, 0xf0, 0xff, 0xa8, 0xc8, 0xe8, 0xff, 0xa0, 0xbc, 0xd8, 0xff,
    0x90, 0xb0, 0xd0, 0xff, 0x88, 0x9c, 0xb8, 0xff, 0x80, 0x9c, 0xb8, 0xff,
    0x98, 0xb0, 0xd0, 0xff, 0x90, 0xa8, 0xc0, 0xff, 0x70, 0x88, 0xa0, 0xff,
    0x78, 0x94, 0xb0, 0xff, 0x78, 0x94, 0xb0, 0xff, 0x90, 0xa8, 0xc8, 0xff,
    0x90, 0xac, 0xc8, 0xff, 0x90, 0xac, 0xc8, 0xff, 0x98, 0xb4, 0xd0, 0xff,
    0xa0, 0xbc, 0xe0, 0xff, 0xa0, 0xc0, 0xe0, 0xff, 0xa0, 0xc0, 0xe0, 0xff,
    0xa0, 0xc0, 0xe0, 0xff, 0xa0, 0xbc, 0xe0, 0xff, 0xa0, 0xbc, 0xd8, 0xff,
    0xa0, 0xbc, 0xe0, 0xff, 0xa0, 0xbc, 0xd8, 0xff, 0xa0, 0xbc, 0xd8, 0xff,
    0xa0, 0xbc, 0xd8, 0xff, 0x98, 0xb4, 0xd0, 0xff, 0x90, 0xa8, 0xc8, 0xff,
    0x80, 0x9c, 0xb8, 0xff, 0x78, 0x94, 0xb0, 0xff, 0x90, 0xa8, 0xc8, 0xff,
    0xa0, 0xbc, 0xd8, 0xff, 0xa0, 0xbc, 0xd8, 0xff, 0xa0, 0xbc, 0xe0, 0xff,
    0xa0, 0xc0, 0xe0, 0xff, 0x88, 0xa8, 0xc8, 0xff, 0x70, 0x88, 0xa0, 0xff,
    0x80, 0x9c, 0xb8, 0xff, 0x90, 0xac, 0xc8, 0xff, 0xa0, 0xb8, 0xd8, 0xff,
    0xa0, 0xc0, 0xe0, 0xff, 0x88, 0xa0, 0xc0, 0xff, 0x68, 0x7c, 0x98, 0xff,
    0x78, 0x94, 0xb0, 0xff, 0x68, 0x7c, 0x90, 0xff, 0x50, 0x68, 0x80, 0xff,
    0x78, 0x90, 0xa8, 0xff, 0x68, 0x7c, 0x98, 0xff, 0x60, 0x78, 0x90, 0xff,
    0x70, 0x84, 0xa0, 0xfb, 0x88, 0x98, 0xb0, 0x65, 0x88, 0xa0, 0xb0, 0x04,
    0x48, 0x70, 0x48, 0x00, 0x48, 0x70, 0x48, 0x00, 0x50, 0x70, 0x48, 0x00,
    0x48, 0x70, 0x40, 0x00, 0x50, 0x70, 0x48, 0x00, 0x50, 0x70, 0x48, 0x00,
    0x48, 0x70, 0x48, 0x00, 0x50, 0x70, 0x48, 0x00, 0x48, 0x70, 0x48, 0x00,
    0x48, 0x70, 0x48, 0x00, 0x50, 0x70, 0x48, 0x00, 0x50, 0x70, 0x48, 0x00,
    0x48, 0x70, 0x48, 0x00, 0x50, 0x70, 0x40, 0x00, 0x50, 0x70, 0x48, 0x00,
    0x48, 0x70, 0x48, 0x00, 0x50, 0x70, 0x48, 0x00, 0x48, 0x70, 0x48, 0x00,
    0x90, 0xa0, 0xb0, 0x04, 0x80, 0x94, 0xb0, 0x75, 0x70, 0x84, 0xa0, 0xf7,
    0x60, 0x78, 0x90, 0xff, 0x60, 0x78, 0x90, 0xff, 0x70, 0x88, 0xa0, 0xff,
    0x58, 0x6c, 0x80, 0xff, 0x68, 0x80, 0x98, 0xff, 0x78, 0x94, 0xb0, 0xff,
    0x68, 0x80, 0x98, 0xff, 0x98, 0xb0, 0xd0, 0xff, 0xb0, 0xd0, 0xf0, 0xff,
    0xa8, 0xcc, 0xf0, 0xff, 0xa8, 0xcc, 0xe8, 0xff, 0xb0, 0xcc, 0xe8, 0xff,
    0xa8, 0xc4, 0xe8, 0xff, 0x98, 0xbc, 0xd8, 0xff, 0x90, 0xac, 0xc8, 0xff,
    0x80, 0xa0, 0xb8, 0xff, 0x88, 0xa0, 0xc0, 0xff, 0x98, 0xb4, 0xd0, 0xff,
    0xa0, 0xbc, 0xd8, 0xff, 0x88, 0xa8, 0xc8, 0xff, 0x78, 0x8c, 0xa8, 0xff,
    0x90, 0xb0, 0xc8, 0xff, 0x98, 0xb0, 0xd0, 0xff, 0x98, 0xb0, 0xd0, 0xff,
    0x98, 0xb4, 0xd0, 0xff, 0x98, 0xb8, 0xd8, 0xff, 0xa0, 0xc0, 0xe0, 0xff,
    0xa0, 0xc0, 0xe0, 0xff, 0xa0, 0xc0, 0xe0, 0xff, 0xa8, 0xc0, 0xe0, 0xff,
    0xa0, 0xc0, 0xe0, 0xff, 0xa0, 0xbc, 0xd8, 0xff, 0xa0, 0xbc, 0xd8, 0xff,
    0xa0, 0xbc, 0xe0, 0xff, 0xa0, 0xbc, 0xd8, 0xff, 0xa0, 0xbc, 0xe0, 0xff,
    0x98, 0xbc, 0xd8, 0xff, 0x98, 0xb4, 0xd0, 0xff, 0x90, 0xb0, 0xc8, 0xff,
    0x88, 0xa4, 0xc0, 0xff, 0x78, 0x94, 0xb0, 0xff, 0x90, 0xac, 0xc8, 0xff,
    0xa0, 0xc4, 0xe0, 0xff, 0xa0, 0xc0, 0xe0, 0xff, 0xa8, 0xc4, 0xe0, 0xff,
    0xa0, 0xc4, 0xe0, 0xff, 0x90, 0xac, 0xc8, 0xff, 0x70, 0x84, 0xa0, 0xff,
    0x80, 0x9c, 0xb8, 0xff, 0x90, 0xb0, 0xc8, 0xff, 0xa0, 0xb8, 0xd8, 0xff,
    0xa0, 0xc0, 0xe0, 0xff, 0x88, 0xa4, 0xc0, 0xff, 0x60, 0x7c, 0x90, 0xff,
    0x78, 0x94, 0xb0, 0xff, 0x68, 0x78, 0x90, 0xff, 0x58, 0x6c, 0x88, 0xff,
    0x70, 0x8c, 0xa8, 0xff, 0x68, 0x78, 0x90, 0xff, 0x60, 0x78, 0x90, 0xff,
    0x70, 0x84, 0xa0, 0xfb, 0x88, 0x9c, 0xb0, 0x65, 0x90, 0xa0, 0xb8, 0x04,
    0x48, 0x70, 0x48, 0x00, 0x50, 0x70, 0x48, 0x00, 0x48, 0x70, 0x48, 0x00,
    0x48, 0x70, 0x48, 0x00, 0x50, 0x70, 0x48, 0x00, 0x48, 0x70, 0x40, 0x00,
    0x50, 0x70, 0x48, 0x00, 0x50, 0x70, 0x48, 0x00, 0x48, 0x70, 0x48, 0x00,
    0x48, 0x70, 0x48, 0x00, 0x50, 0x70, 0x48, 0x00, 0x48, 0x70, 0x48, 0x00,
    0x48, 0x70, 0x48, 0x00, 0x50, 0x70, 0x48, 0x00, 0x48, 0x70, 0x48, 0x00,
    0x50, 0x70, 0x48, 0x00, 0x48, 0x70, 0x48, 0x00, 0x50, 0x70, 0x48, 0x00,
    0x90, 0xa0, 0xb0, 0x04, 0x80, 0x94, 0xb0, 0x75, 0x70, 0x84, 0xa0, 0xfb,
    0x58, 0x70, 0x88, 0xff, 0x58, 0x70, 0x88, 0xff, 0x70, 0x8c, 0xa8, 0xff,
    0x58, 0x6c, 0x88, 0xff, 0x68, 0x74, 0x88, 0xff, 0x78, 0x94, 0xb0, 0xff,
    0x68, 0x80, 0x98, 0xff, 0x98, 0xb0, 0xd0, 0xff, 0xb0, 0xd0, 0xf0, 0xff,
    0xa8, 0xcc, 0xe8, 0xff, 0xa8, 0xc4, 0xe8, 0xff, 0xa0, 0xbc, 0xd8, 0xff,
    0x90, 0xb0, 0xd0, 0xff, 0x88, 0xa8, 0xc8, 0xff, 0x90, 0xa8, 0xc8, 0xff,
    0x98, 0xb4, 0xd0, 0xff, 0x98, 0xb8, 0xd8, 0xff, 0x98, 0xb4, 0xd0, 0xff,
    0x98, 0xb4, 0xd0, 0xff, 0x88, 0xa4, 0xc0, 0xff, 0x78, 0x90, 0xa8, 0xff,
    0x98, 0xb8, 0xd8, 0xff, 0x98, 0xb8, 0xd8, 0xff, 0x98, 0xb8, 0xd8, 0xff,
    0xa0, 0xbc, 0xd8, 0xff, 0xa0, 0xbc, 0xd8, 0xff, 0xa0, 0xc0, 0xe0, 0xff,
    0xa0, 0xc0, 0xe0, 0xff, 0xa8, 0xc0, 0xe0, 0xff, 0xa0, 0xc0, 0xe0, 0xff,
    0xa0, 0xbc, 0xd8, 0xff, 0xa0, 0xbc, 0xd8, 0xff, 0xa0, 0xbc, 0xe0, 0xff,
    0xa0, 0xbc, 0xe0, 0xff, 0xa0, 0xc0, 0xe0, 0xff, 0xa0, 0xbc, 0xd8, 0xff,
    0x98, 0xb8, 0xd8, 0xff, 0x90, 0xb0, 0xd0, 0xff, 0x90, 0xac, 0xc8, 0xff,
    0x90, 0xa8, 0xc8, 0xff, 0x88, 0x9c, 0xb8, 0xff, 0x98, 0xb4, 0xd0, 0xff,
    0xa8, 0xc8, 0xe8, 0xff, 0xa8, 0xc4, 0xe8, 0xff, 0xa8, 0xc8, 0xe8, 0xff,
    0xa8, 0xcc, 0xe8, 0xff, 0x90, 0xac, 0xc8, 0xff, 0x68, 0x7c, 0x98, 0xff,
    0x78, 0x94, 0xb0, 0xff, 0x90, 0xac, 0xc8, 0xff, 0xa0, 0xbc, 0xd8, 0xff,
    0xa0, 0xc0, 0xe0, 0xff, 0x88, 0xa4, 0xc0, 0xff, 0x60, 0x78, 0x90, 0xff,
    0x80, 0x94, 0xb0, 0xff, 0x60, 0x74, 0x88, 0xff, 0x60, 0x74, 0x88, 0xff,
    0x70, 0x8c, 0xa8, 0xff, 0x58, 0x70, 0x88, 0xff, 0x60, 0x74, 0x88, 0xff,
    0x70, 0x84, 0xa0, 0xfb, 0x88, 0x9c, 0xb0, 0x65, 0x90, 0xa0, 0xb8, 0x04,
    0x48, 0x70, 0x48, 0x00, 0x50, 0x70, 0x48, 0x00, 0x50, 0x70, 0x48, 0x00,
    0x48, 0x70, 0x48, 0x00, 0x48, 0x70, 0x48, 0x00, 0x50, 0x70, 0x48, 0x00,
    0x48, 0x70, 0x48, 0x00, 0x48, 0x70, 0x48, 0x00, 0x50, 0x70, 0x48, 0x00,
    0x50, 0x70, 0x48, 0x00, 0x48, 0x70, 0x48, 0x00, 0x50, 0x70, 0x40, 0x00,
    0x50, 0x70, 0x48, 0x00, 0x48, 0x70, 0x48, 0x00, 0x48, 0x70, 0x48, 0x00,
    0x50, 0x70, 0x40, 0x00, 0x48, 0x70, 0x48, 0x00, 0x48, 0x70, 0x48, 0x00,
    0x90, 0xa0, 0xb0, 0x04, 0x80, 0x94, 0xb0, 0x75, 0x70, 0x84, 0xa0, 0xfb,
    0x60, 0x74, 0x88, 0xff, 0x60, 0x74, 0x88, 0xff, 0x78, 0x8c, 0xa8, 0xff,
    0x60, 0x7c, 0x98, 0xff, 0x60, 0x78, 0x90, 0xff, 0x78, 0x90, 0xb0, 0xff,
    0x68, 0x80, 0x98, 0xff, 0x90, 0xb0, 0xd0, 0xff, 0xb0, 0xcc, 0xf0, 0xff,
    0xa0, 0xc0, 0xe0, 0xff, 0x98, 0xb4, 0xd0, 0xff, 0x88, 0xa4, 0xc0, 0xff,
    0x88, 0xa4, 0xc0, 0xff, 0x98, 0xb0, 0xd0, 0xff, 0xa0, 0xc4, 0xe0, 0xff,
    0xa0, 0xc0, 0xe0, 0xff, 0x98, 0xb8, 0xd8, 0xff, 0x90, 0xac, 0xc8, 0xff,
    0x98, 0xb0, 0xd0, 0xff, 0x88, 0xa4, 0xc0, 0xff, 0x78, 0x94, 0xb0, 0xff,
    0x98, 0xb8, 0xd8, 0xff, 0xa0, 0xb8, 0xd8, 0xff, 0x98, 0xb8, 0xd8, 0xff,
    0xa0, 0xb8, 0xd8, 0xff, 0xa0, 0xb8, 0xd8, 0xff, 0xa0, 0xb8, 0xd8, 0xff,
    0xa0, 0xc0, 0xd8, 0xff, 0xa0, 0xbc, 0xe0, 0xff, 0xa0, 0xbc, 0xd8, 0xff,
    0xa0, 0xbc, 0xd8, 0xff, 0xa0, 0xbc, 0xe0, 0xff, 0xa0, 0xc0, 0xe0, 0xff,
    0xa0, 0xc0, 0xe0, 0xff, 0xa0, 0xbc, 0xd8, 0xff, 0x98, 0xb8, 0xd8, 0xff,
    0x98, 0xb4, 0xd0, 0xff, 0x90, 0xb0, 0xd0, 0xff, 0x90, 0xac, 0xc8, 0xff,
    0x90, 0xa8, 0xc8, 0xff, 0x88, 0xa4, 0xc0, 0xff, 0x98, 0xb4, 0xd0, 0xff,
    0xa8, 0xc4, 0xe8, 0xff, 0xa0, 0xc4, 0xe0, 0xff, 0xa8, 0xc8, 0xe8, 0xff,
    0xa8, 0xc8, 0xe8, 0xff, 0x98, 0xb4, 0xd0, 0xff, 0x68, 0x80, 0x98, 0xff,
    0x70, 0x84, 0xa0, 0xff, 0x88, 0x9c, 0xb8, 0xff, 0x98, 0xb4, 0xd8, 0xff,
    0xa0, 0xc0, 0xe0, 0xff, 0x88, 0xa0, 0xc0, 0xff, 0x60, 0x78, 0x90, 0xff,
    0x78, 0x94, 0xb0, 0xff, 0x60, 0x78, 0x90, 0xff, 0x68, 0x7c, 0x98, 0xff,
    0x78, 0x8c, 0xa8, 0xff, 0x60, 0x74, 0x88, 0xff, 0x60, 0x74, 0x88, 0xff,
    0x70, 0x84, 0xa0, 0xfb, 0x88, 0x98, 0xb0, 0x65, 0x88, 0xa0, 0xb0, 0x04,
    0x48, 0x70, 0x48, 0x00, 0x50, 0x70, 0x48, 0x00, 0x50, 0x70, 0x40, 0x00,
    0x48, 0x70, 0x48, 0x00, 0x50, 0x70, 0x48, 0x00, 0x50, 0x70, 0x48, 0x00,
    0x48, 0x70, 0x40, 0x00, 0x48, 0x70, 0x48, 0x00, 0x50, 0x70, 0x48, 0x00,
    0x48, 0x70, 0x48, 0x00, 0x50, 0x70, 0x48, 0x00, 0x48, 0x70, 0x48, 0x00,
    0x50, 0x70, 0x48, 0x00, 0x48, 0x70, 0x48, 0x00, 0x50, 0x70, 0x48, 0x00,
    0x50, 0x70, 0x48, 0x00, 0x48, 0x70, 0x48, 0x00, 0x50, 0x70, 0x48, 0x00,
    0x90, 0xa0, 0xb0, 0x04, 0x80, 0x94, 0xb0, 0x75, 0x70, 0x84, 0xa0, 0xf7,
    0x60, 0x78, 0x90, 0xff, 0x60, 0x74, 0x88, 0xff, 0x70, 0x88, 0xa8, 0xff,
    0x78, 0x8c, 0xa8, 0xff, 0x68, 0x80, 0x98, 0xff, 0x68, 0x7c, 0x90, 0xff,
    0x60, 0x7c, 0x98, 0xff, 0x90, 0xa8, 0xc8, 0xff, 0xa0, 0xc4, 0xe0, 0xff,
    0x98, 0xb0, 0xd0, 0xff, 0x88, 0xa8, 0xc0, 0xff, 0x90, 0xb0, 0xd0, 0xff,
    0xa0, 0xbc, 0xd8, 0xff, 0xa8, 0xc4, 0xe0, 0xff, 0xa0, 0xc0, 0xe0, 0xff,
    0xa0, 0xbc, 0xd8, 0xff, 0x98, 0xb0, 0xd0, 0xff, 0x88, 0xa8, 0xc8, 0xff,
    0x88, 0xa4, 0xc0, 0xff, 0x88, 0x9c, 0xb0, 0xff, 0x78, 0x90, 0xa8, 0xff,
    0x98, 0xb0, 0xd0, 0xff, 0x98, 0xb4, 0xd0, 0xff, 0x98, 0xb4, 0xd0, 0xff,
    0x98, 0xb4, 0xd0, 0xff, 0x98, 0xb4, 0xd0, 0xff, 0x98, 0xb8, 0xd8, 0xff,
    0xa0, 0xc0, 0xe0, 0xff, 0xa0, 0xc0, 0xe0, 0xff, 0xa0, 0xbc, 0xe0, 0xff,
    0xa0, 0xbc, 0xd8, 0xff, 0xa0, 0xc0, 0xe0, 0xff, 0xa0, 0xc0, 0xe0, 0xff,
    0x90, 0xb0, 0xc8, 0xff, 0x88, 0xa4, 0xc0, 0xff, 0x90, 0xac, 0xc8, 0xff,
    0x90, 0xb0, 0xd0, 0xff, 0x90, 0xac, 0xc8, 0xff, 0x90, 0xa8, 0xc8, 0xff,
    0x90, 0xac, 0xc8, 0xff, 0x88, 0xa8, 0xc8, 0xff, 0x98, 0xb0, 0xd0, 0xff,
    0xa0, 0xc0, 0xe0, 0xff, 0xa0, 0xc0, 0xe0, 0xff, 0xa8, 0xc4, 0xe0, 0xff,
    0xa8, 0xc8, 0xe8, 0xff, 0xa0, 0xc0, 0xe0, 0xff, 0x90, 0xac, 0xc8, 0xff,
    0x80, 0x98, 0xb8, 0xff, 0x78, 0x94, 0xb0, 0xff, 0x88, 0xa4, 0xc0, 0xff,
    0x98, 0xb8, 0xd8, 0xff, 0x88, 0x9c, 0xb8, 0xff, 0x60, 0x74, 0x90, 0xff,
    0x68, 0x80, 0x98, 0xff, 0x70, 0x84, 0xa0, 0xff, 0x78, 0x90, 0xa8, 0xff,
    0x70, 0x88, 0xa0, 0xff, 0x58, 0x6c, 0x88, 0xff, 0x60, 0x78, 0x90, 0xff,
    0x78, 0x8c, 0xa8, 0xf7, 0x88, 0x9c, 0xb0, 0x65, 0x90, 0xa0, 0xb8, 0x04,
    0x48, 0x70, 0x48, 0x00, 0x48, 0x70, 0x48, 0x00, 0x50, 0x70, 0x48, 0x00,
    0x48, 0x70, 0x48, 0x00, 0x48, 0x70, 0x48, 0x00, 0x50, 0x70, 0x48, 0x00,
    0x50, 0x70, 0x48, 0x00, 0x48, 0x70, 0x48, 0x00, 0x50, 0x70, 0x48, 0x00,
    0x48, 0x70, 0x48, 0x00, 0x50, 0x70, 0x48, 0x00, 0x48, 0x70, 0x48, 0x00,
    0x48, 0x70, 0x48, 0x00, 0x50, 0x70, 0x40, 0x00, 0x48, 0x70, 0x48, 0x00,
    0x48, 0x70, 0x48, 0x00, 0x50, 0x70, 0x48, 0x00, 0x48, 0x70, 0x48, 0x00,
    0x90, 0xa0, 0xb8, 0x04, 0x80, 0x94, 0xa8, 0x75, 0x70, 0x84, 0xa0, 0xfb,
    0x60, 0x78, 0x90, 0xff, 0x68, 0x7c, 0x98, 0xff, 0x78, 0x90, 0xa8, 0xff,
    0x78, 0x94, 0xb0, 0xff, 0x70, 0x84, 0xa0, 0xff, 0x68, 0x7c, 0x90, 0xff,
    0x60, 0x7c, 0x90, 0xff, 0x88, 0x9c, 0xb8, 0xff, 0x90, 0xb0, 0xd0, 0xff,
    0x90, 0xa8, 0xc8, 0xff, 0x98, 0xb8, 0xd8, 0xff, 0xa8, 0xc4, 0xe8, 0xff,
    0xa8, 0xc4, 0xe8, 0xff, 0xa0, 0xc0, 0xe0, 0xff, 0x98, 0xb8, 0xd8, 0xff,
    0x98, 0xb0, 0xd0, 0xff, 0x90, 0xa8, 0xc8, 0xff, 0x80, 0x9c, 0xb8, 0xff,
    0x80, 0x98, 0xb8, 0xff, 0x70, 0x8c, 0xa8, 0xff, 0x78, 0x80, 0x90, 0xff,
    0x90, 0xac, 0xc8, 0xff, 0x90, 0xa8, 0xc8, 0xff, 0x90, 0xac, 0xc8, 0xff,
    0x90, 0xb0, 0xd0, 0xff, 0x98, 0xb4, 0xd0, 0xff, 0x98, 0xb8, 0xd8, 0xff,
    0xa0, 0xb8, 0xd8, 0xff, 0xa0, 0xbc, 0xd8, 0xff, 0xa0, 0xbc, 0xd8, 0xff,
    0xa0, 0xbc, 0xd8, 0xff, 0xa0, 0xc0, 0xe0, 0xff, 0xa0, 0xbc, 0xd8, 0xff,
    0x70, 0x8c, 0xa8, 0xff, 0x58, 0x6c, 0x88, 0xff, 0x80, 0x98, 0xb0, 0xff,
    0x90, 0xa8, 0xc8, 0xff, 0x90, 0xa8, 0xc8, 0xff, 0x88, 0xa4, 0xc0, 0xff,
    0x88, 0xa0, 0xc0, 0xff, 0x80, 0x9c, 0xb8, 0xff, 0x80, 0xa0, 0xb8, 0xff,
    0x90, 0xac, 0xc8, 0xff, 0xa0, 0xbc, 0xd8, 0xff, 0xa0, 0xc4, 0xe0, 0xff,
    0xb0, 0xcc, 0xf0, 0xff, 0xa0, 0xbc, 0xe0, 0xff, 0xa0, 0xc0, 0xe0, 0xff,
    0xa8, 0xc4, 0xe0, 0xff, 0x98, 0xb4, 0xd0, 0xff, 0x88, 0xa4, 0xc0, 0xff,
    0x90, 0xac, 0xc8, 0xff, 0x80, 0x98, 0xb0, 0xff, 0x68, 0x7c, 0x90, 0xff,
    0x68, 0x80, 0x98, 0xff, 0x70, 0x8c, 0xa8, 0xff, 0x78, 0x94, 0xb0, 0xff,
    0x78, 0x8c, 0xa8, 0xff, 0x68, 0x7c, 0x98, 0xff, 0x68, 0x7c, 0x98, 0xff,
    0x70, 0x8c, 0xa0, 0xf7, 0x88, 0x98, 0xb0, 0x65, 0x90, 0xa0, 0xb8, 0x04,
    0x48, 0x70, 0x48, 0x00, 0x50, 0x70, 0x48, 0x00, 0x50, 0x70, 0x48, 0x00,
    0x48, 0x70, 0x48, 0x00, 0x48, 0x70, 0x40, 0x00, 0x50, 0x70, 0x48, 0x00,
    0x48, 0x70, 0x48, 0x00, 0x50, 0x70, 0x48, 0x00, 0x48, 0x70, 0x48, 0x00,
    0x50, 0x70, 0x48, 0x00, 0x48, 0x70, 0x48, 0x00, 0x50, 0x70, 0x48, 0x00,
    0x50, 0x70, 0x48, 0x00, 0x48, 0x70, 0x48, 0x00, 0x50, 0x70, 0x48, 0x00,
    0x50, 0x70, 0x48, 0x00, 0x48, 0x70, 0x48, 0x00, 0x48, 0x70, 0x48, 0x00,
    0x88, 0x9c, 0xb0, 0x00, 0x78, 0x90, 0xa8, 0x3c, 0x70, 0x84, 0x98, 0x82,
    0x68, 0x7c, 0x90, 0x96, 0x70, 0x84, 0xa0, 0xe3, 0x78, 0x90, 0xa8, 0xff,
    0x78, 0x90, 0xa8, 0xff, 0x70, 0x88, 0xa8, 0xff, 0x68, 0x80, 0xa0, 0xff,
    0x60, 0x74, 0x88, 0xff, 0x80, 0x98, 0xb0, 0xff, 0x98, 0xb4, 0xd0, 0xff,
    0xa0, 0xbc, 0xd8, 0xff, 0xa0, 0xc0, 0xe0, 0xff, 0xa0, 0xc0, 0xe0, 0xff,
    0xa0, 0xbc, 0xd8, 0xff, 0xa0, 0xbc, 0xd8, 0xff, 0x98, 0xb4, 0xd0, 0xff,
    0x90, 0xac, 0xc8, 0xff, 0x88, 0xa4, 0xc0, 0xff, 0x78, 0x94, 0xb0, 0xff,
    0x80, 0x98, 0xb0, 0xff, 0x70, 0x84, 0xa0, 0xff, 0x60, 0x74, 0x88, 0xff,
    0x78, 0x98, 0xb0, 0xff, 0x68, 0x80, 0x98, 0xff, 0x78, 0x90, 0xa8, 0xff,
    0x90, 0xac, 0xc8, 0xff, 0x98, 0xb0, 0xd0, 0xff, 0x98, 0xb4, 0xd0, 0xff,
    0x98, 0xb8, 0xd8, 0xff, 0x98, 0xb8, 0xd8, 0xff, 0xa0, 0xbc, 0xd8, 0xff,
    0xa0, 0xbc, 0xd8, 0xff, 0xa0, 0xbc, 0xe0, 0xff, 0x98, 0xb8, 0xd8, 0xff,
    0x78, 0x90, 0xa8, 0xff, 0x60, 0x78, 0x90, 0xff, 0x78, 0x94, 0xb0, 0xff,
    0x88, 0xa4, 0xc0, 0xff, 0x80, 0x9c, 0xb8, 0xff, 0x80, 0x98, 0xb0, 0xff,
    0x70, 0x88, 0xa8, 0xff, 0x70, 0x8c, 0xa8, 0xff, 0x78, 0x94, 0xb0, 0xff,
    0x80, 0x98, 0xb0, 0xff, 0x88, 0x9c, 0xb8, 0xff, 0x90, 0xb0, 0xd0, 0xff,
    0x98, 0xb8, 0xd8, 0xff, 0xa0, 0xbc, 0xd8, 0xff, 0xa8, 0xc4, 0xe8, 0xff,
    0xa8, 0xcc, 0xe8, 0xff, 0xa8, 0xc8, 0xe8, 0xff, 0xa0, 0xbc, 0xd8, 0xff,
    0x88, 0xa4, 0xc0, 0xff, 0x78, 0x90, 0xb0, 0xff, 0x60, 0x78, 0x90, 0xff,
    0x70, 0x8c, 0xa8, 0xff, 0x78, 0x90, 0xb0, 0xff, 0x78, 0x94, 0xb0, 0xff,
    0x78, 0x94, 0xb0, 0xff, 0x70, 0x88, 0xa0, 0xe3, 0x70, 0x88, 0xa0, 0xaa,
    0x70, 0x84, 0x98, 0x82, 0x78, 0x90, 0xa8, 0x30, 0x90, 0xa0, 0xb8, 0x04,
    0x48, 0x70, 0x48, 0x00, 0x50, 0x70, 0x48, 0x00, 0x48, 0x70, 0x48, 0x00,
    0x50, 0x70, 0x48, 0x00, 0x50, 0x70, 0x48, 0x00, 0x48, 0x70, 0x48, 0x00,
    0x50, 0x70, 0x48, 0x00, 0x48, 0x70, 0x40, 0x00, 0x50, 0x70, 0x48, 0x00,
    0x48, 0x70, 0x48, 0x00, 0x50, 0x70, 0x48, 0x00, 0x48, 0x70, 0x40, 0x00,
    0x50, 0x70, 0x48, 0x00, 0x48, 0x70, 0x48, 0x00, 0x50, 0x70, 0x48, 0x00,
    0x50, 0x70, 0x40, 0x00, 0x48, 0x70, 0x48, 0x00, 0x50, 0x70, 0x48, 0x00,
    0x50, 0x70, 0x48, 0x00, 0x88, 0x98, 0xb0, 0x00, 0x68, 0x74, 0x80, 0x0c,
    0x70, 0x80, 0x98, 0x45, 0x70, 0x88, 0xa0, 0xbe, 0x70, 0x88, 0xa8, 0xff,
    0x68, 0x84, 0xa0, 0xff, 0x68, 0x80, 0x98, 0xff, 0x60, 0x78, 0x90, 0xff,
    0x58, 0x70, 0x90, 0xff, 0x88, 0xa4, 0xc0, 0xff, 0xa8, 0xc8, 0xe8, 0xff,
    0xa8, 0xc4, 0xe0, 0xff, 0xa0, 0xc0, 0xe0, 0xff, 0xa0, 0xbc, 0xd8, 0xff,
    0x98, 0xb8, 0xd8, 0xff, 0x98, 0xb8, 0xd8, 0xff, 0x98, 0xb0, 0xd0, 0xff,
    0x90, 0xa8, 0xc8, 0xff, 0x88, 0xa4, 0xc0, 0xff, 0x80, 0x9c, 0xb8, 0xff,
    0x80, 0x98, 0xb0, 0xff, 0x70, 0x80, 0x98, 0xff, 0x60, 0x6c, 0x80, 0xff,
    0x68, 0x80, 0x98, 0xff, 0x58, 0x6c, 0x80, 0xff, 0x70, 0x8c, 0xa8, 0xff,
    0x90, 0xac, 0xc8, 0xff, 0x90, 0xb0, 0xd0, 0xff, 0x98, 0xb4, 0xd0, 0xff,
    0x98, 0xb4, 0xd0, 0xff, 0x98, 0xb4, 0xd8, 0xff, 0x98, 0xb8, 0xd8, 0xff,
    0x98, 0xb8, 0xd8, 0xff, 0x98, 0xb4, 0xd8, 0xff, 0x98, 0xb0, 0xd0, 0xff,
    0x88, 0xa4, 0xc0, 0xff, 0x80, 0x94, 0xb0, 0xff, 0x78, 0x90, 0xa8, 0xff,
    0x70, 0x88, 0xa8, 0xff, 0x68, 0x80, 0xa0, 0xff, 0x68, 0x7c, 0x90, 0xff,
    0x58, 0x70, 0x88, 0xff, 0x50, 0x64, 0x80, 0xff, 0x60, 0x70, 0x88, 0xff,
    0x78, 0x8c, 0xa8, 0xff, 0x80, 0xa0, 0xb8, 0xff, 0x90, 0xa8, 0xc8, 0xff,
    0x98, 0xb4, 0xd0, 0xff, 0xa0, 0xc0, 0xe0, 0xff, 0xa8, 0xc4, 0xe0, 0xff,
    0xa8, 0xc4, 0xe8, 0xff, 0xa8, 0xc4, 0xe8, 0xff, 0xa0, 0xc0, 0xe0, 0xff,
    0x88, 0xa4, 0xc0, 0xff, 0x78, 0x90, 0xb0, 0xff, 0x68, 0x80, 0x98, 0xff,
    0x70, 0x84, 0xa0, 0xff, 0x70, 0x88, 0xa0, 0xff, 0x70, 0x8c, 0xa0, 0xff,
    0x78, 0x90, 0xa8, 0xff, 0x70, 0x88, 0xa0, 0xbe, 0x70, 0x80, 0x98, 0x45,
    0x68, 0x74, 0x80, 0x0c, 0x88, 0x9c, 0xb0, 0x00, 0x48, 0x70, 0x48, 0x00,
    0x50, 0x70, 0x48, 0x00, 0x48, 0x70, 0x40, 0x00, 0x48, 0x70, 0x48, 0x00,
    0x50, 0x70, 0x48, 0x00, 0x48, 0x70, 0x48, 0x00, 0x50, 0x70, 0x48, 0x00,
    0x48, 0x70, 0x48, 0x00, 0x48, 0x70, 0x48, 0x00, 0x50, 0x70, 0x48, 0x00,
    0x48, 0x70, 0x48, 0x00, 0x50, 0x70, 0x48, 0x00, 0x48, 0x70, 0x48, 0x00,
    0x48, 0x70, 0x48, 0x00, 0x50, 0x70, 0x48, 0x00, 0x48, 0x70, 0x48, 0x00,
    0x48, 0x70, 0x48, 0x00, 0x50, 0x70, 0x48, 0x00, 0x48, 0x70, 0x48, 0x00,
    0x48, 0x70, 0x48, 0x00, 0x50, 0x70, 0x48, 0x00, 0x68, 0x70, 0x80, 0x04,
    0x70, 0x80, 0x98, 0x45, 0x70, 0x88, 0xa0, 0xbe, 0x78, 0x8c, 0xa8, 0xff,
    0x68, 0x80, 0x98, 0xff, 0x60, 0x78, 0x90, 0xff, 0x58, 0x70, 0x88, 0xff,
    0x60, 0x78, 0x90, 0xff, 0x90, 0xa8, 0xc8, 0xff, 0xa8, 0xc8, 0xe8, 0xff,
    0xa8, 0xc8, 0xe8, 0xff, 0xa0, 0xc0, 0xe0, 0xff, 0xa0, 0xb8, 0xd8, 0xff,
    0x98, 0xb0, 0xd0, 0xff, 0x90, 0xb0, 0xd0, 0xff, 0x90, 0xb0, 0xd0, 0xff,
    0x90, 0xa8, 0xc8, 0xff, 0x88, 0xa4, 0xc0, 0xff, 0x80, 0xa0, 0xb8, 0xff,
    0x78, 0x94, 0xb0, 0xff, 0x78, 0x84, 0x90, 0xff, 0x60, 0x6c, 0x80, 0xff,
    0x70, 0x84, 0xa0, 0xff, 0x78, 0x94, 0xb0, 0xff, 0x88, 0xa4, 0xc0, 0xff,
    0x90, 0xa8, 0xc8, 0xff, 0x90, 0xb0, 0xd0, 0xff, 0x98, 0xb4, 0xd0, 0xff,
    0x98, 0xb4, 0xd0, 0xff, 0x98, 0xb4, 0xd0, 0xff, 0x98, 0xb4, 0xd0, 0xff,
    0x98, 0xb4, 0xd0, 0xff, 0x98, 0xb0, 0xd0, 0xff, 0x88, 0xa8, 0xc8, 0xff,
    0x80, 0x98, 0xb8, 0xff, 0x70, 0x84, 0xa0, 0xff, 0x68, 0x80, 0x98, 0xff,
    0x68, 0x80, 0xa0, 0xff, 0x68, 0x80, 0x98, 0xff, 0x68, 0x7c, 0x90, 0xff,
    0x60, 0x7c, 0x90, 0xff, 0x60, 0x70, 0x88, 0xff, 0x58, 0x6c, 0x80, 0xff,
    0x58, 0x6c, 0x80, 0xff, 0x68, 0x80, 0xa0, 0xff, 0x88, 0xa0, 0xc0, 0xff,
    0x90, 0xa8, 0xc8, 0xff, 0x90, 0xb0, 0xc8, 0xff, 0x98, 0xb8, 0xd8, 0xff,
    0xa0, 0xc0, 0xe0, 0xff, 0xa0, 0xc4, 0xe0, 0xff, 0xa0, 0xc0, 0xe0, 0xff,
    0x88, 0xa4, 0xc0, 0xff, 0x78, 0x90, 0xa8, 0xff, 0x70, 0x8c, 0xa8, 0xff,
    0x78, 0x8c, 0xa8, 0xff, 0x70, 0x84, 0xa0, 0xff, 0x70, 0x88, 0xa8, 0xff,
    0x78, 0x90, 0xa8, 0xff, 0x70, 0x88, 0xa0, 0xbe, 0x70, 0x80, 0x98, 0x45,
    0x68, 0x70, 0x80, 0x0c, 0x48, 0x70, 0x48, 0x00, 0x50, 0x70, 0x48, 0x00,
    0x50, 0x70, 0x48, 0x00, 0x48, 0x70, 0x48, 0x00, 0x50, 0x70, 0x48, 0x00,
    0x48, 0x70, 0x40, 0x00, 0x50, 0x70, 0x48, 0x00, 0x48, 0x70, 0x48, 0x00,
    0x50, 0x70, 0x40, 0x00, 0x50, 0x70, 0x48, 0x00, 0x48, 0x70, 0x48, 0x00,
    0x50, 0x70, 0x48, 0x00, 0x48, 0x70, 0x48, 0x00, 0x50, 0x70, 0x48, 0x00,
    0x50, 0x70, 0x48, 0x00, 0x48, 0x70, 0x40, 0x00, 0x50, 0x70, 0x48, 0x00,
    0x48, 0x70, 0x48, 0x00, 0x50, 0x70, 0x48, 0x00, 0x48, 0x70, 0x40, 0x00,
    0x48, 0x70, 0x48, 0x00, 0x88, 0x9c, 0xb0, 0x00, 0x88, 0xa0, 0xb0, 0x0c,
    0x70, 0x80, 0x98, 0x45, 0x70, 0x88, 0xa0, 0xbe, 0x70, 0x8c, 0xa0, 0xff,
    0x68, 0x7c, 0x90, 0xff, 0x50, 0x64, 0x80, 0xff, 0x48, 0x58, 0x70, 0xff,
    0x50, 0x60, 0x70, 0xff, 0x88, 0xa0, 0xc0, 0xff, 0xa0, 0xc4, 0xe0, 0xff,
    0xa0, 0xc4, 0xe8, 0xff, 0xa0, 0xc4, 0xe0, 0xff, 0xa0, 0xb8, 0xd8, 0xff,
    0x88, 0xa0, 0xb8, 0xff, 0x78, 0x90, 0xa8, 0xff, 0x78, 0x90, 0xa8, 0xff,
    0x88, 0xa8, 0xc8, 0xff, 0x88, 0xa4, 0xc0, 0xff, 0x80, 0x98, 0xb8, 0xff,
    0x78, 0x90, 0xa8, 0xff, 0x68, 0x7c, 0x98, 0xff, 0x60, 0x6c, 0x78, 0xff,
    0x68, 0x80, 0x98, 0xff, 0x78, 0x94, 0xb0, 0xff, 0x88, 0x9c, 0xb8, 0xff,
    0x88, 0xa4, 0xc0, 0xff, 0x90, 0xa8, 0xc8, 0xff, 0x90, 0xb0, 0xd0, 0xff,
    0x98, 0xb4, 0xd0, 0xff, 0x98, 0xb4, 0xd8, 0xff, 0x98, 0xb4, 0xd0, 0xff,
    0x98, 0xb4, 0xd0, 0xff, 0x90, 0xac, 0xc8, 0xff, 0x80, 0x98, 0xb0, 0xff,
    0x68, 0x80, 0x98, 0xff, 0x68, 0x80, 0xa0, 0xff, 0x80, 0x98, 0xb8, 0xff,
    0x88, 0xa4, 0xc0, 0xff, 0x80, 0x98, 0xb0, 0xff, 0x80, 0x9c, 0xb8, 0xff,
    0x88, 0xa0, 0xc0, 0xff, 0x78, 0x94, 0xb0, 0xff, 0x70, 0x84, 0xa0, 0xff,
    0x70, 0x8c, 0xa8, 0xff, 0x60, 0x78, 0x90, 0xff, 0x60, 0x7c, 0x90, 0xff,
    0x78, 0x90, 0xa8, 0xff, 0x80, 0x98, 0xb8, 0xff, 0x90, 0xb0, 0xd0, 0xff,
    0xa0, 0xbc, 0xd8, 0xff, 0xa0, 0xc0, 0xe0, 0xff, 0xa8, 0xc4, 0xe0, 0xff,
    0x90, 0xa8, 0xc0, 0xff, 0x78, 0x90, 0xa8, 0xff, 0x70, 0x8c, 0xa8, 0xff,
    0x78, 0x90, 0xa8, 0xff, 0x68, 0x7c, 0x98, 0xff, 0x70, 0x88, 0xa0, 0xff,
    0x78, 0x90, 0xa8, 0xff, 0x70, 0x88, 0xa0, 0xbe, 0x70, 0x80, 0x98, 0x45,
    0x68, 0x74, 0x80, 0x0c, 0x88, 0x9c, 0xb0, 0x00, 0x48, 0x70, 0x48, 0x00,
    0x48, 0x70, 0x48, 0x00, 0x50, 0x70, 0x48, 0x00, 0x50, 0x70, 0x48, 0x00,
    0x48, 0x70, 0x48, 0x00, 0x50, 0x70, 0x48, 0x00, 0x48, 0x70, 0x48, 0x00,
    0x48, 0x70, 0x48, 0x00, 0x50, 0x70, 0x48, 0x00, 0x48, 0x70, 0x48, 0x00,
    0x48, 0x70, 0x48, 0x00, 0x50, 0x70, 0x48, 0x00, 0x48, 0x70, 0x48, 0x00,
    0x50, 0x70, 0x48, 0x00, 0x48, 0x70, 0x48, 0x00, 0x50, 0x70, 0x48, 0x00,
    0x50, 0x70, 0x48, 0x00, 0x48, 0x70, 0x48, 0x00, 0x50, 0x70, 0x48, 0x00,
    0x88, 0x9c, 0xb0, 0x00, 0x78, 0x90, 0xa8, 0x3c, 0x78, 0x8c, 0xa8, 0x96,
    0x70, 0x88, 0xa0, 0xaa, 0x70, 0x84, 0xa0, 0xe3, 0x70, 0x88, 0xa0, 0xff,
    0x78, 0x94, 0xb0, 0xff, 0x50, 0x68, 0x80, 0xff, 0x38, 0x44, 0x58, 0xff,
    0x40, 0x54, 0x68, 0xff, 0x80, 0x9c, 0xb8, 0xff, 0xa0, 0xc0, 0xe0, 0xff,
    0xa0, 0xc0, 0xe0, 0xff, 0xa0, 0xc0, 0xe0, 0xff, 0x98, 0xb8, 0xd8, 0xff,
    0x78, 0x90, 0xb0, 0xff, 0x70, 0x84, 0xa0, 0xff, 0x60, 0x78, 0x90, 0xff,
    0x88, 0xa0, 0xb8, 0xff, 0x80, 0x9c, 0xb8, 0xff, 0x78, 0x90, 0xa8, 0xff,
    0x70, 0x84, 0xa0, 0xff, 0x58, 0x6c, 0x88, 0xff, 0x60, 0x64, 0x68, 0xff,
    0x58, 0x6c, 0x88, 0xff, 0x70, 0x88, 0xa0, 0xff, 0x78, 0x90, 0xb0, 0xff,
    0x80, 0x98, 0xb8, 0xff, 0x88, 0xa4, 0xc0, 0xff, 0x90, 0xa8, 0xc8, 0xff,
    0x90, 0xb0, 0xd0, 0xff, 0x98, 0xb4, 0xd0, 0xff, 0x98, 0xb4, 0xd8, 0xff,
    0x98, 0xb4, 0xd0, 0xff, 0x80, 0xa0, 0xc0, 0xff, 0x68, 0x80, 0x98, 0xff,
    0x68, 0x80, 0x98, 0xff, 0x88, 0xa4, 0xc0, 0xff, 0xa0, 0xc0, 0xe0, 0xff,
    0xa0, 0xc0, 0xe0, 0xff, 0x90, 0xa8, 0xc8, 0xff, 0x90, 0xb0, 0xd0, 0xff,
    0x98, 0xb8, 0xd8, 0xff, 0x90, 0xa8, 0xc8, 0xff, 0x88, 0xa4, 0xc0, 0xff,
    0xa0, 0xb8, 0xd8, 0xff, 0x88, 0xa4, 0xc0, 0xff, 0x60, 0x74, 0x90, 0xff,
    0x60, 0x78, 0x90, 0xff, 0x80, 0x98, 0xb8, 0xff, 0x90, 0xa8, 0xc8, 0xff,
    0xa0, 0xb8, 0xd8, 0xff, 0xa8, 0xc4, 0xe0, 0xff, 0xa8, 0xc8, 0xe8, 0xff,
    0x88, 0xa8, 0xc8, 0xff, 0x78, 0x90, 0xa8, 0xff, 0x70, 0x8c, 0xa8, 0xff,
    0x70, 0x8c, 0xa8, 0xff, 0x60, 0x78, 0x90, 0xff, 0x78, 0x90, 0xa8, 0xff,
    0x78, 0x94, 0xb0, 0xff, 0x70, 0x84, 0xa0, 0xe3, 0x50, 0x60, 0x70, 0xaa,
    0x88, 0x9c, 0xb8, 0x92, 0x78, 0x90, 0xa8, 0x41, 0x90, 0x9c, 0xb0, 0x04,
    0x48, 0x70, 0x48, 0x00, 0x50, 0x70, 0x48, 0x00, 0x48, 0x70, 0x48, 0x00,
    0x48, 0x70, 0x48, 0x00, 0x50, 0x70, 0x48, 0x00, 0x50, 0x70, 0x48, 0x00,
    0x48, 0x70, 0x48, 0x00, 0x50, 0x70, 0x48, 0x00, 0x50, 0x70, 0x48, 0x00,
    0x48, 0x70, 0x48, 0x00, 0x50, 0x70, 0x48, 0x00, 0x48, 0x70, 0x40, 0x00,
    0x48, 0x70, 0x48, 0x00, 0x50, 0x70, 0x48, 0x00, 0x48, 0x70, 0x48, 0x00,
    0x48, 0x70, 0x40, 0x00, 0x50, 0x70, 0x48, 0x00, 0x50, 0x70, 0x48, 0x00,
    0x90, 0xa0, 0xb0, 0x04, 0x80, 0x94, 0xb0, 0x75, 0x80, 0x94, 0xb0, 0xeb,
    0x78, 0x90, 0xa8, 0xff, 0x78, 0x90, 0xb0, 0xff, 0x78, 0x94, 0xb0, 0xff,
    0x88, 0xa8, 0xc0, 0xff, 0x50, 0x5c, 0x70, 0xff, 0x20, 0x28, 0x30, 0xff,
    0x30, 0x3c, 0x50, 0xff, 0x78, 0x94, 0xb0, 0xff, 0xa8, 0xc4, 0xe0, 0xff,
    0xa0, 0xbc, 0xd8, 0xff, 0xa0, 0xb8, 0xd8, 0xff, 0x98, 0xb0, 0xd0, 0xff,
    0x88, 0xa4, 0xc0, 0xff, 0x88, 0xa4, 0xc0, 0xff, 0x88, 0xa0, 0xc0, 0xff,
    0x88, 0xa0, 0xc0, 0xff, 0x78, 0x94, 0xb0, 0xff, 0x68, 0x80, 0x98, 0xff,
    0x58, 0x6c, 0x80, 0xff, 0x58, 0x5c, 0x68, 0xff, 0x58, 0x5c, 0x60, 0xff,
    0x48, 0x58, 0x70, 0xff, 0x58, 0x74, 0x88, 0xff, 0x60, 0x78, 0x90, 0xff,
    0x70, 0x84, 0xa0, 0xff, 0x78, 0x94, 0xb0, 0xff, 0x88, 0xa0, 0xb8, 0xff,
    0x90, 0xac, 0xc8, 0xff, 0x90, 0xb0, 0xd0, 0xff, 0x98, 0xb4, 0xd8, 0xff,
    0x90, 0xb0, 0xd0, 0xff, 0x78, 0x8c, 0xa8, 0xff, 0x60, 0x7c, 0x98, 0xff,
    0x88, 0xa0, 0xb8, 0xff, 0x98, 0xb4, 0xd0, 0xff, 0xa0, 0xc0, 0xe0, 0xff,
    0x90, 0xac, 0xc8, 0xff, 0x90, 0xac, 0xc8, 0xff, 0xa0, 0xbc, 0xd8, 0xff,
    0xa0, 0xc0, 0xe0, 0xff, 0x98, 0xb4, 0xd0, 0xff, 0x90, 0xa8, 0xc8, 0xff,
    0x90, 0xb4, 0xd0, 0xff, 0x90, 0xac, 0xc8, 0xff, 0x80, 0x94, 0xb0, 0xff,
    0x68, 0x80, 0xa0, 0xff, 0x80, 0x98, 0xb0, 0xff, 0x90, 0xac, 0xc8, 0xff,
    0x98, 0xb8, 0xd8, 0xff, 0xa0, 0xc4, 0xe0, 0xff, 0xa8, 0xc8, 0xe8, 0xff,
    0x88, 0xa4, 0xc8, 0xff, 0x70, 0x84, 0xa0, 0xff, 0x70, 0x84, 0xa0, 0xff,
    0x70, 0x88, 0xa0, 0xff, 0x60, 0x78, 0x90, 0xff, 0x78, 0x90, 0xa8, 0xff,
    0x80, 0x98, 0xb8, 0xff, 0x70, 0x88, 0xa8, 0xff, 0x68, 0x7c, 0x90, 0xff,
    0x80, 0x98, 0xb8, 0xf7, 0x98, 0xb0, 0xc8, 0x65, 0x90, 0xa0, 0xb8, 0x04,
    0x50, 0x70, 0x48, 0x00, 0x48, 0x70, 0x48, 0x00, 0x50, 0x70, 0x40, 0x00,
    0x48, 0x70, 0x48, 0x00, 0x50, 0x70, 0x48, 0x00, 0x48, 0x70, 0x40, 0x00,
    0x48, 0x70, 0x48, 0x00, 0x50, 0x70, 0x48, 0x00, 0x48, 0x70, 0x48, 0x00,
    0x50, 0x70, 0x48, 0x00, 0x48, 0x70, 0x48, 0x00, 0x50, 0x70, 0x48, 0x00,
    0x50, 0x70, 0x48, 0x00, 0x48, 0x70, 0x48, 0x00, 0x50, 0x70, 0x48, 0x00,
    0x48, 0x70, 0x48, 0x00, 0x48, 0x70, 0x48, 0x00, 0x48, 0x70, 0x48, 0x00,
    0x90, 0x9c, 0xb0, 0x04, 0x88, 0xa0, 0xb8, 0x75, 0x80, 0x9c, 0xb8, 0xf7,
    0x80, 0x9c, 0xb8, 0xff, 0x80, 0x98, 0xb0, 0xff, 0x88, 0xa0, 0xc0, 0xff,
    0xa0, 0xbc, 0xd8, 0xff, 0x50, 0x64, 0x78, 0xff, 0x20, 0x28, 0x30, 0xff,
    0x30, 0x34, 0x38, 0xff, 0x78, 0x8c, 0xa8, 0xff, 0xa0, 0xc0, 0xe0, 0xff,
    0xa0, 0xc0, 0xe0, 0xff, 0xa0, 0xb8, 0xd8, 0xff, 0x90, 0xb0, 0xd0, 0xff,
    0x90, 0xac, 0xc8, 0xff, 0x90, 0xb0, 0xd0, 0xff, 0x90, 0xb0, 0xc8, 0xff,
    0x88, 0xa4, 0xc0, 0xff, 0x68, 0x7c, 0x98, 0xff, 0x40, 0x50, 0x60, 0xff,
    0x30, 0x3c, 0x50, 0xff, 0x38, 0x44, 0x58, 0xff, 0x58, 0x5c, 0x60, 0xff,
    0x30, 0x3c, 0x50, 0xff, 0x40, 0x4c, 0x60, 0xff, 0x40, 0x54, 0x68, 0xff,
    0x48, 0x58, 0x68, 0xff, 0x58, 0x6c, 0x80, 0xff, 0x70, 0x88, 0xa0, 0xff,
    0x88, 0xa4, 0xc0, 0xff, 0x90, 0xac, 0xc8, 0xff, 0x98, 0xb4, 0xd0, 0xff,
    0x88, 0xa0, 0xb8, 0xff, 0x60, 0x78, 0x90, 0xff, 0x78, 0x8c, 0xa8, 0xff,
    0x98, 0xb8, 0xd8, 0xff, 0x80, 0x98, 0xb0, 0xff, 0x78, 0x90, 0xa8, 0xff,
    0x88, 0xa0, 0xc0, 0xff, 0xa0, 0xbc, 0xd8, 0xff, 0xa8, 0xcc, 0xe8, 0xff,
    0xb0, 0xcc, 0xf0, 0xff, 0xa8, 0xc8, 0xe8, 0xff, 0x98, 0xb4, 0xd0, 0xff,
    0x80, 0x9c, 0xb8, 0xff, 0x88, 0xa8, 0xc0, 0xff, 0x98, 0xb8, 0xd8, 0xff,
    0x80, 0x9c, 0xb8, 0xff, 0x78, 0x94, 0xb0, 0xff, 0x90, 0xb0, 0xc8, 0xff,
    0x98, 0xb8, 0xd8, 0xff, 0xa8, 0xc8, 0xe8, 0xff, 0xb0, 0xcc, 0xf0, 0xff,
    0x80, 0x9c, 0xb8, 0xff, 0x60, 0x74, 0x88, 0xff, 0x60, 0x78, 0x90, 0xff,
    0x68, 0x7c, 0x98, 0xff, 0x58, 0x6c, 0x88, 0xff, 0x70, 0x8c, 0xa8, 0xff,
    0x78, 0x94, 0xb0, 0xff, 0x80, 0x98, 0xb8, 0xff, 0x78, 0x94, 0xb0, 0xff,
    0x88, 0xa4, 0xc0, 0xf7, 0x98, 0xb0, 0xc8, 0x65, 0x90, 0xa0, 0xb8, 0x04,
    0x48, 0x70, 0x48, 0x00, 0x48, 0x70, 0x48, 0x00, 0x50, 0x70, 0x48, 0x00,
    0x50, 0x70, 0x48, 0x00, 0x48, 0x70, 0x48, 0x00, 0x50, 0x70, 0x48, 0x00,
    0x50, 0x70, 0x48, 0x00, 0x48, 0x70, 0x48, 0x00, 0x48, 0x70, 0x48, 0x00,
    0x48, 0x70, 0x48, 0x00, 0x50, 0x70, 0x48, 0x00, 0x48, 0x70, 0x48, 0x00,
    0x50, 0x70, 0x48, 0x00, 0x48, 0x70, 0x40, 0x00, 0x50, 0x70, 0x48, 0x00,
    0x50, 0x70, 0x48, 0x00, 0x48, 0x70, 0x48, 0x00, 0x50, 0x70, 0x48, 0x00,
    0x90, 0xa0, 0xb8, 0x04, 0x88, 0xa0, 0xb8, 0x75, 0x80, 0x98, 0xb8, 0xf7,
    0x80, 0x98, 0xb8, 0xff, 0x78, 0x94, 0xb0, 0xff, 0x88, 0xa4, 0xc0, 0xff,
    0xa8, 0xc8, 0xe8, 0xff, 0x50, 0x64, 0x80, 0xff, 0x20, 0x28, 0x30, 0xff,
    0x20, 0x28, 0x30, 0xff, 0x70, 0x88, 0xa0, 0xff, 0xa0, 0xbc, 0xd8, 0xff,
    0xa0, 0xc0, 0xe0, 0xff, 0xa0, 0xbc, 0xd8, 0xff, 0x98, 0xb4, 0xd0, 0xff,
    0x90, 0xac, 0xc8, 0xff, 0x98, 0xb0, 0xd0, 0xff, 0x98, 0xb0, 0xd0, 0xff,
    0x80, 0x9c, 0xb8, 0xff, 0x48, 0x58, 0x68, 0xff, 0x20, 0x28, 0x30, 0xff,
    0x20, 0x28, 0x38, 0xff, 0x60, 0x74, 0x88, 0xff, 0x88, 0x8c, 0x98, 0xff,
    0x48, 0x50, 0x50, 0xff, 0x30, 0x30, 0x38, 0xff, 0x38, 0x44, 0x58, 0xff,
    0x40, 0x50, 0x60, 0xff, 0x48, 0x5c, 0x70, 0xff, 0x58, 0x6c, 0x88, 0xff,
    0x78, 0x94, 0xb0, 0xff, 0x90, 0xac, 0xc8, 0xff, 0x90, 0xac, 0xc8, 0xff,
    0x70, 0x88, 0xa0, 0xff, 0x50, 0x5c, 0x70, 0xff, 0x60, 0x78, 0x90, 0xff,
    0xa0, 0xc0, 0xe0, 0xff, 0xa0, 0xbc, 0xe0, 0xff, 0x78, 0x90, 0xb0, 0xff,
    0x90, 0xac, 0xc8, 0xff, 0xa0, 0xbc, 0xd8, 0xff, 0xa8, 0xc4, 0xe8, 0xff,
    0xa8, 0xc8, 0xe8, 0xff, 0xa0, 0xc4, 0xe0, 0xff, 0xa0, 0xbc, 0xe0, 0xff,
    0x90, 0xa8, 0xc8, 0xff, 0x88, 0xa4, 0xc0, 0xff, 0xa8, 0xc4, 0xe0, 0xff,
    0x98, 0xb4, 0xd0, 0xff, 0x80, 0x9c, 0xb8, 0xff, 0x90, 0xac, 0xc8, 0xff,
    0xa0, 0xb8, 0xd8, 0xff, 0xa8, 0xc8, 0xe8, 0xff, 0xb0, 0xd0, 0xf0, 0xff,
    0x78, 0x94, 0xb0, 0xff, 0x50, 0x64, 0x80, 0xff, 0x60, 0x74, 0x88, 0xff,
    0x60, 0x78, 0x90, 0xff, 0x58, 0x6c, 0x88, 0xff, 0x70, 0x88, 0xa0, 0xff,
    0x78, 0x94, 0xb0, 0xff, 0x80, 0x98, 0xb0, 0xff, 0x78, 0x94, 0xb0, 0xff,
    0x88, 0xa4, 0xc0, 0xfb, 0x98, 0xb0, 0xc8, 0x65, 0x90, 0xa0, 0xb0, 0x04,
    0x48, 0x70, 0x48, 0x00, 0x50, 0x70, 0x48, 0x00, 0x48, 0x70, 0x48, 0x00,
    0x48, 0x70, 0x48, 0x00, 0x50, 0x70, 0x48, 0x00, 0x48, 0x70, 0x48, 0x00,
    0x50, 0x70, 0x40, 0x00, 0x50, 0x70, 0x48, 0x00, 0x48, 0x70, 0x48, 0x00,
    0x48, 0x70, 0x48, 0x00, 0x50, 0x70, 0x48, 0x00, 0x48, 0x70, 0x48, 0x00,
    0x48, 0x70, 0x48, 0x00, 0x50, 0x70, 0x48, 0x00, 0x48, 0x70, 0x48, 0x00,
    0x50, 0x70, 0x48, 0x00, 0x48, 0x70, 0x40, 0x00, 0x48, 0x70, 0x48, 0x00,
    0x90, 0xa0, 0xb0, 0x04, 0x88, 0xa0, 0xb8, 0x75, 0x80, 0x98, 0xb8, 0xf7,
    0x80, 0x98, 0xb0, 0xff, 0x78, 0x94, 0xb0, 0xff, 0x88, 0xa0, 0xc0, 0xff,
    0xa0, 0xc0, 0xe0, 0xff, 0x50, 0x64, 0x78, 0xff, 0x20, 0x28, 0x38, 0xff,
    0x20, 0x28, 0x38, 0xff, 0x78, 0x8c, 0xa8, 0xff, 0xa0, 0xbc, 0xe0, 0xff,
    0xa0, 0xbc, 0xd8, 0xff, 0x98, 0xb8, 0xd8, 0xff, 0x90, 0xb0, 0xd0, 0xff,
    0x90, 0xac, 0xc8, 0xff, 0x90, 0xb0, 0xc8, 0xff, 0x98, 0xb0, 0xd0, 0xff,
    0x80, 0x9c, 0xb8, 0xff, 0x48, 0x60, 0x70, 0xff, 0x30, 0x40, 0x50, 0xff,
    0x28, 0x38, 0x48, 0xff, 0x88, 0x8c, 0x98, 0xff, 0x98, 0x98, 0x98, 0xff,
    0x50, 0x50, 0x50, 0xff, 0x20, 0x28, 0x30, 0xff, 0x40, 0x50, 0x60, 0xff,
    0x50, 0x64, 0x78, 0xff, 0x60, 0x74, 0x90, 0xff, 0x58, 0x6c, 0x80, 0xff,
    0x60, 0x78, 0x90, 0xff, 0x88, 0xa4, 0xc0, 0xff, 0x80, 0x9c, 0xb8, 0xff,
    0x60, 0x78, 0x90, 0xff, 0x40, 0x4c, 0x60, 0xff, 0x48, 0x58, 0x70, 0xff,
    0xa0, 0xc4, 0xe0, 0xff, 0xb0, 0xcc, 0xe8, 0xff, 0x80, 0x9c, 0xb8, 0xff,
    0x90, 0xa8, 0xc8, 0xff, 0x98, 0xb8, 0xd8, 0xff, 0xa0, 0xbc, 0xd8, 0xff,
    0xa0, 0xc0, 0xe0, 0xff, 0xa0, 0xc0, 0xe0, 0xff, 0xa0, 0xbc, 0xd8, 0xff,
    0x98, 0xb0, 0xd0, 0xff, 0x80, 0x9c, 0xb8, 0xff, 0xa8, 0xc4, 0xe0, 0xff,
    0xa8, 0xc4, 0xe8, 0xff, 0x90, 0xa8, 0xc8, 0xff, 0x98, 0xb0, 0xd0, 0xff,
    0xa0, 0xbc, 0xd8, 0xff, 0xa8, 0xc4, 0xe0, 0xff, 0xa8, 0xc8, 0xe8, 0xff,
    0x90, 0xa8, 0xc8, 0xff, 0x78, 0x90, 0xa8, 0xff, 0x80, 0x98, 0xb8, 0xff,
    0x88, 0xa4, 0xc0, 0xff, 0x80, 0x9c, 0xb8, 0xff, 0x78, 0x8c, 0xa8, 0xff,
    0x78, 0x90, 0xa8, 0xff, 0x78, 0x94, 0xb0, 0xff, 0x78, 0x90, 0xa8, 0xff,
    0x88, 0xa0, 0xc0, 0xf7, 0x98, 0xb0, 0xc8, 0x65, 0x90, 0xa0, 0xb8, 0x04,
    0x50, 0x70, 0x48, 0x00, 0x48, 0x70, 0x48, 0x00, 0x50, 0x70, 0x40, 0x00,
    0x50, 0x70, 0x48, 0x00, 0x48, 0x70, 0x48, 0x00, 0x48, 0x70, 0x48, 0x00,
    0x48, 0x70, 0x48, 0x00, 0x50, 0x70, 0x48, 0x00, 0x50, 0x70, 0x48, 0x00,
    0x50, 0x70, 0x48, 0x00, 0x48, 0x70, 0x48, 0x00, 0x50, 0x70, 0x40, 0x00,
    0x50, 0x70, 0x48, 0x00, 0x48, 0x70, 0x48, 0x00, 0x50, 0x70, 0x48, 0x00,
    0x48, 0x70, 0x48, 0x00, 0x50, 0x70, 0x48, 0x00, 0x48, 0x70, 0x48, 0x00,
    0x90, 0xa0, 0xb0, 0x04, 0x88, 0xa0, 0xb8, 0x75, 0x78, 0x94, 0xb0, 0xff,
    0x70, 0x88, 0xa0, 0xff, 0x68, 0x80, 0x98, 0xff, 0x78, 0x90, 0xa8, 0xff,
    0x98, 0xb4, 0xd0, 0xff, 0x48, 0x58, 0x68, 0xff, 0x20, 0x28, 0x30, 0xff,
    0x28, 0x28, 0x30, 0xff, 0x78, 0x94, 0xb0, 0xff, 0xa8, 0xc4, 0xe8, 0xff,
    0xa0, 0xbc, 0xd8, 0xff, 0xa0, 0xb8, 0xd8, 0xff, 0x90, 0xb0, 0xd0, 0xff,
    0x80, 0x98, 0xb0, 0xff, 0x68, 0x7c, 0x98, 0xff, 0x78, 0x8c, 0xa8, 0xff,
    0x80, 0xa0, 0xb8, 0xff, 0x68, 0x7c, 0x98, 0xff, 0x58, 0x6c, 0x80, 0xff,
    0x50, 0x64, 0x80, 0xff, 0xa0, 0x98, 0x98, 0xff, 0x98, 0x98, 0xa0, 0xff,
    0x50, 0x4c, 0x58, 0xff, 0x28, 0x38, 0x48, 0xff, 0x50, 0x64, 0x78, 0xff,
    0x60, 0x74, 0x90, 0xff, 0x68, 0x7c, 0x98, 0xff, 0x58, 0x70, 0x88, 0xff,
    0x58, 0x6c, 0x80, 0xff, 0x80, 0x94, 0xb0, 0xff, 0x78, 0x94, 0xb0, 0xff,
    0x60, 0x74, 0x88, 0xff, 0x40, 0x50, 0x60, 0xff, 0x48, 0x5c, 0x70, 0xff,
    0xa0, 0xc0, 0xe0, 0xff, 0xb0, 0xcc, 0xf0, 0xff, 0x80, 0xa0, 0xb8, 0xff,
    0x90, 0xa8, 0xc8, 0xff, 0x98, 0xb4, 0xd8, 0xff, 0xa0, 0xbc, 0xd8, 0xff,
    0xa0, 0xc0, 0xe0, 0xff, 0xa0, 0xc0, 0xe0, 0xff, 0xa0, 0xc0, 0xd8, 0xff,
    0x98, 0xb8, 0xd8, 0xff, 0x88, 0xa0, 0xc0, 0xff, 0xa0, 0xc4, 0xe0, 0xff,
    0xa8, 0xcc, 0xe8, 0xff, 0x90, 0xac, 0xc8, 0xff, 0x98, 0xb4, 0xd0, 0xff,
    0xa0, 0xbc, 0xd8, 0xff, 0xa0, 0xc0, 0xe0, 0xff, 0xa8, 0xc4, 0xe8, 0xff,
    0x98, 0xb4, 0xd0, 0xff, 0x90, 0xa8, 0xc8, 0xff, 0x98, 0xb4, 0xd0, 0xff,
    0xa0, 0xc0, 0xe0, 0xff, 0xa0, 0xbc, 0xd8, 0xff, 0x80, 0x98, 0xb0, 0xff,
    0x78, 0x90, 0xb0, 0xff, 0x78, 0x94, 0xb0, 0xff, 0x78, 0x8c, 0xa8, 0xff,
    0x80, 0x9c, 0xb8, 0xf7, 0x98, 0xb0, 0xc8, 0x65, 0x90, 0x9c, 0xb0, 0x04,
    0x48, 0x70, 0x48, 0x00, 0x48, 0x70, 0x48, 0x00, 0x50, 0x70, 0x48, 0x00,
    0x50, 0x70, 0x48, 0x00, 0x48, 0x70, 0x48, 0x00, 0x50, 0x70, 0x40, 0x00,
    0x50, 0x70, 0x48, 0x00, 0x48, 0x70, 0x48, 0x00, 0x48, 0x70, 0x48, 0x00,
    0x48, 0x70, 0x48, 0x00, 0x50, 0x70, 0x48, 0x00, 0x48, 0x70, 0x48, 0x00,
    0x50, 0x70, 0x48, 0x00, 0x48, 0x70, 0x48, 0x00, 0x48, 0x70, 0x40, 0x00,
    0x50, 0x70, 0x48, 0x00, 0x50, 0x70, 0x48, 0x00, 0x48, 0x70, 0x48, 0x00,
    0x90, 0x9c, 0xb8, 0x00, 0x88, 0xa0, 0xb8, 0x75, 0x78, 0x90, 0xa8, 0xff,
    0x70, 0x84, 0xa0, 0xff, 0x60, 0x74, 0x90, 0xff, 0x70, 0x88, 0xa0, 0xff,
    0x98, 0xb4, 0xd8, 0xff, 0x50, 0x5c, 0x70, 0xff, 0x20, 0x28, 0x30, 0xff,
    0x30, 0x34, 0x38, 0xff, 0x78, 0x94, 0xb0, 0xff, 0xa8, 0xc4, 0xe0, 0xff,
    0xa0, 0xc0, 0xe0, 0xff, 0x98, 0xb8, 0xd8, 0xff, 0x90, 0xac, 0xc8, 0xff,
    0x70, 0x88, 0xa0, 0xff, 0x50, 0x64, 0x80, 0xff, 0x60, 0x78, 0x90, 0xff,
    0x80, 0x98, 0xb8, 0xff, 0x70, 0x84, 0xa0, 0xff, 0x68, 0x7c, 0x90, 0xff,
    0x68, 0x7c, 0x98, 0xff, 0xa8, 0xa4, 0xa8, 0xff, 0x98, 0x98, 0x98, 0xff,
    0x50, 0x50, 0x58, 0xff, 0x30, 0x3c, 0x50, 0xff, 0x50, 0x64, 0x80, 0xff,
    0x60, 0x78, 0x90, 0xff, 0x68, 0x80, 0x98, 0xff, 0x58, 0x70, 0x88, 0xff,
    0x58, 0x6c, 0x80, 0xff, 0x78, 0x90, 0xa8, 0xff, 0x80, 0x98, 0xb8, 0xff,
    0x60, 0x7c, 0x98, 0xff, 0x40, 0x50, 0x60, 0xff, 0x50, 0x5c, 0x70, 0xff,
    0xa0, 0xc0, 0xe0, 0xff, 0xa8, 0xc8, 0xe8, 0xff, 0x80, 0x98, 0xb0, 0xff,
    0x88, 0xa8, 0xc8, 0xff, 0x98, 0xb8, 0xd0, 0xff, 0xa0, 0xbc, 0xe0, 0xff,
    0xa0, 0xc0, 0xe0, 0xff, 0xa8, 0xc0, 0xe0, 0xff, 0xa0, 0xc0, 0xe0, 0xff,
    0x98, 0xb8, 0xd8, 0xff, 0x88, 0xa4, 0xc0, 0xff, 0xa8, 0xc4, 0xe8, 0xff,
    0xa8, 0xc8, 0xe8, 0xff, 0x88, 0xa4, 0xc0, 0xff, 0x90, 0xb0, 0xd0, 0xff,
    0x98, 0xb8, 0xd8, 0xff, 0xa0, 0xbc, 0xe0, 0xff, 0xa0, 0xc4, 0xe0, 0xff,
    0x98, 0xb4, 0xd0, 0xff, 0x88, 0xa8, 0xc0, 0xff, 0x98, 0xb4, 0xd0, 0xff,
    0xa0, 0xc0, 0xe0, 0xff, 0xa0, 0xbc, 0xd8, 0xff, 0x80, 0x98, 0xb8, 0xff,
    0x78, 0x90, 0xa8, 0xff, 0x78, 0x94, 0xb0, 0xff, 0x78, 0x8c, 0xa8, 0xff,
    0x80, 0x9c, 0xb8, 0xfb, 0x98, 0xb0, 0xc8, 0x65, 0x90, 0xa0, 0xb8, 0x04,
    0x48, 0x70, 0x48, 0x00, 0x50, 0x70, 0x48, 0x00, 0x48, 0x70, 0x48, 0x00,
    0x48, 0x70, 0x48, 0x00, 0x50, 0x70, 0x48, 0x00, 0x48, 0x70, 0x48, 0x00,
    0x50, 0x70, 0x48, 0x00, 0x48, 0x70, 0x48, 0x00, 0x50, 0x70, 0x48, 0x00,
    0x48, 0x70, 0x48, 0x00, 0x50, 0x70, 0x48, 0x00, 0x48, 0x70, 0x48, 0x00,
    0x50, 0x70, 0x48, 0x00, 0x50, 0x70, 0x48, 0x00, 0x48, 0x70, 0x48, 0x00,
    0x50, 0x70, 0x48, 0x00, 0x48, 0x70, 0x48, 0x00, 0x48, 0x70, 0x48, 0x00,
    0x90, 0xa0, 0xb0, 0x04, 0x88, 0xa0, 0xb8, 0x75, 0x80, 0x98, 0xb0, 0xff,
    0x70, 0x88, 0xa0, 0xff, 0x58, 0x6c, 0x80, 0xff, 0x68, 0x80, 0xa0, 0xff,
    0xa0, 0xc4, 0xe0, 0xff, 0x88, 0xa4, 0xc0, 0xff, 0x78, 0x90, 0xb0, 0xff,
    0x70, 0x88, 0xa0, 0xff, 0x88, 0xa4, 0xc0, 0xff, 0xa0, 0xbc, 0xd8, 0xff,
    0xa0, 0xbc, 0xd8, 0xff, 0x98, 0xb4, 0xd8, 0xff, 0x90, 0xa8, 0xc8, 0xff,
    0x80, 0x9c, 0xb8, 0xff, 0x80, 0x98, 0xb8, 0xff, 0x80, 0x9c, 0xb8, 0xff,
    0x80, 0xa0, 0xb8, 0xff, 0x70, 0x84, 0xa0, 0xff, 0x68, 0x80, 0x98, 0xff,
    0x70, 0x88, 0xa0, 0xff, 0xa8, 0xa4, 0xa8, 0xff, 0xa8, 0xa4, 0xa8, 0xff,
    0x50, 0x54, 0x58, 0xff, 0x28, 0x38, 0x40, 0xff, 0x50, 0x60, 0x70, 0xff,
    0x60, 0x70, 0x88, 0xff, 0x70, 0x84, 0xa0, 0xff, 0x60, 0x78, 0x90, 0xff,
    0x58, 0x6c, 0x80, 0xff, 0x78, 0x90, 0xb0, 0xff, 0x80, 0x9c, 0xb8, 0xff,
    0x78, 0x8c, 0xa8, 0xff, 0x50, 0x64, 0x78, 0xff, 0x58, 0x6c, 0x80, 0xff,
    0xa0, 0xbc, 0xd8, 0xff, 0x98, 0xb8, 0xd8, 0xff, 0x78, 0x90, 0xa8, 0xff,
    0x88, 0xa4, 0xc0, 0xff, 0xa0, 0xbc, 0xd8, 0xff, 0xa0, 0xc4, 0xe0, 0xff,
    0xa8, 0xc4, 0xe0, 0xff, 0xa8, 0xc4, 0xe0, 0xff, 0xa8, 0xc4, 0xe8, 0xff,
    0x90, 0xb0, 0xc8, 0xff, 0x88, 0xa4, 0xc0, 0xff, 0xb0, 0xcc, 0xf0, 0xff,
    0xa0, 0xbc, 0xd8, 0xff, 0x80, 0x98, 0xb0, 0xff, 0x90, 0xa8, 0xc8, 0xff,
    0x98, 0xb4, 0xd0, 0xff, 0xa0, 0xbc, 0xe0, 0xff, 0xa8, 0xc4, 0xe0, 0xff,
    0x80, 0x9c, 0xb8, 0xff, 0x60, 0x74, 0x88, 0xff, 0x78, 0x90, 0xb0, 0xff,
    0xa0, 0xc0, 0xe0, 0xff, 0xa0, 0xbc, 0xd8, 0xff, 0x80, 0x98, 0xb8, 0xff,
    0x78, 0x90, 0xb0, 0xff, 0x80, 0x98, 0xb0, 0xff, 0x78, 0x90, 0xa8, 0xff,
    0x88, 0xa4, 0xc0, 0xf7, 0x98, 0xb0, 0xc8, 0x65, 0x90, 0xa0, 0xb8, 0x04,
    0x50, 0x70, 0x48, 0x00, 0x48, 0x70, 0x48, 0x00, 0x50, 0x70, 0x40, 0x00,
    0x48, 0x70, 0x48, 0x00, 0x50, 0x70, 0x48, 0x00, 0x48, 0x70, 0x48, 0x00,
    0x48, 0x70, 0x48, 0x00, 0x50, 0x70, 0x40, 0x00, 0x48, 0x70, 0x48, 0x00,
    0x50, 0x70, 0x48, 0x00, 0x48, 0x70, 0x48, 0x00, 0x48, 0x70, 0x40, 0x00,
    0x50, 0x70, 0x48, 0x00, 0x48, 0x70, 0x48, 0x00, 0x50, 0x70, 0x48, 0x00,
    0x48, 0x70, 0x48, 0x00, 0x50, 0x70, 0x48, 0x00, 0x50, 0x70, 0x48, 0x00,
    0x90, 0xa0, 0xb0, 0x04, 0x88, 0x9c, 0xb8, 0x75, 0x80, 0x98, 0xb8, 0xf7,
    0x78, 0x98, 0xb8, 0xff, 0x70, 0x88, 0xa8, 0xff, 0x78, 0x90, 0xa8, 0xff,
    0xa0, 0xc0, 0xe0, 0xff, 0xa0, 0xc0, 0xe0, 0xff, 0xa0, 0xc0, 0xe0, 0xff,
    0x98, 0xb0, 0xd0, 0xff, 0x90, 0xac, 0xc8, 0xff, 0xa0, 0xbc, 0xd8, 0xff,
    0xa0, 0xbc, 0xd8, 0xff, 0x98, 0xb8, 0xd8, 0xff, 0x90, 0xac, 0xc8, 0xff,
    0x90, 0xa8, 0xc0, 0xff, 0x98, 0xb0, 0xd0, 0xff, 0x90, 0xb0, 0xd0, 0xff,
    0x88, 0xa8, 0xc0, 0xff, 0x70, 0x88, 0xa0, 0xff, 0x60, 0x78, 0x90, 0xff,
    0x70, 0x84, 0xa0, 0xff, 0xa8, 0xa4, 0xa8, 0xff, 0xb0, 0xa8, 0xa8, 0xff,
    0x50, 0x54, 0x60, 0xff, 0x28, 0x38, 0x48, 0xff, 0x48, 0x60, 0x70, 0xff,
    0x60, 0x74, 0x90, 0xff, 0x70, 0x84, 0xa0, 0xff, 0x60, 0x78, 0x90, 0xff,
    0x60, 0x78, 0x90, 0xff, 0x80, 0x98, 0xb8, 0xff, 0x88, 0xa0, 0xc0, 0xff,
    0x78, 0x98, 0xb0, 0xff, 0x78, 0x90, 0xa8, 0xff, 0x90, 0xac, 0xd0, 0xff,
    0xa0, 0xc0, 0xe0, 0xff, 0xa0, 0xb8, 0xd8, 0xff, 0x68, 0x80, 0xa0, 0xff,
    0x88, 0x9c, 0xb8, 0xff, 0xa0, 0xbc, 0xd8, 0xff, 0xa8, 0xc8, 0xe8, 0xff,
    0xa8, 0xc8, 0xe8, 0xff, 0xa8, 0xc8, 0xe8, 0xff, 0xa0, 0xbc, 0xd8, 0xff,
    0x80, 0x9c, 0xb8, 0xff, 0x90, 0xac, 0xc8, 0xff, 0xa0, 0xbc, 0xd8, 0xff,
    0x78, 0x8c, 0xa8, 0xff, 0x70, 0x8c, 0xa8, 0xff, 0x90, 0xa8, 0xc8, 0xff,
    0x98, 0xb4, 0xd0, 0xff, 0xa0, 0xc0, 0xe0, 0xff, 0xa8, 0xc8, 0xe8, 0xff,
    0x70, 0x84, 0xa0, 0xff, 0x28, 0x34, 0x48, 0xff, 0x58, 0x6c, 0x80, 0xff,
    0xa0, 0xc0, 0xe0, 0xff, 0xa0, 0xc0, 0xe0, 0xff, 0x80, 0x98, 0xb0, 0xff,
    0x78, 0x90, 0xb0, 0xff, 0x80, 0x98, 0xb0, 0xff, 0x78, 0x94, 0xb0, 0xff,
    0x88, 0xa0, 0xc0, 0xf7, 0x98, 0xb0, 0xc8, 0x65, 0x90, 0xa0, 0xb0, 0x04,
    0x48, 0x70, 0x48, 0x00, 0x50, 0x70, 0x48, 0x00, 0x48, 0x70, 0x48, 0x00,
    0x50, 0x70, 0x48, 0x00, 0x50, 0x70, 0x48, 0x00, 0x48, 0x70, 0x40, 0x00,
    0x50, 0x70, 0x48, 0x00, 0x50, 0x70, 0x48, 0x00, 0x48, 0x70, 0x48, 0x00,
    0x50, 0x70, 0x48, 0x00, 0x48, 0x70, 0x48, 0x00, 0x50, 0x70, 0x48, 0x00,
    0x48, 0x70, 0x48, 0x00, 0x50, 0x70, 0x48, 0x00, 0x48, 0x70, 0x40, 0x00,
    0x48, 0x70, 0x48, 0x00, 0x50, 0x70, 0x48, 0x00, 0x48, 0x70, 0x48, 0x00,
    0x88, 0xa0, 0xb8, 0x00, 0x88, 0xa0, 0xb8, 0x75, 0x80, 0x98, 0xb8, 0xf7,
    0xa0, 0xb8, 0xd8, 0xff, 0xb0, 0xd0, 0xf0, 0xff, 0xa0, 0xbc, 0xd8, 0xff,
    0xa0, 0xc0, 0xe0, 0xff, 0x98, 0xb8, 0xd8, 0xff, 0xa0, 0xc0, 0xe0, 0xff,
    0x98, 0xb0, 0xd0, 0xff, 0x90, 0xb0, 0xd0, 0xff, 0xa0, 0xbc, 0xd8, 0xff,
    0xa0, 0xbc, 0xe0, 0xff, 0x98, 0xb8, 0xd8, 0xff, 0x98, 0xb0, 0xd0, 0xff,
    0x90, 0xb0, 0xd0, 0xff, 0x98, 0xb8, 0xd8, 0xff, 0x98, 0xb8, 0xd8, 0xff,
    0x98, 0xb0, 0xd0, 0xff, 0x78, 0x90, 0xb0, 0xff, 0x60, 0x74, 0x90, 0xff,
    0x68, 0x80, 0x98, 0xff, 0xa8, 0xa8, 0xa8, 0xff, 0xa8, 0xa8, 0xa8, 0xff,
    0x60, 0x64, 0x70, 0xff, 0x40, 0x50, 0x60, 0xff, 0x58, 0x6c, 0x80, 0xff,
    0x60, 0x78, 0x90, 0xff, 0x60, 0x7c, 0x98, 0xff, 0x60, 0x74, 0x90, 0xff,
    0x70, 0x8c, 0xa8, 0xff, 0x88, 0xa0, 0xb8, 0xff, 0x88, 0xa4, 0xc0, 0xff,
    0x88, 0xa0, 0xc0, 0xff, 0x80, 0x98, 0xb8, 0xff, 0x88, 0xa4, 0xc0, 0xff,
    0x98, 0xb4, 0xd0, 0xff, 0x88, 0xa4, 0xc0, 0xff, 0x70, 0x84, 0xa0, 0xff,
    0x78, 0x94, 0xb0, 0xff, 0x80, 0xa0, 0xc0, 0xff, 0x90, 0xac, 0xc8, 0xff,
    0x90, 0xb0, 0xd0, 0xff, 0x90, 0xa8, 0xc8, 0xff, 0x88, 0xa0, 0xc0, 0xff,
    0x78, 0x90, 0xb0, 0xff, 0x70, 0x8c, 0xa8, 0xff, 0x70, 0x8c, 0xa8, 0xff,
    0x58, 0x6c, 0x80, 0xff, 0x60, 0x7c, 0x98, 0xff, 0x88, 0xa0, 0xc0, 0xff,
    0x98, 0xb4, 0xd0, 0xff, 0xa0, 0xc4, 0xe0, 0xff, 0xa8, 0xcc, 0xe8, 0xff,
    0x88, 0xa0, 0xb8, 0xff, 0x58, 0x6c, 0x80, 0xff, 0x78, 0x90, 0xa8, 0xff,
    0xa8, 0xc8, 0xe8, 0xff, 0xa0, 0xbc, 0xe0, 0xff, 0x80, 0x98, 0xb0, 0xff,
    0x78, 0x90, 0xa8, 0xff, 0x78, 0x98, 0xb0, 0xff, 0x78, 0x94, 0xb0, 0xff,
    0x88, 0xa4, 0xc0, 0xfb, 0x98, 0xb0, 0xc8, 0x65, 0x90, 0xa0, 0xb8, 0x04,
    0x48, 0x70, 0x48, 0x00, 0x48, 0x70, 0x48, 0x00, 0x50, 0x70, 0x48, 0x00,
    0x48, 0x70, 0x48, 0x00, 0x48, 0x70, 0x48, 0x00, 0x50, 0x70, 0x48, 0x00,
    0x48, 0x70, 0x48, 0x00, 0x50, 0x70, 0x48, 0x00, 0x48, 0x70, 0x48, 0x00,
    0x48, 0x70, 0x48, 0x00, 0x50, 0x70, 0x48, 0x00, 0x50, 0x70, 0x48, 0x00,
    0x48, 0x70, 0x48, 0x00, 0x50, 0x70, 0x48, 0x00, 0x50, 0x70, 0x48, 0x00,
    0x48, 0x70, 0x48, 0x00, 0x50, 0x70, 0x48, 0x00, 0x48, 0x70, 0x48, 0x00,
    0x90, 0xa0, 0xb0, 0x04, 0x88, 0xa0, 0xb8, 0x75, 0x80, 0x98, 0xb8, 0xf7,
    0x98, 0xb8, 0xd8, 0xff, 0xa8, 0xc8, 0xe8, 0xff, 0xa0, 0xb8, 0xd8, 0xff,
    0xa0, 0xbc, 0xd8, 0xff, 0x98, 0xb4, 0xd0, 0xff, 0xa0, 0xbc, 0xe0, 0xff,
    0x90, 0xb0, 0xc8, 0xff, 0x98, 0xb4, 0xd0, 0xff, 0xa0, 0xbc, 0xe0, 0xff,
    0xa0, 0xbc, 0xe0, 0xff, 0xa0, 0xbc, 0xd8, 0xff, 0x98, 0xb8, 0xd8, 0xff,
    0x98, 0xb8, 0xd8, 0xff, 0xa0, 0xc0, 0xe0, 0xff, 0xa0, 0xbc, 0xd8, 0xff,
    0xa0, 0xb8, 0xd8, 0xff, 0x80, 0x9c, 0xb8, 0xff, 0x68, 0x7c, 0x90, 0xff,
    0x68, 0x7c, 0x98, 0xff, 0x88, 0x8c, 0x98, 0xff, 0x98, 0x98, 0x98, 0xff,
    0x78, 0x94, 0xb0, 0xff, 0x80, 0x98, 0xb0, 0xff, 0x88, 0x9c, 0xb8, 0xff,
    0x80, 0x9c, 0xb8, 0xff, 0x70, 0x8c, 0xa8, 0xff, 0x68, 0x80, 0xa0, 0xff,
    0x80, 0x98, 0xb0, 0xff, 0x88, 0xa0, 0xc0, 0xff, 0x88, 0xa8, 0xc8, 0xff,
    0x90, 0xa8, 0xc8, 0xff, 0x80, 0x9c, 0xb8, 0xff, 0x78, 0x90, 0xa8, 0xff,
    0x78, 0x90, 0xa8, 0xff, 0x70, 0x88, 0xa0, 0xff, 0x90, 0xb0, 0xd0, 0xff,
    0x98, 0xb8, 0xd8, 0xff, 0x88, 0xa4, 0xc0, 0xff, 0x88, 0xa0, 0xc0, 0xff,
    0x88, 0xa0, 0xc0, 0xff, 0x90, 0xa8, 0xc8, 0xff, 0xa0, 0xbc, 0xd8, 0xff,
    0x90, 0xa8, 0xc8, 0xff, 0x80, 0x9c, 0xb8, 0xff, 0xa0, 0xb8, 0xd8, 0xff,
    0x88, 0xa8, 0xc8, 0xff, 0x78, 0x8c, 0xa8, 0xff, 0x80, 0x9c, 0xb8, 0xff,
    0x98, 0xb4, 0xd0, 0xff, 0xa0, 0xc0, 0xe0, 0xff, 0xa8, 0xc8, 0xe8, 0xff,
    0x98, 0xb4, 0xd0, 0xff, 0x88, 0xa0, 0xc0, 0xff, 0x90, 0xb0, 0xd0, 0xff,
    0xa8, 0xc8, 0xe8, 0xff, 0xa0, 0xbc, 0xe0, 0xff, 0x80, 0x98, 0xb8, 0xff,
    0x78, 0x94, 0xb0, 0xff, 0x80, 0x98, 0xb8, 0xff, 0x80, 0x98, 0xb0, 0xff,
    0x88, 0xa0, 0xc0, 0xf7, 0x98, 0xb0, 0xc8, 0x65, 0x90, 0xa0, 0xb8, 0x04,
    0x50, 0x70, 0x48, 0x00, 0x48, 0x70, 0x48, 0x00, 0x50, 0x70, 0x40, 0x00,
    0x50, 0x70, 0x48, 0x00, 0x48, 0x70, 0x48, 0x00, 0x50, 0x70, 0x48, 0x00,
    0x48, 0x70, 0x48, 0x00, 0x48, 0x70, 0x48, 0x00, 0x50, 0x70, 0x48, 0x00,
    0x48, 0x70, 0x48, 0x00, 0x50, 0x70, 0x48, 0x00, 0x48, 0x70, 0x40, 0x00,
    0x48, 0x70, 0x48, 0x00, 0x50, 0x70, 0x48, 0x00, 0x48, 0x70, 0x48, 0x00,
    0x50, 0x70, 0x40, 0x00, 0x48, 0x70, 0x48, 0x00, 0x50, 0x70, 0x48, 0x00,
    0x90, 0xa0, 0xb0, 0x04, 0x88, 0xa0, 0xb8, 0x75, 0x78, 0x94, 0xb0, 0xff,
    0x70, 0x88, 0xa0, 0xff, 0x78, 0x94, 0xb0, 0xff, 0x88, 0xa8, 0xc0, 0xff,
    0xa0, 0xbc, 0xd8, 0xff, 0x98, 0xb0, 0xd0, 0xff, 0xa0, 0xb8, 0xd8, 0xff,
    0x90, 0xa8, 0xc8, 0xff, 0x98, 0xb0, 0xd0, 0xff, 0xa0, 0xc4, 0xe0, 0xff,
    0xa0, 0xc0, 0xe0, 0xff, 0xa0, 0xbc, 0xd8, 0xff, 0x98, 0xb4, 0xd0, 0xff,
    0x98, 0xb8, 0xd8, 0xff, 0xa8, 0xc0, 0xe0, 0xff, 0xa0, 0xc0, 0xe0, 0xff,
    0x98, 0xb8, 0xd8, 0xff, 0x90, 0xac, 0xc8, 0xff, 0x70, 0x8c, 0xa8, 0xff,
    0x68, 0x7c, 0x90, 0xff, 0x60, 0x74, 0x88, 0xff, 0x78, 0x84, 0x90, 0xff,
    0x90, 0xa8, 0xc8, 0xff, 0xa0, 0xc0, 0xe0, 0xff, 0x98, 0xb4, 0xd8, 0xff,
    0x88, 0xa4, 0xc0, 0xff, 0x80, 0x94, 0xb0, 0xff, 0x78, 0x94, 0xb0, 0xff,
    0x88, 0xa4, 0xc0, 0xff, 0x88, 0xa8, 0xc8, 0xff, 0x90, 0xa8, 0xc0, 0xff,
    0x90, 0xa8, 0xc8, 0xff, 0x88, 0xa8, 0xc8, 0xff, 0x80, 0x9c, 0xb8, 0xff,
    0x78, 0x8c, 0xa8, 0xff, 0x78, 0x90, 0xb0, 0xff, 0x90, 0xa8, 0xc8, 0xff,
    0xa0, 0xbc, 0xd8, 0xff, 0xa8, 0xc4, 0xe0, 0xff, 0xa8, 0xc8, 0xe8, 0xff,
    0xa8, 0xc8, 0xe8, 0xff, 0xb0, 0xd0, 0xf0, 0xff, 0xa8, 0xc8, 0xe8, 0xff,
    0x88, 0xa8, 0xc0, 0xff, 0x98, 0xb4, 0xd0, 0xff, 0xb8, 0xd8, 0xf8, 0xff,
    0xb8, 0xd8, 0xf8, 0xff, 0xa8, 0xc4, 0xe0, 0xff, 0x88, 0xa8, 0xc0, 0xff,
    0x98, 0xb8, 0xd8, 0xff, 0xa0, 0xbc, 0xe0, 0xff, 0xa8, 0xc0, 0xe0, 0xff,
    0x98, 0xb4, 0xd0, 0xff, 0x80, 0x9c, 0xb8, 0xff, 0x88, 0xa4, 0xc0, 0xff,
    0xa0, 0xc0, 0xe0, 0xff, 0xa0, 0xbc, 0xd8, 0xff, 0x78, 0x90, 0xa8, 0xff,
    0x70, 0x84, 0xa0, 0xff, 0x78, 0x90, 0xa8, 0xff, 0x78, 0x90, 0xb0, 0xff,
    0x88, 0xa4, 0xc0, 0xf7, 0x98, 0xb0, 0xc8, 0x65, 0x90, 0xa0, 0xb0, 0x04,
    0x48, 0x70, 0x48, 0x00, 0x50, 0x70, 0x48, 0x00, 0x48, 0x70, 0x48, 0x00,
    0x50, 0x70, 0x48, 0x00, 0x48, 0x70, 0x48, 0x00, 0x50, 0x70, 0x40, 0x00,
    0x50, 0x70, 0x48, 0x00, 0x48, 0x70, 0x48, 0x00, 0x50, 0x70, 0x48, 0x00,
    0x50, 0x70, 0x48, 0x00, 0x48, 0x70, 0x48, 0x00, 0x50, 0x70, 0x48, 0x00,
    0x48, 0x70, 0x48, 0x00, 0x48, 0x70, 0x48, 0x00, 0x50, 0x70, 0x48, 0x00,
    0x48, 0x70, 0x48, 0x00, 0x50, 0x70, 0x48, 0x00, 0x48, 0x70, 0x48, 0x00,
    0x90, 0x9c, 0xb0, 0x04, 0x88, 0xa0, 0xb8, 0x75, 0x78, 0x90, 0xa8, 0xff,
    0x50, 0x5c, 0x70, 0xff, 0x58, 0x6c, 0x88, 0xff, 0x88, 0xa0, 0xb8, 0xff,
    0xa0, 0xbc, 0xd8, 0xff, 0x90, 0xb0, 0xd0, 0xff, 0x98, 0xb8, 0xd8, 0xff,
    0x88, 0xa4, 0xc0, 0xff, 0x98, 0xb0, 0xd0, 0xff, 0xa0, 0xc0, 0xe0, 0xff,
    0xa0, 0xc0, 0xe0, 0xff, 0xa0, 0xbc, 0xe0, 0xff, 0x98, 0xb4, 0xd0, 0xff,
    0x98, 0xb4, 0xd0, 0xff, 0xa0, 0xbc, 0xd8, 0xff, 0xa0, 0xbc, 0xd8, 0xff,
    0x98, 0xb4, 0xd8, 0xff, 0x98, 0xb4, 0xd0, 0xff, 0x88, 0xa4, 0xc0, 0xff,
    0x80, 0x98, 0xb0, 0xff, 0x78, 0x84, 0x90, 0xff, 0x78, 0x80, 0x90, 0xff,
    0x88, 0xa0, 0xc0, 0xff, 0x90, 0xb0, 0xd0, 0xff, 0x88, 0xa0, 0xc0, 0xff,
    0x80, 0x98, 0xb8, 0xff, 0x80, 0x9c, 0xb8, 0xff, 0x88, 0xa4, 0xc0, 0xff,
    0x90, 0xa8, 0xc0, 0xff, 0x90, 0xa8, 0xc8, 0xff, 0x90, 0xac, 0xc8, 0xff,
    0x90, 0xa8, 0xc0, 0xff, 0x90, 0xa8, 0xc8, 0xff, 0x88, 0xa8, 0xc8, 0xff,
    0x88, 0xa0, 0xc0, 0xff, 0x78, 0x98, 0xb0, 0xff, 0x78, 0x94, 0xb0, 0xff,
    0x88, 0xa0, 0xc0, 0xff, 0x90, 0xa8, 0xc8, 0xff, 0xa0, 0xc0, 0xd8, 0xff,
    0xa0, 0xc0, 0xe0, 0xff, 0x98, 0xb4, 0xd0, 0xff, 0x88, 0xa8, 0xc0, 0xff,
    0x70, 0x88, 0xa0, 0xff, 0x80, 0x9c, 0xb8, 0xff, 0xb8, 0xd4, 0xf0, 0xff,
    0xb8, 0xd8, 0xf8, 0xff, 0xa0, 0xbc, 0xe0, 0xff, 0x88, 0xa4, 0xc0, 0xff,
    0x98, 0xb8, 0xd8, 0xff, 0xa0, 0xc0, 0xe0, 0xff, 0xa0, 0xb8, 0xd8, 0xff,
    0x88, 0xa0, 0xc0, 0xff, 0x78, 0x94, 0xb0, 0xff, 0x88, 0xa0, 0xb8, 0xff,
    0xa0, 0xc0, 0xe0, 0xff, 0xa0, 0xbc, 0xd8, 0xff, 0x60, 0x7c, 0x90, 0xff,
    0x50, 0x64, 0x78, 0xff, 0x58, 0x70, 0x88, 0xff, 0x60, 0x7c, 0x90, 0xff,
    0x88, 0xa0, 0xc0, 0xfb, 0x98, 0xb0, 0xc8, 0x65, 0x90, 0xa0, 0xb8, 0x04,
    0x48, 0x70, 0x48, 0x00, 0x48, 0x70, 0x48, 0x00, 0x50, 0x70, 0x48, 0x00,
    0x48, 0x70, 0x48, 0x00, 0x48, 0x70, 0x48, 0x00, 0x50, 0x70, 0x48, 0x00,
    0x48, 0x70, 0x48, 0x00, 0x50, 0x70, 0x48, 0x00, 0x48, 0x70, 0x48, 0x00,
    0x48, 0x70, 0x48, 0x00, 0x50, 0x70, 0x48, 0x00, 0x50, 0x70, 0x48, 0x00,
    0x48, 0x70, 0x48, 0x00, 0x50, 0x70, 0x40, 0x00, 0x50, 0x70, 0x48, 0x00,
    0x48, 0x70, 0x48, 0x00, 0x48, 0x70, 0x48, 0x00, 0x50, 0x70, 0x48, 0x00,
    0x90, 0xa0, 0xb8, 0x00, 0x88, 0xa0, 0xb8, 0x75, 0x70, 0x8c, 0xa0, 0xf7,
    0x48, 0x58, 0x70, 0xff, 0x68, 0x7c, 0x98, 0xff, 0x90, 0xb0, 0xd0, 0xff,
    0xa0, 0xbc, 0xd8, 0xff, 0x90, 0xb0, 0xd0, 0xff, 0xa0, 0xbc, 0xd8, 0xff,
    0x88, 0xa4, 0xc0, 0xff, 0x90, 0xb0, 0xc8, 0xff, 0x98, 0xb4, 0xd0, 0xff,
    0x90, 0xa8, 0xc8, 0xff, 0x98, 0xb0, 0xd0, 0xff, 0x98, 0xb4, 0xd0, 0xff,
    0x98, 0xb4, 0xd0, 0xff, 0xa0, 0xbc, 0xd8, 0xff, 0x98, 0xb8, 0xd8, 0xff,
    0xa0, 0xbc, 0xd8, 0xff, 0x98, 0xb8, 0xd8, 0xff, 0x98, 0xb0, 0xd0, 0xff,
    0x90, 0xa8, 0xc8, 0xff, 0x80, 0x9c, 0xb8, 0xff, 0x88, 0xa4, 0xc0, 0xff,
    0x90, 0xa8, 0xc8, 0xff, 0x78, 0x90, 0xa8, 0xff, 0x78, 0x94, 0xb0, 0xff,
    0x88, 0xa0, 0xb8, 0xff, 0x88, 0xa4, 0xc0, 0xff, 0x88, 0xa8, 0xc8, 0xff,
    0x90, 0xa8, 0xc8, 0xff, 0x90, 0xa8, 0xc8, 0xff, 0x88, 0xac, 0xc8, 0xff,
    0x88, 0xa8, 0xc8, 0xff, 0x88, 0xa4, 0xc0, 0xff, 0x90, 0xa8, 0xc0, 0xff,
    0x88, 0xa8, 0xc8, 0xff, 0x88, 0xa4, 0xc0, 0xff, 0x88, 0xa0, 0xb8, 0xff,
    0x80, 0xa0, 0xb8, 0xff, 0x88, 0xa0, 0xc0, 0xff, 0x88, 0xa4, 0xc0, 0xff,
    0x88, 0xa4, 0xc0, 0xff, 0x90, 0xa8, 0xc8, 0xff, 0x90, 0xa8, 0xc8, 0xff,
    0x78, 0x94, 0xb0, 0xff, 0x70, 0x88, 0xa0, 0xff, 0xa0, 0xbc, 0xd8, 0xff,
    0xa8, 0xc8, 0xe8, 0xff, 0x88, 0xa4, 0xc0, 0xff, 0x90, 0xa8, 0xc8, 0xff,
    0x98, 0xb4, 0xd0, 0xff, 0x90, 0xa8, 0xc0, 0xff, 0x80, 0x9c, 0xb8, 0xff,
    0x78, 0x98, 0xb0, 0xff, 0x70, 0x84, 0xa0, 0xff, 0x80, 0x98, 0xb0, 0xff,
    0xa0, 0xbc, 0xd8, 0xff, 0x98, 0xb8, 0xd8, 0xff, 0x70, 0x8c, 0xa8, 0xff,
    0x60, 0x74, 0x90, 0xff, 0x50, 0x64, 0x78, 0xff, 0x60, 0x74, 0x88, 0xff,
    0x88, 0xa0, 0xc0, 0xf7, 0x98, 0xb0, 0xc8, 0x65, 0x90, 0xa0, 0xb8, 0x04,
    0x50, 0x70, 0x48, 0x00, 0x48, 0x70, 0x48, 0x00, 0x50, 0x70, 0x40, 0x00,
    0x50, 0x70, 0x48, 0x00, 0x48, 0x70, 0x48, 0x00, 0x50, 0x70, 0x48, 0x00,
    0x48, 0x70, 0x40, 0x00, 0x48, 0x70, 0x48, 0x00, 0x50, 0x70, 0x48, 0x00,
    0x48, 0x70, 0x48, 0x00, 0x50, 0x70, 0x48, 0x00, 0x48, 0x70, 0x48, 0x00,
    0x48, 0x70, 0x48, 0x00, 0x50, 0x70, 0x48, 0x00, 0x50, 0x70, 0x48, 0x00,
    0x48, 0x70, 0x48, 0x00, 0x50, 0x70, 0x48, 0x00, 0x48, 0x70, 0x48, 0x00,
    0x90, 0xa0, 0xb0, 0x04, 0x88, 0x9c, 0xb8, 0x75, 0x60, 0x74, 0x88, 0xff,
    0x38, 0x44, 0x58, 0xff, 0x68, 0x80, 0xa0, 0xff, 0x98, 0xb4, 0xd0, 0xff,
    0xa0, 0xbc, 0xd8, 0xff, 0x98, 0xb4, 0xd0, 0xff, 0xa0, 0xc0, 0xe0, 0xff,
    0x88, 0xa8, 0xc0, 0xff, 0x90, 0xa8, 0xc8, 0xff, 0x78, 0x94, 0xb0, 0xff,
    0x60, 0x78, 0x90, 0xff, 0x60, 0x7c, 0x90, 0xff, 0x80, 0x98, 0xb8, 0xff,
    0x90, 0xac, 0xc8, 0xff, 0xa0, 0xbc, 0xd8, 0xff, 0xa0, 0xbc, 0xe0, 0xff,
    0xa0, 0xbc, 0xd8, 0xff, 0x98, 0xb8, 0xd8, 0xff, 0x98, 0xb4, 0xd0, 0xff,
    0x90, 0xac, 0xc8, 0xff, 0x88, 0xa8, 0xc8, 0xff, 0x88, 0xa0, 0xc0, 0xff,
    0x90, 0xb0, 0xd0, 0xff, 0x98, 0xb4, 0xd0, 0xff, 0x90, 0xb0, 0xc8, 0xff,
    0x90, 0xac, 0xc8, 0xff, 0x90, 0xac, 0xc8, 0xff, 0x90, 0xac, 0xc8, 0xff,
    0x90, 0xac, 0xc8, 0xff, 0x90, 0xa8, 0xc8, 0xff, 0x90, 0xac, 0xc8, 0xff,
    0x90, 0xa8, 0xc8, 0xff, 0x88, 0xa4, 0xc0, 0xff, 0x88, 0xa4, 0xc0, 0xff,
    0x88, 0xa8, 0xc0, 0xff, 0x90, 0xa4, 0xc0, 0xff, 0x88, 0xa8, 0xc8, 0xff,
    0x90, 0xa8, 0xc8, 0xff, 0x90, 0xb0, 0xd0, 0xff, 0x98, 0xb4, 0xd0, 0xff,
    0x98, 0xb4, 0xd0, 0xff, 0x98, 0xb8, 0xd8, 0xff, 0xa0, 0xbc, 0xd8, 0xff,
    0x98, 0xb4, 0xd0, 0xff, 0x88, 0xa0, 0xc0, 0xff, 0x88, 0xa0, 0xc0, 0xff,
    0x88, 0xa0, 0xc0, 0xff, 0x88, 0xa4, 0xc0, 0xff, 0x90, 0xb0, 0xd0, 0xff,
    0x88, 0xa0, 0xc0, 0xff, 0x60, 0x74, 0x90, 0xff, 0x78, 0x8c, 0xa8, 0xff,
    0x80, 0x9c, 0xb8, 0xff, 0x70, 0x88, 0xa0, 0xff, 0x80, 0x9c, 0xb8, 0xff,
    0xa0, 0xb8, 0xd8, 0xff, 0x98, 0xb8, 0xd8, 0xff, 0x80, 0x98, 0xb8, 0xff,
    0x70, 0x84, 0xa0, 0xff, 0x50, 0x64, 0x78, 0xff, 0x60, 0x70, 0x90, 0xff,
    0x88, 0xa4, 0xc0, 0xf7, 0x98, 0xb0, 0xc8, 0x65, 0x90, 0xa0, 0xb0, 0x04,
    0x48, 0x70, 0x48, 0x00, 0x50, 0x70, 0x48, 0x00, 0x48, 0x70, 0x48, 0x00,
    0x50, 0x70, 0x48, 0x00, 0x50, 0x70, 0x48, 0x00, 0x48, 0x70, 0x48, 0x00,
    0x50, 0x70, 0x48, 0x00, 0x50, 0x70, 0x48, 0x00, 0x48, 0x70, 0x48, 0x00,
    0x50, 0x70, 0x48, 0x00, 0x48, 0x70, 0x48, 0x00, 0x50, 0x70, 0x40, 0x00,
    0x48, 0x70, 0x48, 0x00, 0x48, 0x70, 0x48, 0x00, 0x50, 0x70, 0x48, 0x00,
    0x48, 0x70, 0x40, 0x00, 0x50, 0x70, 0x48, 0x00, 0x48, 0x70, 0x48, 0x00,
    0x90, 0xa0, 0xb0, 0x04, 0x88, 0xa0, 0xb8, 0x75, 0x68, 0x7c, 0x98, 0xff,
    0x40, 0x54, 0x68, 0xff, 0x68, 0x7c, 0x90, 0xff, 0x90, 0xac, 0xc8, 0xff,
    0xa0, 0xbc, 0xd8, 0xff, 0x90, 0xb0, 0xd0, 0xff, 0xa0, 0xc0, 0xe0, 0xff,
    0x90, 0xa8, 0xc8, 0xff, 0x88, 0xa4, 0xc0, 0xff, 0x70, 0x84, 0xa0, 0xff,
    0x60, 0x78, 0x90, 0xff, 0x58, 0x74, 0x88, 0xff, 0x60, 0x78, 0x90, 0xff,
    0x88, 0xa0, 0xc0, 0xff, 0xa0, 0xbc, 0xd8, 0xff, 0xa0, 0xbc, 0xe0, 0xff,
    0xa0, 0xbc, 0xd8, 0xff, 0x98, 0xb4, 0xd8, 0xff, 0x98, 0xb4, 0xd0, 0xff,
    0x90, 0xb0, 0xd0, 0xff, 0x90, 0xa8, 0xc8, 0xff, 0x88, 0xa4, 0xc0, 0xff,
    0x88, 0xa4, 0xc0, 0xff, 0x98, 0xb4, 0xd0, 0xff, 0xa0, 0xbc, 0xd8, 0xff,
    0x98, 0xb8, 0xd8, 0xff, 0x98, 0xb4, 0xd8, 0xff, 0x90, 0xb0, 0xc8, 0xff,
    0x90, 0xa8, 0xc8, 0xff, 0x88, 0xa8, 0xc0, 0xff, 0x90, 0xa8, 0xc8, 0xff,
    0x88, 0xa8, 0xc0, 0xff, 0x88, 0xa4, 0xc0, 0xff, 0x88, 0xa0, 0xc0, 0xff,
    0x88, 0xa0, 0xc0, 0xff, 0x88, 0xa4, 0xc0, 0xff, 0x88, 0xa4, 0xc0, 0xff,
    0x90, 0xa8, 0xc8, 0xff, 0x90, 0xb0, 0xd0, 0xff, 0x98, 0xb4, 0xd0, 0xff,
    0x98, 0xb4, 0xd8, 0xff, 0x98, 0xb8, 0xd8, 0xff, 0xa0, 0xbc, 0xd8, 0xff,
    0x98, 0xb8, 0xd8, 0xff, 0x90, 0xac, 0xc8, 0xff, 0x88, 0xa0, 0xc0, 0xff,
    0x88, 0xa0, 0xb8, 0xff, 0x88, 0xa0, 0xb8, 0xff, 0x70, 0x8c, 0xa0, 0xff,
    0x50, 0x64, 0x80, 0xff, 0x48, 0x58, 0x68, 0xff, 0x60, 0x78, 0x90, 0xff,
    0x78, 0x94, 0xb0, 0xff, 0x60, 0x78, 0x90, 0xff, 0x80, 0x98, 0xb8, 0xff,
    0xa0, 0xc0, 0xe0, 0xff, 0x98, 0xb8, 0xd8, 0xff, 0x80, 0x9c, 0xb8, 0xff,
    0x70, 0x84, 0xa0, 0xff, 0x50, 0x64, 0x78, 0xff, 0x58, 0x70, 0x88, 0xff,
    0x88, 0xa0, 0xc0, 0xfb, 0x98, 0xb0, 0xc8, 0x65, 0x90, 0xa0, 0xb8, 0x00,
    0x48, 0x70, 0x48, 0x00, 0x48, 0x70, 0x48, 0x00, 0x50, 0x70, 0x48, 0x00,
    0x48, 0x70, 0x48, 0x00, 0x48, 0x70, 0x40, 0x00, 0x50, 0x70, 0x48, 0x00,
    0x48, 0x70, 0x48, 0x00, 0x50, 0x70, 0x48, 0x00, 0x48, 0x70, 0x48, 0x00,
    0x48, 0x70, 0x48, 0x00, 0x50, 0x70, 0x48, 0x00, 0x50, 0x70, 0x48, 0x00,
    0x48, 0x70, 0x48, 0x00, 0x50, 0x70, 0x48, 0x00, 0x48, 0x70, 0x48, 0x00,
    0x50, 0x70, 0x48, 0x00, 0x48, 0x70, 0x48, 0x00, 0x50, 0x70, 0x48, 0x00,
    0x90, 0xa0, 0xb8, 0x00, 0x88, 0xa0, 0xb8, 0x75, 0x70, 0x84, 0xa0, 0xf7,
    0x50, 0x64, 0x80, 0xff, 0x70, 0x8c, 0xa8, 0xff, 0x98, 0xb4, 0xd8, 0xff,
    0xa0, 0xb8, 0xd8, 0xff, 0x90, 0xb0, 0xd0, 0xff, 0xa0, 0xbc, 0xe0, 0xff,
    0x90, 0xa8, 0xc8, 0xff, 0x88, 0xa0, 0xc0, 0xff, 0x70, 0x84, 0xa0, 0xff,
    0x68, 0x7c, 0x98, 0xff, 0x60, 0x74, 0x90, 0xff, 0x58, 0x70, 0x88, 0xff,
    0x80, 0x9c, 0xb8, 0xff, 0xa0, 0xc0, 0xe0, 0xff, 0xa0, 0xbc, 0xe0, 0xff,
    0xa0, 0xbc, 0xd8, 0xff, 0x98, 0xb4, 0xd8, 0xff, 0x98, 0xb4, 0xd0, 0xff,
    0x90, 0xb0, 0xc8, 0xff, 0x90, 0xa8, 0xc8, 0xff, 0x90, 0xa8, 0xc0, 0xff,
    0x88, 0xa0, 0xc0, 0xff, 0x80, 0x9c, 0xb8, 0xff, 0x90, 0xac, 0xc8, 0xff,
    0x98, 0xb4, 0xd0, 0xff, 0x80, 0x98, 0xb8, 0xff, 0x78, 0x90, 0xa8, 0xff,
    0x80, 0x98, 0xb8, 0xff, 0x80, 0x9c, 0xb8, 0xff, 0x88, 0xa0, 0xc0, 0xff,
    0x88, 0xa4, 0xc0, 0xff, 0x88, 0xa4, 0xc0, 0xff, 0x88, 0xa0, 0xc0, 0xff,
    0x88, 0xa0, 0xc0, 0xff, 0x80, 0xa0, 0xb8, 0xff, 0x88, 0xa4, 0xc0, 0xff,
    0x88, 0xa4, 0xc0, 0xff, 0x90, 0xac, 0xc8, 0xff, 0x90, 0xac, 0xc8, 0xff,
    0x98, 0xb0, 0xd0, 0xff, 0x98, 0xb4, 0xd0, 0xff, 0x98, 0xb4, 0xd0, 0xff,
    0x90, 0xac, 0xc8, 0xff, 0x88, 0xa0, 0xc0, 0xff, 0x80, 0x98, 0xb8, 0xff,
    0x80, 0x98, 0xb8, 0xff, 0x68, 0x84, 0xa0, 0xff, 0x40, 0x50, 0x60, 0xff,
    0x40, 0x54, 0x68, 0xff, 0x50, 0x68, 0x80, 0xff, 0x60, 0x78, 0x90, 0xff,
    0x70, 0x80, 0x98, 0xff, 0x40, 0x54, 0x68, 0xff, 0x78, 0x94, 0xb0, 0xff,
    0xa8, 0xc4, 0xe8, 0xff, 0x98, 0xb8, 0xd8, 0xff, 0x80, 0x98, 0xb0, 0xff,
    0x68, 0x80, 0x98, 0xff, 0x50, 0x64, 0x78, 0xff, 0x58, 0x74, 0x88, 0xff,
    0x88, 0xa0, 0xc0, 0xf7, 0x98, 0xb0, 0xc8, 0x65, 0x90, 0xa0, 0xb8, 0x04,
    0x50, 0x70, 0x48, 0x00, 0x48, 0x70, 0x48, 0x00, 0x50, 0x70, 0x48, 0x00,
    0x48, 0x70, 0x48, 0x00, 0x50, 0x70, 0x48, 0x00, 0x48, 0x70, 0x48, 0x00,
    0x48, 0x70, 0x48, 0x00, 0x50, 0x70, 0x40, 0x00, 0x50, 0x70, 0x48, 0x00,
    0x48, 0x70, 0x48, 0x00, 0x50, 0x70, 0x48, 0x00, 0x48, 0x70, 0x48, 0x00,
    0x50, 0x70, 0x48, 0x00, 0x50, 0x70, 0x40, 0x00, 0x48, 0x70, 0x48, 0x00,
    0x48, 0x70, 0x48, 0x00, 0x50, 0x70, 0x48, 0x00, 0x48, 0x70, 0x48, 0x00,
    0x90, 0x9c, 0xb0, 0x04, 0x80, 0x94, 0xb0, 0x75, 0x70, 0x8c, 0xa0, 0xf7,
    0x58, 0x70, 0x88, 0xff, 0x80, 0x94, 0xb0, 0xff, 0xa0, 0xbc, 0xd8, 0xff,
    0x98, 0xb8, 0xd8, 0xff, 0x90, 0xac, 0xc8, 0xff, 0xa0, 0xbc, 0xd8, 0xff,
    0x88, 0xa4, 0xc0, 0xff, 0x90, 0xa8, 0xc0, 0xff, 0x78, 0x90, 0xa8, 0xff,
    0x68, 0x80, 0xa0, 0xff, 0x60, 0x7c, 0x90, 0xff, 0x68, 0x78, 0x90, 0xff,
    0x88, 0xa4, 0xc0, 0xff, 0xa0, 0xc0, 0xe0, 0xff, 0xa0, 0xc0, 0xe0, 0xff,
    0xa0, 0xbc, 0xd8, 0xff, 0x98, 0xb8, 0xd8, 0xff, 0x98, 0xb0, 0xd0, 0xff,
    0x90, 0xac, 0xc8, 0xff, 0x90, 0xac, 0xc8, 0xff, 0x90, 0xac, 0xc8, 0xff,
    0x88, 0xa4, 0xc0, 0xff, 0x88, 0xa4, 0xc0, 0xff, 0x88, 0xa0, 0xc0, 0xff,
    0x80, 0x98, 0xb8, 0xff, 0x58, 0x74, 0x88, 0xff, 0x58, 0x6c, 0x80, 0xff,
    0x60, 0x74, 0x88, 0xff, 0x70, 0x84, 0xa0, 0xff, 0x78, 0x94, 0xb0, 0xff,
    0x80, 0x9c, 0xb8, 0xff, 0x80, 0x9c, 0xb8, 0xff, 0x80, 0x9c, 0xb8, 0xff,
    0x80, 0x98, 0xb0, 0xff, 0x80, 0x98, 0xb8, 0xff, 0x80, 0x9c, 0xb8, 0xff,
    0x88, 0xa0, 0xc0, 0xff, 0x90, 0xa8, 0xc0, 0xff, 0x90, 0xac, 0xc8, 0xff,
    0x90, 0xac, 0xc8, 0xff, 0x90, 0xac, 0xc8, 0xff, 0x88, 0xa8, 0xc8, 0xff,
    0x78, 0x90, 0xb0, 0xff, 0x68, 0x80, 0x98, 0xff, 0x70, 0x8c, 0xa0, 0xff,
    0x80, 0x9c, 0xb8, 0xff, 0x68, 0x7c, 0x98, 0xff, 0x40, 0x4c, 0x58, 0xff,
    0x50, 0x5c, 0x70, 0xff, 0x58, 0x6c, 0x88, 0xff, 0x68, 0x7c, 0x98, 0xff,
    0x70, 0x84, 0xa0, 0xff, 0x40, 0x50, 0x60, 0xff, 0x80, 0x9c, 0xb8, 0xff,
    0xa0, 0xc0, 0xe0, 0xff, 0x98, 0xb4, 0xd0, 0xff, 0x78, 0x90, 0xa8, 0xff,
    0x60, 0x78, 0x90, 0xff, 0x50, 0x5c, 0x70, 0xff, 0x58, 0x6c, 0x80, 0xff,
    0x80, 0x9c, 0xb8, 0xf7, 0x88, 0x98, 0xb0, 0x65, 0x90, 0xa0, 0xb0, 0x04,
    0x48, 0x70, 0x48, 0x00, 0x50, 0x70, 0x48, 0x00, 0x48, 0x70, 0x40, 0x00,
    0x50, 0x70, 0x48, 0x00, 0x50, 0x70, 0x48, 0x00, 0x48, 0x70, 0x48, 0x00,
    0x50, 0x70, 0x48, 0x00, 0x48, 0x70, 0x48, 0x00, 0x48, 0x70, 0x48, 0x00,
    0x50, 0x70, 0x48, 0x00, 0x48, 0x70, 0x48, 0x00, 0x48, 0x70, 0x48, 0x00,
    0x50, 0x70, 0x48, 0x00, 0x48, 0x70, 0x48, 0x00, 0x50, 0x70, 0x48, 0x00,
    0x50, 0x70, 0x48, 0x00, 0x48, 0x70, 0x48, 0x00, 0x48, 0x70, 0x48, 0x00,
    0x88, 0x9c, 0xb0, 0x00, 0x70, 0x80, 0x98, 0x45, 0x68, 0x7c, 0x90, 0x96,
    0x58, 0x60, 0x70, 0xaa, 0x80, 0x98, 0xb0, 0xff, 0xa0, 0xbc, 0xd8, 0xff,
    0x98, 0xb8, 0xd8, 0xff, 0x90, 0xac, 0xc8, 0xff, 0xa0, 0xbc, 0xd8, 0xff,
    0x90, 0xa8, 0xc8, 0xff, 0x98, 0xb4, 0xd0, 0xff, 0x90, 0xb4, 0xd0, 0xff,
    0x78, 0x94, 0xb0, 0xff, 0x70, 0x84, 0xa0, 0xff, 0x78, 0x94, 0xb0, 0xff,
    0x90, 0xac, 0xc8, 0xff, 0xa0, 0xbc, 0xd8, 0xff, 0xa0, 0xbc, 0xd8, 0xff,
    0x98, 0xb8, 0xd8, 0xff, 0x98, 0xb4, 0xd8, 0xff, 0x98, 0xb4, 0xd0, 0xff,
    0x90, 0xac, 0xc8, 0xff, 0x90, 0xa8, 0xc8, 0xff, 0x90, 0xac, 0xc8, 0xff,
    0x90, 0xac, 0xc8, 0xff, 0x88, 0xa4, 0xc0, 0xff, 0x88, 0xa4, 0xc0, 0xff,
    0x80, 0x9c, 0xb8, 0xff, 0x70, 0x88, 0xa0, 0xff, 0x58, 0x6c, 0x88, 0xff,
    0x50, 0x64, 0x78, 0xff, 0x50, 0x68, 0x80, 0xff, 0x68, 0x7c, 0x98, 0xff,
    0x80, 0x98, 0xb0, 0xff, 0x80, 0x9c, 0xb8, 0xff, 0x80, 0x98, 0xb0, 0xff,
    0x78, 0x94, 0xb0, 0xff, 0x78, 0x90, 0xa8, 0xff, 0x78, 0x94, 0xb0, 0xff,
    0x80, 0x98, 0xb8, 0xff, 0x88, 0xa0, 0xc0, 0xff, 0x88, 0xa4, 0xc0, 0xff,
    0x88, 0xa4, 0xc0, 0xff, 0x80, 0x9c, 0xb8, 0xff, 0x70, 0x84, 0xa0, 0xff,
    0x58, 0x74, 0x88, 0xff, 0x60, 0x74, 0x90, 0xff, 0x78, 0x90, 0xa8, 0xff,
    0x88, 0xa4, 0xc0, 0xff, 0x78, 0x94, 0xb0, 0xff, 0x48, 0x60, 0x70, 0xff,
    0x50, 0x64, 0x78, 0xff, 0x60, 0x74, 0x90, 0xff, 0x80, 0x9c, 0xb8, 0xff,
    0x88, 0xa0, 0xc0, 0xff, 0x60, 0x74, 0x90, 0xff, 0x88, 0xa4, 0xc0, 0xff,
    0xa8, 0xc4, 0xe0, 0xff, 0xa0, 0xb8, 0xd8, 0xff, 0x70, 0x8c, 0xa8, 0xff,
    0x60, 0x78, 0x90, 0xff, 0x58, 0x6c, 0x88, 0xff, 0x50, 0x60, 0x78, 0xae,
    0x68, 0x7c, 0x90, 0x96, 0x70, 0x80, 0x98, 0x45, 0x88, 0x9c, 0xb0, 0x00,
    0x48, 0x70, 0x48, 0x00, 0x50, 0x70, 0x48, 0x00, 0x48, 0x70, 0x48, 0x00,
    0x48, 0x70, 0x48, 0x00, 0x50, 0x70, 0x48, 0x00, 0x50, 0x70, 0x40, 0x00,
    0x48, 0x70, 0x48, 0x00, 0x50, 0x70, 0x48, 0x00, 0x48, 0x70, 0x48, 0x00,
    0x48, 0x70, 0x48, 0x00, 0x50, 0x70, 0x48, 0x00, 0x50, 0x70, 0x40, 0x00,
    0x48, 0x70, 0x48, 0x00, 0x48, 0x70, 0x48, 0x00, 0x50, 0x70, 0x48, 0x00,
    0x50, 0x70, 0x40, 0x00, 0x48, 0x70, 0x48, 0x00, 0x50, 0x70, 0x48, 0x00,
    0x50, 0x70, 0x48, 0x00, 0x90, 0xa0, 0xb0, 0x04, 0x68, 0x70, 0x80, 0x04,
    0x70, 0x80, 0x98, 0x45, 0x80, 0x9c, 0xb8, 0xdb, 0x98, 0xb8, 0xd8, 0xff,
    0x90, 0xb0, 0xd0, 0xff, 0x90, 0xa8, 0xc8, 0xff, 0xa0, 0xc4, 0xe0, 0xff,
    0x98, 0xb4, 0xd0, 0xff, 0x98, 0xb8, 0xd8, 0xff, 0xa8, 0xc8, 0xe8, 0xff,
    0xa0, 0xbc, 0xd8, 0xff, 0x98, 0xb4, 0xd0, 0xff, 0x98, 0xb4, 0xd0, 0xff,
    0x90, 0xb0, 0xd0, 0xff, 0xa0, 0xbc, 0xd8, 0xff, 0xa0, 0xbc, 0xd8, 0xff,
    0x98, 0xb8, 0xd8, 0xff, 0x98, 0xb4, 0xd0, 0xff, 0x98, 0xb4, 0xd0, 0xff,
    0x90, 0xb0, 0xd0, 0xff, 0x90, 0xac, 0xc8, 0xff, 0x90, 0xac, 0xc8, 0xff,
    0x90, 0xac, 0xc8, 0xff, 0x88, 0xa8, 0xc8, 0xff, 0x88, 0xa4, 0xc0, 0xff,
    0x88, 0xa0, 0xc0, 0xff, 0x80, 0x98, 0xb8, 0xff, 0x70, 0x8c, 0xa8, 0xff,
    0x60, 0x74, 0x88, 0xff, 0x50, 0x60, 0x70, 0xff, 0x50, 0x64, 0x78, 0xff,
    0x70, 0x8c, 0xa8, 0xff, 0x80, 0x98, 0xb8, 0xff, 0x78, 0x90, 0xa8, 0xff,
    0x70, 0x88, 0xa8, 0xff, 0x70, 0x88, 0xa0, 0xff, 0x70, 0x88, 0xa0, 0xff,
    0x78, 0x8c, 0xa8, 0xff, 0x78, 0x94, 0xb0, 0xff, 0x78, 0x94, 0xb0, 0xff,
    0x78, 0x90, 0xb0, 0xff, 0x68, 0x7c, 0x90, 0xff, 0x50, 0x68, 0x80, 0xff,
    0x60, 0x70, 0x88, 0xff, 0x70, 0x84, 0xa0, 0xff, 0x78, 0x94, 0xb0, 0xff,
    0x88, 0xa4, 0xc0, 0xff, 0x88, 0xa4, 0xc0, 0xff, 0x80, 0x98, 0xb8, 0xff,
    0x70, 0x8c, 0xa8, 0xff, 0x88, 0xa4, 0xc0, 0xff, 0xa8, 0xc4, 0xe0, 0xff,
    0x90, 0xac, 0xc8, 0xff, 0x60, 0x78, 0x90, 0xff, 0x88, 0xa8, 0xc8, 0xff,
    0xa8, 0xcc, 0xe8, 0xff, 0xa0, 0xc0, 0xe0, 0xff, 0x78, 0x94, 0xb0, 0xff,
    0x68, 0x80, 0xa0, 0xff, 0x78, 0x90, 0xa8, 0xcb, 0x80, 0x90, 0xa8, 0x30,
    0x68, 0x74, 0x80, 0x04, 0x90, 0xa0, 0xb8, 0x04, 0x48, 0x70, 0x48, 0x00,
    0x50, 0x70, 0x48, 0x00, 0x50, 0x70, 0x48, 0x00, 0x48, 0x70, 0x48, 0x00,
    0x48, 0x70, 0x48, 0x00, 0x50, 0x70, 0x48, 0x00, 0x48, 0x70, 0x48, 0x00,
    0x48, 0x70, 0x48, 0x00, 0x50, 0x70, 0x48, 0x00, 0x50, 0x70, 0x48, 0x00,
    0x48, 0x70, 0x48, 0x00, 0x50, 0x70, 0x48, 0x00, 0x48, 0x70, 0x48, 0x00,
    0x50, 0x70, 0x48, 0x00, 0x48, 0x70, 0x48, 0x00, 0x48, 0x70, 0x48, 0x00,
    0x48, 0x70, 0x48, 0x00, 0x50, 0x70, 0x48, 0x00, 0x48, 0x70, 0x48, 0x00,
    0x48, 0x70, 0x48, 0x00, 0x48, 0x70, 0x48, 0x00, 0x68, 0x74, 0x80, 0x04,
    0x70, 0x84, 0x98, 0x61, 0x80, 0x94, 0xb0, 0xef, 0x98, 0xb8, 0xd8, 0xff,
    0x90, 0xac, 0xc8, 0xff, 0x90, 0xa8, 0xc8, 0xff, 0xa8, 0xc8, 0xe8, 0xff,
    0x90, 0xb4, 0xd0, 0xff, 0x98, 0xb8, 0xd8, 0xff, 0xa8, 0xc4, 0xe0, 0xff,
    0xa0, 0xc4, 0xe8, 0xff, 0xa0, 0xbc, 0xe0, 0xff, 0x98, 0xb4, 0xd8, 0xff,
    0x98, 0xb4, 0xd0, 0xff, 0xa0, 0xc0, 0xe0, 0xff, 0xa0, 0xc0, 0xe0, 0xff,
    0xa0, 0xb8, 0xd8, 0xff, 0x98, 0xb4, 0xd8, 0xff, 0x98, 0xb4, 0xd0, 0xff,
    0x90, 0xb4, 0xd0, 0xff, 0x90, 0xac, 0xc8, 0xff, 0x90, 0xb0, 0xd0, 0xff,
    0x90, 0xac, 0xc8, 0xff, 0x90, 0xa8, 0xc8, 0xff, 0x88, 0xa0, 0xc0, 0xff,
    0x80, 0x9c, 0xb8, 0xff, 0x78, 0x94, 0xb0, 0xff, 0x78, 0x90, 0xa8, 0xff,
    0x68, 0x80, 0xa0, 0xff, 0x48, 0x58, 0x70, 0xff, 0x48, 0x58, 0x68, 0xff,
    0x68, 0x7c, 0x98, 0xff, 0x70, 0x88, 0xa0, 0xff, 0x68, 0x7c, 0x98, 0xff,
    0x60, 0x78, 0x90, 0xff, 0x60, 0x74, 0x88, 0xff, 0x58, 0x74, 0x88, 0xff,
    0x68, 0x7c, 0x98, 0xff, 0x68, 0x80, 0x98, 0xff, 0x68, 0x80, 0x98, 0xff,
    0x60, 0x74, 0x88, 0xff, 0x48, 0x58, 0x70, 0xff, 0x40, 0x50, 0x60, 0xff,
    0x48, 0x5c, 0x70, 0xff, 0x58, 0x6c, 0x80, 0xff, 0x68, 0x80, 0x98, 0xff,
    0x80, 0x98, 0xb8, 0xff, 0x88, 0xa4, 0xc0, 0xff, 0x90, 0xac, 0xc8, 0xff,
    0x98, 0xb8, 0xd8, 0xff, 0xa0, 0xc0, 0xe0, 0xff, 0xb0, 0xd0, 0xf0, 0xff,
    0x90, 0xb0, 0xd0, 0xff, 0x60, 0x7c, 0x90, 0xff, 0x90, 0xac, 0xc8, 0xff,
    0xb0, 0xcc, 0xf0, 0xff, 0xa0, 0xc0, 0xe0, 0xff, 0x70, 0x88, 0xa0, 0xff,
    0x68, 0x7c, 0x90, 0xff, 0x70, 0x88, 0xa0, 0xe3, 0x70, 0x80, 0x98, 0x61,
    0x68, 0x74, 0x80, 0x04, 0x48, 0x70, 0x48, 0x00, 0x48, 0x70, 0x48, 0x00,
    0x50, 0x70, 0x48, 0x00, 0x48, 0x70, 0x48, 0x00, 0x50, 0x70, 0x48, 0x00,
    0x50, 0x70, 0x40, 0x00, 0x48, 0x70, 0x48, 0x00, 0x50, 0x70, 0x48, 0x00,
    0x50, 0x70, 0x48, 0x00, 0x48, 0x70, 0x48, 0x00, 0x48, 0x70, 0x48, 0x00,
    0x50, 0x70, 0x48, 0x00, 0x48, 0x70, 0x48, 0x00, 0x48, 0x70, 0x48, 0x00,
    0x50, 0x70, 0x48, 0x00, 0x50, 0x70, 0x40, 0x00, 0x48, 0x70, 0x48, 0x00,
    0x50, 0x70, 0x48, 0x00, 0x50, 0x70, 0x48, 0x00, 0x48, 0x70, 0x48, 0x00,
    0x50, 0x70, 0x48, 0x00, 0x48, 0x70, 0x48, 0x00, 0x68, 0x74, 0x80, 0x0c,
    0x68, 0x7c, 0x90, 0x96, 0x78, 0x90, 0xa8, 0xff, 0x98, 0xb8, 0xd8, 0xff,
    0x98, 0xb4, 0xd0, 0xff, 0x90, 0xac, 0xc8, 0xff, 0xa8, 0xc8, 0xe8, 0xff,
    0x98, 0xb4, 0xd8, 0xff, 0x98, 0xb4, 0xd0, 0xff, 0xa0, 0xc0, 0xe0, 0xff,
    0xa0, 0xc0, 0xe0, 0xff, 0xa0, 0xbc, 0xd8, 0xff, 0x98, 0xb8, 0xd8, 0xff,
    0x98, 0xb8, 0xd8, 0xff, 0xa0, 0xc0, 0xe0, 0xff, 0xa0, 0xc0, 0xe0, 0xff,
    0xa0, 0xbc, 0xd8, 0xff, 0x98, 0xb8, 0xd8, 0xff, 0x98, 0xb8, 0xd8, 0xff,
    0x98, 0xb4, 0xd0, 0xff, 0x98, 0xb0, 0xd0, 0xff, 0x98, 0xb0, 0xd0, 0xff,
    0x90, 0xb0, 0xc8, 0xff, 0x88, 0xa8, 0xc8, 0xff, 0x88, 0x9c, 0xb8, 0xff,
    0x78, 0x94, 0xb0, 0xff, 0x70, 0x8c, 0xa0, 0xff, 0x68, 0x7c, 0x90, 0xff,
    0x48, 0x58, 0x70, 0xff, 0x40, 0x50, 0x60, 0xff, 0x68, 0x80, 0x98, 0xff,
    0x70, 0x84, 0xa0, 0xff, 0x58, 0x74, 0x88, 0xff, 0x50, 0x64, 0x80, 0xff,
    0x50, 0x68, 0x80, 0xff, 0x50, 0x64, 0x78, 0xff, 0x50, 0x64, 0x78, 0xff,
    0x50, 0x64, 0x80, 0xff, 0x50, 0x64, 0x78, 0xff, 0x48, 0x5c, 0x70, 0xff,
    0x40, 0x50, 0x60, 0xff, 0x38, 0x44, 0x58, 0xff, 0x28, 0x34, 0x48, 0xff,
    0x50, 0x54, 0x60, 0xff, 0x58, 0x5c, 0x68, 0xff, 0x40, 0x4c, 0x60, 0xff,
    0x68, 0x80, 0x98, 0xff, 0x88, 0xa0, 0xc0, 0xff, 0x90, 0xac, 0xc8, 0xff,
    0x98, 0xb0, 0xd0, 0xff, 0xa0, 0xbc, 0xd8, 0xff, 0xa8, 0xc8, 0xe8, 0xff,
    0x88, 0xa4, 0xc0, 0xff, 0x50, 0x64, 0x80, 0xff, 0x78, 0x8c, 0xa8, 0xff,
    0x98, 0xb4, 0xd0, 0xff, 0xa0, 0xbc, 0xd8, 0xff, 0x58, 0x6c, 0x88, 0xff,
    0x60, 0x74, 0x90, 0xff, 0x78, 0x90, 0xb0, 0xff, 0x78, 0x8c, 0xa8, 0x96,
    0x88, 0x9c, 0xb8, 0x0c, 0x48, 0x70, 0x48, 0x00, 0x50, 0x70, 0x48, 0x00,
    0x48, 0x70, 0x48, 0x00, 0x48, 0x70, 0x48, 0x00, 0x50, 0x70, 0x48, 0x00,
    0x48, 0x70, 0x48, 0x00, 0x48, 0x70, 0x48, 0x00, 0x50, 0x70, 0x48, 0x00,
    0x50, 0x70, 0x40, 0x00, 0x48, 0x70, 0x48, 0x00, 0x50, 0x70, 0x48, 0x00,
    0x48, 0x70, 0x48, 0x00, 0x50, 0x70, 0x48, 0x00, 0x50, 0x70, 0x48, 0x00,
    0x48, 0x70, 0x48, 0x00, 0x50, 0x70, 0x48, 0x00, 0x50, 0x70, 0x48, 0x00,
    0x48, 0x70, 0x40, 0x00, 0x48, 0x70, 0x48, 0x00, 0x50, 0x70, 0x48, 0x00,
    0x50, 0x70, 0x48, 0x00, 0x48, 0x70, 0x48, 0x00, 0x88, 0x9c, 0xb8, 0x0c,
    0x68, 0x7c, 0x90, 0x96, 0x70, 0x84, 0xa0, 0xff, 0x90, 0xa8, 0xc8, 0xff,
    0x90, 0xb0, 0xd0, 0xff, 0x90, 0xa8, 0xc8, 0xff, 0xa8, 0xc4, 0xe0, 0xff,
    0xa0, 0xbc, 0xd8, 0xff, 0x98, 0xb4, 0xd8, 0xff, 0xa0, 0xb8, 0xd8, 0xff,
    0xa0, 0xc0, 0xe0, 0xff, 0xa0, 0xc0, 0xe0, 0xff, 0xa0, 0xb8, 0xd8, 0xff,
    0xa0, 0xb8, 0xd8, 0xff, 0xa8, 0xc4, 0xe0, 0xff, 0xa0, 0xc4, 0xe0, 0xff,
    0xa0, 0xc0, 0xe0, 0xff, 0xa0, 0xbc, 0xd8, 0xff, 0x98, 0xb8, 0xd8, 0xff,
    0x98, 0xb4, 0xd0, 0xff, 0x98, 0xb4, 0xd0, 0xff, 0x98, 0xb0, 0xd0, 0xff,
    0x90, 0xac, 0xc8, 0xff, 0x88, 0xa8, 0xc0, 0xff, 0x80, 0x98, 0xb0, 0xff,
    0x68, 0x80, 0xa0, 0xff, 0x50, 0x64, 0x80, 0xff, 0x40, 0x4c, 0x58, 0xff,
    0x48, 0x5c, 0x70, 0xff, 0x70, 0x8c, 0xa8, 0xff, 0x88, 0xa4, 0xc0, 0xff,
    0x68, 0x80, 0x98, 0xff, 0x50, 0x64, 0x78, 0xff, 0x48, 0x58, 0x70, 0xff,
    0x48, 0x58, 0x68, 0xff, 0x48, 0x58, 0x70, 0xff, 0x40, 0x50, 0x68, 0xff,
    0x40, 0x54, 0x68, 0xff, 0x40, 0x54, 0x68, 0xff, 0x38, 0x44, 0x58, 0xff,
    0x28, 0x34, 0x40, 0xff, 0x50, 0x68, 0x80, 0xff, 0x70, 0x84, 0xa0, 0xff,
    0x88, 0xa4, 0xc0, 0xff, 0x88, 0xa0, 0xc0, 0xff, 0x68, 0x80, 0x98, 0xff,
    0x68, 0x80, 0x98, 0xff, 0x80, 0x9c, 0xb8, 0xff, 0x88, 0xa4, 0xc0, 0xff,
    0x90, 0xac, 0xc8, 0xff, 0x98, 0xb8, 0xd8, 0xff, 0xa0, 0xbc, 0xd8, 0xff,
    0x88, 0xa0, 0xc0, 0xff, 0x58, 0x6c, 0x80, 0xff, 0x60, 0x74, 0x88, 0xff,
    0x78, 0x8c, 0xa8, 0xff, 0x98, 0xb4, 0xd0, 0xff, 0x70, 0x84, 0xa0, 0xff,
    0x70, 0x8c, 0xa8, 0xff, 0x78, 0x8c, 0xa8, 0xff, 0x78, 0x8c, 0xa0, 0x92,
    0x88, 0xa0, 0xb0, 0x0c, 0x50, 0x70, 0x48, 0x00, 0x50, 0x70, 0x48, 0x00,
    0x48, 0x70, 0x48, 0x00, 0x50, 0x70, 0x40, 0x00, 0x50, 0x70, 0x48, 0x00,
    0x48, 0x70, 0x48, 0x00, 0x50, 0x70, 0x48, 0x00, 0x48, 0x70, 0x48, 0x00,
    0x48, 0x70, 0x48, 0x00, 0x50, 0x70, 0x48, 0x00, 0x48, 0x70, 0x48, 0x00,
    0x48, 0x70, 0x48, 0x00, 0x50, 0x70, 0x48, 0x00, 0x48, 0x70, 0x40, 0x00,
    0x48, 0x70, 0x48, 0x00, 0x48, 0x70, 0x48, 0x00, 0x50, 0x70, 0x48, 0x00,
    0x48, 0x70, 0x48, 0x00, 0x48, 0x70, 0x48, 0x00, 0x50, 0x70, 0x40, 0x00,
    0x48, 0x70, 0x48, 0x00, 0x50, 0x70, 0x48, 0x00, 0x80, 0x98, 0xb0, 0x18,
    0x70, 0x88, 0xa0, 0xaa, 0x68, 0x80, 0x98, 0xff, 0x78, 0x94, 0xb0, 0xff,
    0x90, 0xac, 0xc8, 0xff, 0x90, 0xb0, 0xd0, 0xff, 0xa0, 0xc0, 0xe0, 0xff,
    0xa0, 0xbc, 0xd8, 0xff, 0xa0, 0xbc, 0xd8, 0xff, 0x98, 0xb8, 0xd8, 0xff,
    0xa0, 0xbc, 0xd8, 0xff, 0xa0, 0xc0, 0xe0, 0xff, 0xa0, 0xbc, 0xd8, 0xff,
    0xa0, 0xbc, 0xd8, 0xff, 0xa8, 0xc8, 0xe8, 0xff, 0xa8, 0xc4, 0xe8, 0xff,
    0xa0, 0xc0, 0xe0, 0xff, 0xa0, 0xc0, 0xe0, 0xff, 0xa0, 0xbc, 0xd8, 0xff,
    0x98, 0xb4, 0xd8, 0xff, 0x98, 0xb4, 0xd0, 0xff, 0x90, 0xb4, 0xd0, 0xff,
    0x90, 0xac, 0xd0, 0xff, 0x88, 0xa0, 0xc0, 0xff, 0x70, 0x88, 0xa0, 0xff,
    0x50, 0x64, 0x80, 0xff, 0x40, 0x54, 0x68, 0xff, 0x68, 0x7c, 0x90, 0xff,
    0x88, 0xa0, 0xc0, 0xff, 0x90, 0xa8, 0xc8, 0xff, 0x88, 0xa4, 0xc0, 0xff,
    0x58, 0x6c, 0x88, 0xff, 0x38, 0x44, 0x58, 0xff, 0x40, 0x4c, 0x58, 0xff,
    0x40, 0x50, 0x60, 0xff, 0x38, 0x44, 0x58, 0xff, 0x40, 0x4c, 0x58, 0xff,
    0x40, 0x4c, 0x58, 0xff, 0x30, 0x3c, 0x50, 0xff, 0x28, 0x34, 0x48, 0xff,
    0x30, 0x34, 0x38, 0xff, 0x60, 0x74, 0x90, 0xff, 0x98, 0xb4, 0xd0, 0xff,
    0xb0, 0xd4, 0xf0, 0xff, 0xb0, 0xd0, 0xf0, 0xff, 0x90, 0xac, 0xc8, 0xff,
    0x78, 0x90, 0xa8, 0xff, 0x80, 0x98, 0xb0, 0xff, 0x88, 0xa0, 0xc0, 0xff,
    0x90, 0xac, 0xc8, 0xff, 0x98, 0xb4, 0xd0, 0xff, 0x98, 0xb8, 0xd8, 0xff,
    0x90, 0xac, 0xc8, 0xff, 0x90, 0xac, 0xc8, 0xff, 0x88, 0xa4, 0xc0, 0xff,
    0x88, 0xa4, 0xc0, 0xff, 0x90, 0xac, 0xc8, 0xff, 0x78, 0x94, 0xb0, 0xff,
    0x80, 0x98, 0xb0, 0xff, 0x70, 0x88, 0xa0, 0xff, 0x68, 0x7c, 0x90, 0x96,
    0x80, 0x94, 0xa8, 0x10, 0x48, 0x70, 0x48, 0x00, 0x48, 0x70, 0x48, 0x00,
    0x50, 0x70, 0x48, 0x00, 0x48, 0x70, 0x48, 0x00, 0x50, 0x70, 0x48, 0x00,
    0x50, 0x70, 0x48, 0x00, 0x48, 0x70, 0x40, 0x00, 0x50, 0x70, 0x48, 0x00,
    0x48, 0x70, 0x48, 0x00, 0x50, 0x70, 0x48, 0x00, 0x48, 0x70, 0x48, 0x00,
    0x50, 0x70, 0x48, 0x00, 0x48, 0x70, 0x48, 0x00, 0x50, 0x70, 0x48, 0x00,
    0x50, 0x70, 0x48, 0x00, 0x48, 0x70, 0x48, 0x00, 0x50, 0x70, 0x48, 0x00,
    0x50, 0x70, 0x48, 0x00, 0x50, 0x70, 0x48, 0x00, 0x48, 0x70, 0x48, 0x00,
    0x50, 0x70, 0x48, 0x00, 0x90, 0xa0, 0xb0, 0x04, 0x80, 0x98, 0xb0, 0x55,
    0x70, 0x88, 0xa0, 0xe3, 0x68, 0x80, 0x98, 0xff, 0x78, 0x94, 0xb0, 0xff,
    0x98, 0xb4, 0xd0, 0xff, 0x98, 0xb8, 0xd8, 0xff, 0xa0, 0xc0, 0xe0, 0xff,
    0xa0, 0xbc, 0xd8, 0xff, 0xa0, 0xc0, 0xe0, 0xff, 0xa8, 0xc4, 0xe0, 0xff,
    0xa0, 0xbc, 0xd8, 0xff, 0xa0, 0xbc, 0xd8, 0xff, 0xa0, 0xc0, 0xe0, 0xff,
    0xa0, 0xc4, 0xe0, 0xff, 0xa8, 0xc8, 0xe8, 0xff, 0xa8, 0xc8, 0xe8, 0xff,
    0xa8, 0xc4, 0xe8, 0xff, 0xa0, 0xc0, 0xe0, 0xff, 0xa0, 0xbc, 0xd8, 0xff,
    0x98, 0xb8, 0xd8, 0xff, 0x98, 0xb4, 0xd0, 0xff, 0x98, 0xb0, 0xd0, 0xff,
    0x90, 0xac, 0xc8, 0xff, 0x80, 0x98, 0xb0, 0xff, 0x68, 0x7c, 0x98, 0xff,
    0x60, 0x7c, 0x90, 0xff, 0x80, 0x98, 0xb0, 0xff, 0x90, 0xac, 0xc8, 0xff,
    0x90, 0xa8, 0xc8, 0xff, 0x88, 0xa8, 0xc8, 0xff, 0x88, 0xa0, 0xb8, 0xff,
    0x48, 0x58, 0x68, 0xff, 0x20, 0x28, 0x30, 0xff, 0x58, 0x6c, 0x80, 0xff,
    0x78, 0x90, 0xb0, 0xff, 0x70, 0x88, 0xa8, 0xff, 0x78, 0x90, 0xa8, 0xff,
    0x68, 0x80, 0x98, 0xff, 0x30, 0x34, 0x40, 0xff, 0x20, 0x28, 0x30, 0xff,
    0x30, 0x38, 0x40, 0xff, 0x68, 0x7c, 0x98, 0xff, 0x98, 0xb8, 0xd8, 0xff,
    0xb8, 0xd8, 0xf8, 0xff, 0xb0, 0xd0, 0xf0, 0xff, 0x90, 0xac, 0xc8, 0xff,
    0x78, 0x90, 0xa8, 0xff, 0x78, 0x98, 0xb8, 0xff, 0x88, 0xa0, 0xc0, 0xff,
    0x90, 0xa8, 0xc8, 0xff, 0x98, 0xb4, 0xd0, 0xff, 0x98, 0xb4, 0xd8, 0xff,
    0x90, 0xac, 0xc8, 0xff, 0x98, 0xb4, 0xd0, 0xff, 0x98, 0xb4, 0xd8, 0xff,
    0x98, 0xb4, 0xd0, 0xff, 0x80, 0xa0, 0xc0, 0xff, 0x78, 0x94, 0xb0, 0xff,
    0x80, 0x98, 0xb0, 0xff, 0x70, 0x84, 0xa0, 0xff, 0x70, 0x88, 0xa0, 0xe3,
    0x80, 0x98, 0xb0, 0x55, 0x88, 0x9c, 0xb0, 0x00, 0x50, 0x70, 0x48, 0x00,
    0x48, 0x70, 0x48, 0x00, 0x48, 0x70, 0x48, 0x00, 0x50, 0x70, 0x48, 0x00,
    0x48, 0x70, 0x48, 0x00, 0x48, 0x70, 0x48, 0x00, 0x50, 0x70, 0x48, 0x00,
    0x50, 0x70, 0x48, 0x00, 0x48, 0x70, 0x40, 0x00, 0x50, 0x70, 0x48, 0x00,
    0x48, 0x70, 0x48, 0x00, 0x50, 0x70, 0x48, 0x00, 0x48, 0x70, 0x48, 0x00,
    0x50, 0x70, 0x48, 0x00, 0x48, 0x70, 0x40, 0x00, 0x48, 0x70, 0x48, 0x00,
    0x50, 0x70, 0x48, 0x00, 0x48, 0x70, 0x48, 0x00, 0x48, 0x70, 0x48, 0x00,
    0x50, 0x70, 0x48, 0x00, 0x78, 0x90, 0xa8, 0x30, 0x78, 0x90, 0xa8, 0xcb,
    0x70, 0x88, 0xa0, 0xff, 0x68, 0x7c, 0x98, 0xff, 0x78, 0x94, 0xb0, 0xff,
    0x98, 0xb8, 0xd8, 0xff, 0x90, 0xac, 0xc8, 0xff, 0x98, 0xb0, 0xd0, 0xff,
    0xa0, 0xb8, 0xd8, 0xff, 0xa0, 0xc4, 0xe8, 0xff, 0xa8, 0xc8, 0xe8, 0xff,
    0xa8, 0xc8, 0xe8, 0xff, 0xa0, 0xbc, 0xe0, 0xff, 0x98, 0xb8, 0xd8, 0xff,
    0xa0, 0xc0, 0xe0, 0xff, 0xb0, 0xcc, 0xf0, 0xff, 0xa8, 0xcc, 0xe8, 0xff,
    0xa8, 0xc8, 0xe8, 0xff, 0xa0, 0xc4, 0xe0, 0xff, 0xa0, 0xbc, 0xe0, 0xff,
    0xa0, 0xb8, 0xd8, 0xff, 0x98, 0xb4, 0xd0, 0xff, 0x90, 0xb0, 0xd0, 0xff,
    0x90, 0xa8, 0xc8, 0xff, 0x78, 0x90, 0xa8, 0xff, 0x68, 0x80, 0xa0, 0xff,
    0x88, 0xa4, 0xc0, 0xff, 0x90, 0xb0, 0xd0, 0xff, 0x90, 0xac, 0xc8, 0xff,
    0x88, 0xa8, 0xc8, 0xff, 0x88, 0xa4, 0xc0, 0xff, 0x80, 0x98, 0xb0, 0xff,
    0x40, 0x50, 0x60, 0xff, 0x20, 0x28, 0x38, 0xff, 0x68, 0x80, 0x98, 0xff,
    0xa0, 0xb8, 0xd8, 0xff, 0xa0, 0xbc, 0xd8, 0xff, 0x98, 0xb4, 0xd8, 0xff,
    0x80, 0xa0, 0xb8, 0xff, 0x28, 0x38, 0x48, 0xff, 0x20, 0x28, 0x30, 0xff,
    0x20, 0x28, 0x30, 0xff, 0x68, 0x7c, 0x98, 0xff, 0x98, 0xb8, 0xd8, 0xff,
    0xb8, 0xd8, 0xf8, 0xff, 0xb0, 0xd0, 0xf0, 0xff, 0x90, 0xac, 0xc8, 0xff,
    0x78, 0x90, 0xb0, 0xff, 0x80, 0x98, 0xb8, 0xff, 0x88, 0xa4, 0xc0, 0xff,
    0x90, 0xac, 0xc8, 0xff, 0x98, 0xb4, 0xd0, 0xff, 0x98, 0xb8, 0xd8, 0xff,
    0x90, 0xb0, 0xc8, 0xff, 0x98, 0xb0, 0xd0, 0xff, 0x90, 0xac, 0xc8, 0xff,
    0x90, 0xac, 0xc8, 0xff, 0x88, 0xa0, 0xc0, 0xff, 0x80, 0x98, 0xb0, 0xff,
    0x78, 0x98, 0xb0, 0xff, 0x70, 0x84, 0xa0, 0xff, 0x78, 0x90, 0xa8, 0xff,
    0x78, 0x90, 0xa8, 0xcf, 0x78, 0x90, 0xa8, 0x34, 0x50, 0x70, 0x48, 0x00,
    0x50, 0x70, 0x48, 0x00, 0x48, 0x70, 0x40, 0x00, 0x50, 0x70, 0x48, 0x00,
    0x48, 0x70, 0x48, 0x00, 0x50, 0x70, 0x48, 0x00, 0x48, 0x70, 0x48, 0x00,
    0x48, 0x70, 0x48, 0x00, 0x50, 0x70, 0x48, 0x00, 0x48, 0x70, 0x48, 0x00,
    0x48, 0x70, 0x48, 0x00, 0x50, 0x70, 0x48, 0x00, 0x48, 0x70, 0x48, 0x00,
    0x50, 0x70, 0x48, 0x00, 0x50, 0x70, 0x48, 0x00, 0x48, 0x70, 0x48, 0x00,
    0x50, 0x70, 0x40, 0x00, 0x48, 0x70, 0x48, 0x00, 0x50, 0x70, 0x48, 0x00,
    0x80, 0x98, 0xb0, 0x18, 0x70, 0x88, 0xa0, 0xaa, 0x78, 0x94, 0xb0, 0xff,
    0x78, 0x8c, 0xa8, 0xff, 0x68, 0x7c, 0x98, 0xff, 0x78, 0x94, 0xb0, 0xff,
    0x98, 0xb4, 0xd0, 0xff, 0x68, 0x7c, 0x90, 0xff, 0x50, 0x64, 0x78, 0xff,
    0x88, 0xa4, 0xc0, 0xff, 0xa8, 0xc8, 0xe8, 0xff, 0xb0, 0xcc, 0xf0, 0xff,
    0xa8, 0xcc, 0xe8, 0xff, 0xa8, 0xc8, 0xe8, 0xff, 0x98, 0xb8, 0xd8, 0xff,
    0xa0, 0xb8, 0xd8, 0xff, 0xa8, 0xc8, 0xe8, 0xff, 0xa8, 0xc8, 0xe8, 0xff,
    0xa8, 0xc8, 0xe8, 0xff, 0xa8, 0xc8, 0xe8, 0xff, 0xa0, 0xc0, 0xe0, 0xff,
    0xa0, 0xbc, 0xd8, 0xff, 0xa0, 0xbc, 0xd8, 0xff, 0x98, 0xb4, 0xd8, 0xff,
    0x90, 0xb0, 0xd0, 0xff, 0x80, 0xa0, 0xb8, 0xff, 0x68, 0x7c, 0x98, 0xff,
    0x88, 0xa0, 0xc0, 0xff, 0x90, 0xac, 0xc8, 0xff, 0x90, 0xa8, 0xc8, 0xff,
    0x88, 0xa4, 0xc0, 0xff, 0x80, 0x9c, 0xb8, 0xff, 0x78, 0x8c, 0xa8, 0xff,
    0x40, 0x50, 0x60, 0xff, 0x20, 0x28, 0x38, 0xff, 0x50, 0x64, 0x80, 0xff,
    0x78, 0x94, 0xb0, 0xff, 0x70, 0x88, 0xa0, 0xff, 0x70, 0x88, 0xa0, 0xff,
    0x68, 0x78, 0x90, 0xff, 0x20, 0x28, 0x38, 0xff, 0x30, 0x3c, 0x50, 0xff,
    0x40, 0x4c, 0x60, 0xff, 0x68, 0x80, 0x98, 0xff, 0xa0, 0xb8, 0xd8, 0xff,
    0xb8, 0xd8, 0xf8, 0xff, 0xb0, 0xd0, 0xf0, 0xff, 0x90, 0xb0, 0xc8, 0xff,
    0x78, 0x90, 0xa8, 0xff, 0x80, 0x98, 0xb8, 0xff, 0x88, 0xa4, 0xc0, 0xff,
    0x90, 0xac, 0xc8, 0xff, 0x98, 0xb4, 0xd0, 0xff, 0x98, 0xb4, 0xd8, 0xff,
    0x90, 0xb0, 0xd0, 0xff, 0x80, 0x9c, 0xb8, 0xff, 0x58, 0x6c, 0x80, 0xff,
    0x78, 0x90, 0xa8, 0xff, 0x88, 0xa4, 0xc0, 0xff, 0x78, 0x94, 0xb0, 0xff,
    0x78, 0x94, 0xb0, 0xff, 0x70, 0x88, 0xa0, 0xff, 0x78, 0x90, 0xb0, 0xff,
    0x78, 0x94, 0xb0, 0xff, 0x70, 0x88, 0xa0, 0xaa, 0x80, 0x98, 0xb0, 0x18,
    0x50, 0x70, 0x48, 0x00, 0x48, 0x70, 0x48, 0x00, 0x50, 0x70, 0x48, 0x00,
    0x50, 0x70, 0x48, 0x00, 0x48, 0x70, 0x40, 0x00, 0x50, 0x70, 0x48, 0x00,
    0x50, 0x70, 0x48, 0x00, 0x48, 0x70, 0x48, 0x00, 0x50, 0x70, 0x48, 0x00,
    0x50, 0x70, 0x48, 0x00, 0x48, 0x70, 0x48, 0x00, 0x48, 0x70, 0x40, 0x00,
    0x50, 0x70, 0x48, 0x00, 0x48, 0x70, 0x48, 0x00, 0x50, 0x70, 0x48, 0x00,
    0x48, 0x70, 0x48, 0x00, 0x40, 0x44, 0x48, 0x20, 0x40, 0x40, 0x40, 0x65,
    0x58, 0x60, 0x70, 0xae, 0x78, 0x8c, 0xa0, 0xf7, 0x78, 0x94, 0xb0, 0xff,
    0x70, 0x88, 0xa0, 0xff, 0x68, 0x7c, 0x98, 0xff, 0x78, 0x90, 0xa8, 0xff,
    0x98, 0xb0, 0xd0, 0xff, 0x60, 0x70, 0x88, 0xff, 0x30, 0x40, 0x50, 0xff,
    0x78, 0x90, 0xa8, 0xff, 0xb0, 0xcc, 0xf0, 0xff, 0xb0, 0xcc, 0xe8, 0xff,
    0xa8, 0xcc, 0xe8, 0xff, 0xa8, 0xc8, 0xe8, 0xff, 0xa8, 0xc4, 0xe0, 0xff,
    0x98, 0xb8, 0xd8, 0xff, 0xa0, 0xbc, 0xd8, 0xff, 0xa8, 0xc4, 0xe0, 0xff,
    0xa8, 0xc4, 0xe8, 0xff, 0xa8, 0xc4, 0xe0, 0xff, 0xa0, 0xc4, 0xe0, 0xff,
    0xa0, 0xc4, 0xe8, 0xff, 0xa0, 0xc4, 0xe0, 0xff, 0xa0, 0xbc, 0xe0, 0xff,
    0x98, 0xb8, 0xd8, 0xff, 0x90, 0xac, 0xc8, 0xff, 0x70, 0x8c, 0xa8, 0xff,
    0x80, 0x98, 0xb0, 0xff, 0x88, 0xa4, 0xc0, 0xff, 0x80, 0x9c, 0xb8, 0xff,
    0x78, 0x94, 0xb0, 0xff, 0x70, 0x8c, 0xa8, 0xff, 0x68, 0x80, 0xa0, 0xff,
    0x50, 0x64, 0x78, 0xff, 0x38, 0x44, 0x58, 0xff, 0x28, 0x34, 0x40, 0xff,
    0x28, 0x38, 0x40, 0xff, 0x28, 0x38, 0x48, 0xff, 0x28, 0x34, 0x48, 0xff,
    0x30, 0x34, 0x38, 0xff, 0x30, 0x38, 0x40, 0xff, 0x50, 0x5c, 0x70, 0xff,
    0x48, 0x58, 0x70, 0xff, 0x70, 0x88, 0xa0, 0xff, 0xa0, 0xbc, 0xd8, 0xff,
    0xb8, 0xd8, 0xf8, 0xff, 0xb0, 0xd0, 0xf0, 0xff, 0x90, 0xac, 0xc8, 0xff,
    0x78, 0x8c, 0xa8, 0xff, 0x80, 0x98, 0xb8, 0xff, 0x88, 0xa4, 0xc0, 0xff,
    0x90, 0xac, 0xc8, 0xff, 0x90, 0xb0, 0xd0, 0xff, 0x98, 0xb4, 0xd0, 0xff,
    0x90, 0xac, 0xc8, 0xff, 0x68, 0x7c, 0x98, 0xff, 0x30, 0x3c, 0x50, 0xff,
    0x70, 0x88, 0xa8, 0xff, 0x88, 0xa4, 0xc0, 0xff, 0x78, 0x90, 0xa8, 0xff,
    0x78, 0x90, 0xb0, 0xff, 0x70, 0x84, 0xa0, 0xff, 0x70, 0x8c, 0xa8, 0xff,
    0x78, 0x94, 0xb0, 0xff, 0x78, 0x8c, 0xa0, 0xf7, 0x50, 0x60, 0x70, 0xaa,
    0x40, 0x40, 0x40, 0x65, 0x40, 0x44, 0x48, 0x24, 0x48, 0x70, 0x48, 0x00,
    0x50, 0x70, 0x48, 0x00, 0x48, 0x70, 0x48, 0x00, 0x48, 0x70, 0x48, 0x00,
    0x50, 0x70, 0x48, 0x00, 0x48, 0x70, 0x40, 0x00, 0x48, 0x70, 0x48, 0x00,
    0x50, 0x70, 0x48, 0x00, 0x48, 0x70, 0x48, 0x00, 0x50, 0x70, 0x48, 0x00,
    0x48, 0x70, 0x48, 0x00, 0x48, 0x70, 0x48, 0x00, 0x50, 0x70, 0x48, 0x00,
    0x68, 0x70, 0x80, 0x04, 0x40, 0x40, 0x40, 0x65, 0x38, 0x34, 0x38, 0xe7,
    0x40, 0x4c, 0x60, 0xff, 0x78, 0x90, 0xa8, 0xff, 0x80, 0x98, 0xb0, 0xff,
    0x70, 0x8c, 0xa8, 0xff, 0x68, 0x80, 0x98, 0xff, 0x78, 0x94, 0xb0, 0xff,
    0xa0, 0xbc, 0xd8, 0xff, 0x70, 0x84, 0xa0, 0xff, 0x40, 0x50, 0x60, 0xff,
    0x78, 0x90, 0xb0, 0xff, 0xa8, 0xc8, 0xe8, 0xff, 0xa8, 0xcc, 0xe8, 0xff,
    0xa8, 0xc8, 0xe8, 0xff, 0xa8, 0xc8, 0xe8, 0xff, 0xa8, 0xc8, 0xe8, 0xff,
    0xa0, 0xc0, 0xe0, 0xff, 0x98, 0xb4, 0xd0, 0xff, 0x98, 0xb8, 0xd8, 0xff,
    0xa0, 0xbc, 0xd8, 0xff, 0xa0, 0xbc, 0xd8, 0xff, 0xa0, 0xbc, 0xd8, 0xff,
    0xa0, 0xbc, 0xe0, 0xff, 0xa0, 0xc0, 0xe0, 0xff, 0xa0, 0xbc, 0xd8, 0xff,
    0xa0, 0xb8, 0xd8, 0xff, 0x98, 0xb0, 0xd0, 0xff, 0x88, 0xa0, 0xc0, 0xff,
    0x80, 0x98, 0xb0, 0xff, 0x78, 0x8c, 0xa8, 0xff, 0x70, 0x84, 0xa0, 0xff,
    0x68, 0x80, 0x98, 0xff, 0x60, 0x78, 0x90, 0xff, 0x60, 0x70, 0x88, 0xff,
    0x50, 0x64, 0x80, 0xff, 0x40, 0x50, 0x60, 0xff, 0x38, 0x44, 0x58, 0xff,
    0x38, 0x44, 0x58, 0xff, 0x38, 0x44, 0x58, 0xff, 0x38, 0x44, 0x58, 0xff,
    0x30, 0x40, 0x50, 0xff, 0x38, 0x44, 0x58, 0xff, 0x58, 0x70, 0x88, 0xff,
    0x50, 0x64, 0x80, 0xff, 0x70, 0x8c, 0xa0, 0xff, 0xa0, 0xbc, 0xd8, 0xff,
    0xb8, 0xd8, 0xf8, 0xff, 0xb0, 0xd0, 0xf0, 0xff, 0x90, 0xac, 0xc8, 0xff,
    0x70, 0x84, 0xa0, 0xff, 0x80, 0x98, 0xb0, 0xff, 0x88, 0xa4, 0xc0, 0xff,
    0x90, 0xac, 0xc8, 0xff, 0x90, 0xac, 0xc8, 0xff, 0x98, 0xb4, 0xd0, 0xff,
    0x88, 0xa8, 0xc0, 0xff, 0x58, 0x70, 0x88, 0xff, 0x40, 0x50, 0x60, 0xff,
    0x80, 0x98, 0xb0, 0xff, 0x90, 0xa8, 0xc8, 0xff, 0x70, 0x8c, 0xa8, 0xff,
    0x70, 0x88, 0xa0, 0xff, 0x70, 0x84, 0xa0, 0xff, 0x78, 0x94, 0xb0, 0xff,
    0x80, 0x98, 0xb8, 0xff, 0x78, 0x90, 0xb0, 0xff, 0x40, 0x4c, 0x60, 0xff,
    0x38, 0x34, 0x38, 0xe7, 0x40, 0x40, 0x40, 0x65, 0x68, 0x70, 0x80, 0x04,
    0x50, 0x70, 0x48, 0x00, 0x48, 0x70, 0x48, 0x00, 0x50, 0x70, 0x48, 0x00,
    0x50, 0x70, 0x48, 0x00, 0x48, 0x70, 0x48, 0x00, 0x50, 0x70, 0x48, 0x00,
    0x48, 0x70, 0x48, 0x00, 0x50, 0x70, 0x48, 0x00, 0x50, 0x70, 0x48, 0x00,
    0x48, 0x70, 0x48, 0x00, 0x50, 0x70, 0x40, 0x00, 0x50, 0x70, 0x48, 0x00,
    0x50, 0x50, 0x58, 0x14, 0x48, 0x44, 0x40, 0x9a, 0x20, 0x28, 0x30, 0xff,
    0x38, 0x44, 0x58, 0xff, 0x78, 0x98, 0xb8, 0xff, 0x88, 0xa0, 0xc0, 0xff,
    0x78, 0x90, 0xa8, 0xff, 0x68, 0x80, 0xa0, 0xff, 0x78, 0x94, 0xb0, 0xff,
    0x98, 0xb4, 0xd0, 0xff, 0x68, 0x80, 0x98, 0xff, 0x40, 0x50, 0x60, 0xff,
    0x78, 0x8c, 0xa8, 0xff, 0xa0, 0xc0, 0xe0, 0xff, 0xa8, 0xc8, 0xe8, 0xff,
    0xa8, 0xc8, 0xe8, 0xff, 0xa8, 0xc8, 0xe8, 0xff, 0xa8, 0xc8, 0xe8, 0xff,
    0xa8, 0xc4, 0xe8, 0xff, 0xa0, 0xbc, 0xe0, 0xff, 0x98, 0xb8, 0xd8, 0xff,
    0x98, 0xb4, 0xd0, 0xff, 0x90, 0xb0, 0xd0, 0xff, 0x98, 0xb0, 0xd0, 0xff,
    0x98, 0xb4, 0xd0, 0xff, 0x98, 0xb4, 0xd0, 0xff, 0x90, 0xb0, 0xd0, 0xff,
    0x90, 0xac, 0xc8, 0xff, 0x90, 0xac, 0xc8, 0xff, 0x80, 0xa0, 0xb8, 0xff,
    0x78, 0x94, 0xb0, 0xff, 0x70, 0x8c, 0xa8, 0xff, 0x70, 0x84, 0xa0, 0xff,
    0x68, 0x80, 0x98, 0xff, 0x60, 0x74, 0x90, 0xff, 0x60, 0x74, 0x88, 0xff,
    0x50, 0x68, 0x80, 0xff, 0x48, 0x58, 0x68, 0xff, 0x70, 0x8c, 0xa0, 0xff,
    0x88, 0xa4, 0xc0, 0xff, 0x88, 0x9c, 0xb8, 0xff, 0x88, 0xa4, 0xc0, 0xff,
    0x78, 0x90, 0xa8, 0xff, 0x50, 0x64, 0x78, 0xff, 0x60, 0x78, 0x90, 0xff,
    0x68, 0x80, 0x98, 0xff, 0x78, 0x94, 0xb0, 0xff, 0xa0, 0xbc, 0xd8, 0xff,
    0xb8, 0xd8, 0xf8, 0xff, 0xb0, 0xd0, 0xf0, 0xff, 0x90, 0xa8, 0xc8, 0xff,
    0x70, 0x8c, 0xa0, 0xff, 0x80, 0x9c, 0xb8, 0xff, 0x88, 0xa4, 0xc0, 0xff,
    0x90, 0xa8, 0xc8, 0xff, 0x98, 0xb0, 0xd0, 0xff, 0x98, 0xb4, 0xd0, 0xff,
    0x88, 0x9c, 0xb8, 0xff, 0x50, 0x64, 0x80, 0xff, 0x38, 0x44, 0x58, 0xff,
    0x78, 0x90, 0xa8, 0xff, 0x80, 0xa0, 0xc0, 0xff, 0x78, 0x90, 0xa8, 0xff,
    0x70, 0x88, 0xa0, 0xff, 0x70, 0x84, 0xa0, 0xff, 0x80, 0x98, 0xb0, 0xff,
    0x88, 0xa4, 0xc0, 0xff, 0x80, 0x98, 0xb8, 0xff, 0x38, 0x44, 0x58, 0xff,
    0x20, 0x28, 0x30, 0xff, 0x48, 0x44, 0x48, 0x9a, 0x50, 0x50, 0x58, 0x14,
    0x48, 0x70, 0x48, 0x00, 0x50, 0x70, 0x48, 0x00, 0x48, 0x70, 0x40, 0x00,
    0x48, 0x70, 0x48, 0x00, 0x50, 0x70, 0x48, 0x00, 0x48, 0x70, 0x48, 0x00,
    0x48, 0x70, 0x48, 0x00, 0x50, 0x70, 0x48, 0x00, 0x48, 0x70, 0x48, 0x00,
    0x48, 0x70, 0x48, 0x00, 0x50, 0x70, 0x48, 0x00, 0x48, 0x70, 0x48, 0x00,
    0x40, 0x44, 0x48, 0x24, 0x40, 0x40, 0x40, 0xc7, 0x20, 0x28, 0x38, 0xff,
    0x40, 0x4c, 0x58, 0xff, 0x80, 0x98, 0xb8, 0xff, 0x88, 0xa0, 0xc0, 0xff,
    0x78, 0x94, 0xb0, 0xff, 0x68, 0x80, 0x98, 0xff, 0x78, 0x90, 0xa8, 0xff,
    0x90, 0xa8, 0xc8, 0xff, 0x60, 0x78, 0x90, 0xff, 0x38, 0x4c, 0x60, 0xff,
    0x70, 0x8c, 0xa8, 0xff, 0xa0, 0xbc, 0xd8, 0xff, 0xa8, 0xc8, 0xe8, 0xff,
    0xa8, 0xc8, 0xe8, 0xff, 0xa8, 0xc8, 0xe8, 0xff, 0xa8, 0xc8, 0xe8, 0xff,
    0xa8, 0xc8, 0xe8, 0xff, 0xa8, 0xc4, 0xe0, 0xff, 0xa0, 0xc4, 0xe0, 0xff,
    0xa0, 0xbc, 0xe0, 0xff, 0xa0, 0xbc, 0xd8, 0xff, 0x98, 0xb8, 0xd8, 0xff,
    0x98, 0xb8, 0xd8, 0xff, 0x98, 0xb4, 0xd8, 0xff, 0x98, 0xb4, 0xd0, 0xff,
    0x90, 0xb0, 0xd0, 0xff, 0x90, 0xac, 0xc8, 0xff, 0x88, 0xa8, 0xc0, 0xff,
    0x80, 0x9c, 0xb8, 0xff, 0x78, 0x94, 0xb0, 0xff, 0x70, 0x8c, 0xa8, 0xff,
    0x68, 0x80, 0x98, 0xff, 0x60, 0x78, 0x90, 0xff, 0x68, 0x7c, 0x98, 0xff,
    0x60, 0x7c, 0x98, 0xff, 0x58, 0x6c, 0x88, 0xff, 0x78, 0x90, 0xa8, 0xff,
    0x88, 0xa0, 0xb8, 0xff, 0x80, 0x98, 0xb8, 0xff, 0x80, 0x9c, 0xb8, 0xff,
    0x70, 0x8c, 0xa8, 0xff, 0x58, 0x70, 0x88, 0xff, 0x70, 0x88, 0xa0, 0xff,
    0x78, 0x90, 0xa8, 0xff, 0x80, 0x94, 0xb0, 0xff, 0x98, 0xb0, 0xd0, 0xff,
    0xb0, 0xcc, 0xf0, 0xff, 0xa8, 0xc8, 0xe8, 0xff, 0x88, 0xa0, 0xc0, 0xff,
    0x78, 0x90, 0xa8, 0xff, 0x80, 0xa0, 0xc0, 0xff, 0x88, 0xa4, 0xc0, 0xff,
    0x90, 0xac, 0xc8, 0xff, 0x98, 0xb4, 0xd0, 0xff, 0x98, 0xb8, 0xd8, 0xff,
    0x80, 0x9c, 0xb8, 0xff, 0x50, 0x64, 0x78, 0xff, 0x28, 0x38, 0x48, 0xff,
    0x70, 0x84, 0xa0, 0xff, 0x80, 0x98, 0xb8, 0xff, 0x78, 0x90, 0xa8, 0xff,
    0x78, 0x90, 0xa8, 0xff, 0x68, 0x84, 0xa0, 0xff, 0x80, 0x98, 0xb0, 0xff,
    0x88, 0xa4, 0xc0, 0xff, 0x80, 0x98, 0xb0, 0xff, 0x38, 0x4c, 0x58, 0xff,
    0x20, 0x28, 0x30, 0xff, 0x40, 0x40, 0x40, 0xc7, 0x40, 0x44, 0x48, 0x24,
    0x50, 0x70, 0x48, 0x00, 0x48, 0x70, 0x48, 0x00, 0x50, 0x70, 0x48, 0x00,
    0x50, 0x70, 0x48, 0x00, 0x48, 0x70, 0x48, 0x00, 0x50, 0x70, 0x48, 0x00,
    0x50, 0x70, 0x48, 0x00, 0x48, 0x70, 0x48, 0x00, 0x50, 0x70, 0x40, 0x00,
    0x50, 0x70, 0x48, 0x00, 0x48, 0x70, 0x48, 0x00, 0x48, 0x70, 0x48, 0x00,
    0x48, 0x48, 0x48, 0x30, 0x40, 0x40, 0x40, 0xcb, 0x30, 0x34, 0x38, 0xff,
    0x48, 0x50, 0x58, 0xff, 0x78, 0x94, 0xb0, 0xff, 0x88, 0xa0, 0xb8, 0xff,
    0x78, 0x90, 0xb0, 0xff, 0x70, 0x84, 0xa0, 0xff, 0x78, 0x90, 0xa8, 0xff,
    0x88, 0xa8, 0xc0, 0xff, 0x68, 0x80, 0xa0, 0xff, 0x48, 0x58, 0x70, 0xff,
    0x78, 0x94, 0xb0, 0xff, 0xa0, 0xc0, 0xe0, 0xff, 0xa8, 0xc8, 0xe8, 0xff,
    0xa8, 0xc8, 0xe8, 0xff, 0xa8, 0xc8, 0xe8, 0xff, 0xa8, 0xc8, 0xe8, 0xff,
    0xa8, 0xc8, 0xe8, 0xff, 0xa8, 0xc8, 0xe8, 0xff, 0xa8, 0xc4, 0xe0, 0xff,
    0xa0, 0xc0, 0xe0, 0xff, 0xa0, 0xc0, 0xe0, 0xff, 0xa0, 0xc0, 0xe0, 0xff,
    0xa0, 0xbc, 0xd8, 0xff, 0x98, 0xb8, 0xd8, 0xff, 0x98, 0xb4, 0xd0, 0xff,
    0x98, 0xb0, 0xd0, 0xff, 0x90, 0xac, 0xc8, 0xff, 0x90, 0xa8, 0xc8, 0xff,
    0x88, 0xa4, 0xc0, 0xff, 0x80, 0x9c, 0xb8, 0xff, 0x78, 0x90, 0xa8, 0xff,
    0x60, 0x78, 0x90, 0xff, 0x50, 0x64, 0x78, 0xff, 0x60, 0x70, 0x88, 0xff,
    0x70, 0x88, 0xa0, 0xff, 0x70, 0x88, 0xa0, 0xff, 0x50, 0x64, 0x80, 0xff,
    0x38, 0x44, 0x58, 0xff, 0x40, 0x4c, 0x58, 0xff, 0x40, 0x4c, 0x58, 0xff,
    0x40, 0x4c, 0x60, 0xff, 0x58, 0x6c, 0x80, 0xff, 0x78, 0x90, 0xb0, 0xff,
    0x80, 0x98, 0xb0, 0xff, 0x60, 0x7c, 0x98, 0xff, 0x70, 0x8c, 0xa8, 0xff,
    0x98, 0xb8, 0xd8, 0xff, 0x90, 0xb0, 0xc8, 0xff, 0x70, 0x8c, 0xa8, 0xff,
    0x80, 0x98, 0xb0, 0xff, 0x90, 0xa8, 0xc8, 0xff, 0x90, 0xac, 0xc8, 0xff,
    0x90, 0xb0, 0xd0, 0xff, 0x98, 0xb4, 0xd0, 0xff, 0x98, 0xb8, 0xd8, 0xff,
    0x88, 0xa0, 0xc0, 0xff, 0x58, 0x6c, 0x80, 0xff, 0x38, 0x44, 0x58, 0xff,
    0x68, 0x84, 0x98, 0xff, 0x80, 0x98, 0xb8, 0xff, 0x78, 0x90, 0xa8, 0xff,
    0x78, 0x90, 0xb0, 0xff, 0x70, 0x84, 0xa0, 0xff, 0x78, 0x94, 0xb0, 0xff,
    0x88, 0xa0, 0xc0, 0xff, 0x78, 0x94, 0xb0, 0xff, 0x40, 0x4c, 0x60, 0xff,
    0x30, 0x34, 0x38, 0xff, 0x40, 0x40, 0x40, 0xc7, 0x48, 0x48, 0x48, 0x30,
    0x50, 0x70, 0x48, 0x00, 0x48, 0x70, 0x48, 0x00, 0x48, 0x70, 0x48, 0x00,
    0x50, 0x70, 0x48, 0x00, 0x48, 0x70, 0x48, 0x00, 0x48, 0x70, 0x48, 0x00,
    0x48, 0x70, 0x48, 0x00, 0x50, 0x70, 0x48, 0x00, 0x48, 0x70, 0x48, 0x00,
    0x50, 0x70, 0x48, 0x00, 0x50, 0x70, 0x48, 0x00, 0x50, 0x70, 0x48, 0x00,
    0x48, 0x44, 0x48, 0x30, 0x40, 0x40, 0x40, 0xc7, 0x30, 0x30, 0x38, 0xff,
    0x50, 0x50, 0x50, 0xff, 0x78, 0x94, 0xb0, 0xff, 0x80, 0xa0, 0xb8, 0xff,
    0x78, 0x90, 0xa8, 0xff, 0x68, 0x80, 0xa0, 0xff, 0x78, 0x90, 0xa8, 0xff,
    0x90, 0xa8, 0xc8, 0xff, 0x70, 0x8c, 0xa8, 0xff, 0x50, 0x64, 0x78, 0xff,
    0x80, 0x9c, 0xb8, 0xff, 0xb0, 0xc8, 0xe8, 0xff, 0xb0, 0xcc, 0xe8, 0xff,
    0xa8, 0xc8, 0xe8, 0xff, 0xb0, 0xc8, 0xe8, 0xff, 0xa8, 0xc8, 0xe8, 0xff,
    0xa8, 0xc8, 0xe8, 0xff, 0xa8, 0xc8, 0xe8, 0xff, 0xa0, 0xc4, 0xe0, 0xff,
    0xa0, 0xc0, 0xe0, 0xff, 0xa0, 0xc4, 0xe0, 0xff, 0xa0, 0xc0, 0xe0, 0xff,
    0xa0, 0xc0, 0xe0, 0xff, 0xa0, 0xb8, 0xd8, 0xff, 0x98, 0xb4, 0xd0, 0xff,
    0x98, 0xb4, 0xd0, 0xff, 0x90, 0xac, 0xc8, 0xff, 0x90, 0xa8, 0xc8, 0xff,
    0x88, 0xa4, 0xc0, 0xff, 0x88, 0xa4, 0xc0, 0xff, 0x80, 0x98, 0xb0, 0xff,
    0x68, 0x80, 0xa0, 0xff, 0x58, 0x6c, 0x80, 0xff, 0x58, 0x6c, 0x80, 0xff,
    0x70, 0x84, 0xa0, 0xff, 0x78, 0x94, 0xb0, 0xff, 0x68, 0x80, 0x98, 0xff,
    0x50, 0x64, 0x78, 0xff, 0x48, 0x5c, 0x70, 0xff, 0x48, 0x5c, 0x70, 0xff,
    0x58, 0x6c, 0x80, 0xff, 0x68, 0x80, 0xa0, 0xff, 0x78, 0x8c, 0xa8, 0xff,
    0x78, 0x94, 0xb0, 0xff, 0x50, 0x64, 0x80, 0xff, 0x70, 0x88, 0xa0, 0xff,
    0xa8, 0xc4, 0xe0, 0xff, 0xa0, 0xbc, 0xd8, 0xff, 0x70, 0x8c, 0xa8, 0xff,
    0x88, 0x9c, 0xb8, 0xff, 0x90, 0xb0, 0xd0, 0xff, 0x90, 0xb0, 0xd0, 0xff,
    0x98, 0xb4, 0xd0, 0xff, 0xa0, 0xbc, 0xd8, 0xff, 0xa0, 0xb8, 0xd8, 0xff,
    0x88, 0xa0, 0xc0, 0xff, 0x58, 0x74, 0x88, 0xff, 0x40, 0x50, 0x60, 0xff,
    0x70, 0x8c, 0xa8, 0xff, 0x80, 0x9c, 0xb8, 0xff, 0x78, 0x90, 0xa8, 0xff,
    0x78, 0x90, 0xa8, 0xff, 0x68, 0x80, 0x98, 0xff, 0x78, 0x90, 0xa8, 0xff,
    0x80, 0xa0, 0xb8, 0xff, 0x78, 0x94, 0xb0, 0xff, 0x40, 0x4c, 0x60, 0xff,
    0x30, 0x30, 0x38, 0xff, 0x50, 0x4c, 0x50, 0xdb, 0x48, 0x44, 0x48, 0x30,
    0x50, 0x70, 0x48, 0x00, 0x48, 0x70, 0x48, 0x00, 0x50, 0x70, 0x48, 0x00,
    0x50, 0x70, 0x40, 0x00, 0x48, 0x70, 0x48, 0x00, 0x50, 0x70, 0x48, 0x00,
    0x48, 0x70, 0x48, 0x00, 0x50, 0x70, 0x48, 0x00, 0x48, 0x70, 0x48, 0x00,
    0x48, 0x70, 0x48, 0x00, 0x48, 0x70, 0x48, 0x00, 0x50, 0x70, 0x48, 0x00,
    0x48, 0x48, 0x48, 0x30, 0x50, 0x48, 0x48, 0xdb, 0x30, 0x34, 0x38, 0xff,
    0x50, 0x54, 0x60, 0xff, 0x80, 0x98, 0xb0, 0xff, 0x88, 0xa0, 0xc0, 0xff,
    0x78, 0x90, 0xb0, 0xff, 0x60, 0x7c, 0x90, 0xff, 0x70, 0x88, 0xa0, 0xff,
    0x90, 0xa8, 0xc8, 0xff, 0x78, 0x94, 0xb0, 0xff, 0x58, 0x6c, 0x88, 0xff,
    0x88, 0xa0, 0xb8, 0xff, 0xb0, 0xcc, 0xf0, 0xff, 0xb0, 0xd0, 0xf0, 0xff,
    0xb0, 0xd0, 0xf0, 0xff, 0xb0, 0xcc, 0xf0, 0xff, 0xa8, 0xc8, 0xe8, 0xff,
    0xa8, 0xc8, 0xe8, 0xff, 0xa8, 0xc8, 0xe8, 0xff, 0xa8, 0xc4, 0xe0, 0xff,
    0xa8, 0xc4, 0xe8, 0xff, 0xa8, 0xc4, 0xe0, 0xff, 0xa0, 0xc0, 0xe0, 0xff,
    0xa0, 0xbc, 0xd8, 0xff, 0x98, 0xb8, 0xd8, 0xff, 0x98, 0xb8, 0xd8, 0xff,
    0x98, 0xb4, 0xd0, 0xff, 0x90, 0xb0, 0xd0, 0xff, 0x90, 0xac, 0xc8, 0xff,
    0x90, 0xa8, 0xc8, 0xff, 0x90, 0xa8, 0xc8, 0xff, 0x80, 0x9c, 0xb8, 0xff,
    0x78, 0x94, 0xb0, 0xff, 0x88, 0xa0, 0xc0, 0xff, 0x70, 0x84, 0xa0, 0xff,
    0x70, 0x88, 0xa0, 0xff, 0x78, 0x94, 0xb0, 0xff, 0x80, 0x9c, 0xb8, 0xff,
    0x80, 0x9c, 0xb8, 0xff, 0x80, 0x98, 0xb8, 0xff, 0x80, 0x98, 0xb0, 0xff,
    0x80, 0x98, 0xb0, 0xff, 0x78, 0x94, 0xb0, 0xff, 0x78, 0x90, 0xa8, 0xff,
    0x78, 0x8c, 0xa8, 0xff, 0x50, 0x60, 0x70, 0xff, 0x70, 0x8c, 0xa8, 0xff,
    0xb0, 0xd0, 0xf0, 0xff, 0xa8, 0xc8, 0xe8, 0xff, 0x78, 0x8c, 0xa8, 0xff,
    0x78, 0x90, 0xb0, 0xff, 0x88, 0xa0, 0xb8, 0xff, 0x88, 0xa0, 0xc0, 0xff,
    0x88, 0xa4, 0xc0, 0xff, 0x90, 0xac, 0xc8, 0xff, 0x90, 0xb0, 0xd0, 0xff,
    0x88, 0xa4, 0xc0, 0xff, 0x60, 0x7c, 0x98, 0xff, 0x40, 0x50, 0x60, 0xff,
    0x78, 0x8c, 0xa8, 0xff, 0x80, 0x9c, 0xb8, 0xff, 0x78, 0x90, 0xb0, 0xff,
    0x78, 0x8c, 0xa8, 0xff, 0x60, 0x78, 0x90, 0xff, 0x78, 0x90, 0xb0, 0xff,
    0x88, 0xa0, 0xb8, 0xff, 0x80, 0x98, 0xb0, 0xff, 0x48, 0x4c, 0x50, 0xff,
    0x30, 0x34, 0x38, 0xff, 0x50, 0x48, 0x48, 0xdb, 0x48, 0x48, 0x48, 0x3c,
    0x48, 0x70, 0x48, 0x00, 0x50, 0x70, 0x48, 0x00, 0x48, 0x70, 0x48, 0x00,
    0x48, 0x70, 0x48, 0x00, 0x50, 0x70, 0x48, 0x00, 0x50, 0x70, 0x48, 0x00,
    0x50, 0x70, 0x48, 0x00, 0x48, 0x70, 0x48, 0x00, 0x50, 0x70, 0x40, 0x00,
    0x50, 0x70, 0x48, 0x00, 0x48, 0x70, 0x48, 0x00, 0x48, 0x70, 0x48, 0x00,
    0x48, 0x44, 0x48, 0x30, 0x50, 0x4c, 0x48, 0xdb, 0x30, 0x34, 0x38, 0xff,
    0x50, 0x54, 0x60, 0xff, 0x80, 0x9c, 0xb8, 0xff, 0x88, 0xa0, 0xc0, 0xff,
    0x78, 0x94, 0xb0, 0xff, 0x68, 0x80, 0x98, 0xff, 0x70, 0x8c, 0xa8, 0xff,
    0x90, 0xb0, 0xc8, 0xff, 0x80, 0x9c, 0xb8, 0xff, 0x68, 0x78, 0x90, 0xff,
    0x88, 0xa0, 0xc0, 0xff, 0xa8, 0xc8, 0xe8, 0xff, 0xb0, 0xd0, 0xf0, 0xff,
    0xa8, 0xcc, 0xe8, 0xff, 0xb0, 0xcc, 0xe8, 0xff, 0xa8, 0xc8, 0xe8, 0xff,
    0xa8, 0xc8, 0xe8, 0xff, 0xa8, 0xcc, 0xe8, 0xff, 0xa8, 0xc8, 0xe8, 0xff,
    0xa8, 0xc4, 0xe0, 0xff, 0xa0, 0xc0, 0xe0, 0xff, 0xa0, 0xc0, 0xe0, 0xff,
    0xa0, 0xbc, 0xe0, 0xff, 0xa0, 0xb8, 0xd8, 0xff, 0x98, 0xb8, 0xd8, 0xff,
    0x98, 0xb8, 0xd8, 0xff, 0x98, 0xb4, 0xd0, 0xff, 0x98, 0xb4, 0xd0, 0xff,
    0x90, 0xac, 0xc8, 0xff, 0x90, 0xa8, 0xc8, 0xff, 0x80, 0x9c, 0xb8, 0xff,
    0x70, 0x88, 0xa0, 0xff, 0x78, 0x90, 0xb0, 0xff, 0x70, 0x84, 0xa0, 0xff,
    0x70, 0x8c, 0xa8, 0xff, 0x80, 0x98, 0xb0, 0xff, 0x88, 0xa0, 0xc0, 0xff,
    0x88, 0xa0, 0xc0, 0xff, 0x88, 0xa0, 0xc0, 0xff, 0x80, 0x9c, 0xb8, 0xff,
    0x80, 0x9c, 0xb8, 0xff, 0x80, 0x98, 0xb8, 0xff, 0x78, 0x98, 0xb0, 0xff,
    0x78, 0x94, 0xb0, 0xff, 0x50, 0x5c, 0x70, 0xff, 0x70, 0x88, 0xa0, 0xff,
    0xb0, 0xd0, 0xf0, 0xff, 0xa8, 0xc8, 0xe8, 0xff, 0x70, 0x8c, 0xa8, 0xff,
    0x70, 0x8c, 0xa0, 0xff, 0x80, 0x98, 0xb0, 0xff, 0x80, 0x98, 0xb0, 0xff,
    0x78, 0x98, 0xb8, 0xff, 0x88, 0xa0, 0xc0, 0xff, 0x90, 0xb0, 0xd0, 0xff,
    0x90, 0xa8, 0xc8, 0xff, 0x68, 0x80, 0x98, 0xff, 0x40, 0x54, 0x68, 0xff,
    0x78, 0x90, 0xa8, 0xff, 0x80, 0x9c, 0xb8, 0xff, 0x78, 0x90, 0xa8, 0xff,
    0x78, 0x90, 0xb0, 0xff, 0x68, 0x80, 0xa0, 0xff, 0x78, 0x94, 0xb0, 0xff,
    0x80, 0x9c, 0xb8, 0xff, 0x80, 0x98, 0xb0, 0xff, 0x50, 0x54, 0x60, 0xff,
    0x30, 0x30, 0x38, 0xff, 0x50, 0x4c, 0x48, 0xdb, 0x48, 0x44, 0x48, 0x38,
    0x48, 0x70, 0x48, 0x00, 0x50, 0x70, 0x48, 0x00, 0x48, 0x70, 0x48, 0x00,
    0x48, 0x70, 0x48, 0x00, 0x50, 0x70, 0x48, 0x00, 0x48, 0x70, 0x48, 0x00,
    0x48, 0x70, 0x48, 0x00, 0x50, 0x70, 0x48, 0x00, 0x48, 0x70, 0x48, 0x00,
    0x50, 0x70, 0x48, 0x00, 0x50, 0x70, 0x48, 0x00, 0x48, 0x70, 0x48, 0x00,
    0x48, 0x44, 0x48, 0x30, 0x50, 0x54, 0x58, 0xd3, 0x40, 0x40, 0x40, 0xff,
    0x50, 0x54, 0x60, 0xff, 0x88, 0xa0, 0xb8, 0xff, 0x88, 0xa4, 0xc0, 0xff,
    0x78, 0x94, 0xb0, 0xff, 0x70, 0x84, 0xa0, 0xff, 0x78, 0x8c, 0xa8, 0xff,
    0x90, 0xb0, 0xd0, 0xff, 0x78, 0x94, 0xb0, 0xff, 0x50, 0x64, 0x78, 0xff,
    0x80, 0x9c, 0xb8, 0xff, 0xa0, 0xc4, 0xe0, 0xff, 0xa8, 0xc8, 0xe8, 0xff,
    0xa8, 0xc8, 0xe8, 0xff, 0xa8, 0xcc, 0xe8, 0xff, 0xb0, 0xc8, 0xe8, 0xff,
    0xa8, 0xcc, 0xe8, 0xff, 0xa8, 0xc8, 0xe8, 0xff, 0xa8, 0xc8, 0xe8, 0xff,
    0xa8, 0xc4, 0xe8, 0xff, 0xa0, 0xc4, 0xe0, 0xff, 0xa0, 0xc0, 0xe0, 0xff,
    0xa0, 0xbc, 0xd8, 0xff, 0xa0, 0xbc, 0xd8, 0xff, 0xa0, 0xbc, 0xd8, 0xff,
    0xa0, 0xb8, 0xd8, 0xff, 0x98, 0xb8, 0xd8, 0xff, 0x98, 0xb8, 0xd8, 0xff,
    0x98, 0xb4, 0xd0, 0xff, 0x90, 0xac, 0xc8, 0xff, 0x80, 0x9c, 0xb8, 0xff,
    0x68, 0x7c, 0x90, 0xff, 0x60, 0x7c, 0x90, 0xff, 0x60, 0x7c, 0x90, 0xff,
    0x78, 0x90, 0xb0, 0xff, 0x88, 0xa4, 0xc0, 0xff, 0x88, 0xa4, 0xc0, 0xff,
    0x88, 0xa4, 0xc0, 0xff, 0x88, 0xa4, 0xc0, 0xff, 0x88, 0xa0, 0xc0, 0xff,
    0x80, 0x9c, 0xb8, 0xff, 0x80, 0x9c, 0xb8, 0xff, 0x88, 0x9c, 0xb8, 0xff,
    0x80, 0x9c, 0xb8, 0xff, 0x50, 0x64, 0x78, 0xff, 0x70, 0x88, 0xa0, 0xff,
    0xb0, 0xcc, 0xf0, 0xff, 0xa8, 0xc8, 0xe8, 0xff, 0x78, 0x8c, 0xa8, 0xff,
    0x78, 0x90, 0xa8, 0xff, 0x88, 0xa4, 0xc0, 0xff, 0x88, 0xa4, 0xc0, 0xff,
    0x90, 0xa8, 0xc8, 0xff, 0x90, 0xac, 0xc8, 0xff, 0x98, 0xb4, 0xd0, 0xff,
    0x90, 0xac, 0xc8, 0xff, 0x70, 0x88, 0xa0, 0xff, 0x50, 0x5c, 0x70, 0xff,
    0x78, 0x94, 0xb0, 0xff, 0x80, 0x98, 0xb8, 0xff, 0x78, 0x90, 0xa8, 0xff,
    0x80, 0x98, 0xb0, 0xff, 0x70, 0x8c, 0xa0, 0xff, 0x78, 0x94, 0xb0, 0xff,
    0x88, 0xa0, 0xc0, 0xff, 0x80, 0x9c, 0xb8, 0xff, 0x50, 0x54, 0x60, 0xff,
    0x40, 0x40, 0x40, 0xff, 0x50, 0x4c, 0x50, 0xdb, 0x48, 0x44, 0x48, 0x38,
    0x48, 0x70, 0x48, 0x00, 0x50, 0x70, 0x48, 0x00, 0x50, 0x70, 0x48, 0x00,
    0x50, 0x70, 0x40, 0x00, 0x48, 0x70, 0x48, 0x00, 0x48, 0x70, 0x48, 0x00,
    0x48, 0x70, 0x48, 0x00, 0x50, 0x70, 0x48, 0x00, 0x48, 0x70, 0x48, 0x00,
    0x48, 0x70, 0x48, 0x00, 0x50, 0x70, 0x40, 0x00, 0x88, 0x9c, 0xb0, 0x00,
    0x48, 0x44, 0x48, 0x30, 0x50, 0x48, 0x48, 0xdb, 0x40, 0x40, 0x40, 0xff,
    0x58, 0x5c, 0x68, 0xff, 0x88, 0xa0, 0xb8, 0xff, 0x88, 0xa4, 0xc0, 0xff,
    0x78, 0x94, 0xb0, 0xff, 0x70, 0x84, 0xa0, 0xff, 0x78, 0x90, 0xa8, 0xff,
    0x90, 0xac, 0xc8, 0xff, 0x78, 0x8c, 0xa8, 0xff, 0x50, 0x5c, 0x70, 0xff,
    0x70, 0x84, 0xa0, 0xff, 0x98, 0xb8, 0xd8, 0xff, 0xa8, 0xc8, 0xe8, 0xff,
    0xb0, 0xd0, 0xf0, 0xff, 0xb0, 0xcc, 0xf0, 0xff, 0xb0, 0xcc, 0xf0, 0xff,
    0xa8, 0xcc, 0xe8, 0xff, 0xa8, 0xc8, 0xe8, 0xff, 0xa8, 0xc8, 0xe8, 0xff,
    0xa0, 0xc4, 0xe0, 0xff, 0xa0, 0xc0, 0xe0, 0xff, 0xa0, 0xc0, 0xe0, 0xff,
    0xa0, 0xc0, 0xe0, 0xff, 0xa0, 0xc0, 0xe0, 0xff, 0xa0, 0xc0, 0xe0, 0xff,
    0xa0, 0xbc, 0xd8, 0xff, 0xa0, 0xb8, 0xd8, 0xff, 0x98, 0xb8, 0xd8, 0xff,
    0x98, 0xb8, 0xd8, 0xff, 0x90, 0xac, 0xc8, 0xff, 0x80, 0x9c, 0xb8, 0xff,
    0x60, 0x74, 0x90, 0xff, 0x58, 0x6c, 0x80, 0xff, 0x58, 0x70, 0x88, 0xff,
    0x78, 0x94, 0xb0, 0xff, 0x90, 0xa8, 0xc8, 0xff, 0x90, 0xa8, 0xc8, 0xff,
    0x88, 0xa8, 0xc0, 0xff, 0x88, 0xa4, 0xc0, 0xff, 0x88, 0xa4, 0xc0, 0xff,
    0x88, 0xa0, 0xc0, 0xff, 0x88, 0xa4, 0xc0, 0xff, 0x88, 0xa4, 0xc0, 0xff,
    0x88, 0xa4, 0xc0, 0xff, 0x58, 0x70, 0x90, 0xff, 0x78, 0x8c, 0xa8, 0xff,
    0xb0, 0xd0, 0xf0, 0xff, 0xa8, 0xc8, 0xe8, 0xff, 0x78, 0x8c, 0xa8, 0xff,
    0x78, 0x90, 0xb0, 0xff, 0x88, 0xa4, 0xc0, 0xff, 0x90, 0xb0, 0xd0, 0xff,
    0x98, 0xb4, 0xd0, 0xff, 0x98, 0xb4, 0xd0, 0xff, 0x98, 0xb8, 0xd8, 0xff,
    0x78, 0x94, 0xb0, 0xff, 0x58, 0x6c, 0x80, 0xff, 0x40, 0x50, 0x60, 0xff,
    0x78, 0x8c, 0xa8, 0xff, 0x78, 0x98, 0xb0, 0xff, 0x78, 0x90, 0xb0, 0xff,
    0x80, 0x98, 0xb0, 0xff, 0x78, 0x8c, 0xa8, 0xff, 0x80, 0x9c, 0xb8, 0xff,
    0x88, 0xa8, 0xc0, 0xff, 0x88, 0x9c, 0xb8, 0xff, 0x58, 0x5c, 0x68, 0xff,
    0x40, 0x40, 0x40, 0xff, 0x48, 0x4c, 0x50, 0xdb, 0x48, 0x48, 0x48, 0x38,
    0x48, 0x70, 0x48, 0x00, 0x48, 0x70, 0x48, 0x00, 0x50, 0x70, 0x48, 0x00,
    0x48, 0x70, 0x48, 0x00, 0x50, 0x70, 0x48, 0x00, 0x50, 0x70, 0x48, 0x00,
    0x50, 0x70, 0x48, 0x00, 0x48, 0x70, 0x48, 0x00, 0x50, 0x70, 0x48, 0x00,
    0x48, 0x70, 0x48, 0x00, 0x50, 0x70, 0x48, 0x00, 0x48, 0x70, 0x48, 0x00,
    0x48, 0x48, 0x48, 0x30, 0x58, 0x54, 0x58, 0xd3, 0x50, 0x4c, 0x50, 0xff,
    0x58, 0x5c, 0x68, 0xff, 0x88, 0xa0, 0xc0, 0xff, 0x88, 0xa4, 0xc0, 0xff,
    0x78, 0x94, 0xb0, 0xff, 0x70, 0x88, 0xa0, 0xff, 0x78, 0x8c, 0xa8, 0xff,
    0x90, 0xa8, 0xc8, 0xff, 0x78, 0x90, 0xa8, 0xff, 0x48, 0x60, 0x70, 0xff,
    0x50, 0x64, 0x80, 0xff, 0x90, 0xac, 0xc8, 0xff, 0xb0, 0xcc, 0xf0, 0xff,
    0xb0, 0xd0, 0xf0, 0xff, 0xb0, 0xd0, 0xf0, 0xff, 0xb0, 0xd0, 0xf0, 0xff,
    0xb0, 0xcc, 0xf0, 0xff, 0xa8, 0xc8, 0xe8, 0xff, 0xa8, 0xc4, 0xe0, 0xff,
    0xa0, 0xc0, 0xe0, 0xff, 0xa8, 0xc0, 0xe0, 0xff, 0xa0, 0xc0, 0xe0, 0xff,
    0xa0, 0xc4, 0xe0, 0xff, 0xa0, 0xc4, 0xe8, 0xff, 0xa0, 0xc0, 0xe0, 0xff,
    0xa0, 0xbc, 0xd8, 0xff, 0xa0, 0xb8, 0xd8, 0xff, 0x98, 0xb8, 0xd8, 0xff,
    0x98, 0xb4, 0xd0, 0xff, 0x98, 0xb0, 0xd0, 0xff, 0x88, 0xa4, 0xc0, 0xff,
    0x60, 0x78, 0x90, 0xff, 0x58, 0x6c, 0x88, 0xff, 0x60, 0x74, 0x90, 0xff,
    0x78, 0x94, 0xb0, 0xff, 0x90, 0xa8, 0xc8, 0xff, 0x90, 0xa8, 0xc8, 0xff,
    0x88, 0xa4, 0xc0, 0xff, 0x88, 0xa4, 0xc0, 0xff, 0x88, 0xa4, 0xc0, 0xff,
    0x88, 0xa0, 0xc0, 0xff, 0x88, 0xa4, 0xc0, 0xff, 0x88, 0xa4, 0xc0, 0xff,
    0x90, 0xac, 0xc8, 0xff, 0x80, 0x9c, 0xb8, 0xff, 0x88, 0xa0, 0xb8, 0xff,
    0xa0, 0xc4, 0xe0, 0xff, 0xa0, 0xbc, 0xe0, 0xff, 0x80, 0x98, 0xb8, 0xff,
    0x80, 0x9c, 0xb8, 0xff, 0x90, 0xa8, 0xc8, 0xff, 0x98, 0xb0, 0xd0, 0xff,
    0x98, 0xb4, 0xd0, 0xff, 0x98, 0xb8, 0xd8, 0xff, 0x98, 0xb4, 0xd0, 0xff,
    0x60, 0x78, 0x90, 0xff, 0x40, 0x4c, 0x60, 0xff, 0x38, 0x44, 0x58, 0xff,
    0x70, 0x88, 0xa0, 0xff, 0x78, 0x94, 0xb0, 0xff, 0x78, 0x90, 0xa8, 0xff,
    0x78, 0x94, 0xb0, 0xff, 0x78, 0x8c, 0xa8, 0xff, 0x80, 0xa0, 0xb8, 0xff,
    0x90, 0xa8, 0xc8, 0xff, 0x80, 0x9c, 0xb8, 0xff, 0x50, 0x54, 0x60, 0xff,
    0x50, 0x50, 0x50, 0xff, 0x50, 0x50, 0x58, 0xd3, 0x48, 0x44, 0x48, 0x3c,
    0x50, 0x70, 0x48, 0x00, 0x48, 0x70, 0x48, 0x00, 0x48, 0x70, 0x48, 0x00,
    0x50, 0x70, 0x48, 0x00, 0x48, 0x70, 0x48, 0x00, 0x48, 0x70, 0x48, 0x00,
    0x48, 0x70, 0x48, 0x00, 0x50, 0x70, 0x48, 0x00, 0x50, 0x70, 0x40, 0x00,
    0x48, 0x70, 0x48, 0x00, 0x50, 0x70, 0x48, 0x00, 0x48, 0x70, 0x48, 0x00,
    0x48, 0x44, 0x48, 0x30, 0x50, 0x54, 0x58, 0xd3, 0x48, 0x48, 0x48, 0xff,
    0x58, 0x5c, 0x60, 0xff, 0x80, 0xa0, 0xc0, 0xff, 0x88, 0xa4, 0xc0, 0xff,
    0x80, 0x94, 0xb0, 0xff, 0x70, 0x88, 0xa0, 0xff, 0x70, 0x8c, 0xa0, 0xff,
    0x88, 0xa8, 0xc8, 0xff, 0x78, 0x94, 0xb0, 0xff, 0x50, 0x5c, 0x70, 0xff,
    0x50, 0x64, 0x78, 0xff, 0x90, 0xac, 0xc8, 0xff, 0xb0, 0xd0, 0xf0, 0xff,
    0xb0, 0xd0, 0xf0, 0xff, 0xb0, 0xd0, 0xf0, 0xff, 0xb0, 0xcc, 0xf0, 0xff,
    0xa8, 0xc8, 0xe8, 0xff, 0xa8, 0xc8, 0xe8, 0xff, 0xa8, 0xc4, 0xe8, 0xff,
    0xa8, 0xc4, 0xe0, 0xff, 0xa8, 0xc4, 0xe8, 0xff, 0xa8, 0xc8, 0xe8, 0xff,
    0xa8, 0xc8, 0xe8, 0xff, 0xa8, 0xc8, 0xe8, 0xff, 0xa8, 0xc4, 0xe0, 0xff,
    0xa0, 0xbc, 0xe0, 0xff, 0x98, 0xb8, 0xd8, 0xff, 0x98, 0xb4, 0xd0, 0xff,
    0x98, 0xb4, 0xd0, 0xff, 0x98, 0xb8, 0xd8, 0xff, 0x90, 0xa8, 0xc8, 0xff,
    0x78, 0x94, 0xb0, 0xff, 0x90, 0xac, 0xc8, 0xff, 0x80, 0x98, 0xb8, 0xff,
    0x80, 0x9c, 0xb8, 0xff, 0x88, 0xa4, 0xc0, 0xff, 0x88, 0xa8, 0xc0, 0xff,
    0x88, 0xa4, 0xc0, 0xff, 0x88, 0xa4, 0xc0, 0xff, 0x88, 0xa4, 0xc0, 0xff,
    0x88, 0xa8, 0xc0, 0xff, 0x90, 0xa8, 0xc8, 0xff, 0x90, 0xa8, 0xc8, 0xff,
    0x90, 0xac, 0xc8, 0xff, 0x98, 0xb4, 0xd0, 0xff, 0x88, 0xa4, 0xc0, 0xff,
    0x78, 0x80, 0x90, 0xff, 0x78, 0x84, 0x90, 0xff, 0x88, 0xa4, 0xc0, 0xff,
    0x90, 0xb0, 0xc8, 0xff, 0x90, 0xac, 0xc8, 0xff, 0x90, 0xac, 0xc8, 0xff,
    0x90, 0xb0, 0xc8, 0xff, 0x98, 0xb0, 0xd0, 0xff, 0x98, 0xb0, 0xd0, 0xff,
    0x60, 0x7c, 0x98, 0xff, 0x40, 0x4c, 0x60, 0xff, 0x38, 0x44, 0x58, 0xff,
    0x70, 0x88, 0xa8, 0xff, 0x78, 0x94, 0xb0, 0xff, 0x70, 0x8c, 0xa8, 0xff,
    0x78, 0x94, 0xb0, 0xff, 0x70, 0x8c, 0xa8, 0xff, 0x88, 0x9c, 0xb8, 0xff,
    0x90, 0xa8, 0xc8, 0xff, 0x80, 0xa0, 0xb8, 0xff, 0x58, 0x5c, 0x60, 0xff,
    0x48, 0x48, 0x50, 0xff, 0x50, 0x4c, 0x48, 0xdb, 0x48, 0x44, 0x48, 0x38,
    0x50, 0x70, 0x48, 0x00, 0x50, 0x70, 0x48, 0x00, 0x48, 0x70, 0x48, 0x00,
    0x50, 0x70, 0x48, 0x00, 0x50, 0x70, 0x40, 0x00, 0x48, 0x70, 0x48, 0x00,
    0x48, 0x70, 0x48, 0x00, 0x50, 0x70, 0x48, 0x00, 0x48, 0x70, 0x48, 0x00,
    0x48, 0x70, 0x48, 0x00, 0x50, 0x70, 0x48, 0x00, 0x50, 0x70, 0x48, 0x00,
    0x48, 0x44, 0x48, 0x30, 0x50, 0x50, 0x50, 0xd3, 0x48, 0x48, 0x48, 0xff,
    0x58, 0x5c, 0x68, 0xff, 0x80, 0x9c, 0xb8, 0xff, 0x88, 0xa4, 0xc0, 0xff,
    0x78, 0x90, 0xa8, 0xff, 0x70, 0x80, 0x98, 0xff, 0x70, 0x84, 0xa0, 0xff,
    0x88, 0xa4, 0xc0, 0xff, 0x80, 0x98, 0xb0, 0xff, 0x50, 0x64, 0x78, 0xff,
    0x58, 0x6c, 0x80, 0xff, 0x78, 0x94, 0xb0, 0xff, 0x88, 0xa4, 0xc0, 0xff,
    0x90, 0xac, 0xc8, 0xff, 0xa0, 0xc0, 0xe0, 0xff, 0xa8, 0xc0, 0xe0, 0xff,
    0xa0, 0xc0, 0xe0, 0xff, 0xa0, 0xc0, 0xe0, 0xff, 0xa0, 0xc0, 0xe0, 0xff,
    0xa0, 0xbc, 0xd8, 0xff, 0xa0, 0xbc, 0xd8, 0xff, 0xa0, 0xc0, 0xe0, 0xff,
    0xa0, 0xbc, 0xe0, 0xff, 0xa0, 0xbc, 0xd8, 0xff, 0x98, 0xb4, 0xd0, 0xff,
    0x90, 0xa8, 0xc8, 0xff, 0x88, 0xa8, 0xc8, 0xff, 0x88, 0xa8, 0xc0, 0xff,
    0x88, 0xa4, 0xc0, 0xff, 0x90, 0xa8, 0xc8, 0xff, 0x88, 0x9c, 0xb8, 0xff,
    0x78, 0x94, 0xb0, 0xff, 0x88, 0xa4, 0xc0, 0xff, 0x80, 0x94, 0xb0, 0xff,
    0x78, 0x8c, 0xa8, 0xff, 0x70, 0x8c, 0xa8, 0xff, 0x78, 0x90, 0xa8, 0xff,
    0x78, 0x94, 0xb0, 0xff, 0x80, 0x98, 0xb8, 0xff, 0x80, 0x98, 0xb0, 0xff,
    0x80, 0x98, 0xb8, 0xff, 0x80, 0x9c, 0xb8, 0xff, 0x88, 0xa0, 0xc0, 0xff,
    0x88, 0xa4, 0xc0, 0xff, 0x90, 0xa8, 0xc8, 0xff, 0x88, 0xa8, 0xc8, 0xff,
    0x70, 0x84, 0xa0, 0xff, 0x70, 0x88, 0xa0, 0xff, 0x88, 0xa8, 0xc0, 0xff,
    0x90, 0xa8, 0xc8, 0xff, 0x90, 0xa8, 0xc8, 0xff, 0x88, 0xa4, 0xc0, 0xff,
    0x88, 0xa0, 0xc0, 0xff, 0x78, 0x94, 0xb0, 0xff, 0x78, 0x94, 0xb0, 0xff,
    0x68, 0x7c, 0x90, 0xff, 0x48, 0x58, 0x68, 0xff, 0x38, 0x4c, 0x58, 0xff,
    0x70, 0x8c, 0xa8, 0xff, 0x80, 0x98, 0xb0, 0xff, 0x78, 0x8c, 0xa8, 0xff,
    0x78, 0x90, 0xa8, 0xff, 0x70, 0x88, 0xa0, 0xff, 0x80, 0x9c, 0xb8, 0xff,
    0x88, 0xa4, 0xc0, 0xff, 0x80, 0x9c, 0xb8, 0xff, 0x58, 0x5c, 0x68, 0xff,
    0x50, 0x4c, 0x58, 0xff, 0x48, 0x4c, 0x48, 0xdb, 0x48, 0x48, 0x48, 0x38,
    0x48, 0x70, 0x48, 0x00, 0x48, 0x70, 0x48, 0x00, 0x50, 0x70, 0x48, 0x00,
    0x48, 0x70, 0x48, 0x00, 0x50, 0x70, 0x48, 0x00, 0x50, 0x70, 0x48, 0x00,
    0x50, 0x70, 0x48, 0x00, 0x48, 0x70, 0x48, 0x00, 0x50, 0x70, 0x48, 0x00,
    0x48, 0x70, 0x48, 0x00, 0x48, 0x70, 0x40, 0x00, 0x90, 0xa0, 0xb0, 0x04,
    0x48, 0x48, 0x48, 0x30, 0x50, 0x50, 0x58, 0xd3, 0x50, 0x50, 0x58, 0xff,
    0x58, 0x5c, 0x60, 0xff, 0x80, 0x98, 0xb8, 0xff, 0x88, 0xa0, 0xc0, 0xff,
    0x78, 0x90, 0xa8, 0xff, 0x68, 0x80, 0x98, 0xff, 0x70, 0x84, 0xa0, 0xff,
    0x88, 0xa8, 0xc8, 0xff, 0x80, 0x98, 0xb0, 0xff, 0x50, 0x64, 0x80, 0xff,
    0x58, 0x70, 0x88, 0xff, 0x58, 0x6c, 0x88, 0xff, 0x40, 0x4c, 0x58, 0xff,
    0x50, 0x5c, 0x70, 0xff, 0x90, 0xb0, 0xd0, 0xff, 0xa0, 0xc0, 0xe0, 0xff,
    0xa0, 0xbc, 0xd8, 0xff, 0xa0, 0xbc, 0xd8, 0xff, 0xa0, 0xbc, 0xd8, 0xff,
    0xa0, 0xbc, 0xd8, 0xff, 0xa0, 0xbc, 0xd8, 0xff, 0xa0, 0xbc, 0xe0, 0xff,
    0xa0, 0xc0, 0xe0, 0xff, 0xa0, 0xbc, 0xe0, 0xff, 0x98, 0xb8, 0xd8, 0xff,
    0x98, 0xb4, 0xd0, 0xff, 0x90, 0xac, 0xc8, 0xff, 0x88, 0xa0, 0xc0, 0xff,
    0x78, 0x94, 0xb0, 0xff, 0x70, 0x84, 0xa0, 0xff, 0x60, 0x74, 0x88, 0xff,
    0x50, 0x64, 0x78, 0xff, 0x48, 0x60, 0x70, 0xff, 0x48, 0x58, 0x68, 0xff,
    0x48, 0x58, 0x68, 0xff, 0x48, 0x58, 0x70, 0xff, 0x50, 0x5c, 0x70, 0xff,
    0x58, 0x70, 0x88, 0xff, 0x70, 0x84, 0xa0, 0xff, 0x78, 0x94, 0xb0, 0xff,
    0x80, 0x9c, 0xb8, 0xff, 0x80, 0x9c, 0xb8, 0xff, 0x80, 0xa0, 0xb8, 0xff,
    0x88, 0xa0, 0xc0, 0xff, 0x88, 0xa0, 0xc0, 0xff, 0x88, 0xa8, 0xc0, 0xff,
    0x88, 0xa4, 0xc0, 0xff, 0x90, 0xa8, 0xc8, 0xff, 0x90, 0xa8, 0xc8, 0xff,
    0x90, 0xa8, 0xc8, 0xff, 0x88, 0xa8, 0xc0, 0xff, 0x88, 0xa8, 0xc8, 0xff,
    0x80, 0x98, 0xb0, 0xff, 0x40, 0x54, 0x68, 0xff, 0x40, 0x4c, 0x60, 0xff,
    0x58, 0x70, 0x88, 0xff, 0x50, 0x64, 0x78, 0xff, 0x40, 0x4c, 0x60, 0xff,
    0x78, 0x8c, 0xa8, 0xff, 0x80, 0x98, 0xb8, 0xff, 0x78, 0x90, 0xa8, 0xff,
    0x78, 0x90, 0xa8, 0xff, 0x70, 0x84, 0xa0, 0xff, 0x80, 0x98, 0xb8, 0xff,
    0x88, 0xa0, 0xc0, 0xff, 0x80, 0x98, 0xb8, 0xff, 0x50, 0x54, 0x60, 0xff,
    0x48, 0x50, 0x50, 0xff, 0x50, 0x50, 0x58, 0xd3, 0x48, 0x44, 0x50, 0x3c,
    0x50, 0x70, 0x48, 0x00, 0x48, 0x70, 0x48, 0x00, 0x50, 0x70, 0x48, 0x00,
    0x48, 0x70, 0x48, 0x00, 0x48, 0x70, 0x48, 0x00, 0x48, 0x70, 0x48, 0x00,
    0x48, 0x70, 0x48, 0x00, 0x50, 0x70, 0x48, 0x00, 0x50, 0x70, 0x48, 0x00,
    0x50, 0x70, 0x48, 0x00, 0x48, 0x70, 0x48, 0x00, 0x50, 0x70, 0x48, 0x00,
    0x48, 0x44, 0x48, 0x30, 0x48, 0x4c, 0x48, 0xdb, 0x48, 0x48, 0x48, 0xff,
    0x60, 0x64, 0x70, 0xff, 0x78, 0x98, 0xb0, 0xff, 0x80, 0x9c, 0xb8, 0xff,
    0x78, 0x90, 0xb0, 0xff, 0x70, 0x84, 0xa0, 0xff, 0x70, 0x88, 0xa0, 0xff,
    0x90, 0xac, 0xc8, 0xff, 0x78, 0x94, 0xb0, 0xff, 0x48, 0x58, 0x70, 0xff,
    0x50, 0x60, 0x70, 0xff, 0x40, 0x54, 0x68, 0xff, 0x28, 0x34, 0x48, 0xff,
    0x50, 0x60, 0x70, 0xff, 0x98, 0xb0, 0xd0, 0xff, 0xa0, 0xc4, 0xe0, 0xff,
    0xa0, 0xc4, 0xe0, 0xff, 0xa8, 0xc4, 0xe8, 0xff, 0xa8, 0xc4, 0xe8, 0xff,
    0xa8, 0xc8, 0xe8, 0xff, 0xa8, 0xc8, 0xe8, 0xff, 0xa8, 0xc8, 0xe8, 0xff,
    0xa8, 0xc8, 0xe8, 0xff, 0xa8, 0xcc, 0xe8, 0xff, 0xa8, 0xc8, 0xe8, 0xff,
    0xb0, 0xcc, 0xe8, 0xff, 0xa8, 0xc8, 0xe8, 0xff, 0xa0, 0xb8, 0xd8, 0xff,
    0x90, 0xa8, 0xc8, 0xff, 0x78, 0x94, 0xb0, 0xff, 0x70, 0x84, 0xa0, 0xff,
    0x68, 0x80, 0x98, 0xff, 0x60, 0x7c, 0x98, 0xff, 0x60, 0x74, 0x90, 0xff,
    0x60, 0x74, 0x88, 0xff, 0x60, 0x74, 0x88, 0xff, 0x60, 0x78, 0x90, 0xff,
    0x70, 0x84, 0xa0, 0xff, 0x78, 0x94, 0xb0, 0xff, 0x80, 0x9c, 0xb8, 0xff,
    0x98, 0xb0, 0xd0, 0xff, 0x98, 0xb4, 0xd0, 0xff, 0x98, 0xb0, 0xd0, 0xff,
    0x90, 0xac, 0xc8, 0xff, 0x90, 0xac, 0xc8, 0xff, 0x90, 0xb0, 0xd0, 0xff,
    0x98, 0xb0, 0xd0, 0xff, 0x98, 0xb0, 0xd0, 0xff, 0x90, 0xb0, 0xd0, 0xff,
    0x98, 0xb4, 0xd0, 0xff, 0x98, 0xb4, 0xd0, 0xff, 0x98, 0xb8, 0xd8, 0xff,
    0x88, 0xa4, 0xc0, 0xff, 0x40, 0x4c, 0x60, 0xff, 0x20, 0x28, 0x30, 0xff,
    0x48, 0x58, 0x70, 0xff, 0x40, 0x50, 0x60, 0xff, 0x30, 0x3c, 0x50, 0xff,
    0x78, 0x90, 0xa8, 0xff, 0x80, 0xa0, 0xc0, 0xff, 0x78, 0x94, 0xb0, 0xff,
    0x70, 0x8c, 0xa8, 0xff, 0x68, 0x84, 0xa0, 0xff, 0x78, 0x94, 0xb0, 0xff,
    0x80, 0xa0, 0xb8, 0xff, 0x80, 0x98, 0xb0, 0xff, 0x58, 0x5c, 0x60, 0xff,
    0x48, 0x48, 0x48, 0xff, 0x50, 0x4c, 0x50, 0xdb, 0x48, 0x44, 0x48, 0x38,
    0x48, 0x70, 0x48, 0x00, 0x50, 0x70, 0x48, 0x00, 0x50, 0x70, 0x48, 0x00,
    0x48, 0x70, 0x40, 0x00, 0x50, 0x70, 0x48, 0x00, 0x50, 0x70, 0x48, 0x00,
    0x48, 0x70, 0x48, 0x00, 0x48, 0x70, 0x48, 0x00, 0x50, 0x70, 0x40, 0x00,
    0x48, 0x70, 0x48, 0x00, 0x48, 0x70, 0x48, 0x00, 0x90, 0xa0, 0xb8, 0x04,
    0x48, 0x44, 0x48, 0x30, 0x50, 0x50, 0x58, 0xd3, 0x50, 0x50, 0x50, 0xff,
    0x58, 0x5c, 0x68, 0xff, 0x78, 0x94, 0xb0, 0xff, 0x80, 0x98, 0xb0, 0xff,
    0x78, 0x8c, 0xa8, 0xff, 0x68, 0x80, 0x98, 0xff, 0x70, 0x88, 0xa0, 0xff,
    0x88, 0xa8, 0xc0, 0xff, 0x80, 0x98, 0xb8, 0xff, 0x50, 0x64, 0x78, 0xff,
    0x50, 0x64, 0x78, 0xff, 0x50, 0x5c, 0x70, 0xff, 0x48, 0x60, 0x70, 0xff,
    0x78, 0x90, 0xa8, 0xff, 0xa0, 0xbc, 0xd8, 0xff, 0xa8, 0xc4, 0xe8, 0xff,
    0xa8, 0xc8, 0xe8, 0xff, 0xa8, 0xc8, 0xe8, 0xff, 0xa8, 0xc8, 0xe8, 0xff,
    0xa8, 0xc8, 0xe8, 0xff, 0xa8, 0xcc, 0xe8, 0xff, 0xa8, 0xc8, 0xe8, 0xff,
    0xb0, 0xcc, 0xe8, 0xff, 0xa8, 0xc8, 0xe8, 0xff, 0xa8, 0xc8, 0xe8, 0xff,
    0xb0, 0xd0, 0xf0, 0xff, 0xa8, 0xc8, 0xe8, 0xff, 0xa8, 0xc8, 0xe8, 0xff,
    0xa8, 0xc4, 0xe8, 0xff, 0x98, 0xb8, 0xd8, 0xff, 0x98, 0xb4, 0xd0, 0xff,
    0x98, 0xb4, 0xd0, 0xff, 0x98, 0xb0, 0xd0, 0xff, 0x90, 0xac, 0xc8, 0xff,
    0x90, 0xa8, 0xc8, 0xff, 0x90, 0xac, 0xc8, 0xff, 0x90, 0xac, 0xc8, 0xff,
    0x98, 0xb0, 0xd0, 0xff, 0x98, 0xb4, 0xd0, 0xff, 0x80, 0x9c, 0xb8, 0xff,
    0x90, 0xa8, 0xc0, 0xff, 0x98, 0xb4, 0xd0, 0xff, 0x98, 0xb4, 0xd0, 0xff,
    0x98, 0xb0, 0xd0, 0xff, 0x90, 0xb0, 0xd0, 0xff, 0x98, 0xb4, 0xd0, 0xff,
    0x98, 0xb4, 0xd0, 0xff, 0x98, 0xb4, 0xd0, 0xff, 0x98, 0xb4, 0xd0, 0xff,
    0x98, 0xb8, 0xd8, 0xff, 0x98, 0xb8, 0xd8, 0xff, 0xa0, 0xb8, 0xd8, 0xff,
    0x90, 0xac, 0xc8, 0xff, 0x58, 0x70, 0x88, 0xff, 0x40, 0x4c, 0x60, 0xff,
    0x48, 0x5c, 0x70, 0xff, 0x40, 0x54, 0x68, 0xff, 0x40, 0x54, 0x68, 0xff,
    0x78, 0x94, 0xb0, 0xff, 0x88, 0x9c, 0xb8, 0xff, 0x78, 0x90, 0xa8, 0xff,
    0x70, 0x84, 0xa0, 0xff, 0x68, 0x7c, 0x98, 0xff, 0x78, 0x90, 0xa8, 0xff,
    0x80, 0x9c, 0xb8, 0xff, 0x80, 0x98, 0xb8, 0xff, 0x58, 0x5c, 0x68, 0xff,
    0x48, 0x4c, 0x50, 0xff, 0x50, 0x54, 0x58, 0xd3, 0x48, 0x48, 0x48, 0x3c,
    0x48, 0x70, 0x48, 0x00, 0x50, 0x70, 0x48, 0x00, 0x48, 0x70, 0x48, 0x00,
    0x48, 0x70, 0x48, 0x00, 0x50, 0x70, 0x48, 0x00, 0x48, 0x70, 0x48, 0x00,
    0x50, 0x70, 0x48, 0x00, 0x48, 0x70, 0x48, 0x00, 0x50, 0x70, 0x48, 0x00,
    0x48, 0x70, 0x48, 0x00, 0x50, 0x70, 0x48, 0x00, 0x50, 0x70, 0x48, 0x00,
    0x48, 0x48, 0x48, 0x30, 0x50, 0x50, 0x58, 0xd3, 0x50, 0x4c, 0x50, 0xff,
    0x60, 0x64, 0x68, 0xff, 0x78, 0x98, 0xb0, 0xff, 0x80, 0x98, 0xb0, 0xff,
    0x70, 0x84, 0xa0, 0xff, 0x60, 0x78, 0x90, 0xff, 0x68, 0x7c, 0x98, 0xff,
    0x80, 0x98, 0xb8, 0xff, 0x78, 0x90, 0xa8, 0xff, 0x60, 0x74, 0x90, 0xff,
    0x58, 0x70, 0x90, 0xff, 0x50, 0x64, 0x78, 0xff, 0x50, 0x64, 0x80, 0xff,
    0x78, 0x90, 0xa8, 0xff, 0xa0, 0xc0, 0xe0, 0xff, 0xb0, 0xcc, 0xf0, 0xff,
    0xa8, 0xc8, 0xe8, 0xff, 0xa8, 0xcc, 0xe8, 0xff, 0xa8, 0xc8, 0xe8, 0xff,
    0xa8, 0xc8, 0xe8, 0xff, 0xb0, 0xcc, 0xe8, 0xff, 0xa8, 0xcc, 0xe8, 0xff,
    0xb0, 0xc8, 0xe8, 0xff, 0xb0, 0xcc, 0xe8, 0xff, 0xa8, 0xcc, 0xe8, 0xff,
    0xb0, 0xd0, 0xf0, 0xff, 0xa8, 0xc8, 0xe8, 0xff, 0xa8, 0xc8, 0xe8, 0xff,
    0xa0, 0xc0, 0xd8, 0xff, 0x90, 0xa8, 0xc8, 0xff, 0x90, 0xac, 0xc8, 0xff,
    0x98, 0xb4, 0xd8, 0xff, 0x98, 0xb4, 0xd0, 0xff, 0x90, 0xb0, 0xc8, 0xff,
    0x88, 0xa8, 0xc8, 0xff, 0x88, 0xa0, 0xc0, 0xff, 0x88, 0xa4, 0xc0, 0xff,
    0x90, 0xb0, 0xc8, 0xff, 0x98, 0xb0, 0xd0, 0xff, 0x88, 0xa0, 0xc0, 0xff,
    0x88, 0xa4, 0xc0, 0xff, 0x90, 0xb0, 0xd0, 0xff, 0x98, 0xb4, 0xd0, 0xff,
    0x98, 0xb4, 0xd0, 0xff, 0x98, 0xb4, 0xd0, 0xff, 0x98, 0xb4, 0xd0, 0xff,
    0x98, 0xb4, 0xd0, 0xff, 0x98, 0xb4, 0xd0, 0xff, 0x98, 0xb8, 0xd8, 0xff,
    0xa0, 0xb8, 0xd8, 0xff, 0xa0, 0xb8, 0xd8, 0xff, 0x98, 0xb8, 0xd8, 0xff,
    0x90, 0xac, 0xc8, 0xff, 0x60, 0x78, 0x90, 0xff, 0x58, 0x6c, 0x80, 0xff,
    0x60, 0x74, 0x90, 0xff, 0x60, 0x78, 0x90, 0xff, 0x58, 0x70, 0x88, 0xff,
    0x70, 0x88, 0xa0, 0xff, 0x78, 0x94, 0xb0, 0xff, 0x70, 0x8c, 0xa8, 0xff,
    0x70, 0x84, 0xa0, 0xff, 0x60, 0x78, 0x90, 0xff, 0x78, 0x8c, 0xa8, 0xff,
    0x88, 0xa0, 0xc0, 0xff, 0x80, 0x9c, 0xb8, 0xff, 0x58, 0x5c, 0x60, 0xff,
    0x50, 0x4c, 0x58, 0xff, 0x50, 0x50, 0x58, 0xd3, 0x48, 0x48, 0x48, 0x38,
    0x50, 0x70, 0x48, 0x00, 0x48, 0x70, 0x48, 0x00, 0x50, 0x70, 0x48, 0x00,
    0x50, 0x70, 0x48, 0x00, 0x48, 0x70, 0x48, 0x00, 0x48, 0x70, 0x48, 0x00,
    0x48, 0x70, 0x48, 0x00, 0x50, 0x70, 0x48, 0x00, 0x48, 0x70, 0x48, 0x00,
    0x50, 0x70, 0x48, 0x00, 0x48, 0x70, 0x48, 0x00, 0x48, 0x70, 0x40, 0x00,
    0x48, 0x48, 0x48, 0x30, 0x50, 0x50, 0x58, 0xd3, 0x48, 0x48, 0x48, 0xff,
    0x60, 0x64, 0x70, 0xff, 0x80, 0x9c, 0xb8, 0xff, 0x80, 0x98, 0xb8, 0xff,
    0x68, 0x80, 0x98, 0xff, 0x58, 0x6c, 0x88, 0xff, 0x60, 0x78, 0x90, 0xff,
    0x78, 0x90, 0xa8, 0xff, 0x78, 0x90, 0xa8, 0xff, 0x48, 0x58, 0x70, 0xff,
    0x40, 0x54, 0x68, 0xff, 0x30, 0x3c, 0x50, 0xff, 0x30, 0x40, 0x50, 0xff,
    0x58, 0x6c, 0x88, 0xff, 0xa0, 0xc4, 0xe0, 0xff, 0xb0, 0xd0, 0xf0, 0xff,
    0xb0, 0xcc, 0xe8, 0xff, 0xb0, 0xcc, 0xf0, 0xff, 0xb0, 0xcc, 0xe8, 0xff,
    0xb0, 0xcc, 0xf0, 0xff, 0xb0, 0xcc, 0xf0, 0xff, 0xa8, 0xc8, 0xe8, 0xff,
    0xb0, 0xcc, 0xf0, 0xff, 0xb0, 0xcc, 0xf0, 0xff, 0xa8, 0xc8, 0xe8, 0xff,
    0xb0, 0xcc, 0xf0, 0xff, 0xa8, 0xc4, 0xe0, 0xff, 0xa0, 0xc0, 0xe0, 0xff,
    0x98, 0xb4, 0xd0, 0xff, 0x70, 0x84, 0xa0, 0xff, 0x78, 0x90, 0xb0, 0xff,
    0x98, 0xb8, 0xd8, 0xff, 0x98, 0xb4, 0xd8, 0xff, 0x90, 0xb0, 0xd0, 0xff,
    0x80, 0x9c, 0xb8, 0xff, 0x60, 0x78, 0x90, 0xff, 0x78, 0x90, 0xa8, 0xff,
    0x90, 0xac, 0xc8, 0xff, 0x90, 0xac, 0xc8, 0xff, 0x88, 0xa0, 0xc0, 0xff,
    0x90, 0xa8, 0xc8, 0xff, 0x98, 0xb4, 0xd0, 0xff, 0x98, 0xb4, 0xd0, 0xff,
    0x98, 0xb4, 0xd0, 0xff, 0x98, 0xb4, 0xd0, 0xff, 0x98, 0xb4, 0xd0, 0xff,
    0x98, 0xb4, 0xd0, 0xff, 0x98, 0xb8, 0xd8, 0xff, 0xa0, 0xb8, 0xd8, 0xff,
    0xa0, 0xbc, 0xd8, 0xff, 0xa0, 0xbc, 0xd8, 0xff, 0xa0, 0xbc, 0xd8, 0xff,
    0x90, 0xac, 0xc8, 0xff, 0x68, 0x7c, 0x98, 0xff, 0x68, 0x7c, 0x98, 0xff,
    0x70, 0x84, 0xa0, 0xff, 0x70, 0x84, 0xa0, 0xff, 0x58, 0x6c, 0x88, 0xff,
    0x70, 0x8c, 0xa0, 0xff, 0x70, 0x88, 0xa0, 0xff, 0x68, 0x80, 0xa0, 0xff,
    0x68, 0x80, 0x98, 0xff, 0x58, 0x74, 0x88, 0xff, 0x78, 0x8c, 0xa8, 0xff,
    0x88, 0xa0, 0xc0, 0xff, 0x80, 0xa0, 0xb8, 0xff, 0x58, 0x5c, 0x60, 0xff,
    0x48, 0x48, 0x48, 0xff, 0x50, 0x48, 0x50, 0xdb, 0x48, 0x48, 0x48, 0x3c,
    0x48, 0x70, 0x48, 0x00, 0x50, 0x70, 0x48, 0x00, 0x48, 0x70, 0x48, 0x00,
    0x50, 0x70, 0x40, 0x00, 0x50, 0x70, 0x48, 0x00, 0x48, 0x70, 0x48, 0x00,
    0x48, 0x70, 0x48, 0x00, 0x50, 0x70, 0x48, 0x00, 0x50, 0x70, 0x40, 0x00,
    0x48, 0x70, 0x48, 0x00, 0x50, 0x70, 0x48, 0x00, 0x50, 0x70, 0x48, 0x00,
    0x48, 0x44, 0x48, 0x30, 0x50, 0x54, 0x50, 0xd3, 0x50, 0x4c, 0x58, 0xff,
    0x58, 0x5c, 0x68, 0xff, 0x80, 0x9c, 0xb8, 0xff, 0x80, 0x9c, 0xb8, 0xff,
    0x70, 0x84, 0xa0, 0xff, 0x58, 0x6c, 0x80, 0xff, 0x50, 0x64, 0x78, 0xff,
    0x68, 0x7c, 0x98, 0xff, 0x78, 0x98, 0xb0, 0xff, 0x50, 0x64, 0x78, 0xff,
    0x50, 0x64, 0x80, 0xff, 0x50, 0x68, 0x78, 0xff, 0x48, 0x58, 0x68, 0xff,
    0x50, 0x68, 0x80, 0xff, 0xa0, 0xc0, 0xe0, 0xff, 0xb0, 0xd0, 0xf0, 0xff,
    0xb0, 0xcc, 0xf0, 0xff, 0xb0, 0xcc, 0xe8, 0xff, 0xb0, 0xd0, 0xf0, 0xff,
    0xa8, 0xcc, 0xf0, 0xff, 0xb0, 0xcc, 0xe8, 0xff, 0xa8, 0xc8, 0xe8, 0xff,
    0xa8, 0xcc, 0xf0, 0xff, 0xb0, 0xcc, 0xf0, 0xff, 0xa8, 0xc8, 0xe8, 0xff,
    0xa8, 0xc8, 0xe8, 0xff, 0xa0, 0xc0, 0xe0, 0xff, 0xa0, 0xbc, 0xe0, 0xff,
    0x98, 0xb8, 0xd8, 0xff, 0x78, 0x94, 0xb0, 0xff, 0x70, 0x8c, 0xa0, 0xff,
    0x90, 0xac, 0xc8, 0xff, 0x98, 0xb4, 0xd0, 0xff, 0x90, 0xac, 0xc8, 0xff,
    0x78, 0x90, 0xa8, 0xff, 0x68, 0x7c, 0x98, 0xff, 0x80, 0x98, 0xb0, 0xff,
    0x90, 0xb0, 0xd0, 0xff, 0x90, 0xb0, 0xd0, 0xff, 0x80, 0xa0, 0xb8, 0xff,
    0x88, 0xa8, 0xc8, 0xff, 0x98, 0xb4, 0xd0, 0xff, 0x98, 0xb4, 0xd0, 0xff,
    0x98, 0xb4, 0xd8, 0xff, 0x98, 0xb4, 0xd8, 0xff, 0x98, 0xb4, 0xd0, 0xff,
    0x98, 0xb4, 0xd8, 0xff, 0x98, 0xb8, 0xd8, 0xff, 0xa0, 0xbc, 0xd8, 0xff,
    0xa0, 0xbc, 0xe0, 0xff, 0x98, 0xbc, 0xd8, 0xff, 0xa0, 0xbc, 0xe0, 0xff,
    0x98, 0xb4, 0xd0, 0xff, 0x78, 0x90, 0xa8, 0xff, 0x68, 0x84, 0xa0, 0xff,
    0x70, 0x8c, 0xa8, 0xff, 0x70, 0x88, 0xa0, 0xff, 0x68, 0x78, 0x90, 0xff,
    0x70, 0x88, 0xa0, 0xff, 0x58, 0x6c, 0x88, 0xff, 0x58, 0x6c, 0x80, 0xff,
    0x60, 0x70, 0x88, 0xff, 0x58, 0x74, 0x88, 0xff, 0x78, 0x90, 0xa8, 0xff,
    0x88, 0xa4, 0xc0, 0xff, 0x80, 0x9c, 0xb8, 0xff, 0x58, 0x5c, 0x68, 0xff,
    0x48, 0x50, 0x58, 0xff, 0x50, 0x50, 0x50, 0xd3, 0x48, 0x44, 0x48, 0x38,
    0x50, 0x70, 0x48, 0x00, 0x48, 0x70, 0x48, 0x00, 0x48, 0x70, 0x48, 0x00,
    0x50, 0x70, 0x48, 0x00, 0x48, 0x70, 0x48, 0x00, 0x50, 0x70, 0x48, 0x00,
    0x50, 0x70, 0x48, 0x00, 0x48, 0x70, 0x48, 0x00, 0x48, 0x70, 0x48, 0x00,
    0x50, 0x70, 0x48, 0x00, 0x48, 0x70, 0x48, 0x00, 0x50, 0x70, 0x48, 0x00,
    0x48, 0x44, 0x48, 0x30, 0x50, 0x54, 0x50, 0xd3, 0x48, 0x48, 0x48, 0xff,
    0x58, 0x5c, 0x60, 0xff, 0x88, 0xa0, 0xc0, 0xff, 0x80, 0xa0, 0xc0, 0xff,
    0x80, 0x9c, 0xb8, 0xff, 0x78, 0x90, 0xb0, 0xff, 0x68, 0x7c, 0x98, 0xff,
    0x68, 0x80, 0xa0, 0xff, 0x80, 0x98, 0xb0, 0xff, 0x58, 0x70, 0x88, 0xff,
    0x68, 0x80, 0xa0, 0xff, 0x70, 0x84, 0xa0, 0xff, 0x60, 0x74, 0x90, 0xff,
    0x58, 0x70, 0x88, 0xff, 0xa8, 0xc0, 0xe0, 0xff, 0xb0, 0xd0, 0xf0, 0xff,
    0xb0, 0xcc, 0xf0, 0xff, 0xb0, 0xd0, 0xf0, 0xff, 0xb0, 0xcc, 0xf0, 0xff,
    0xb0, 0xd0, 0xf0, 0xff, 0xb0, 0xcc, 0xe8, 0xff, 0xa8, 0xcc, 0xe8, 0xff,
    0xb0, 0xcc, 0xf0, 0xff, 0xb0, 0xcc, 0xe8, 0xff, 0xa8, 0xcc, 0xe8, 0xff,
    0xa8, 0xc8, 0xe8, 0xff, 0xa0, 0xc0, 0xe0, 0xff, 0xa0, 0xc0, 0xe0, 0xff,
    0xa0, 0xc0, 0xe0, 0xff, 0x98, 0xb4, 0xd0, 0xff, 0x78, 0x8c, 0xa8, 0xff,
    0x60, 0x7c, 0x90, 0xff, 0x68, 0x7c, 0x98, 0xff, 0x68, 0x7c, 0x98, 0xff,
    0x70, 0x80, 0x98, 0xff, 0x80, 0x9c, 0xb8, 0xff, 0x90, 0xac, 0xc8, 0xff,
    0x98, 0xb4, 0xd8, 0xff, 0x98, 0xb4, 0xd8, 0xff, 0x88, 0xa0, 0xc0, 0xff,
    0x90, 0xa8, 0xc8, 0xff, 0x98, 0xb0, 0xd0, 0xff, 0x98, 0xb4, 0xd0, 0xff,
    0x98, 0xb4, 0xd0, 0xff, 0x98, 0xb4, 0xd0, 0xff, 0x98, 0xb4, 0xd8, 0xff,
    0x98, 0xb8, 0xd8, 0xff, 0xa0, 0xbc, 0xd8, 0xff, 0xa0, 0xbc, 0xd8, 0xff,
    0x98, 0xbc, 0xe0, 0xff, 0xa0, 0xbc, 0xd8, 0xff, 0xa0, 0xc0, 0xe0, 0xff,
    0x98, 0xb8, 0xd8, 0xff, 0x78, 0x94, 0xb0, 0xff, 0x70, 0x88, 0xa0, 0xff,
    0x78, 0x90, 0xa8, 0xff, 0x70, 0x8c, 0xa8, 0xff, 0x68, 0x80, 0xa0, 0xff,
    0x68, 0x80, 0x98, 0xff, 0x68, 0x80, 0x98, 0xff, 0x70, 0x84, 0xa0, 0xff,
    0x78, 0x94, 0xb0, 0xff, 0x80, 0x98, 0xb8, 0xff, 0x80, 0x98, 0xb8, 0xff,
    0x88, 0xa4, 0xc0, 0xff, 0x88, 0xa4, 0xc0, 0xff, 0x58, 0x5c, 0x68, 0xff,
    0x40, 0x40, 0x40, 0xff, 0x50, 0x4c, 0x50, 0xdb, 0x48, 0x48, 0x48, 0x38,
    0x48, 0x70, 0x48, 0x00, 0x50, 0x70, 0x48, 0x00, 0x50, 0x70, 0x48, 0x00,
    0x48, 0x70, 0x48, 0x00, 0x48, 0x70, 0x48, 0x00, 0x50, 0x70, 0x48, 0x00,
    0x48, 0x70, 0x48, 0x00, 0x50, 0x70, 0x48, 0x00, 0x48, 0x70, 0x48, 0x00,
    0x50, 0x70, 0x48, 0x00, 0x48, 0x70, 0x48, 0x00, 0x48, 0x70, 0x48, 0x00,
    0x48, 0x48, 0x48, 0x30, 0x50, 0x50, 0x58, 0xd3, 0x40, 0x40, 0x40, 0xff,
    0x58, 0x5c, 0x68, 0xff, 0x80, 0x9c, 0xb8, 0xff, 0x88, 0xa0, 0xc0, 0xff,
    0x90, 0xb0, 0xc8, 0xff, 0x88, 0xa8, 0xc8, 0xff, 0x78, 0x90, 0xa8, 0xff,
    0x70, 0x8c, 0xa8, 0xff, 0x78, 0x90, 0xa8, 0xff, 0x58, 0x6c, 0x80, 0xff,
    0x60, 0x78, 0x90, 0xff, 0x70, 0x84, 0xa0, 0xff, 0x60, 0x74, 0x88, 0xff,
    0x58, 0x6c, 0x80, 0xff, 0xa0, 0xc0, 0xe0, 0xff, 0xb0, 0xd0, 0xf0, 0xff,
    0xb0, 0xd0, 0xf0, 0xff, 0xb0, 0xcc, 0xf0, 0xff, 0xb0, 0xcc, 0xf0, 0xff,
    0xb0, 0xd0, 0xf0, 0xff, 0xa8, 0xcc, 0xe8, 0xff, 0xa8, 0xc8, 0xe8, 0xff,
    0xb0, 0xcc, 0xf0, 0xff, 0xb0, 0xcc, 0xf0, 0xff, 0xa8, 0xcc, 0xe8, 0xff,
    0xa8, 0xc8, 0xe8, 0xff, 0xa0, 0xc0, 0xe0, 0xff, 0xa0, 0xbc, 0xd8, 0xff,
    0xa0, 0xbc, 0xe0, 0xff, 0x98, 0xb8, 0xd8, 0xff, 0x80, 0x9c, 0xb8, 0xff,
    0x60, 0x74, 0x90, 0xff, 0x50, 0x68, 0x80, 0xff, 0x58, 0x6c, 0x80, 0xff,
    0x68, 0x80, 0xa0, 0xff, 0x80, 0x98, 0xb8, 0xff, 0x90, 0xac, 0xc8, 0xff,
    0xa0, 0xbc, 0xd8, 0xff, 0xa0, 0xc0, 0xe0, 0xff, 0x90, 0xac, 0xc8, 0xff,
    0x90, 0xac, 0xc8, 0xff, 0x98, 0xb4, 0xd0, 0xff, 0x98, 0xb4, 0xd0, 0xff,
    0x98, 0xb4, 0xd0, 0xff, 0x98, 0xb4, 0xd0, 0xff, 0x98, 0xb8, 0xd8, 0xff,
    0x98, 0xb8, 0xd8, 0xff, 0xa0, 0xbc, 0xd8, 0xff, 0xa0, 0xbc, 0xd8, 0xff,
    0xa0, 0xbc, 0xe0, 0xff, 0xa0, 0xbc, 0xe0, 0xff, 0xa0, 0xc4, 0xe0, 0xff,
    0xa0, 0xbc, 0xd8, 0xff, 0x78, 0x94, 0xb0, 0xff, 0x70, 0x8c, 0xa8, 0xff,
    0x80, 0x94, 0xb0, 0xff, 0x78, 0x90, 0xa8, 0xff, 0x70, 0x84, 0xa0, 0xff,
    0x60, 0x74, 0x90, 0xff, 0x70, 0x88, 0xa0, 0xff, 0x80, 0x9c, 0xb8, 0xff,
    0x90, 0xac, 0xc8, 0xff, 0x98, 0xb0, 0xd0, 0xff, 0x80, 0x9c, 0xb8, 0xff,
    0x88, 0xa4, 0xc0, 0xff, 0x88, 0xa4, 0xc0, 0xff, 0x58, 0x5c, 0x60, 0xff,
    0x40, 0x40, 0x40, 0xff, 0x50, 0x48, 0x50, 0xdb, 0x48, 0x48, 0x48, 0x3c,
    0x48, 0x70, 0x48, 0x00, 0x48, 0x70, 0x48, 0x00, 0x50, 0x70, 0x48, 0x00,
    0x48, 0x70, 0x40, 0x00, 0x50, 0x70, 0x48, 0x00, 0x48, 0x70, 0x48, 0x00,
    0x50, 0x70, 0x48, 0x00, 0x48, 0x70, 0x48, 0x00, 0x50, 0x70, 0x40, 0x00,
    0x50, 0x70, 0x48, 0x00, 0x48, 0x70, 0x48, 0x00, 0x88, 0x9c, 0xb0, 0x00,
    0x48, 0x44, 0x48, 0x30, 0x50, 0x4c, 0x48, 0xdb, 0x40, 0x40, 0x40, 0xff,
    0x58, 0x5c, 0x68, 0xff, 0x80, 0x98, 0xb8, 0xff, 0x80, 0x9c, 0xb8, 0xff,
    0x90, 0xa8, 0xc0, 0xff, 0x80, 0x94, 0xb0, 0xff, 0x68, 0x80, 0x98, 0xff,
    0x60, 0x78, 0x90, 0xff, 0x70, 0x8c, 0xa8, 0xff, 0x60, 0x74, 0x90, 0xff,
    0x50, 0x68, 0x80, 0xff, 0x60, 0x74, 0x88, 0xff, 0x48, 0x5c, 0x78, 0xff,
    0x50, 0x5c, 0x70, 0xff, 0xa0, 0xbc, 0xe0, 0xff, 0xb0, 0xd0, 0xf0, 0xff,
    0xb0, 0xd0, 0xf0, 0xff, 0xb0, 0xd0, 0xe8, 0xff, 0xb0, 0xcc, 0xf0, 0xff,
    0xb0, 0xcc, 0xf0, 0xff, 0xa8, 0xcc, 0xe8, 0xff, 0xb0, 0xcc, 0xf0, 0xff,
    0xb0, 0xcc, 0xe8, 0xff, 0xa8, 0xcc, 0xe8, 0xff, 0xa8, 0xc8, 0xe8, 0xff,
    0xa8, 0xc8, 0xe8, 0xff, 0xa0, 0xc0, 0xe0, 0xff, 0xa0, 0xc0, 0xe0, 0xff,
    0xa0, 0xc0, 0xe0, 0xff, 0x90, 0xa8, 0xc8, 0xff, 0x78, 0x90, 0xa8, 0xff,
    0x88, 0xa4, 0xc0, 0xff, 0x98, 0xb4, 0xd0, 0xff, 0x90, 0xac, 0xc8, 0xff,
    0x60, 0x74, 0x88, 0xff, 0x48, 0x58, 0x70, 0xff, 0x70, 0x88, 0xa0, 0xff,
    0xa0, 0xbc, 0xd8, 0xff, 0xa0, 0xc0, 0xe0, 0xff, 0x90, 0xac, 0xc8, 0xff,
    0x90, 0xb0, 0xc8, 0xff, 0x98, 0xb4, 0xd0, 0xff, 0x98, 0xb4, 0xd0, 0xff,
    0x98, 0xb4, 0xd8, 0xff, 0x98, 0xb4, 0xd8, 0xff, 0x98, 0xb8, 0xd8, 0xff,
    0x98, 0xb8, 0xd8, 0xff, 0xa0, 0xbc, 0xd8, 0xff, 0xa0, 0xbc, 0xd8, 0xff,
    0xa0, 0xbc, 0xe0, 0xff, 0xa0, 0xc0, 0xe0, 0xff, 0xa8, 0xc4, 0xe0, 0xff,
    0xa0, 0xbc, 0xd8, 0xff, 0x70, 0x84, 0xa0, 0xff, 0x60, 0x78, 0x90, 0xff,
    0x70, 0x84, 0xa0, 0xff, 0x70, 0x84, 0xa0, 0xff, 0x70, 0x8c, 0xa0, 0xff,
    0x60, 0x78, 0x90, 0xff, 0x68, 0x80, 0xa0, 0xff, 0x80, 0x98, 0xb8, 0xff,
    0x88, 0xa8, 0xc0, 0xff, 0x90, 0xb0, 0xd0, 0xff, 0x80, 0x9c, 0xb8, 0xff,
    0x88, 0xa4, 0xc0, 0xff, 0x88, 0xa0, 0xc0, 0xff, 0x50, 0x54, 0x60, 0xff,
    0x40, 0x40, 0x40, 0xff, 0x48, 0x48, 0x50, 0xdb, 0x48, 0x44, 0x48, 0x38,
    0x50, 0x70, 0x48, 0x00, 0x48, 0x70, 0x48, 0x00, 0x50, 0x70, 0x48, 0x00,
    0x50, 0x70, 0x48, 0x00, 0x48, 0x70, 0x48, 0x00, 0x50, 0x70, 0x48, 0x00,
    0x48, 0x70, 0x48, 0x00, 0x48, 0x70, 0x48, 0x00, 0x50, 0x70, 0x48, 0x00,
    0x48, 0x70, 0x48, 0x00, 0x50, 0x70, 0x48, 0x00, 0x50, 0x70, 0x48, 0x00,
    0x48, 0x44, 0x48, 0x30, 0x50, 0x4c, 0x48, 0xdb, 0x30, 0x30, 0x38, 0xff,
    0x50, 0x54, 0x60, 0xff, 0x78, 0x94, 0xb0, 0xff, 0x80, 0x98, 0xb0, 0xff,
    0x90, 0xa8, 0xc8, 0xff, 0x80, 0x98, 0xb8, 0xff, 0x70, 0x80, 0x98, 0xff,
    0x68, 0x7c, 0x98, 0xff, 0x78, 0x94, 0xb0, 0xff, 0x70, 0x84, 0xa0, 0xff,
    0x50, 0x64, 0x78, 0xff, 0x50, 0x64, 0x78, 0xff, 0x40, 0x54, 0x68, 0xff,
    0x58, 0x6c, 0x88, 0xff, 0xa0, 0xc4, 0xe0, 0xff, 0xb0, 0xcc, 0xf0, 0xff,
    0xb0, 0xd0, 0xf0, 0xff, 0xb0, 0xd0, 0xe8, 0xff, 0xb0, 0xcc, 0xf0, 0xff,
    0xb0, 0xd0, 0xf0, 0xff, 0xb0, 0xcc, 0xe8, 0xff, 0xa8, 0xcc, 0xf0, 0xff,
    0xa8, 0xcc, 0xe8, 0xff, 0xa8, 0xc8, 0xe8, 0xff, 0xa8, 0xc8, 0xe8, 0xff,
    0xa8, 0xc8, 0xe8, 0xff, 0xa0, 0xbc, 0xd8, 0xff, 0xa8, 0xc0, 0xe0, 0xff,
    0xa8, 0xc4, 0xe0, 0xff, 0x78, 0x90, 0xa8, 0xff, 0x60, 0x70, 0x88, 0xff,
    0x88, 0xa4, 0xc0, 0xff, 0xa0, 0xbc, 0xd8, 0xff, 0x98, 0xb4, 0xd0, 0xff,
    0x48, 0x5c, 0x70, 0xff, 0x20, 0x28, 0x30, 0xff, 0x50, 0x5c, 0x70, 0xff,
    0x98, 0xb4, 0xd0, 0xff, 0xa0, 0xbc, 0xd8, 0xff, 0x88, 0xa0, 0xc0, 0xff,
    0x90, 0xa8, 0xc8, 0xff, 0x98, 0xb4, 0xd0, 0xff, 0x98, 0xb4, 0xd8, 0xff,
    0x98, 0xb4, 0xd0, 0xff, 0x98, 0xb8, 0xd8, 0xff, 0x98, 0xb8, 0xd8, 0xff,
    0xa0, 0xbc, 0xd8, 0xff, 0xa0, 0xbc, 0xd8, 0xff, 0xa0, 0xbc, 0xe0, 0xff,
    0xa0, 0xc0, 0xe0, 0xff, 0xa0, 0xc4, 0xe0, 0xff, 0xa8, 0xcc, 0xe8, 0xff,
    0xa8, 0xc0, 0xe0, 0xff, 0x70, 0x84, 0xa0, 0xff, 0x50, 0x64, 0x78, 0xff,
    0x50, 0x64, 0x80, 0xff, 0x60, 0x74, 0x90, 0xff, 0x78, 0x90, 0xa8, 0xff,
    0x70, 0x80, 0x98, 0xff, 0x70, 0x84, 0xa0, 0xff, 0x88, 0xa0, 0xc0, 0xff,
    0x90, 0xac, 0xc8, 0xff, 0x98, 0xb0, 0xd0, 0xff, 0x88, 0x9c, 0xb8, 0xff,
    0x88, 0xa4, 0xc0, 0xff, 0x88, 0x9c, 0xb8, 0xff, 0x48, 0x50, 0x58, 0xff,
    0x30, 0x34, 0x38, 0xff, 0x50, 0x4c, 0x48, 0xdb, 0x48, 0x44, 0x48, 0x38,
    0x48, 0x70, 0x48, 0x00, 0x50, 0x70, 0x48, 0x00, 0x48, 0x70, 0x48, 0x00,
    0x48, 0x70, 0x48, 0x00, 0x50, 0x70, 0x48, 0x00, 0x48, 0x70, 0x48, 0x00,
    0x50, 0x70, 0x48, 0x00, 0x48, 0x70, 0x48, 0x00, 0x50, 0x70, 0x48, 0x00,
    0x48, 0x70, 0x48, 0x00, 0x48, 0x70, 0x48, 0x00, 0x88, 0x9c, 0xb0, 0x00,
    0x48, 0x44, 0x48, 0x30, 0x48, 0x4c, 0x48, 0xdb, 0x40, 0x40, 0x40, 0xff,
    0x50, 0x54, 0x60, 0xff, 0x78, 0x94, 0xb0, 0xff, 0x80, 0x9c, 0xb8, 0xff,
    0x90, 0xb0, 0xc8, 0xff, 0x88, 0xa4, 0xc0, 0xff, 0x70, 0x8c, 0xa8, 0xff,
    0x80, 0x98, 0xb8, 0xff, 0x88, 0xa4, 0xc0, 0xff, 0x78, 0x90, 0xa8, 0xff,
    0x58, 0x6c, 0x88, 0xff, 0x50, 0x64, 0x80, 0xff, 0x48, 0x58, 0x68, 0xff,
    0x68, 0x80, 0x98, 0xff, 0xa8, 0xc4, 0xe0, 0xff, 0xb0, 0xd0, 0xf0, 0xff,
    0xb0, 0xcc, 0xf0, 0xff, 0xb0, 0xcc, 0xf0, 0xff, 0xa8, 0xcc, 0xe8, 0xff,
    0xa8, 0xcc, 0xe8, 0xff, 0xb0, 0xcc, 0xf0, 0xff, 0xb0, 0xcc, 0xe8, 0xff,
    0xa8, 0xc8, 0xe8, 0xff, 0xb0, 0xcc, 0xe8, 0xff, 0xa8, 0xc8, 0xe8, 0xff,
    0xa8, 0xc8, 0xe8, 0xff, 0xa0, 0xc0, 0xe0, 0xff, 0xa8, 0xc8, 0xe8, 0xff,
    0xa8, 0xc8, 0xe8, 0xff, 0x88, 0xa4, 0xc0, 0xff, 0x70, 0x88, 0xa0, 0xff,
    0x88, 0xa8, 0xc8, 0xff, 0x98, 0xb8, 0xd8, 0xff, 0x98, 0xb4, 0xd0, 0xff,
    0x70, 0x80, 0xa0, 0xff, 0x40, 0x4c, 0x60, 0xff, 0x68, 0x7c, 0x98, 0xff,
    0x98, 0xb8, 0xd8, 0xff, 0xa0, 0xbc, 0xe0, 0xff, 0x88, 0xa4, 0xc0, 0xff,
    0x90, 0xa8, 0xc8, 0xff, 0x98, 0xb4, 0xd0, 0xff, 0x98, 0xb4, 0xd0, 0xff,
    0x98, 0xb8, 0xd8, 0xff, 0x98, 0xb8, 0xd8, 0xff, 0xa0, 0xb8, 0xd8, 0xff,
    0xa0, 0xbc, 0xd8, 0xff, 0xa0, 0xbc, 0xd8, 0xff, 0xa0, 0xc0, 0xe0, 0xff,
    0xa0, 0xc4, 0xe0, 0xff, 0xa8, 0xc4, 0xe0, 0xff, 0xb0, 0xcc, 0xf0, 0xff,
    0xa8, 0xc4, 0xe8, 0xff, 0x78, 0x8c, 0xa8, 0xff, 0x58, 0x70, 0x88, 0xff,
    0x58, 0x70, 0x88, 0xff, 0x60, 0x78, 0x90, 0xff, 0x80, 0x98, 0xb8, 0xff,
    0x78, 0x94, 0xb0, 0xff, 0x78, 0x94, 0xa8, 0xff, 0x88, 0xa4, 0xc0, 0xff,
    0x98, 0xb4, 0xd0, 0xff, 0x98, 0xb4, 0xd0, 0xff, 0x88, 0xa4, 0xc0, 0xff,
    0x88, 0xa0, 0xc0, 0xff, 0x80, 0x9c, 0xb8, 0xff, 0x50, 0x54, 0x58, 0xff,
    0x40, 0x40, 0x40, 0xff, 0x50, 0x4c, 0x50, 0xdb, 0x48, 0x48, 0x48, 0x38,
    0x48, 0x70, 0x48, 0x00, 0x50, 0x70, 0x48, 0x00, 0x48, 0x70, 0x48, 0x00,
    0x50, 0x70, 0x40, 0x00, 0x50, 0x70, 0x48, 0x00, 0x48, 0x70, 0x48, 0x00,
    0x48, 0x70, 0x48, 0x00, 0x50, 0x70, 0x48, 0x00, 0x50, 0x70, 0x40, 0x00,
    0x48, 0x70, 0x48, 0x00, 0x50, 0x70, 0x48, 0x00, 0x50, 0x70, 0x48, 0x00,
    0x48, 0x48, 0x48, 0x30, 0x50, 0x48, 0x50, 0xdb, 0x30, 0x34, 0x38, 0xff,
    0x50, 0x50, 0x50, 0xff, 0x80, 0x98, 0xb0, 0xff, 0x88, 0xa0, 0xc0, 0xff,
    0x98, 0xb0, 0xd0, 0xff, 0x90, 0xa8, 0xc0, 0xff, 0x78, 0x90, 0xa8, 0xff,
    0x88, 0xa0, 0xc0, 0xff, 0x90, 0xac, 0xc8, 0xff, 0x78, 0x94, 0xb0, 0xff,
    0x58, 0x6c, 0x80, 0xff, 0x50, 0x60, 0x70, 0xff, 0x48, 0x58, 0x70, 0xff,
    0x78, 0x8c, 0xa8, 0xff, 0xa8, 0xc8, 0xe8, 0xff, 0xb0, 0xd0, 0xf0, 0xff,
    0xb0, 0xcc, 0xf0, 0xff, 0xb0, 0xd0, 0xf0, 0xff, 0xa8, 0xcc, 0xe8, 0xff,
    0xb0, 0xcc, 0xf0, 0xff, 0xa8, 0xc8, 0xe8, 0xff, 0xa8, 0xcc, 0xe8, 0xff,
    0xb0, 0xc8, 0xe8, 0xff, 0xa8, 0xcc, 0xf0, 0xff, 0xa8, 0xc8, 0xe8, 0xff,
    0xa8, 0xc8, 0xe8, 0xff, 0xa8, 0xc0, 0xe0, 0xff, 0xa8, 0xc8, 0xe8, 0xff,
    0xa8, 0xc8, 0xe8, 0xff, 0xa0, 0xbc, 0xe0, 0xff, 0x98, 0xb0, 0xd0, 0xff,
    0x98, 0xb0, 0xd0, 0xff, 0x98, 0xb4, 0xd0, 0xff, 0x98, 0xb4, 0xd8, 0xff,
    0x90, 0xac, 0xc8, 0xff, 0x88, 0xa4, 0xc0, 0xff, 0x90, 0xb4, 0xd0, 0xff,
    0xa0, 0xbc, 0xe0, 0xff, 0xa0, 0xc0, 0xe0, 0xff, 0x90, 0xac, 0xc8, 0xff,
    0x90, 0xb0, 0xd0, 0xff, 0x98, 0xb8, 0xd8, 0xff, 0x98, 0xb8, 0xd8, 0xff,
    0x98, 0xb8, 0xd8, 0xff, 0xa0, 0xbc, 0xd8, 0xff, 0xa0, 0xb8, 0xd8, 0xff,
    0x98, 0xb8, 0xd8, 0xff, 0xa0, 0xbc, 0xe0, 0xff, 0xa0, 0xbc, 0xe0, 0xff,
    0xa0, 0xc0, 0xe0, 0xff, 0xa0, 0xc0, 0xe0, 0xff, 0xa8, 0xc8, 0xe8, 0xff,
    0xa0, 0xc4, 0xe0, 0xff, 0x78, 0x90, 0xa8, 0xff, 0x50, 0x68, 0x80, 0xff,
    0x58, 0x6c, 0x80, 0xff, 0x60, 0x74, 0x88, 0xff, 0x80, 0x9c, 0xb8, 0xff,
    0x88, 0xa4, 0xc0, 0xff, 0x88, 0xa4, 0xc0, 0xff, 0x90, 0xac, 0xc8, 0xff,
    0x98, 0xb8, 0xd8, 0xff, 0x98, 0xb4, 0xd0, 0xff, 0x88, 0xa4, 0xc0, 0xff,
    0x88, 0xa0, 0xc0, 0xff, 0x80, 0x9c, 0xb8, 0xff, 0x50, 0x50, 0x50, 0xff,
    0x30, 0x30, 0x38, 0xff, 0x50, 0x48, 0x50, 0xdb, 0x48, 0x48, 0x48, 0x30,
    0x48, 0x70, 0x48, 0x00, 0x50, 0x70, 0x48, 0x00, 0x50, 0x70, 0x48, 0x00,
    0x48, 0x70, 0x48, 0x00, 0x48, 0x70, 0x48, 0x00, 0x50, 0x70, 0x48, 0x00,
    0x48, 0x70, 0x48, 0x00, 0x50, 0x70, 0x48, 0x00, 0x48, 0x70, 0x48, 0x00,
    0x48, 0x70, 0x48, 0x00, 0x50, 0x70, 0x48, 0x00, 0x48, 0x70, 0x48, 0x00,
    0x48, 0x44, 0x48, 0x30, 0x40, 0x40, 0x40, 0xc7, 0x30, 0x34, 0x38, 0xff,
    0x40, 0x4c, 0x60, 0xff, 0x80, 0x98, 0xb0, 0xff, 0x80, 0xa0, 0xc0, 0xff,
    0x98, 0xb4, 0xd0, 0xff, 0x90, 0xac, 0xc8, 0xff, 0x78, 0x94, 0xb0, 0xff,
    0x88, 0xa4, 0xc0, 0xff, 0x90, 0xac, 0xc8, 0xff, 0x80, 0x9c, 0xb8, 0xff,
    0x58, 0x6c, 0x80, 0xff, 0x48, 0x5c, 0x70, 0xff, 0x48, 0x58, 0x70, 0xff,
    0x78, 0x90, 0xa8, 0xff, 0xa8, 0xcc, 0xe8, 0xff, 0xb0, 0xcc, 0xf0, 0xff,
    0xb0, 0xd0, 0xf0, 0xff, 0xa8, 0xcc, 0xe8, 0xff, 0xb0, 0xcc, 0xe8, 0xff,
    0xa8, 0xc8, 0xe8, 0xff, 0xa8, 0xc8, 0xe8, 0xff, 0xa8, 0xc8, 0xe8, 0xff,
    0xa8, 0xc8, 0xe8, 0xff, 0xa8, 0xc8, 0xe8, 0xff, 0xa8, 0xc8, 0xe8, 0xff,
    0xb0, 0xcc, 0xf0, 0xff, 0xa8, 0xc4, 0xe0, 0xff, 0xa8, 0xc4, 0xe0, 0xff,
    0xa8, 0xc8, 0xe8, 0xff, 0xa0, 0xc4, 0xe0, 0xff, 0xa0, 0xc0, 0xe0, 0xff,
    0xa0, 0xbc, 0xd8, 0xff, 0xa0, 0xbc, 0xd8, 0xff, 0xa0, 0xbc, 0xd8, 0xff,
    0x98, 0xb8, 0xd8, 0xff, 0x98, 0xb8, 0xd8, 0xff, 0xa0, 0xb8, 0xd8, 0xff,
    0xa0, 0xbc, 0xd8, 0xff, 0xa0, 0xc0, 0xe0, 0xff, 0x90, 0xb0, 0xc8, 0xff,
    0x98, 0xb8, 0xd8, 0xff, 0xa0, 0xbc, 0xd8, 0xff, 0xa0, 0xbc, 0xd8, 0xff,
    0xa0, 0xbc, 0xd8, 0xff, 0xa0, 0xbc, 0xd8, 0xff, 0xa0, 0xbc, 0xd8, 0xff,
    0xa0, 0xbc, 0xd8, 0xff, 0xa0, 0xbc, 0xd8, 0xff, 0xa0, 0xc0, 0xe0, 0xff,
    0xa0, 0xbc, 0xe0, 0xff, 0xa0, 0xc4, 0xe0, 0xff, 0xa8, 0xc4, 0xe8, 0xff,
    0xa0, 0xc0, 0xe0, 0xff, 0x70, 0x8c, 0xa8, 0xff, 0x50, 0x64, 0x80, 0xff,
    0x58, 0x6c, 0x80, 0xff, 0x68, 0x7c, 0x98, 0xff, 0x88, 0xa4, 0xc0, 0xff,
    0x90, 0xa8, 0xc8, 0xff, 0x90, 0xa8, 0xc8, 0xff, 0x98, 0xb4, 0xd0, 0xff,
    0xa0, 0xbc, 0xd8, 0xff, 0x98, 0xb8, 0xd8, 0xff, 0x88, 0xa4, 0xc0, 0xff,
    0x88, 0xa0, 0xc0, 0xff, 0x80, 0x9c, 0xb8, 0xff, 0x48, 0x50, 0x50, 0xff,
    0x30, 0x30, 0x38, 0xff, 0x50, 0x48, 0x50, 0xdb, 0x48, 0x48, 0x48, 0x30,
    0x48, 0x70, 0x48, 0x00, 0x50, 0x70, 0x48, 0x00, 0x48, 0x70, 0x48, 0x00,
    0x48, 0x70, 0x48, 0x00, 0x50, 0x70, 0x48, 0x00, 0x48, 0x70, 0x48, 0x00,
    0x50, 0x70, 0x48, 0x00, 0x48, 0x70, 0x48, 0x00, 0x50, 0x70, 0x48, 0x00,
    0x50, 0x70, 0x48, 0x00, 0x48, 0x70, 0x40, 0x00, 0x48, 0x70, 0x48, 0x00,
    0x48, 0x44, 0x48, 0x30, 0x40, 0x40, 0x40, 0xcb, 0x20, 0x28, 0x30, 0xff,
    0x40, 0x4c, 0x60, 0xff, 0x80, 0x98, 0xb0, 0xff, 0x88, 0xa0, 0xc0, 0xff,
    0x98, 0xb8, 0xd8, 0xff, 0x90, 0xac, 0xc8, 0xff, 0x78, 0x94, 0xb0, 0xff,
    0x88, 0xa4, 0xc0, 0xff, 0x90, 0xac, 0xc8, 0xff, 0x88, 0xa4, 0xc0, 0xff,
    0x58, 0x6c, 0x88, 0xff, 0x50, 0x64, 0x78, 0xff, 0x40, 0x54, 0x68, 0xff,
    0x60, 0x78, 0x90, 0xff, 0xa8, 0xc8, 0xe8, 0xff, 0xb0, 0xcc, 0xe8, 0xff,
    0xa8, 0xcc, 0xe8, 0xff, 0xa8, 0xc8, 0xe8, 0xff, 0xa8, 0xcc, 0xe8, 0xff,
    0xa8, 0xc8, 0xe8, 0xff, 0xa8, 0xc8, 0xe8, 0xff, 0xa8, 0xc8, 0xe8, 0xff,
    0xa8, 0xc8, 0xe8, 0xff, 0xa8, 0xc8, 0xe8, 0xff, 0xb0, 0xcc, 0xf0, 0xff,
    0xb0, 0xd0, 0xf0, 0xff, 0xa0, 0xc4, 0xe0, 0xff, 0xa0, 0xc4, 0xe0, 0xff,
    0xa8, 0xc8, 0xe8, 0xff, 0xa8, 0xc8, 0xe8, 0xff, 0xa8, 0xc8, 0xe8, 0xff,
    0xa8, 0xc4, 0xe8, 0xff, 0xa0, 0xc4, 0xe0, 0xff, 0xa0, 0xc0, 0xe0, 0xff,
    0xa0, 0xc0, 0xe0, 0xff, 0xa0, 0xb8, 0xd8, 0xff, 0xa0, 0xbc, 0xd8, 0xff,
    0xa0, 0xc0, 0xe0, 0xff, 0xa0, 0xc0, 0xe0, 0xff, 0x90, 0xa8, 0xc8, 0xff,
    0x98, 0xb4, 0xd0, 0xff, 0xa0, 0xbc, 0xe0, 0xff, 0xa0, 0xbc, 0xe0, 0xff,
    0xa0, 0xc0, 0xe0, 0xff, 0xa0, 0xbc, 0xd8, 0xff, 0xa0, 0xbc, 0xe0, 0xff,
    0x98, 0xbc, 0xd8, 0xff, 0xa0, 0xbc, 0xd8, 0xff, 0xa0, 0xc0, 0xe0, 0xff,
    0xa0, 0xbc, 0xd8, 0xff, 0xa0, 0xc0, 0xe0, 0xff, 0xa0, 0xc0, 0xe0, 0xff,
    0xa0, 0xbc, 0xd8, 0xff, 0x58, 0x70, 0x88, 0xff, 0x50, 0x5c, 0x70, 0xff,
    0x58, 0x70, 0x88, 0xff, 0x70, 0x88, 0xa0, 0xff, 0x90, 0xac, 0xc8, 0xff,
    0x90, 0xa8, 0xc8, 0xff, 0x90, 0xb0, 0xc8, 0xff, 0x98, 0xb8, 0xd8, 0xff,
    0xa0, 0xc0, 0xe0, 0xff, 0xa0, 0xc0, 0xe0, 0xff, 0x88, 0xa4, 0xc0, 0xff,
    0x80, 0x9c, 0xb8, 0xff, 0x80, 0x98, 0xb0, 0xff, 0x40, 0x4c, 0x60, 0xff,
    0x30, 0x30, 0x38, 0xff, 0x40, 0x40, 0x40, 0xc7, 0x48, 0x48, 0x48, 0x30,
    0x50, 0x70, 0x48, 0x00, 0x48, 0x70, 0x48, 0x00, 0x50, 0x70, 0x48, 0x00,
    0x50, 0x70, 0x40, 0x00, 0x48, 0x70, 0x48, 0x00, 0x50, 0x70, 0x48, 0x00,
    0x48, 0x70, 0x48, 0x00, 0x50, 0x70, 0x48, 0x00, 0x48, 0x70, 0x48, 0x00,
    0x50, 0x70, 0x48, 0x00, 0x50, 0x70, 0x48, 0x00, 0x50, 0x70, 0x48, 0x00,
    0x40, 0x44, 0x48, 0x20, 0x48, 0x4c, 0x50, 0xba, 0x20, 0x28, 0x30, 0xff,
    0x40, 0x4c, 0x60, 0xff, 0x78, 0x98, 0xb0, 0xff, 0x88, 0xa0, 0xc0, 0xff,
    0xa0, 0xbc, 0xd8, 0xff, 0x90, 0xa8, 0xc8, 0xff, 0x80, 0x98, 0xb0, 0xff,
    0x90, 0xac, 0xc8, 0xff, 0x90, 0xb0, 0xd0, 0xff, 0x88, 0xa4, 0xc0, 0xff,
    0x60, 0x74, 0x88, 0xff, 0x50, 0x64, 0x80, 0xff, 0x40, 0x54, 0x68, 0xff,
    0x58, 0x6c, 0x80, 0xff, 0xa8, 0xc4, 0xe8, 0xff, 0xa8, 0xc8, 0xe8, 0xff,
    0xa8, 0xc8, 0xe8, 0xff, 0xa8, 0xc8, 0xe8, 0xff, 0xa8, 0xc8, 0xe8, 0xff,
    0xa8, 0xc8, 0xe8, 0xff, 0xa8, 0xc8, 0xe8, 0xff, 0xa8, 0xc8, 0xe8, 0xff,
    0xa8, 0xc4, 0xe0, 0xff, 0xa8, 0xc8, 0xe8, 0xff, 0xb0, 0xd0, 0xf0, 0xff,
    0xb8, 0xd4, 0xf0, 0xff, 0xa8, 0xc8, 0xe8, 0xff, 0xa8, 0xc8, 0xe8, 0xff,
    0xb0, 0xc8, 0xe8, 0xff, 0xa8, 0xcc, 0xe8, 0xff, 0xa8, 0xc8, 0xe8, 0xff,
    0xa8, 0xc4, 0xe8, 0xff, 0xa0, 0xc0, 0xe0, 0xff, 0xa0, 0xbc, 0xd8, 0xff,
    0x98, 0xb8, 0xd8, 0xff, 0x98, 0xb8, 0xd8, 0xff, 0xa0, 0xbc, 0xd8, 0xff,
    0xa0, 0xc0, 0xe0, 0xff, 0xa0, 0xc0, 0xe0, 0xff, 0x98, 0xb0, 0xd0, 0xff,
    0x98, 0xb4, 0xd0, 0xff, 0xa0, 0xbc, 0xd8, 0xff, 0xa0, 0xc0, 0xe0, 0xff,
    0xa0, 0xbc, 0xe0, 0xff, 0xa0, 0xbc, 0xe0, 0xff, 0xa0, 0xc0, 0xe0, 0xff,
    0xa0, 0xc0, 0xe0, 0xff, 0xa0, 0xbc, 0xe0, 0xff, 0xa0, 0xc0, 0xe0, 0xff,
    0xa0, 0xc0, 0xe0, 0xff, 0xa0, 0xbc, 0xd8, 0xff, 0xa8, 0xc0, 0xe0, 0xff,
    0xa0, 0xbc, 0xd8, 0xff, 0x50, 0x64, 0x78, 0xff, 0x48, 0x58, 0x70, 0xff,
    0x58, 0x70, 0x88, 0xff, 0x70, 0x84, 0xa0, 0xff, 0x90, 0xac, 0xc8, 0xff,
    0x90, 0xb0, 0xc8, 0xff, 0x98, 0xb0, 0xd0, 0xff, 0xa0, 0xb8, 0xd8, 0xff,
    0xa8, 0xc4, 0xe8, 0xff, 0xa0, 0xc4, 0xe0, 0xff, 0x88, 0xa4, 0xc0, 0xff,
    0x80, 0x98, 0xb8, 0xff, 0x78, 0x94, 0xb0, 0xff, 0x40, 0x4c, 0x58, 0xff,
    0x30, 0x34, 0x38, 0xff, 0x40, 0x40, 0x40, 0xc7, 0x40, 0x44, 0x48, 0x24,
    0x50, 0x70, 0x48, 0x00, 0x48, 0x70, 0x48, 0x00, 0x48, 0x70, 0x48, 0x00,
    0x50, 0x70, 0x48, 0x00, 0x48, 0x70, 0x48, 0x00, 0x50, 0x70, 0x48, 0x00,
    0x48, 0x70, 0x48, 0x00, 0x50, 0x70, 0x48, 0x00, 0x48, 0x70, 0x40, 0x00,
    0x48, 0x70, 0x48, 0x00, 0x50, 0x70, 0x48, 0x00, 0x48, 0x70, 0x48, 0x00,
    0x50, 0x50, 0x58, 0x18, 0x48, 0x44, 0x48, 0x9a, 0x20, 0x28, 0x30, 0xff,
    0x50, 0x4c, 0x58, 0xff, 0x80, 0x98, 0xb0, 0xff, 0x88, 0xa4, 0xc0, 0xff,
    0xa0, 0xbc, 0xe0, 0xff, 0x88, 0xa8, 0xc8, 0xff, 0x80, 0x98, 0xb8, 0xff,
    0x90, 0xac, 0xc8, 0xff, 0x90, 0xb0, 0xd0, 0xff, 0x98, 0xb0, 0xd0, 0xff,
    0x78, 0x90, 0xa8, 0xff, 0x70, 0x88, 0xa0, 0xff, 0x68, 0x7c, 0x98, 0xff,
    0x70, 0x88, 0xa0, 0xff, 0x98, 0xb4, 0xd0, 0xff, 0x98, 0xb4, 0xd0, 0xff,
    0x98, 0xb4, 0xd0, 0xff, 0x98, 0xb4, 0xd0, 0xff, 0x98, 0xb8, 0xd8, 0xff,
    0xa0, 0xbc, 0xd8, 0xff, 0xa0, 0xbc, 0xe0, 0xff, 0xa0, 0xbc, 0xd8, 0xff,
    0xa0, 0xbc, 0xd8, 0xff, 0xa0, 0xc0, 0xe0, 0xff, 0xa0, 0xc0, 0xe0, 0xff,
    0xa8, 0xc0, 0xe0, 0xff, 0xa8, 0xc8, 0xe8, 0xff, 0xa8, 0xc8, 0xe8, 0xff,
    0xa0, 0xc4, 0xe0, 0xff, 0xa0, 0xbc, 0xe0, 0xff, 0x98, 0xb8, 0xd8, 0xff,
    0x90, 0xb0, 0xd0, 0xff, 0x90, 0xa8, 0xc0, 0xff, 0x88, 0xa4, 0xc0, 0xff,
    0x88, 0xa4, 0xc0, 0xff, 0x88, 0xa4, 0xc0, 0xff, 0x88, 0xa4, 0xc0, 0xff,
    0x90, 0xac, 0xc8, 0xff, 0x98, 0xb0, 0xd0, 0xff, 0x90, 0xb0, 0xc8, 0xff,
    0x90, 0xb0, 0xd0, 0xff, 0x98, 0xb0, 0xd0, 0xff, 0x98, 0xb4, 0xd0, 0xff,
    0x98, 0xb4, 0xd0, 0xff, 0x98, 0xb8, 0xd8, 0xff, 0xa0, 0xb8, 0xd8, 0xff,
    0xa0, 0xbc, 0xd8, 0xff, 0x98, 0xb8, 0xd8, 0xff, 0x98, 0xb4, 0xd0, 0xff,
    0x98, 0xb0, 0xd0, 0xff, 0x90, 0xb0, 0xc8, 0xff, 0x90, 0xac, 0xc8, 0xff,
    0x90, 0xac, 0xc8, 0xff, 0x70, 0x84, 0xa0, 0xff, 0x68, 0x80, 0x98, 0xff,
    0x70, 0x88, 0xa0, 0xff, 0x80, 0x98, 0xb0, 0xff, 0x98, 0xb4, 0xd0, 0xff,
    0x90, 0xac, 0xd0, 0xff, 0x98, 0xb4, 0xd0, 0xff, 0xa0, 0xbc, 0xd8, 0xff,
    0xa8, 0xc8, 0xe8, 0xff, 0xa8, 0xc8, 0xe8, 0xff, 0x88, 0xa4, 0xc0, 0xff,
    0x80, 0x9c, 0xb8, 0xff, 0x80, 0x98, 0xb0, 0xff, 0x40, 0x4c, 0x60, 0xff,
    0x30, 0x30, 0x38, 0xff, 0x48, 0x44, 0x48, 0x9a, 0x50, 0x50, 0x58, 0x14,
    0x48, 0x70, 0x48, 0x00, 0x50, 0x70, 0x48, 0x00, 0x50, 0x70, 0x48, 0x00,
    0x48, 0x70, 0x48, 0x00, 0x48, 0x70, 0x48, 0x00, 0x50, 0x70, 0x48, 0x00,
    0x50, 0x70, 0x48, 0x00, 0x48, 0x70, 0x48, 0x00, 0x50, 0x70, 0x48, 0x00,
    0x48, 0x70, 0x48, 0x00, 0x48, 0x70, 0x48, 0x00, 0x50, 0x70, 0x48, 0x00,
    0x90, 0xa0, 0xb0, 0x04, 0x40, 0x40, 0x40, 0x65, 0x38, 0x34, 0x38, 0xe3,
    0x48, 0x54, 0x60, 0xeb, 0x78, 0x98, 0xb0, 0xff, 0x88, 0xa4, 0xc0, 0xff,
    0xa0, 0xbc, 0xe0, 0xff, 0x90, 0xac, 0xc8, 0xff, 0x80, 0xa0, 0xb8, 0xff,
    0x98, 0xb0, 0xd0, 0xff, 0x90, 0xac, 0xc8, 0xff, 0x90, 0xa8, 0xc8, 0xff,
    0x88, 0xa4, 0xc0, 0xff, 0x80, 0x98, 0xb8, 0xff, 0x78, 0x90, 0xb0, 0xff,
    0x78, 0x94, 0xb0, 0xff, 0x60, 0x74, 0x88, 0xff, 0x58, 0x70, 0x88, 0xff,
    0x58, 0x6c, 0x80, 0xff, 0x50, 0x60, 0x78, 0xff, 0x50, 0x64, 0x80, 0xff,
    0x60, 0x70, 0x88, 0xff, 0x60, 0x78, 0x90, 0xff, 0x68, 0x7c, 0x98, 0xff,
    0x60, 0x74, 0x90, 0xff, 0x68, 0x7c, 0x98, 0xff, 0x60, 0x7c, 0x98, 0xff,
    0x60, 0x78, 0x90, 0xff, 0x68, 0x7c, 0x98, 0xff, 0x68, 0x7c, 0x98, 0xff,
    0x60, 0x78, 0x90, 0xff, 0x60, 0x70, 0x88, 0xff, 0x58, 0x6c, 0x88, 0xff,
    0x50, 0x64, 0x78, 0xff, 0x60, 0x70, 0x88, 0xff, 0x68, 0x80, 0xa0, 0xff,
    0x50, 0x64, 0x78, 0xff, 0x50, 0x5c, 0x70, 0xff, 0x48, 0x5c, 0x70, 0xff,
    0x50, 0x64, 0x78, 0xff, 0x50, 0x64, 0x78, 0xff, 0x50, 0x64, 0x80, 0xff,
    0x58, 0x6c, 0x80, 0xff, 0x58, 0x6c, 0x80, 0xff, 0x58, 0x70, 0x88, 0xff,
    0x60, 0x78, 0x90, 0xff, 0x60, 0x78, 0x90, 0xff, 0x60, 0x78, 0x90, 0xff,
    0x60, 0x74, 0x90, 0xff, 0x60, 0x74, 0x88, 0xff, 0x58, 0x6c, 0x88, 0xff,
    0x58, 0x6c, 0x80, 0xff, 0x58, 0x70, 0x88, 0xff, 0x58, 0x70, 0x88, 0xff,
    0x68, 0x7c, 0x98, 0xff, 0x78, 0x94, 0xb0, 0xff, 0x80, 0x9c, 0xb8, 0xff,
    0x90, 0xa8, 0xc8, 0xff, 0x90, 0xac, 0xc8, 0xff, 0x90, 0xac, 0xc8, 0xff,
    0x90, 0xb0, 0xd0, 0xff, 0x98, 0xb8, 0xd8, 0xff, 0xa0, 0xc0, 0xe0, 0xff,
    0xa8, 0xc8, 0xe8, 0xff, 0xa8, 0xc8, 0xe8, 0xff, 0x88, 0xa4, 0xc0, 0xff,
    0x80, 0x9c, 0xb8, 0xff, 0x80, 0x98, 0xb8, 0xff, 0x48, 0x54, 0x60, 0xeb,
    0x38, 0x34, 0x38, 0xe3, 0x40, 0x40, 0x40, 0x65, 0x90, 0xa0, 0xb8, 0x04,
    0x48, 0x70, 0x48, 0x00, 0x50, 0x70, 0x40, 0x00, 0x50, 0x70, 0x48, 0x00,
    0x48, 0x70, 0x48, 0x00, 0x50, 0x70, 0x40, 0x00, 0x48, 0x70, 0x48, 0x00,
    0x48, 0x70, 0x48, 0x00, 0x50, 0x70, 0x48, 0x00, 0x50, 0x70, 0x48, 0x00,
    0x48, 0x70, 0x48, 0x00, 0x50, 0x70, 0x48, 0x00, 0x48, 0x70, 0x48, 0x00,
    0x48, 0x70, 0x48, 0x00, 0x50, 0x50, 0x58, 0x14, 0x48, 0x48, 0x48, 0x3c,
    0x68, 0x7c, 0x98, 0x96, 0x80, 0x98, 0xb8, 0xf7, 0x88, 0xa8, 0xc0, 0xff,
    0xa0, 0xbc, 0xe0, 0xff, 0x90, 0xac, 0xc8, 0xff, 0x90, 0xa8, 0xc0, 0xff,
    0x98, 0xb8, 0xd8, 0xff, 0x98, 0xb0, 0xd0, 0xff, 0x88, 0xa8, 0xc0, 0xff,
    0x80, 0x9c, 0xb8, 0xff, 0x70, 0x8c, 0xa8, 0xff, 0x68, 0x80, 0x98, 0xff,
    0x70, 0x88, 0xa0, 0xff, 0x40, 0x54, 0x68, 0xff, 0x48, 0x58, 0x70, 0xff,
    0x50, 0x5c, 0x78, 0xff, 0x40, 0x54, 0x68, 0xff, 0x48, 0x58, 0x70, 0xff,
    0x50, 0x64, 0x78, 0xff, 0x50, 0x68, 0x80, 0xff, 0x58, 0x6c, 0x80, 0xff,
    0x58, 0x6c, 0x80, 0xff, 0x58, 0x6c, 0x80, 0xff, 0x58, 0x6c, 0x80, 0xff,
    0x58, 0x6c, 0x80, 0xff, 0x50, 0x64, 0x78, 0xff, 0x50, 0x64, 0x78, 0xff,
    0x48, 0x5c, 0x70, 0xff, 0x48, 0x58, 0x70, 0xff, 0x48, 0x58, 0x68, 0xff,
    0x40, 0x4c, 0x58, 0xff, 0x48, 0x5c, 0x70, 0xff, 0x60, 0x78, 0x90, 0xff,
    0x40, 0x50, 0x60, 0xff, 0x40, 0x50, 0x60, 0xff, 0x40, 0x4c, 0x60, 0xff,
    0x38, 0x44, 0x58, 0xff, 0x40, 0x4c, 0x58, 0xff, 0x40, 0x54, 0x68, 0xff,
    0x48, 0x58, 0x70, 0xff, 0x48, 0x5c, 0x70, 0xff, 0x50, 0x64, 0x78, 0xff,
    0x50, 0x64, 0x80, 0xff, 0x50, 0x64, 0x80, 0xff, 0x50, 0x64, 0x78, 0xff,
    0x50, 0x64, 0x78, 0xff, 0x50, 0x64, 0x78, 0xff, 0x50, 0x64, 0x78, 0xff,
    0x50, 0x5c, 0x70, 0xff, 0x50, 0x5c, 0x70, 0xff, 0x40, 0x54, 0x68, 0xff,
    0x50, 0x5c, 0x70, 0xff, 0x70, 0x88, 0xa8, 0xff, 0x78, 0x94, 0xb0, 0xff,
    0x80, 0xa0, 0xb8, 0xff, 0x88, 0xa4, 0xc8, 0xff, 0x90, 0xac, 0xc8, 0xff,
    0x98, 0xb4, 0xd0, 0xff, 0x98, 0xb8, 0xd8, 0xff, 0xa0, 0xc0, 0xe0, 0xff,
    0xa8, 0xc8, 0xe8, 0xff, 0xa8, 0xc8, 0xe8, 0xff, 0x88, 0xa4, 0xc0, 0xff,
    0x80, 0x9c, 0xb8, 0xff, 0x88, 0xa0, 0xc0, 0xe7, 0x70, 0x84, 0x98, 0x82,
    0x48, 0x44, 0x48, 0x3c, 0x50, 0x50, 0x58, 0x14, 0x48, 0x70, 0x48, 0x00,
    0x48, 0x70, 0x48, 0x00, 0x48, 0x70, 0x48, 0x00, 0x50, 0x70, 0x48, 0x00,
    0x48, 0x70, 0x48, 0x00, 0x50, 0x70, 0x48, 0x00, 0x48, 0x70, 0x48, 0x00,
    0x48, 0x70, 0x48, 0x00, 0x50, 0x70, 0x48, 0x00, 0x48, 0x70, 0x40, 0x00,
    0x50, 0x70, 0x48, 0x00, 0x50, 0x70, 0x48, 0x00, 0x48, 0x70, 0x48, 0x00,
    0x50, 0x70, 0x48, 0x00, 0x48, 0x70, 0x48, 0x00, 0x50, 0x70, 0x48, 0x00,
    0x80, 0x98, 0xb0, 0x55, 0x88, 0x9c, 0xb8, 0xeb, 0x80, 0x9c, 0xb8, 0xff,
    0xa0, 0xc0, 0xe0, 0xff, 0x90, 0xb0, 0xc8, 0xff, 0x90, 0xac, 0xc8, 0xff,
    0xa0, 0xbc, 0xd8, 0xff, 0x98, 0xb8, 0xd8, 0xff, 0x90, 0xb0, 0xd0, 0xff,
    0x88, 0xa4, 0xc0, 0xff, 0x80, 0x94, 0xb0, 0xff, 0x70, 0x8c, 0xa8, 0xff,
    0x68, 0x7c, 0x98, 0xff, 0x30, 0x40, 0x50, 0xff, 0x60, 0x70, 0x88, 0xff,
    0x88, 0xa4, 0xc0, 0xff, 0x90, 0xa8, 0xc8, 0xff, 0x90, 0xac, 0xc8, 0xff,
    0x98, 0xb4, 0xd0, 0xff, 0x98, 0xb4, 0xd0, 0xff, 0x98, 0xb4, 0xd8, 0xff,
    0x98, 0xb8, 0xd8, 0xff, 0x98, 0xb8, 0xd8, 0xff, 0x98, 0xb4, 0xd8, 0xff,
    0x98, 0xb4, 0xd0, 0xff, 0x98, 0xb0, 0xd0, 0xff, 0x98, 0xb0, 0xd0, 0xff,
    0x90, 0xb0, 0xc8, 0xff, 0x90, 0xa8, 0xc8, 0xff, 0x90, 0xac, 0xc8, 0xff,
    0x80, 0x9c, 0xb8, 0xff, 0x58, 0x70, 0x88, 0xff, 0x48, 0x58, 0x70, 0xff,
    0x70, 0x84, 0xa0, 0xff, 0x80, 0x9c, 0xb8, 0xff, 0x78, 0x98, 0xb8, 0xff,
    0x80, 0x98, 0xb8, 0xff, 0x80, 0x9c, 0xb8, 0xff, 0x88, 0xa0, 0xc0, 0xff,
    0x88, 0xa4, 0xc0, 0xff, 0x88, 0xa4, 0xc0, 0xff, 0x90, 0xa8, 0xc8, 0xff,
    0x90, 0xac, 0xc8, 0xff, 0x90, 0xac, 0xc8, 0xff, 0x90, 0xa8, 0xc8, 0xff,
    0x90, 0xac, 0xc8, 0xff, 0x90, 0xac, 0xc8, 0xff, 0x90, 0xb0, 0xc8, 0xff,
    0x90, 0xac, 0xc8, 0xff, 0x88, 0xa4, 0xc0, 0xff, 0x50, 0x64, 0x80, 0xff,
    0x40, 0x50, 0x60, 0xff, 0x70, 0x84, 0xa0, 0xff, 0x80, 0x98, 0xb0, 0xff,
    0x88, 0xa4, 0xc0, 0xff, 0x90, 0xa8, 0xc8, 0xff, 0x90, 0xb0, 0xd0, 0xff,
    0x98, 0xb4, 0xd0, 0xff, 0x98, 0xb8, 0xd8, 0xff, 0xa0, 0xbc, 0xd8, 0xff,
    0xa8, 0xc8, 0xe8, 0xff, 0xa8, 0xc8, 0xe8, 0xff, 0x78, 0x8c, 0xa8, 0xff,
    0x78, 0x90, 0xa8, 0xff, 0x88, 0xa0, 0xc0, 0xe7, 0x90, 0xac, 0xc8, 0x41,
    0x48, 0x70, 0x48, 0x00, 0x50, 0x70, 0x48, 0x00, 0x50, 0x70, 0x48, 0x00,
    0x48, 0x70, 0x48, 0x00, 0x50, 0x70, 0x48, 0x00, 0x48, 0x70, 0x48, 0x00,
    0x50, 0x70, 0x48, 0x00, 0x48, 0x70, 0x48, 0x00, 0x50, 0x70, 0x48, 0x00,
    0x50, 0x70, 0x48, 0x00, 0x48, 0x70, 0x48, 0x00, 0x48, 0x70, 0x48, 0x00,
    0x50, 0x70, 0x48, 0x00, 0x48, 0x70, 0x48, 0x00, 0x50, 0x70, 0x40, 0x00,
    0x48, 0x70, 0x48, 0x00, 0x50, 0x70, 0x48, 0x00, 0x48, 0x70, 0x48, 0x00,
    0x80, 0x98, 0xb0, 0x55, 0x88, 0x9c, 0xb8, 0xeb, 0x88, 0xa4, 0xc0, 0xff,
    0xa0, 0xc0, 0xe0, 0xff, 0x90, 0xa8, 0xc8, 0xff, 0x90, 0xb0, 0xc8, 0xff,
    0xa0, 0xbc, 0xe0, 0xff, 0xa0, 0xb8, 0xd8, 0xff, 0x98, 0xb4, 0xd0, 0xff,
    0x90, 0xac, 0xc8, 0xff, 0x80, 0x98, 0xb8, 0xff, 0x78, 0x90, 0xa8, 0xff,
    0x70, 0x80, 0x98, 0xff, 0x38, 0x44, 0x58, 0xff, 0x70, 0x84, 0xa0, 0xff,
    0xa0, 0xc4, 0xe0, 0xff, 0xa8, 0xcc, 0xe8, 0xff, 0xa8, 0xc8, 0xe8, 0xff,
    0xb0, 0xcc, 0xf0, 0xff, 0xb0, 0xcc, 0xe8, 0xff, 0xb0, 0xcc, 0xf0, 0xff,
    0xb0, 0xcc, 0xf0, 0xff, 0xb0, 0xcc, 0xe8, 0xff, 0xb0, 0xcc, 0xf0, 0xff,
    0xb0, 0xd0, 0xf0, 0xff, 0xb0, 0xd4, 0xf0, 0xff, 0xb0, 0xd4, 0xf0, 0xff,
    0xa8, 0xc8, 0xe8, 0xff, 0xa0, 0xc0, 0xe0, 0xff, 0xa0, 0xc4, 0xe0, 0xff,
    0xa0, 0xb8, 0xd8, 0xff, 0x68, 0x80, 0xa0, 0xff, 0x50, 0x64, 0x78, 0xff,
    0x80, 0x9c, 0xb8, 0xff, 0x98, 0xb0, 0xd0, 0xff, 0x90, 0xb0, 0xd0, 0xff,
    0x98, 0xb8, 0xd8, 0xff, 0xa0, 0xb8, 0xd8, 0xff, 0xa0, 0xbc, 0xd8, 0xff,
    0xa0, 0xc4, 0xe0, 0xff, 0xa0, 0xc0, 0xe0, 0xff, 0xa0, 0xbc, 0xe0, 0xff,
    0xa0, 0xc0, 0xe0, 0xff, 0xa0, 0xc4, 0xe0, 0xff, 0xa0, 0xc0, 0xe0, 0xff,
    0xa8, 0xc4, 0xe0, 0xff, 0xa8, 0xc8, 0xe8, 0xff, 0xb0, 0xcc, 0xf0, 0xff,
    0xb0, 0xcc, 0xf0, 0xff, 0xa0, 0xc0, 0xe0, 0xff, 0x60, 0x74, 0x88, 0xff,
    0x40, 0x54, 0x68, 0xff, 0x70, 0x84, 0xa0, 0xff, 0x80, 0x98, 0xb8, 0xff,
    0x88, 0xa4, 0xc0, 0xff, 0x90, 0xac, 0xc8, 0xff, 0x98, 0xb0, 0xd0, 0xff,
    0x98, 0xb0, 0xd0, 0xff, 0x90, 0xac, 0xc8, 0xff, 0x98, 0xb0, 0xd0, 0xff,
    0xa0, 0xc0, 0xe0, 0xff, 0xa8, 0xc8, 0xe8, 0xff, 0x88, 0xa0, 0xb8, 0xff,
    0x80, 0x98, 0xb0, 0xff, 0x88, 0xa0, 0xc0, 0xeb, 0x80, 0x98, 0xb0, 0x55,
    0x50, 0x70, 0x48, 0x00, 0x48, 0x70, 0x48, 0x00, 0x50, 0x70, 0x48, 0x00,
    0x50, 0x70, 0x48, 0x00, 0x48, 0x70, 0x40, 0x00, 0x50, 0x70, 0x48, 0x00,
    0x48, 0x70, 0x48, 0x00, 0x50, 0x70, 0x40, 0x00, 0x48, 0x70, 0x48, 0x00,
    0x48, 0x70, 0x48, 0x00, 0x50, 0x70, 0x48, 0x00, 0x50, 0x70, 0x48, 0x00,
    0x48, 0x70, 0x48, 0x00, 0x48, 0x70, 0x48, 0x00, 0x50, 0x70, 0x48, 0x00,
    0x48, 0x70, 0x48, 0x00, 0x50, 0x70, 0x48, 0x00, 0x50, 0x70, 0x48, 0x00,
    0x80, 0x98, 0xb0, 0x55, 0x88, 0x9c, 0xb8, 0xeb, 0x90, 0xac, 0xc8, 0xff,
    0xa8, 0xc4, 0xe0, 0xff, 0x98, 0xb0, 0xd0, 0xff, 0x98, 0xb4, 0xd0, 0xff,
    0xa0, 0xc0, 0xe0, 0xff, 0xa0, 0xbc, 0xe0, 0xff, 0xa0, 0xb8, 0xd8, 0xff,
    0x98, 0xb4, 0xd0, 0xff, 0x88, 0xa4, 0xc0, 0xff, 0x78, 0x90, 0xb0, 0xff,
    0x70, 0x84, 0xa0, 0xff, 0x40, 0x54, 0x68, 0xff, 0x68, 0x80, 0x98, 0xff,
    0x90, 0xa8, 0xc8, 0xff, 0x90, 0xac, 0xc8, 0xff, 0x90, 0xa8, 0xc8, 0xff,
    0x90, 0xac, 0xc8, 0xff, 0x90, 0xb0, 0xd0, 0xff, 0x90, 0xb0, 0xd0, 0xff,
    0x90, 0xb0, 0xd0, 0xff, 0x98, 0xb0, 0xd0, 0xff, 0x90, 0xb0, 0xd0, 0xff,
    0x90, 0xac, 0xc8, 0xff, 0x90, 0xac, 0xc8, 0xff, 0x98, 0xb0, 0xd0, 0xff,
    0x90, 0xac, 0xc8, 0xff, 0x88, 0xa0, 0xc0, 0xff, 0x88, 0xa4, 0xc0, 0xff,
    0x80, 0x98, 0xb0, 0xff, 0x68, 0x7c, 0x98, 0xff, 0x58, 0x6c, 0x88, 0xff,
    0x68, 0x80, 0x98, 0xff, 0x78, 0x94, 0xb0, 0xff, 0x80, 0x98, 0xb0, 0xff,
    0x80, 0x9c, 0xb8, 0xff, 0x80, 0x9c, 0xb8, 0xff, 0x88, 0x9c, 0xb8, 0xff,
    0x88, 0xa0, 0xb8, 0xff, 0x88, 0xa0, 0xc0, 0xff, 0x88, 0xa4, 0xc0, 0xff,
    0x90, 0xa8, 0xc0, 0xff, 0x90, 0xa8, 0xc8, 0xff, 0x90, 0xac, 0xc8, 0xff,
    0x90, 0xb0, 0xc8, 0xff, 0x90, 0xa8, 0xc8, 0xff, 0x90, 0xac, 0xc8, 0xff,
    0x90, 0xac, 0xc8, 0xff, 0x88, 0xa4, 0xc0, 0xff, 0x60, 0x78, 0x90, 0xff,
    0x50, 0x64, 0x80, 0xff, 0x78, 0x90, 0xa8, 0xff, 0x88, 0xa4, 0xc0, 0xff,
    0x88, 0xa8, 0xc8, 0xff, 0x90, 0xb0, 0xc8, 0xff, 0x98, 0xb0, 0xd0, 0xff,
    0x80, 0xa0, 0xb8, 0xff, 0x78, 0x94, 0xb0, 0xff, 0x88, 0xa0, 0xc0, 0xff,
    0x98, 0xb8, 0xd8, 0xff, 0xa8, 0xc8, 0xe8, 0xff, 0x90, 0xac, 0xc8, 0xff,
    0x80, 0x9c, 0xb8, 0xff, 0x88, 0xa4, 0xc0, 0xe7, 0x90, 0xac, 0xc8, 0x41,
    0x50, 0x70, 0x48, 0x00, 0x48, 0x70, 0x48, 0x00, 0x48, 0x70, 0x48, 0x00,
    0x50, 0x70, 0x48, 0x00, 0x48, 0x70, 0x48, 0x00, 0x48, 0x70, 0x48, 0x00,
    0x50, 0x70, 0x48, 0x00, 0x48, 0x70, 0x48, 0x00, 0x50, 0x70, 0x48, 0x00,
    0x48, 0x70, 0x48, 0x00, 0x50, 0x70, 0x48, 0x00, 0x48, 0x70, 0x40, 0x00,
    0x50, 0x70, 0x48, 0x00, 0x50, 0x70, 0x48, 0x00, 0x48, 0x70, 0x48, 0x00,
    0x50, 0x70, 0x48, 0x00, 0x48, 0x70, 0x48, 0x00, 0x48, 0x70, 0x48, 0x00,
    0x80, 0x94, 0xa8, 0x28, 0x80, 0x9c, 0xb8, 0xdb, 0x90, 0xac, 0xc8, 0xff,
    0xa8, 0xcc, 0xe8, 0xff, 0xa0, 0xc0, 0xe0, 0xff, 0xa0, 0xbc, 0xe0, 0xff,
    0xa0, 0xc0, 0xe0, 0xff, 0xa0, 0xc0, 0xe0, 0xff, 0xa0, 0xc0, 0xe0, 0xff,
    0xa0, 0xbc, 0xd8, 0xff, 0x98, 0xb4, 0xd0, 0xff, 0x80, 0xa0, 0xc0, 0xff,
    0x78, 0x8c, 0xa8, 0xff, 0x48, 0x60, 0x70, 0xff, 0x50, 0x68, 0x80, 0xff,
    0x50, 0x64, 0x80, 0xff, 0x58, 0x6c, 0x80, 0xff, 0x50, 0x64, 0x80, 0xff,
    0x78, 0x8c, 0xa8, 0xff, 0x88, 0xa4, 0xc0, 0xff, 0x88, 0xa8, 0xc0, 0xff,
    0x90, 0xa8, 0xc0, 0xff, 0x88, 0xa8, 0xc8, 0xff, 0x80, 0xa0, 0xb8, 0xff,
    0x58, 0x6c, 0x80, 0xff, 0x48, 0x58, 0x70, 0xff, 0x48, 0x5c, 0x70, 0xff,
    0x50, 0x64, 0x78, 0xff, 0x50, 0x60, 0x78, 0xff, 0x48, 0x5c, 0x70, 0xff,
    0x40, 0x54, 0x68, 0xff, 0x50, 0x5c, 0x70, 0xff, 0x58, 0x6c, 0x80, 0xff,
    0x38, 0x44, 0x58, 0xff, 0x40, 0x54, 0x68, 0xff, 0x48, 0x58, 0x68, 0xff,
    0x50, 0x60, 0x70, 0xff, 0x48, 0x58, 0x70, 0xff, 0x48, 0x60, 0x70, 0xff,
    0x48, 0x58, 0x70, 0xff, 0x58, 0x6c, 0x88, 0xff, 0x80, 0x9c, 0xb8, 0xff,
    0x88, 0xa0, 0xc0, 0xff, 0x88, 0xa4, 0xc0, 0xff, 0x88, 0xa4, 0xc0, 0xff,
    0x88, 0xa0, 0xc0, 0xff, 0x68, 0x80, 0x98, 0xff, 0x50, 0x64, 0x78, 0xff,
    0x50, 0x64, 0x78, 0xff, 0x50, 0x64, 0x80, 0xff, 0x50, 0x64, 0x78, 0xff,
    0x58, 0x6c, 0x80, 0xff, 0x80, 0x98, 0xb0, 0xff, 0x90, 0xac, 0xc8, 0xff,
    0x90, 0xb0, 0xd0, 0xff, 0x98, 0xb4, 0xd0, 0xff, 0x98, 0xb4, 0xd0, 0xff,
    0x78, 0x90, 0xa8, 0xff, 0x80, 0x9c, 0xb8, 0xff, 0x88, 0xa4, 0xc0, 0xff,
    0x90, 0xa8, 0xc8, 0xff, 0xa0, 0xc0, 0xe0, 0xff, 0x88, 0xa4, 0xc0, 0xff,
    0x80, 0x9c, 0xb8, 0xff, 0x88, 0x9c, 0xb8, 0xdb, 0x80, 0x90, 0xa8, 0x28,
    0x48, 0x70, 0x48, 0x00, 0x50, 0x70, 0x48, 0x00, 0x48, 0x70, 0x40, 0x00,
    0x50, 0x70, 0x48, 0x00, 0x50, 0x70, 0x48, 0x00, 0x48, 0x70, 0x48, 0x00,
    0x50, 0x70, 0x48, 0x00, 0x48, 0x70, 0x48, 0x00, 0x50, 0x70, 0x48, 0x00,
    0x50, 0x70, 0x48, 0x00, 0x48, 0x70, 0x48, 0x00, 0x48, 0x70, 0x48, 0x00,
    0x50, 0x70, 0x48, 0x00, 0x48, 0x70, 0x48, 0x00, 0x48, 0x70, 0x40, 0x00,
    0x50, 0x70, 0x48, 0x00, 0x50, 0x70, 0x48, 0x00, 0x48, 0x70, 0x48, 0x00,
    0x68, 0x74, 0x80, 0x0c, 0x88, 0xa0, 0xb8, 0xba, 0x90, 0xac, 0xc8, 0xff,
    0xa8, 0xc4, 0xe8, 0xff, 0x90, 0xb0, 0xd0, 0xff, 0x88, 0xa4, 0xc0, 0xff,
    0x90, 0xa8, 0xc0, 0xff, 0x98, 0xb4, 0xd0, 0xff, 0xa0, 0xc0, 0xe0, 0xff,
    0xa0, 0xc4, 0xe0, 0xff, 0xa0, 0xbc, 0xd8, 0xff, 0x80, 0x9c, 0xb8, 0xff,
    0x78, 0x94, 0xb0, 0xff, 0x40, 0x54, 0x68, 0xff, 0x40, 0x4c, 0x58, 0xff,
    0x40, 0x4c, 0x58, 0xff, 0x40, 0x50, 0x60, 0xff, 0x40, 0x50, 0x60, 0xff,
    0x58, 0x6c, 0x80, 0xff, 0x60, 0x78, 0x90, 0xff, 0x60, 0x78, 0x90, 0xff,
    0x60, 0x70, 0x88, 0xff, 0x58, 0x6c, 0x88, 0xff, 0x68, 0x74, 0x88, 0xff,
    0x40, 0x54, 0x68, 0xff, 0x30, 0x3c, 0x50, 0xff, 0x30, 0x40, 0x50, 0xff,
    0x38, 0x44, 0x58, 0xff, 0x30, 0x3c, 0x50, 0xff, 0x30, 0x40, 0x50, 0xff,
    0x30, 0x3c, 0x50, 0xff, 0x48, 0x60, 0x70, 0xff, 0x60, 0x78, 0x90, 0xff,
    0x30, 0x40, 0x50, 0xff, 0x30, 0x3c, 0x50, 0xff, 0x38, 0x44, 0x58, 0xff,
    0x38, 0x44, 0x58, 0xff, 0x38, 0x44, 0x58, 0xff, 0x38, 0x44, 0x58, 0xff,
    0x38, 0x44, 0x58, 0xff, 0x40, 0x54, 0x68, 0xff, 0x60, 0x70, 0x88, 0xff,
    0x60, 0x74, 0x88, 0xff, 0x60, 0x74, 0x88, 0xff, 0x60, 0x74, 0x88, 0xff,
    0x60, 0x74, 0x90, 0xff, 0x50, 0x5c, 0x70, 0xff, 0x40, 0x4c, 0x60, 0xff,
    0x40, 0x4c, 0x60, 0xff, 0x40, 0x4c, 0x60, 0xff, 0x40, 0x4c, 0x58, 0xff,
    0x48, 0x5c, 0x70, 0xff, 0x78, 0x94, 0xb0, 0xff, 0x88, 0xa4, 0xc0, 0xff,
    0x98, 0xb4, 0xd8, 0xff, 0xa0, 0xbc, 0xd8, 0xff, 0x98, 0xb4, 0xd0, 0xff,
    0x80, 0x98, 0xb8, 0xff, 0x88, 0xa4, 0xc0, 0xff, 0x88, 0xa0, 0xb8, 0xff,
    0x88, 0xa0, 0xc0, 0xff, 0xa0, 0xbc, 0xd8, 0xff, 0x90, 0xa8, 0xc8, 0xff,
    0x80, 0x9c, 0xb8, 0xff, 0x90, 0xa8, 0xc0, 0xae, 0x88, 0x9c, 0xb8, 0x0c,
    0x48, 0x70, 0x48, 0x00, 0x50, 0x70, 0x48, 0x00, 0x48, 0x70, 0x48, 0x00,
    0x48, 0x70, 0x48, 0x00, 0x50, 0x70, 0x48, 0x00, 0x50, 0x70, 0x40, 0x00,
    0x48, 0x70, 0x48, 0x00, 0x50, 0x70, 0x48, 0x00, 0x48, 0x70, 0x48, 0x00,
    0x48, 0x70, 0x48, 0x00, 0x50, 0x70, 0x48, 0x00, 0x50, 0x70, 0x48, 0x00,
    0x48, 0x70, 0x48, 0x00, 0x50, 0x70, 0x48, 0x00, 0x48, 0x70, 0x48, 0x00,
    0x50, 0x70, 0x48, 0x00, 0x48, 0x70, 0x48, 0x00, 0x50, 0x70, 0x48, 0x00,
    0x68, 0x70, 0x80, 0x04, 0x88, 0x9c, 0xb8, 0x8e, 0x90, 0xac, 0xc8, 0xff,
    0xa0, 0xbc, 0xd8, 0xff, 0x90, 0xa8, 0xc8, 0xff, 0x88, 0xa4, 0xc0, 0xff,
    0x90, 0xa8, 0xc8, 0xff, 0x88, 0xa4, 0xc0, 0xff, 0xa0, 0xc0, 0xe0, 0xff,
    0xa8, 0xc8, 0xe8, 0xff, 0xa0, 0xbc, 0xd8, 0xff, 0x88, 0xa0, 0xc0, 0xff,
    0x88, 0xa0, 0xc0, 0xff, 0x60, 0x78, 0x90, 0xff, 0x50, 0x64, 0x78, 0xff,
    0x50, 0x64, 0x78, 0xff, 0x50, 0x64, 0x78, 0xff, 0x48, 0x5c, 0x70, 0xff,
    0x48, 0x5c, 0x78, 0xff, 0x50, 0x60, 0x70, 0xff, 0x50, 0x5c, 0x70, 0xff,
    0x48, 0x58, 0x70, 0xff, 0x48, 0x58, 0x70, 0xff, 0x50, 0x60, 0x70, 0xff,
    0x50, 0x64, 0x78, 0xff, 0x50, 0x5c, 0x70, 0xff, 0x50, 0x60, 0x70, 0xff,
    0x50, 0x64, 0x78, 0xff, 0x48, 0x5c, 0x70, 0xff, 0x48, 0x58, 0x70, 0xff,
    0x48, 0x58, 0x68, 0xff, 0x60, 0x78, 0x90, 0xff, 0x78, 0x90, 0xb0, 0xff,
    0x50, 0x64, 0x78, 0xff, 0x40, 0x54, 0x68, 0xff, 0x48, 0x58, 0x68, 0xff,
    0x48, 0x60, 0x70, 0xff, 0x50, 0x60, 0x70, 0xff, 0x48, 0x5c, 0x70, 0xff,
    0x50, 0x60, 0x70, 0xff, 0x48, 0x58, 0x68, 0xff, 0x48, 0x60, 0x70, 0xff,
    0x48, 0x58, 0x68, 0xff, 0x48, 0x58, 0x70, 0xff, 0x50, 0x60, 0x70, 0xff,
    0x48, 0x60, 0x70, 0xff, 0x48, 0x5c, 0x70, 0xff, 0x50, 0x64, 0x78, 0xff,
    0x50, 0x64, 0x78, 0xff, 0x50, 0x64, 0x78, 0xff, 0x50, 0x64, 0x78, 0xff,
    0x70, 0x84, 0xa0, 0xff, 0x88, 0xa0, 0xc0, 0xff, 0x88, 0xa4, 0xc0, 0xff,
    0x98, 0xb8, 0xd8, 0xff, 0xa0, 0xbc, 0xe0, 0xff, 0x98, 0xb8, 0xd8, 0xff,
    0x80, 0x98, 0xb8, 0xff, 0x88, 0xa4, 0xc0, 0xff, 0x80, 0xa0, 0xc0, 0xff,
    0x88, 0xa4, 0xc0, 0xff, 0xa0, 0xc0, 0xe0, 0xff, 0x90, 0xac, 0xc8, 0xff,
    0x80, 0x98, 0xb8, 0xf7, 0x88, 0xa0, 0xb8, 0x75, 0x90, 0xa0, 0xb0, 0x04,
    0x48, 0x70, 0x48, 0x00, 0x50, 0x70, 0x48, 0x00, 0x50, 0x70, 0x48, 0x00,
    0x48, 0x70, 0x48, 0x00, 0x48, 0x70, 0x48, 0x00, 0x50, 0x70, 0x48, 0x00,
    0x48, 0x70, 0x48, 0x00, 0x48, 0x70, 0x48, 0x00, 0x50, 0x70, 0x48, 0x00,
    0x48, 0x70, 0x48, 0x00, 0x50, 0x70, 0x48, 0x00, 0x48, 0x70, 0x40, 0x00,
    0x50, 0x70, 0x48, 0x00, 0x48, 0x70, 0x48, 0x00, 0x50, 0x70, 0x48, 0x00,
    0x48, 0x70, 0x48, 0x00, 0x48, 0x70, 0x40, 0x00, 0x50, 0x70, 0x48, 0x00,
    0x88, 0x9c, 0xb0, 0x00, 0x80, 0x98, 0xb0, 0x55, 0x90, 0xa8, 0xc8, 0xff,
    0x98, 0xb8, 0xd8, 0xff, 0xa0, 0xb8, 0xd8, 0xff, 0xa8, 0xc4, 0xe0, 0xff,
    0xa0, 0xc0, 0xe0, 0xff, 0x90, 0xac, 0xc8, 0xff, 0xa0, 0xc0, 0xe0, 0xff,
    0xa8, 0xc8, 0xe8, 0xff, 0xa0, 0xbc, 0xe0, 0xff, 0xa0, 0xc0, 0xe0, 0xff,
    0x98, 0xb4, 0xd0, 0xff, 0x78, 0x90, 0xa8, 0xff, 0x60, 0x74, 0x88, 0xff,
    0x60, 0x70, 0x88, 0xff, 0x58, 0x6c, 0x88, 0xff, 0x60, 0x74, 0x88, 0xff,
    0x58, 0x6c, 0x88, 0xff, 0x58, 0x70, 0x88, 0xff, 0x58, 0x70, 0x88, 0xff,
    0x58, 0x6c, 0x88, 0xff, 0x70, 0x84, 0xa0, 0xff, 0x60, 0x74, 0x88, 0xff,
    0x60, 0x70, 0x88, 0xff, 0x60, 0x70, 0x88, 0xff, 0x60, 0x74, 0x88, 0xff,
    0x60, 0x70, 0x88, 0xff, 0x58, 0x70, 0x88, 0xff, 0x58, 0x6c, 0x80, 0xff,
    0x58, 0x6c, 0x80, 0xff, 0x70, 0x8c, 0xa8, 0xff, 0x88, 0xa0, 0xc0, 0xff,
    0x60, 0x74, 0x90, 0xff, 0x50, 0x64, 0x78, 0xff, 0x50, 0x64, 0x80, 0xff,
    0x58, 0x6c, 0x80, 0xff, 0x60, 0x74, 0x88, 0xff, 0x60, 0x70, 0x88, 0xff,
    0x58, 0x6c, 0x88, 0xff, 0x58, 0x70, 0x88, 0xff, 0x60, 0x78, 0x90, 0xff,
    0x68, 0x74, 0x88, 0xff, 0x50, 0x64, 0x80, 0xff, 0x58, 0x6c, 0x88, 0xff,
    0x58, 0x70, 0x88, 0xff, 0x60, 0x70, 0x88, 0xff, 0x60, 0x70, 0x88, 0xff,
    0x60, 0x70, 0x88, 0xff, 0x60, 0x74, 0x88, 0xff, 0x68, 0x7c, 0x98, 0xff,
    0x80, 0x9c, 0xb8, 0xff, 0x98, 0xb8, 0xd8, 0xff, 0x98, 0xb8, 0xd8, 0xff,
    0x98, 0xb4, 0xd0, 0xff, 0xa0, 0xbc, 0xd8, 0xff, 0x98, 0xb4, 0xd8, 0xff,
    0x80, 0x9c, 0xb8, 0xff, 0x98, 0xb4, 0xd0, 0xff, 0x90, 0xac, 0xc8, 0xff,
    0x90, 0xa8, 0xc8, 0xff, 0xa0, 0xc4, 0xe0, 0xff, 0x80, 0x9c, 0xb8, 0xff,
    0x70, 0x84, 0xa0, 0xe3, 0x80, 0x98, 0xb0, 0x55, 0x88, 0x9c, 0xb0, 0x00,
    0x50, 0x70, 0x48, 0x00, 0x48, 0x70, 0x48, 0x00, 0x50, 0x70, 0x40, 0x00,
    0x50, 0x70, 0x48, 0x00, 0x48, 0x70, 0x48, 0x00, 0x50, 0x70, 0x48, 0x00,
    0x50, 0x70, 0x40, 0x00, 0x48, 0x70, 0x48, 0x00, 0x50, 0x70, 0x48, 0x00,
    0x50, 0x70, 0x48, 0x00, 0x48, 0x70, 0x48, 0x00, 0x48, 0x70, 0x48, 0x00,
    0x50, 0x70, 0x48, 0x00, 0x50, 0x70, 0x48, 0x00, 0x48, 0x70, 0x40, 0x00,
    0x50, 0x70, 0x48, 0x00, 0x50, 0x70, 0x48, 0x00, 0x48, 0x70, 0x48, 0x00,
    0x48, 0x70, 0x48, 0x00, 0x80, 0x90, 0xa8, 0x34, 0x88, 0xa4, 0xc0, 0xeb,
    0xa0, 0xbc, 0xd8, 0xff, 0x98, 0xb4, 0xd0, 0xff, 0xa0, 0xbc, 0xd8, 0xff,
    0x98, 0xb8, 0xd8, 0xff, 0x98, 0xb4, 0xd0, 0xff, 0xa8, 0xc4, 0xe0, 0xff,
    0xa0, 0xbc, 0xe0, 0xff, 0x98, 0xb4, 0xd0, 0xff, 0x98, 0xb8, 0xd8, 0xff,
    0x90, 0xa8, 0xc8, 0xff, 0x70, 0x8c, 0xa8, 0xff, 0x60, 0x70, 0x88, 0xff,
    0x60, 0x74, 0x88, 0xff, 0x60, 0x74, 0x88, 0xff, 0x60, 0x70, 0x88, 0xff,
    0x60, 0x74, 0x88, 0xff, 0x58, 0x6c, 0x88, 0xff, 0x58, 0x70, 0x88, 0xff,
    0x60, 0x70, 0x88, 0xff, 0x70, 0x8c, 0xa0, 0xff, 0x60, 0x70, 0x88, 0xff,
    0x60, 0x74, 0x88, 0xff, 0x60, 0x74, 0x90, 0xff, 0x60, 0x74, 0x90, 0xff,
    0x60, 0x74, 0x88, 0xff, 0x58, 0x6c, 0x88, 0xff, 0x58, 0x6c, 0x80, 0xff,
    0x58, 0x6c, 0x80, 0xff, 0x78, 0x8c, 0xa8, 0xff, 0x90, 0xa8, 0xc8, 0xff,
    0x60, 0x78, 0x90, 0xff, 0x50, 0x68, 0x80, 0xff, 0x58, 0x6c, 0x80, 0xff,
    0x58, 0x6c, 0x88, 0xff, 0x60, 0x70, 0x88, 0xff, 0x60, 0x74, 0x88, 0xff,
    0x60, 0x70, 0x88, 0xff, 0x58, 0x6c, 0x88, 0xff, 0x68, 0x7c, 0x98, 0xff,
    0x60, 0x78, 0x90, 0xff, 0x58, 0x6c, 0x80, 0xff, 0x58, 0x6c, 0x80, 0xff,
    0x58, 0x6c, 0x80, 0xff, 0x58, 0x70, 0x88, 0xff, 0x60, 0x70, 0x88, 0xff,
    0x60, 0x74, 0x88, 0xff, 0x60, 0x70, 0x88, 0xff, 0x68, 0x7c, 0x98, 0xff,
    0x80, 0x9c, 0xb8, 0xff, 0x98, 0xb0, 0xd0, 0xff, 0x90, 0xac, 0xc8, 0xff,
    0x90, 0xa8, 0xc8, 0xff, 0x98, 0xb0, 0xd0, 0xff, 0x90, 0xac, 0xc8, 0xff,
    0x88, 0xa4, 0xc0, 0xff, 0x98, 0xb0, 0xd0, 0xff, 0x98, 0xb0, 0xd0, 0xff,
    0x90, 0xb0, 0xd0, 0xff, 0xa0, 0xbc, 0xd8, 0xff, 0x80, 0x98, 0xb0, 0xff,
    0x78, 0x90, 0xa8, 0xcb, 0x88, 0xa0, 0xb8, 0x20, 0x48, 0x70, 0x48, 0x00,
    0x50, 0x70, 0x48, 0x00, 0x48, 0x70, 0x48, 0x00, 0x48, 0x70, 0x48, 0x00,
    0x50, 0x70, 0x48, 0x00, 0x48, 0x70, 0x48, 0x00, 0x48, 0x70, 0x48, 0x00,
    0x50, 0x70, 0x48, 0x00, 0x48, 0x70, 0x48, 0x00, 0x48, 0x70, 0x48, 0x00,
    0x50, 0x70, 0x48, 0x00, 0x48, 0x70, 0x48, 0x00, 0x50, 0x70, 0x48, 0x00,
    0x48, 0x70, 0x48, 0x00, 0x48, 0x70, 0x48, 0x00, 0x50, 0x70, 0x48, 0x00,
    0x48, 0x70, 0x48, 0x00, 0x50, 0x70, 0x48, 0x00, 0x48, 0x70, 0x48, 0x00,
    0x68, 0x74, 0x80, 0x04, 0x80, 0x90, 0xa8, 0x28, 0x88, 0xa0, 0xb8, 0xba,
    0xa0, 0xc0, 0xe0, 0xff, 0x98, 0xbc, 0xd8, 0xff, 0x98, 0xb8, 0xd8, 0xff,
    0x98, 0xb8, 0xd8, 0xff, 0xa0, 0xbc, 0xd8, 0xff, 0xa0, 0xbc, 0xd8, 0xff,
    0x98, 0xb8, 0xd8, 0xff, 0x90, 0xac, 0xc8, 0xff, 0x88, 0xa4, 0xc0, 0xff,
    0x70, 0x84, 0xa0, 0xff, 0x70, 0x88, 0xa0, 0xff, 0x60, 0x78, 0x90, 0xff,
    0x68, 0x74, 0x90, 0xff, 0x60, 0x74, 0x90, 0xff, 0x68, 0x74, 0x88, 0xff,
    0x68, 0x74, 0x88, 0xff, 0x60, 0x74, 0x88, 0xff, 0x60, 0x74, 0x88, 0xff,
    0x68, 0x78, 0x90, 0xff, 0x78, 0x90, 0xb0, 0xff, 0x60, 0x7c, 0x90, 0xff,
    0x60, 0x78, 0x90, 0xff, 0x68, 0x7c, 0x98, 0xff, 0x68, 0x7c, 0x90, 0xff,
    0x60, 0x78, 0x90, 0xff, 0x68, 0x74, 0x88, 0xff, 0x60, 0x70, 0x88, 0xff,
    0x58, 0x6c, 0x88, 0xff, 0x78, 0x94, 0xb0, 0xff, 0x98, 0xb4, 0xd0, 0xff,
    0x70, 0x80, 0x98, 0xff, 0x58, 0x6c, 0x88, 0xff, 0x68, 0x74, 0x88, 0xff,
    0x60, 0x74, 0x88, 0xff, 0x60, 0x78, 0x90, 0xff, 0x68, 0x78, 0x90, 0xff,
    0x60, 0x78, 0x90, 0xff, 0x68, 0x74, 0x88, 0xff, 0x70, 0x80, 0x98, 0xff,
    0x68, 0x80, 0x98, 0xff, 0x60, 0x70, 0x88, 0xff, 0x60, 0x70, 0x88, 0xff,
    0x60, 0x74, 0x88, 0xff, 0x60, 0x74, 0x90, 0xff, 0x60, 0x74, 0x90, 0xff,
    0x60, 0x74, 0x88, 0xff, 0x60, 0x74, 0x90, 0xff, 0x70, 0x84, 0xa0, 0xff,
    0x78, 0x90, 0xa8, 0xff, 0x78, 0x94, 0xb0, 0xff, 0x90, 0xa8, 0xc8, 0xff,
    0x90, 0xb0, 0xd0, 0xff, 0x98, 0xb4, 0xd0, 0xff, 0x98, 0xb8, 0xd8, 0xff,
    0x98, 0xb4, 0xd0, 0xff, 0x90, 0xac, 0xc8, 0xff, 0x90, 0xb0, 0xd0, 0xff,
    0xa0, 0xbc, 0xd8, 0xff, 0xa0, 0xb8, 0xd8, 0xff, 0x80, 0x94, 0xb0, 0xef,
    0x70, 0x84, 0x98, 0x82, 0x80, 0x90, 0xa8, 0x10, 0x48, 0x70, 0x48, 0x00,
    0x50, 0x70, 0x48, 0x00, 0x50, 0x70, 0x48, 0x00, 0x48, 0x70, 0x48, 0x00,
    0x50, 0x70, 0x48, 0x00, 0x48, 0x70, 0x40, 0x00, 0x50, 0x70, 0x48, 0x00,
    0x50, 0x70, 0x48, 0x00, 0x48, 0x70, 0x48, 0x00, 0x50, 0x70, 0x48, 0x00,
    0x48, 0x70, 0x48, 0x00, 0x50, 0x70, 0x48, 0x00, 0x50, 0x70, 0x40, 0x00,
    0x48, 0x70, 0x48, 0x00, 0x50, 0x70, 0x48, 0x00, 0x48, 0x70, 0x48, 0x00,
    0x48, 0x70, 0x48, 0x00, 0x50, 0x70, 0x48, 0x00, 0x50, 0x70, 0x48, 0x00,
    0x78, 0x90, 0xa8, 0x30, 0x50, 0x60, 0x70, 0xaa, 0x60, 0x78, 0x90, 0xd7,
    0x98, 0xb4, 0xd0, 0xff, 0xa0, 0xb8, 0xd8, 0xff, 0x98, 0xb8, 0xd8, 0xff,
    0x98, 0xb4, 0xd8, 0xff, 0x98, 0xb4, 0xd0, 0xff, 0x98, 0xb0, 0xd0, 0xff,
    0x90, 0xac, 0xc8, 0xff, 0x90, 0xac, 0xc8, 0xff, 0x88, 0xa0, 0xb8, 0xff,
    0x58, 0x6c, 0x80, 0xff, 0x70, 0x84, 0xa0, 0xff, 0x68, 0x7c, 0x90, 0xff,
    0x68, 0x7c, 0x98, 0xff, 0x60, 0x78, 0x90, 0xff, 0x60, 0x78, 0x90, 0xff,
    0x60, 0x78, 0x90, 0xff, 0x68, 0x78, 0x90, 0xff, 0x60, 0x74, 0x88, 0xff,
    0x68, 0x7c, 0x98, 0xff, 0x78, 0x94, 0xb0, 0xff, 0x68, 0x7c, 0x98, 0xff,
    0x68, 0x7c, 0x98, 0xff, 0x68, 0x80, 0x98, 0xff, 0x68, 0x7c, 0x98, 0xff,
    0x68, 0x7c, 0x98, 0xff, 0x68, 0x7c, 0x98, 0xff, 0x60, 0x78, 0x90, 0xff,
    0x60, 0x74, 0x88, 0xff, 0x80, 0x98, 0xb8, 0xff, 0x98, 0xb4, 0xd0, 0xff,
    0x70, 0x88, 0xa0, 0xff, 0x60, 0x74, 0x88, 0xff, 0x60, 0x78, 0x90, 0xff,
    0x68, 0x78, 0x90, 0xff, 0x68, 0x7c, 0x98, 0xff, 0x60, 0x7c, 0x98, 0xff,
    0x60, 0x78, 0x90, 0xff, 0x60, 0x74, 0x90, 0xff, 0x70, 0x88, 0xa0, 0xff,
    0x70, 0x84, 0xa0, 0xff, 0x60, 0x74, 0x90, 0xff, 0x60, 0x74, 0x88, 0xff,
    0x68, 0x74, 0x90, 0xff, 0x68, 0x74, 0x88, 0xff, 0x60, 0x78, 0x90, 0xff,
    0x68, 0x78, 0x90, 0xff, 0x60, 0x78, 0x90, 0xff, 0x70, 0x84, 0xa0, 0xff,
    0x68, 0x84, 0x98, 0xff, 0x68, 0x80, 0xa0, 0xff, 0x90, 0xac, 0xc8, 0xff,
    0x90, 0xb0, 0xc8, 0xff, 0x98, 0xb4, 0xd0, 0xff, 0x98, 0xb4, 0xd0, 0xff,
    0x98, 0xb8, 0xd8, 0xff, 0x98, 0xb4, 0xd0, 0xff, 0x98, 0xb4, 0xd0, 0xff,
    0xa0, 0xbc, 0xd8, 0xff, 0x90, 0xb0, 0xd0, 0xff, 0x60, 0x78, 0x90, 0xd7,
    0x68, 0x7c, 0x90, 0x96, 0x80, 0x90, 0xa8, 0x34, 0x88, 0x9c, 0xb0, 0x00,
    0x48, 0x70, 0x48, 0x00, 0x50, 0x70, 0x48, 0x00, 0x48, 0x70, 0x48, 0x00,
    0x48, 0x70, 0x48, 0x00, 0x50, 0x70, 0x48, 0x00, 0x48, 0x70, 0x48, 0x00,
    0x48, 0x70, 0x48, 0x00, 0x50, 0x70, 0x40, 0x00, 0x48, 0x70, 0x48, 0x00,
    0x48, 0x70, 0x48, 0x00, 0x50, 0x70, 0x48, 0x00, 0x48, 0x70, 0x48, 0x00,
    0x50, 0x70, 0x48, 0x00, 0x50, 0x70, 0x48, 0x00, 0x48, 0x70, 0x40, 0x00,
    0x50, 0x70, 0x48, 0x00, 0x48, 0x70, 0x48, 0x00, 0x50, 0x70, 0x48, 0x00,
    0x60, 0x70, 0x80, 0x55, 0x60, 0x70, 0x88, 0xff, 0x70, 0x84, 0xa0, 0xff,
    0x90, 0xb0, 0xc8, 0xff, 0x90, 0xb0, 0xd0, 0xff, 0x90, 0xac, 0xc8, 0xff,
    0x90, 0xac, 0xc8, 0xff, 0x90, 0xac, 0xc8, 0xff, 0x88, 0xa4, 0xc8, 0xff,
    0x88, 0xa4, 0xc0, 0xff, 0x88, 0xa0, 0xc0, 0xff, 0x78, 0x98, 0xb0, 0xff,
    0x58, 0x6c, 0x88, 0xff, 0x70, 0x84, 0xa0, 0xff, 0x68, 0x80, 0x98, 0xff,
    0x68, 0x80, 0x98, 0xff, 0x68, 0x80, 0x98, 0xff, 0x68, 0x7c, 0x98, 0xff,
    0x68, 0x80, 0x98, 0xff, 0x68, 0x7c, 0x98, 0xff, 0x68, 0x7c, 0x98, 0xff,
    0x68, 0x80, 0x98, 0xff, 0x80, 0x98, 0xb0, 0xff, 0x70, 0x84, 0xa0, 0xff,
    0x68, 0x80, 0x98, 0xff, 0x70, 0x84, 0xa0, 0xff, 0x70, 0x84, 0x98, 0xff,
    0x68, 0x80, 0x98, 0xff, 0x70, 0x80, 0x98, 0xff, 0x70, 0x84, 0x98, 0xff,
    0x68, 0x80, 0x98, 0xff, 0x88, 0xa4, 0xc0, 0xff, 0xa0, 0xbc, 0xd8, 0xff,
    0x78, 0x8c, 0xa8, 0xff, 0x68, 0x80, 0x98, 0xff, 0x68, 0x80, 0x98, 0xff,
    0x68, 0x80, 0x98, 0xff, 0x68, 0x80, 0x98, 0xff, 0x68, 0x7c, 0x98, 0xff,
    0x68, 0x80, 0x98, 0xff, 0x68, 0x7c, 0x98, 0xff, 0x70, 0x8c, 0xa8, 0xff,
    0x70, 0x88, 0xa0, 0xff, 0x68, 0x7c, 0x90, 0xff, 0x68, 0x7c, 0x98, 0xff,
    0x68, 0x7c, 0x98, 0xff, 0x68, 0x7c, 0x90, 0xff, 0x68, 0x7c, 0x98, 0xff,
    0x68, 0x80, 0x98, 0xff, 0x68, 0x7c, 0x90, 0xff, 0x70, 0x88, 0xa0, 0xff,
    0x70, 0x84, 0xa0, 0xff, 0x70, 0x84, 0xa0, 0xff, 0x88, 0xa4, 0xc0, 0xff,
    0x88, 0xa8, 0xc0, 0xff, 0x88, 0xa4, 0xc0, 0xff, 0x90, 0xa8, 0xc8, 0xff,
    0x90, 0xa8, 0xc8, 0xff, 0x90, 0xac, 0xc8, 0xff, 0x90, 0xb0, 0xd0, 0xff,
    0x98, 0xb4, 0xd0, 0xff, 0x90, 0xac, 0xc8, 0xff, 0x68, 0x80, 0x98, 0xff,
    0x70, 0x80, 0x98, 0xff, 0x80, 0x98, 0xb0, 0x55, 0x90, 0xa0, 0xb8, 0x04,
    0x48, 0x70, 0x48, 0x00, 0x50, 0x70, 0x48, 0x00, 0x50, 0x70, 0x40, 0x00,
    0x48, 0x70, 0x48, 0x00, 0x50, 0x70, 0x48, 0x00, 0x50, 0x70, 0x48, 0x00,
    0x48, 0x70, 0x48, 0x00, 0x50, 0x70, 0x48, 0x00, 0x48, 0x70, 0x48, 0x00,
    0x50, 0x70, 0x48, 0x00, 0x48, 0x70, 0x48, 0x00, 0x48, 0x70, 0x48, 0x00,
    0x50, 0x70, 0x48, 0x00, 0x48, 0x70, 0x48, 0x00, 0x50, 0x70, 0x48, 0x00,
    0x48, 0x70, 0x48, 0x00, 0x48, 0x70, 0x48, 0x00, 0x50, 0x70, 0x48, 0x00,
    0x70, 0x80, 0x98, 0x61, 0x60, 0x74, 0x88, 0xff, 0x78, 0x8c, 0xa8, 0xff,
    0x90, 0xac, 0xc8, 0xff, 0x90, 0xac, 0xc8, 0xff, 0x90, 0xac, 0xc8, 0xff,
    0x90, 0xa8, 0xc8, 0xff, 0x88, 0xa4, 0xc0, 0xff, 0x88, 0xa4, 0xc0, 0xff,
    0x88, 0xa0, 0xc0, 0xff, 0x80, 0x9c, 0xb8, 0xff, 0x80, 0x98, 0xb8, 0xff,
    0x58, 0x70, 0x88, 0xff, 0x70, 0x88, 0xa0, 0xff, 0x70, 0x84, 0xa0, 0xff,
    0x68, 0x80, 0x98, 0xff, 0x70, 0x80, 0x98, 0xff, 0x70, 0x80, 0x98, 0xff,
    0x68, 0x80, 0x98, 0xff, 0x68, 0x80, 0x98, 0xff, 0x70, 0x80, 0x98, 0xff,
    0x68, 0x80, 0x98, 0xff, 0x80, 0x98, 0xb0, 0xff, 0x70, 0x88, 0xa0, 0xff,
    0x68, 0x80, 0x98, 0xff, 0x70, 0x84, 0xa0, 0xff, 0x70, 0x88, 0xa0, 0xff,
    0x70, 0x84, 0xa0, 0xff, 0x70, 0x84, 0xa0, 0xff, 0x68, 0x84, 0xa0, 0xff,
    0x70, 0x84, 0xa0, 0xff, 0x88, 0xa4, 0xc0, 0xff, 0xa0, 0xc0, 0xe0, 0xff,
    0x78, 0x90, 0xb0, 0xff, 0x70, 0x80, 0x98, 0xff, 0x70, 0x84, 0xa0, 0xff,
    0x70, 0x84, 0xa0, 0xff, 0x68, 0x80, 0x98, 0xff, 0x68, 0x80, 0x98, 0xff,
    0x70, 0x80, 0x98, 0xff, 0x68, 0x7c, 0x90, 0xff, 0x78, 0x90, 0xa8, 0xff,
    0x70, 0x8c, 0xa8, 0xff, 0x68, 0x7c, 0x90, 0xff, 0x68, 0x80, 0x98, 0xff,
    0x68, 0x80, 0x98, 0xff, 0x68, 0x80, 0x98, 0xff, 0x68, 0x80, 0x98, 0xff,
    0x70, 0x80, 0x98, 0xff, 0x68, 0x80, 0x98, 0xff, 0x70, 0x88, 0xa0, 0xff,
    0x70, 0x84, 0xa0, 0xff, 0x70, 0x88, 0xa0, 0xff, 0x90, 0xa8, 0xc8, 0xff,
    0x90, 0xa8, 0xc8, 0xff, 0x88, 0xa4, 0xc0, 0xff, 0x88, 0xa4, 0xc0, 0xff,
    0x90, 0xa8, 0xc8, 0xff, 0x90, 0xa8, 0xc8, 0xff, 0x90, 0xac, 0xc8, 0xff,
    0x98, 0xb0, 0xd0, 0xff, 0x90, 0xb0, 0xd0, 0xff, 0x78, 0x8c, 0xa8, 0xff,
    0x68, 0x80, 0x98, 0xff, 0x80, 0x98, 0xb0, 0x55, 0x90, 0xa0, 0xb8, 0x04,
    0x48, 0x70, 0x48, 0x00, 0x48, 0x70, 0x48, 0x00, 0x50, 0x70, 0x48, 0x00,
    0x48, 0x70, 0x48, 0x00, 0x50, 0x70, 0x48, 0x00, 0x48, 0x70, 0x40, 0x00,
    0x50, 0x70, 0x48, 0x00, 0x50, 0x70, 0x48, 0x00, 0x48, 0x70, 0x48, 0x00,
    0x48, 0x70, 0x48, 0x00, 0x50, 0x70, 0x48, 0x00, 0x50, 0x70, 0x40, 0x00,
    0x48, 0x70, 0x48, 0x00, 0x48, 0x70, 0x48, 0x00, 0x50, 0x70, 0x48, 0x00,
    0x50, 0x70, 0x40, 0x00, 0x48, 0x70, 0x48, 0x00, 0x48, 0x70, 0x48, 0x00,
    0x60, 0x70, 0x80, 0x55, 0x58, 0x6c, 0x80, 0xff, 0x70, 0x88, 0xa0, 0xff,
    0x88, 0xa4, 0xc8, 0xff, 0x88, 0xa8, 0xc0, 0xff, 0x90, 0xa4, 0xc8, 0xff,
    0x88, 0xa4, 0xc0, 0xff, 0x88, 0xa4, 0xc0, 0xff, 0x88, 0xa4, 0xc0, 0xff,
    0x88, 0xa0, 0xc0, 0xff, 0x88, 0xa4, 0xc0, 0xff, 0x80, 0x98, 0xb0, 0xff,
    0x58, 0x6c, 0x80, 0xff, 0x70, 0x84, 0xa0, 0xff, 0x70, 0x84, 0xa0, 0xff,
    0x68, 0x80, 0x98, 0xff, 0x70, 0x80, 0x98, 0xff, 0x68, 0x80, 0x98, 0xff,
    0x70, 0x80, 0xa0, 0xff, 0x70, 0x84, 0x98, 0xff, 0x68, 0x80, 0x98, 0xff,
    0x68, 0x80, 0xa0, 0xff, 0x80, 0x98, 0xb8, 0xff, 0x70, 0x88, 0xa0, 0xff,
    0x70, 0x80, 0x98, 0xff, 0x70, 0x84, 0xa0, 0xff, 0x70, 0x88, 0xa0, 0xff,
    0x68, 0x84, 0x98, 0xff, 0x70, 0x84, 0xa0, 0xff, 0x70, 0x88, 0xa0, 0xff,
    0x70, 0x84, 0xa0, 0xff, 0x88, 0xa0, 0xc0, 0xff, 0x98, 0xb8, 0xd8, 0xff,
    0x78, 0x94, 0xb0, 0xff, 0x70, 0x88, 0xa0, 0xff, 0x70, 0x84, 0xa0, 0xff,
    0x70, 0x84, 0xa0, 0xff, 0x68, 0x80, 0x98, 0xff, 0x70, 0x80, 0x98, 0xff,
    0x68, 0x80, 0x98, 0xff, 0x68, 0x80, 0x98, 0xff, 0x78, 0x94, 0xb0, 0xff,
    0x78, 0x8c, 0xa8, 0xff, 0x68, 0x7c, 0x98, 0xff, 0x68, 0x80, 0x98, 0xff,
    0x70, 0x80, 0x98, 0xff, 0x68, 0x80, 0x98, 0xff, 0x68, 0x80, 0x98, 0xff,
    0x68, 0x80, 0x98, 0xff, 0x68, 0x80, 0x98, 0xff, 0x70, 0x88, 0xa8, 0xff,
    0x68, 0x80, 0xa0, 0xff, 0x68, 0x84, 0x98, 0xff, 0x88, 0xa8, 0xc0, 0xff,
    0x90, 0xa8, 0xc8, 0xff, 0x88, 0xa8, 0xc0, 0xff, 0x88, 0xa4, 0xc0, 0xff,
    0x88, 0xa8, 0xc0, 0xff, 0x88, 0xa8, 0xc0, 0xff, 0x90, 0xa8, 0xc8, 0xff,
    0x90, 0xac, 0xc8, 0xff, 0x90, 0xac, 0xc8, 0xff, 0x70, 0x8c, 0xa8, 0xff,
    0x68, 0x7c, 0x98, 0xff, 0x70, 0x80, 0x98, 0x45, 0x88, 0x9c, 0xb0, 0x00,
    0x50, 0x70, 0x48, 0x00, 0x48, 0x70, 0x48, 0x00, 0x50, 0x70, 0x48, 0x00,
    0x48, 0x70, 0x48, 0x00, 0x48, 0x70, 0x48, 0x00, 0x50, 0x70, 0x48, 0x00,
    0x48, 0x70, 0x48, 0x00, 0x48, 0x70, 0x48, 0x00, 0x50, 0x70, 0x48, 0x00,
    0x48, 0x70, 0x48, 0x00, 0x50, 0x70, 0x48, 0x00, 0x48, 0x70, 0x48, 0x00,
    0x50, 0x70, 0x48, 0x00, 0x48, 0x70, 0x48, 0x00, 0x50, 0x70, 0x48, 0x00,
    0x50, 0x70, 0x48, 0x00, 0x48, 0x70, 0x48, 0x00, 0x50, 0x70, 0x48, 0x00,
    0x48, 0x48, 0x48, 0x30, 0x50, 0x60, 0x78, 0xae, 0x70, 0x80, 0x98, 0xff,
    0x88, 0xa0, 0xc0, 0xff, 0x80, 0x9c, 0xb8, 0xff, 0x80, 0x9c, 0xb8, 0xff,
    0x80, 0x98, 0xb8, 0xff, 0x80, 0x98, 0xb0, 0xff, 0x80, 0x98, 0xb8, 0xff,
    0x80, 0x98, 0xb0, 0xff, 0x78, 0x94, 0xb0, 0xff, 0x70, 0x8c, 0xa8, 0xff,
    0x50, 0x64, 0x78, 0xff, 0x70, 0x80, 0x98, 0xff, 0x70, 0x88, 0xa0, 0xff,
    0x70, 0x84, 0xa0, 0xff, 0x70, 0x88, 0xa0, 0xff, 0x70, 0x88, 0xa0, 0xff,
    0x70, 0x84, 0xa0, 0xff, 0x70, 0x84, 0xa0, 0xff, 0x70, 0x88, 0xa0, 0xff,
    0x70, 0x84, 0xa0, 0xff, 0x80, 0x98, 0xb0, 0xff, 0x70, 0x88, 0xa0, 0xff,
    0x70, 0x88, 0xa0, 0xff, 0x70, 0x84, 0xa0, 0xff, 0x70, 0x88, 0xa0, 0xff,
    0x70, 0x84, 0xa0, 0xff, 0x70, 0x88, 0xa0, 0xff, 0x70, 0x8c, 0xa0, 0xff,
    0x70, 0x8c, 0xa0, 0xff, 0x88, 0xa4, 0xc0, 0xff, 0x98, 0xb4, 0xd0, 0xff,
    0x78, 0x94, 0xb0, 0xff, 0x70, 0x8c, 0xa0, 0xff, 0x70, 0x8c, 0xa0, 0xff,
    0x70, 0x88, 0xa0, 0xff, 0x70, 0x88, 0xa0, 0xff, 0x70, 0x88, 0xa0, 0xff,
    0x70, 0x84, 0xa0, 0xff, 0x68, 0x80, 0x98, 0xff, 0x78, 0x94, 0xb0, 0xff,
    0x78, 0x90, 0xb0, 0xff, 0x70, 0x80, 0x98, 0xff, 0x70, 0x84, 0xa0, 0xff,
    0x70, 0x84, 0xa0, 0xff, 0x68, 0x80, 0x98, 0xff, 0x70, 0x80, 0x98, 0xff,
    0x70, 0x84, 0xa0, 0xff, 0x70, 0x84, 0xa0, 0xff, 0x70, 0x8c, 0xa8, 0xff,
    0x60, 0x7c, 0x90, 0xff, 0x60, 0x78, 0x90, 0xff, 0x80, 0x98, 0xb8, 0xff,
    0x80, 0x9c, 0xb8, 0xff, 0x80, 0x9c, 0xb8, 0xff, 0x80, 0x9c, 0xb8, 0xff,
    0x80, 0x98, 0xb8, 0xff, 0x80, 0x98, 0xb8, 0xff, 0x80, 0x98, 0xb8, 0xff,
    0x80, 0x9c, 0xb8, 0xff, 0x88, 0xa0, 0xc0, 0xff, 0x68, 0x80, 0x98, 0xff,
    0x50, 0x60, 0x70, 0xaa, 0x80, 0x98, 0xb0, 0x18, 0x50, 0x70, 0x48, 0x00,
    0x50, 0x70, 0x48, 0x00, 0x48, 0x70, 0x48, 0x00, 0x50, 0x70, 0x40, 0x00,
    0x50, 0x70, 0x48, 0x00, 0x48, 0x70, 0x48, 0x00, 0x50, 0x70, 0x48, 0x00,
    0x48, 0x70, 0x48, 0x00, 0x50, 0x70, 0x48, 0x00, 0x48, 0x70, 0x48, 0x00,
    0x50, 0x70, 0x48, 0x00, 0x48, 0x70, 0x48, 0x00, 0x48, 0x70, 0x48, 0x00,
    0x50, 0x70, 0x48, 0x00, 0x48, 0x70, 0x40, 0x00, 0x48, 0x70, 0x48, 0x00,
    0x50, 0x70, 0x48, 0x00, 0x48, 0x70, 0x48, 0x00, 0x50, 0x70, 0x48, 0x00,
    0x68, 0x70, 0x80, 0x04, 0x48, 0x48, 0x48, 0x49, 0x78, 0x90, 0xa8, 0xcb,
    0x80, 0x9c, 0xb8, 0xdb, 0x78, 0x90, 0xa8, 0xcf, 0x70, 0x88, 0xa0, 0xbe,
    0x70, 0x88, 0xa0, 0xbe, 0x70, 0x88, 0xa0, 0xbe, 0x70, 0x88, 0xa0, 0xaa,
    0x70, 0x88, 0xa0, 0xaa, 0x70, 0x88, 0xa0, 0xaa, 0x70, 0x88, 0xa0, 0xaa,
    0x60, 0x78, 0x90, 0xd7, 0x70, 0x8c, 0xa8, 0xff, 0x70, 0x8c, 0xa0, 0xff,
    0x70, 0x84, 0xa0, 0xff, 0x70, 0x88, 0xa0, 0xff, 0x70, 0x88, 0xa0, 0xff,
    0x70, 0x84, 0xa0, 0xff, 0x70, 0x84, 0xa0, 0xff, 0x70, 0x88, 0xa0, 0xff,
    0x70, 0x88, 0xa0, 0xff, 0x80, 0x98, 0xb8, 0xff, 0x70, 0x88, 0xa0, 0xff,
    0x70, 0x88, 0xa0, 0xff, 0x70, 0x88, 0xa0, 0xff, 0x70, 0x88, 0xa0, 0xff,
    0x70, 0x88, 0xa0, 0xff, 0x70, 0x8c, 0xa8, 0xff, 0x78, 0x8c, 0xa8, 0xff,
    0x78, 0x8c, 0xa8, 0xff, 0x88, 0xa4, 0xc0, 0xff, 0x98, 0xb8, 0xd8, 0xff,
    0x80, 0x98, 0xb0, 0xff, 0x78, 0x8c, 0xa8, 0xff, 0x78, 0x8c, 0xa8, 0xff,
    0x70, 0x88, 0xa8, 0xff, 0x70, 0x88, 0xa0, 0xff, 0x70, 0x84, 0xa0, 0xff,
    0x70, 0x88, 0xa0, 0xff, 0x70, 0x84, 0xa0, 0xff, 0x78, 0x94, 0xb0, 0xff,
    0x78, 0x90, 0xb0, 0xff, 0x70, 0x84, 0xa0, 0xff, 0x68, 0x84, 0xa0, 0xff,
    0x70, 0x88, 0xa0, 0xff, 0x70, 0x84, 0xa0, 0xff, 0x68, 0x84, 0xa0, 0xff,
    0x70, 0x84, 0xa0, 0xff, 0x70, 0x88, 0xa0, 0xff, 0x78, 0x90, 0xa8, 0xff,
    0x70, 0x88, 0xa0, 0xff, 0x68, 0x78, 0x90, 0xd7, 0x70, 0x88, 0xa0, 0xaa,
    0x70, 0x88, 0xa0, 0xaa, 0x70, 0x88, 0xa0, 0xaa, 0x70, 0x88, 0xa0, 0xaa,
    0x70, 0x88, 0xa0, 0xbe, 0x70, 0x88, 0xa0, 0xbe, 0x70, 0x88, 0xa0, 0xbe,
    0x70, 0x84, 0xa0, 0xe3, 0x78, 0x90, 0xa8, 0xcb, 0x70, 0x88, 0xa0, 0xbe,
    0x60, 0x70, 0x80, 0x55, 0x68, 0x74, 0x80, 0x04, 0x48, 0x70, 0x48, 0x00,
    0x48, 0x70, 0x48, 0x00, 0x50, 0x70, 0x48, 0x00, 0x48, 0x70, 0x48, 0x00,
    0x48, 0x70, 0x48, 0x00, 0x50, 0x70, 0x48, 0x00, 0x50, 0x70, 0x40, 0x00,
    0x48, 0x70, 0x48, 0x00, 0x50, 0x70, 0x48, 0x00, 0x50, 0x70, 0x48, 0x00,
    0x48, 0x70, 0x48, 0x00, 0x50, 0x70, 0x48, 0x00, 0x50, 0x70, 0x48, 0x00,
    0x48, 0x70, 0x48, 0x00, 0x50, 0x70, 0x48, 0x00, 0x50, 0x70, 0x48, 0x00,
    0x48, 0x70, 0x48, 0x00, 0x48, 0x70, 0x40, 0x00, 0x48, 0x70, 0x48, 0x00,
    0x88, 0x9c, 0xb0, 0x00, 0x88, 0xa0, 0xb8, 0x0c, 0x78, 0x90, 0xa8, 0x30,
    0x78, 0x90, 0xa8, 0x41, 0x80, 0x90, 0xa8, 0x30, 0x80, 0x90, 0xa8, 0x28,
    0x80, 0x98, 0xb0, 0x18, 0x80, 0x98, 0xb0, 0x18, 0x80, 0x94, 0xa8, 0x10,
    0x80, 0x90, 0xa8, 0x10, 0x88, 0x9c, 0xb8, 0x0c, 0x80, 0x94, 0xa8, 0x10,
    0x78, 0x8c, 0xa8, 0x92, 0x78, 0x94, 0xb0, 0xff, 0x70, 0x8c, 0xa8, 0xff,
    0x70, 0x84, 0xa0, 0xff, 0x70, 0x84, 0xa0, 0xff, 0x70, 0x88, 0xa0, 0xff,
    0x70, 0x88, 0xa0, 0xff, 0x70, 0x88, 0xa0, 0xff, 0x70, 0x84, 0xa0, 0xff,
    0x70, 0x88, 0xa0, 0xff, 0x80, 0x98, 0xb8, 0xff, 0x70, 0x8c, 0xa8, 0xff,
    0x70, 0x88, 0xa0, 0xff, 0x70, 0x88, 0xa0, 0xff, 0x70, 0x88, 0xa8, 0xff,
    0x70, 0x88, 0xa0, 0xff, 0x70, 0x88, 0xa0, 0xff, 0x78, 0x8c, 0xa8, 0xff,
    0x78, 0x8c, 0xa8, 0xff, 0x88, 0xa4, 0xc0, 0xff, 0xa0, 0xbc, 0xd8, 0xff,
    0x80, 0x98, 0xb8, 0xff, 0x78, 0x90, 0xb0, 0xff, 0x78, 0x90, 0xa8, 0xff,
    0x70, 0x8c, 0xa8, 0xff, 0x70, 0x88, 0xa0, 0xff, 0x70, 0x84, 0xa0, 0xff,
    0x70, 0x88, 0xa0, 0xff, 0x70, 0x84, 0xa0, 0xff, 0x78, 0x94, 0xb0, 0xff,
    0x78, 0x90, 0xa8, 0xff, 0x70, 0x88, 0xa0, 0xff, 0x70, 0x88, 0xa0, 0xff,
    0x70, 0x84, 0x98, 0xff, 0x70, 0x84, 0xa0, 0xff, 0x68, 0x84, 0xa0, 0xff,
    0x70, 0x84, 0xa0, 0xff, 0x70, 0x84, 0x98, 0xff, 0x78, 0x90, 0xa8, 0xff,
    0x80, 0x98, 0xb8, 0xf7, 0x80, 0x94, 0xb0, 0x75, 0x80, 0x90, 0xa8, 0x10,
    0x88, 0x9c, 0xb8, 0x0c, 0x80, 0x90, 0xa8, 0x10, 0x80, 0x90, 0xa8, 0x10,
    0x80, 0x98, 0xb0, 0x18, 0x80, 0x98, 0xb0, 0x18, 0x80, 0x94, 0xa8, 0x28,
    0x80, 0x90, 0xa8, 0x34, 0x70, 0x80, 0x98, 0x45, 0x78, 0x90, 0xa8, 0x30,
    0x88, 0xa0, 0xb8, 0x0c, 0x50, 0x70, 0x48, 0x00, 0x50, 0x70, 0x48, 0x00,
    0x48, 0x70, 0x48, 0x00, 0x50, 0x70, 0x48, 0x00, 0x50, 0x70, 0x48, 0x00,
    0x48, 0x70, 0x48, 0x00, 0x48, 0x70, 0x48, 0x00, 0x50, 0x70, 0x48, 0x00,
    0x48, 0x70, 0x48, 0x00, 0x48, 0x70, 0x40, 0x00, 0x50, 0x70, 0x48, 0x00,
    0x48, 0x70, 0x48, 0x00, 0x50, 0x70, 0x48, 0x00, 0x48, 0x70, 0x40, 0x00,
    0x48, 0x70, 0x48, 0x00, 0x50, 0x70, 0x48, 0x00, 0x50, 0x70, 0x48, 0x00,
    0x48, 0x70, 0x48, 0x00, 0x50, 0x70, 0x48, 0x00, 0x50, 0x70, 0x48, 0x00,
    0x48, 0x70, 0x48, 0x00, 0x50, 0x70, 0x48, 0x00, 0x50, 0x70, 0x48, 0x00,
    0x48, 0x70, 0x48, 0x00, 0x50, 0x70, 0x48, 0x00, 0x50, 0x70, 0x48, 0x00,
    0x48, 0x70, 0x48, 0x00, 0x50, 0x70, 0x48, 0x00, 0x48, 0x70, 0x48, 0x00,
    0x48, 0x70, 0x48, 0x00, 0x50, 0x70, 0x48, 0x00, 0x88, 0xa0, 0xb8, 0x0c,
    0x88, 0xa0, 0xb8, 0x75, 0x80, 0x9c, 0xb8, 0xff, 0x80, 0x94, 0xb0, 0xff,
    0x78, 0x90, 0xa8, 0xff, 0x78, 0x90, 0xb0, 0xff, 0x78, 0x94, 0xb0, 0xff,
    0x78, 0x94, 0xb0, 0xff, 0x80, 0x94, 0xb0, 0xff, 0x78, 0x94, 0xb0, 0xff,
    0x78, 0x90, 0xa8, 0xff, 0x80, 0x9c, 0xb8, 0xff, 0x78, 0x94, 0xb0, 0xff,
    0x78, 0x90, 0xa8, 0xff, 0x78, 0x94, 0xb0, 0xff, 0x80, 0x94, 0xb0, 0xff,
    0x78, 0x90, 0xa8, 0xff, 0x78, 0x90, 0xb0, 0xff, 0x78, 0x94, 0xb0, 0xff,
    0x80, 0x98, 0xb0, 0xff, 0x90, 0xac, 0xc8, 0xff, 0xa0, 0xbc, 0xd8, 0xff,
    0x88, 0xa0, 0xc0, 0xff, 0x80, 0x9c, 0xb8, 0xff, 0x80, 0x98, 0xb8, 0xff,
    0x80, 0x98, 0xb0, 0xff, 0x78, 0x94, 0xb0, 0xff, 0x78, 0x94, 0xb0, 0xff,
    0x78, 0x90, 0xa8, 0xff, 0x78, 0x90, 0xa8, 0xff, 0x80, 0x9c, 0xb8, 0xff,
    0x80, 0x98, 0xb0, 0xff, 0x78, 0x90, 0xa8, 0xff, 0x78, 0x90, 0xa8, 0xff,
    0x78, 0x90, 0xb0, 0xff, 0x78, 0x90, 0xa8, 0xff, 0x78, 0x90, 0xa8, 0xff,
    0x70, 0x8c, 0xa8, 0xff, 0x78, 0x90, 0xa8, 0xff, 0x80, 0x98, 0xb8, 0xff,
    0x88, 0xa4, 0xc0, 0xf7, 0x80, 0x98, 0xb0, 0x55, 0x50, 0x70, 0x48, 0x00,
    0x50, 0x70, 0x48, 0x00, 0x48, 0x70, 0x48, 0x00, 0x50, 0x70, 0x48, 0x00,
    0x50, 0x70, 0x48, 0x00, 0x50, 0x70, 0x48, 0x00, 0x48, 0x70, 0x48, 0x00,
    0x48, 0x70, 0x48, 0x00, 0x50, 0x70, 0x48, 0x00, 0x48, 0x70, 0x48, 0x00,
    0x50, 0x70, 0x48, 0x00, 0x50, 0x70, 0x48, 0x00, 0x48, 0x70, 0x48, 0x00,
    0x48, 0x70, 0x48, 0x00, 0x50, 0x70, 0x40, 0x00, 0x50, 0x70, 0x48, 0x00,
    0x48, 0x70, 0x48, 0x00, 0x50, 0x70, 0x40, 0x00, 0x50, 0x70, 0x48, 0x00,
    0x48, 0x70, 0x48, 0x00, 0x48, 0x70, 0x48, 0x00, 0x50, 0x70, 0x48, 0x00,
    0x50, 0x70, 0x48, 0x00, 0x48, 0x70, 0x48, 0x00, 0x50, 0x70, 0x48, 0x00,
    0x48, 0x70, 0x48, 0x00, 0x48, 0x70, 0x48, 0x00, 0x50, 0x70, 0x40, 0x00,
    0x48, 0x70, 0x48, 0x00, 0x50, 0x70, 0x48, 0x00, 0x50, 0x70, 0x48, 0x00,
    0x48, 0x70, 0x48, 0x00, 0x48, 0x70, 0x48, 0x00, 0x50, 0x70, 0x48, 0x00,
    0x48, 0x70, 0x48, 0x00, 0x48, 0x70, 0x48, 0x00, 0x50, 0x70, 0x48, 0x00,
    0x48, 0x70, 0x48, 0x00, 0x50, 0x70, 0x48, 0x00, 0x50, 0x70, 0x48, 0x00,
    0x48, 0x70, 0x48, 0x00, 0x50, 0x70, 0x48, 0x00, 0x90, 0xa0, 0xb0, 0x04,
    0x80, 0x98, 0xb0, 0x55, 0x88, 0x9c, 0xb8, 0xeb, 0x80, 0x98, 0xb0, 0xeb,
    0x80, 0x98, 0xb0, 0xef, 0x88, 0x9c, 0xb8, 0xeb, 0x88, 0xa0, 0xb8, 0xeb,
    0x80, 0x9c, 0xb8, 0xeb, 0x88, 0x9c, 0xb8, 0xeb, 0x80, 0x9c, 0xb8, 0xeb,
    0x80, 0x98, 0xb0, 0xeb, 0x80, 0x94, 0xb0, 0xeb, 0x88, 0x9c, 0xb8, 0xeb,
    0x88, 0x9c, 0xb8, 0xeb, 0x88, 0x9c, 0xb8, 0xeb, 0x80, 0x9c, 0xb8, 0xeb,
    0x88, 0x9c, 0xb8, 0xeb, 0x88, 0x9c, 0xb8, 0xeb, 0x80, 0x9c, 0xb8, 0xeb,
    0x80, 0x9c, 0xb8, 0xeb, 0x80, 0x9c, 0xb8, 0xeb, 0x88, 0xa4, 0xc0, 0xe7,
    0x88, 0xa0, 0xc0, 0xe7, 0x80, 0x9c, 0xb8, 0xeb, 0x88, 0x9c, 0xb8, 0xeb,
    0x88, 0x9c, 0xb8, 0xeb, 0x88, 0x9c, 0xb8, 0xeb, 0x88, 0x9c, 0xb8, 0xeb,
    0x88, 0x9c, 0xb8, 0xeb, 0x80, 0x9c, 0xb8, 0xeb, 0x80, 0x98, 0xb0, 0xeb,
    0x80, 0x94, 0xb0, 0xeb, 0x80, 0x98, 0xb0, 0xeb, 0x80, 0x9c, 0xb8, 0xeb,
    0x80, 0x9c, 0xb8, 0xeb, 0x80, 0xa0, 0xb8, 0xeb, 0x80, 0x98, 0xb0, 0xeb,
    0x80, 0x94, 0xb0, 0xeb, 0x80, 0x98, 0xb0, 0xeb, 0x80, 0x9c, 0xb8, 0xeb,
    0x80, 0x9c, 0xb8, 0xdb, 0x90, 0xac, 0xc8, 0x41, 0x48, 0x70, 0x48, 0x00,
    0x50, 0x70, 0x48, 0x00, 0x48, 0x70, 0x48, 0x00, 0x48, 0x70, 0x48, 0x00,
    0x50, 0x70, 0x48, 0x00, 0x48, 0x70, 0x48, 0x00, 0x48, 0x70, 0x48, 0x00,
    0x50, 0x70, 0x48, 0x00, 0x48, 0x70, 0x48, 0x00, 0x50, 0x70, 0x48, 0x00,
    0x48, 0x70, 0x48, 0x00, 0x48, 0x70, 0x48, 0x00, 0x50, 0x70, 0x48, 0x00,
    0x48, 0x70, 0x48, 0x00, 0x48, 0x70, 0x48, 0x00, 0x50, 0x70, 0x48, 0x00,
    0x48, 0x70, 0x48, 0x00, 0x48, 0x70, 0x48, 0x00, 0x50, 0x70, 0x48, 0x00,
    0x50, 0x70, 0x48, 0x00, 0x48, 0x70, 0x48, 0x00, 0x48, 0x70, 0x48, 0x00,
    0x48, 0x70, 0x48, 0x00, 0x50, 0x70, 0x48, 0x00, 0x50, 0x70, 0x48, 0x00,
    0x50, 0x70, 0x48, 0x00, 0x48, 0x70, 0x48, 0x00, 0x50, 0x70, 0x48, 0x00,
    0x48, 0x70, 0x48, 0x00, 0x48, 0x70, 0x48, 0x00, 0x50, 0x70, 0x40, 0x00,
    0x48, 0x70, 0x48, 0x00, 0x50, 0x70, 0x48, 0x00, 0x50, 0x70, 0x48, 0x00,
    0x48, 0x70, 0x48, 0x00, 0x50, 0x70, 0x48, 0x00, 0x48, 0x70, 0x48, 0x00,
    0x48, 0x70, 0x48, 0x00, 0x50, 0x70, 0x48, 0x00, 0x48, 0x70, 0x48, 0x00,
    0x48, 0x70, 0x48, 0x00, 0x50, 0x70, 0x48, 0x00, 0x48, 0x70, 0x48, 0x00,
    0x80, 0x98, 0xb0, 0x18, 0x90, 0xa8, 0xc8, 0x41, 0x90, 0xac, 0xc8, 0x41,
    0x90, 0xac, 0xc0, 0x41, 0x90, 0xa8, 0xc8, 0x41, 0x90, 0xac, 0xc8, 0x41,
    0x90, 0xac, 0xc0, 0x41, 0x90, 0xac, 0xc8, 0x41, 0x90, 0xac, 0xc0, 0x41,
    0x90, 0xa8, 0xc8, 0x41, 0x78, 0x90, 0xa8, 0x41, 0x90, 0xa8, 0xc0, 0x41,
    0x90, 0xac, 0xc8, 0x41, 0x90, 0xa8, 0xc8, 0x41, 0x90, 0xac, 0xc0, 0x41,
    0x90, 0xac, 0xc8, 0x41, 0x90, 0xac, 0xc8, 0x41, 0x90, 0xac, 0xc8, 0x41,
    0x90, 0xac, 0xc8, 0x41, 0x90, 0xa8, 0xc8, 0x41, 0x90, 0xac, 0xc8, 0x41,
    0x90, 0xac, 0xc0, 0x41, 0x90, 0xac, 0xc8, 0x41, 0x90, 0xac, 0xc8, 0x41,
    0x90, 0xac, 0xc0, 0x41, 0x90, 0xac, 0xc8, 0x41, 0x90, 0xac, 0xc8, 0x41,
    0x90, 0xa8, 0xc8, 0x41, 0x90, 0xac, 0xc8, 0x41, 0x90, 0xa8, 0xc8, 0x41,
    0x78, 0x90, 0xa8, 0x41, 0x90, 0xac, 0xc8, 0x41, 0x90, 0xac, 0xc8, 0x41,
    0x90, 0xa8, 0xc8, 0x41, 0x90, 0xac, 0xc8, 0x41, 0x90, 0xa8, 0xc8, 0x41,
    0x90, 0xac, 0xc8, 0x41, 0x90, 0xa8, 0xc8, 0x41, 0x90, 0xac, 0xc0, 0x41,
    0x80, 0x90, 0xa8, 0x34, 0x88, 0x9c, 0xb8, 0x0c, 0x50, 0x70, 0x48, 0x00,
    0x48, 0x70, 0x48, 0x00, 0x50, 0x70, 0x48, 0x00, 0x48, 0x70, 0x48, 0x00,
    0x50, 0x70, 0x48, 0x00, 0x50, 0x70, 0x48, 0x00, 0x48, 0x70, 0x48, 0x00,
    0x50, 0x70, 0x48, 0x00, 0x50, 0x70, 0x48, 0x00, 0x48, 0x70, 0x40, 0x00,
    0x50, 0x70, 0x48, 0x00, 0x50, 0x70, 0x48, 0x00, 0x48, 0x70, 0x40, 0x00,
    0x50, 0x70, 0x48, 0x00, 0x50, 0x70, 0x48, 0x00, 0x48, 0x70, 0x48, 0x00,
    0x50, 0x70, 0x48, 0x00, 0x48, 0x70, 0x48, 0x00, 0x48, 0x70, 0x48, 0x00,
    0x50, 0x70, 0x48, 0x00, 0x50, 0x70, 0x48, 0x00, 0x48, 0x70, 0x48, 0x00,
    0x48, 0x70, 0x48, 0x00, 0x48, 0x70, 0x48, 0x00, 0x50, 0x70, 0x40, 0x00,
    0x48, 0x70, 0x48, 0x00, 0x50, 0x70, 0x48, 0x00, 0x48, 0x70, 0x48, 0x00,
    0x50, 0x70, 0x48, 0x00, 0x48, 0x70, 0x48, 0x00, 0x50, 0x70, 0x48, 0x00,
    0x48, 0x70, 0x48, 0x00, 0x48, 0x70, 0x40, 0x00, 0x50, 0x70, 0x48, 0x00,
    0x50, 0x70, 0x48, 0x00, 0x48, 0x70, 0x40, 0x00, 0x50, 0x70, 0x48, 0x00,
    0x50, 0x70, 0x48, 0x00, 0x48, 0x70, 0x40, 0x00, 0x50, 0x70, 0x48, 0x00,
    0x50, 0x70, 0x48, 0x00, 0x48, 0x70, 0x48, 0x00, 0x50, 0x70, 0x48, 0x00,
    0x50, 0x70, 0x48, 0x00, 0x88, 0x9c, 0xb0, 0x00, 0x88, 0x9c, 0xb0, 0x00,
    0x88, 0x9c, 0xb0, 0x00, 0x88, 0x9c, 0xb0, 0x00, 0x88, 0x9c, 0xb0, 0x00,
    0x88, 0x9c, 0xb0, 0x00, 0x88, 0x9c, 0xb0, 0x00, 0x88, 0x9c, 0xb0, 0x00,
    0x88, 0x9c, 0xb0, 0x00, 0x88, 0x9c, 0xb0, 0x00, 0x88, 0x9c, 0xb0, 0x00,
    0x88, 0x9c, 0xb0, 0x00, 0x88, 0x9c, 0xb0, 0x00, 0x88, 0x9c, 0xb0, 0x00,
    0x88, 0x9c, 0xb0, 0x00, 0x88, 0x9c, 0xb0, 0x00, 0x88, 0x9c, 0xb0, 0x00,
    0x88, 0x9c, 0xb0, 0x00, 0x88, 0x9c, 0xb0, 0x00, 0x88, 0x9c, 0xb0, 0x04,
    0x88, 0x9c, 0xb0, 0x00, 0x88, 0x9c, 0xb0, 0x00, 0x88, 0x9c, 0xb0, 0x00,
    0x88, 0x9c, 0xb0, 0x00, 0x88, 0x9c, 0xb0, 0x00, 0x88, 0x9c, 0xb0, 0x00,
    0x88, 0x9c, 0xb0, 0x00, 0x88, 0x9c, 0xb0, 0x00, 0x88, 0x9c, 0xb0, 0x00,
    0x88, 0x9c, 0xb0, 0x00, 0x88, 0x9c, 0xb0, 0x00, 0x88, 0x9c, 0xb0, 0x00,
    0x88, 0x9c, 0xb0, 0x00, 0x88, 0x9c, 0xb0, 0x00, 0x88, 0x9c, 0xb0, 0x04,
    0x88, 0x9c, 0xb0, 0x00, 0x88, 0x9c, 0xb0, 0x00, 0x88, 0x9c, 0xb0, 0x00,
    0x48, 0x70, 0x48, 0x00, 0x50, 0x70, 0x48, 0x00, 0x48, 0x70, 0x48, 0x00,
    0x50, 0x70, 0x48, 0x00, 0x48, 0x70, 0x48, 0x00, 0x50, 0x70, 0x40, 0x00,
    0x48, 0x70, 0x48, 0x00, 0x50, 0x70, 0x48, 0x00, 0x48, 0x70, 0x40, 0x00,
    0x48, 0x70, 0x48, 0x00, 0x50, 0x70, 0x48, 0x00, 0x48, 0x70, 0x48, 0x00,
    0x48, 0x70, 0x48, 0x00, 0x50, 0x70, 0x48, 0x00, 0x48, 0x70, 0x48, 0x00,
    0x50, 0x70, 0x48, 0x00, 0x48, 0x70, 0x48, 0x00, 0x50, 0x70, 0x40, 0x00,
    0x50, 0x70, 0x48, 0x00, 0x48, 0x70, 0x48, 0x00, 0x50, 0x70, 0x40, 0x00,
    0x48, 0x70, 0x48, 0x00, 0x50, 0x70, 0x48, 0x00, 0x50, 0x70, 0x48, 0x00,
    0x50, 0x70, 0x48, 0x00, 0x48, 0x70, 0x48, 0x00, 0x48, 0x70, 0x48, 0x00,
    0x50, 0x70, 0x48, 0x00, 0x48, 0x70, 0x48, 0x00, 0x50, 0x70, 0x40, 0x00,
    0x48, 0x70, 0x48, 0x00, 0x50, 0x70, 0x48, 0x00, 0x50, 0x70, 0x48, 0x00,
    0x48, 0x70, 0x48, 0x00, 0x48, 0x70, 0x48, 0x00, 0x50, 0x70, 0x48, 0x00,
    0x48, 0x70, 0x48, 0x00, 0x48, 0x70, 0x48, 0x00, 0x50, 0x70, 0x48, 0x00,
    0x48, 0x70, 0x48, 0x00, 0x48, 0x70, 0x48, 0x00, 0x50, 0x70, 0x48, 0x00,
    0x48, 0x70, 0x48, 0x00, 0x48, 0x70, 0x40, 0x00, 0x50, 0x70, 0x48, 0x00,
    0x48, 0x70, 0x48, 0x00, 0x48, 0x70, 0x48, 0x00, 0x50, 0x70, 0x48, 0x00,
    0x48, 0x70, 0x48, 0x00, 0x48, 0x70, 0x48, 0x00, 0x50, 0x70, 0x48, 0x00,
    0x48, 0x70, 0x48, 0x00, 0x50, 0x70, 0x48, 0x00, 0x48, 0x70, 0x48, 0x00,
    0x50, 0x70, 0x48, 0x00, 0x48, 0x70, 0x48, 0x00, 0x48, 0x70, 0x48, 0x00,
    0x50, 0x70, 0x48, 0x00, 0x48, 0x70, 0x48, 0x00, 0x48, 0x70, 0x48, 0x00,
    0x50, 0x70, 0x48, 0x00, 0x48, 0x70, 0x48, 0x00, 0x50, 0x70, 0x48, 0x00,
    0x50, 0x70, 0x48, 0x00, 0x48, 0x70, 0x48, 0x00, 0x50, 0x70, 0x48, 0x00,
    0x50, 0x70, 0x48, 0x00, 0x48, 0x70, 0x48, 0x00, 0x48, 0x70, 0x48, 0x00,
    0x48, 0x70, 0x48, 0x00, 0x48, 0x70, 0x48, 0x00, 0x48, 0x70, 0x48, 0x00,
    0x50, 0x70, 0x48, 0x00, 0x48, 0x70, 0x48, 0x00, 0x48, 0x70, 0x48, 0x00,
    0x50, 0x70, 0x48, 0x00, 0x48, 0x70, 0x48, 0x00, 0x50, 0x70, 0x48, 0x00,
    0x50, 0x70, 0x48, 0x00, 0x48, 0x70, 0x48, 0x00, 0x50, 0x70, 0x48, 0x00,
    0x48, 0x70, 0x48, 0x00, 0x48, 0x70, 0x48, 0x00, 0x50, 0x70, 0x48, 0x00,
    0x48, 0x70, 0x48, 0x00, 0x50, 0x70, 0x48, 0x00, 0x48, 0x70, 0x48, 0x00,
    0x48, 0x70, 0x48, 0x00, 0x50, 0x70, 0x48, 0x00, 0x48, 0x70, 0x48, 0x00,
    0x50, 0x70, 0x48, 0x00, 0x48, 0x70, 0x48, 0x00, 0x50, 0x70, 0x48, 0x00,
    0x48, 0x70, 0x48, 0x00, 0x50, 0x70, 0x48, 0x00, 0x50, 0x70, 0x48, 0x00,
    0x48, 0x70, 0x48, 0x00, 0x48, 0x70, 0x48, 0x00, 0x50, 0x70, 0x48, 0x00,
    0x48, 0x70, 0x48, 0x00, 0x48, 0x70, 0x48, 0x00, 0x50, 0x70, 0x48, 0x00,
    0x48, 0x70, 0x48, 0x00, 0x50, 0x70, 0x48, 0x00, 0x48, 0x70, 0x48, 0x00,
    0x48, 0x70, 0x48, 0x00, 0x48, 0x70, 0x48, 0x00, 0x50, 0x70, 0x48, 0x00,
    0x50, 0x70, 0x48, 0x00, 0x50, 0x70, 0x48, 0x00, 0x48, 0x70, 0x48, 0x00,
    0x50, 0x70, 0x48, 0x00, 0x50, 0x70, 0x48, 0x00, 0x48, 0x70, 0x48, 0x00,
    0x48, 0x70, 0x48, 0x00, 0x50, 0x70, 0x48, 0x00, 0x48, 0x70, 0x40, 0x00,
    0x50, 0x70, 0x48, 0x00, 0x50, 0x70, 0x48, 0x00, 0x48, 0x70, 0x48, 0x00,
    0x50, 0x70, 0x48, 0x00, 0x50, 0x70, 0x48, 0x00, 0x48, 0x70, 0x48, 0x00,
    0x50, 0x70, 0x48, 0x00, 0x50, 0x70, 0x48, 0x00, 0x48, 0x70, 0x48, 0x00,
    0x50, 0x70, 0x48, 0x00, 0x50, 0x70, 0x48, 0x00, 0x48, 0x70, 0x48, 0x00,
    0x50, 0x70, 0x48, 0x00, 0x48, 0x70, 0x48, 0x00, 0x50, 0x70, 0x48, 0x00,
    0x50, 0x70, 0x48, 0x00, 0x48, 0x70, 0x48, 0x00, 0x50, 0x70, 0x48, 0x00,
    0x48, 0x70, 0x48, 0x00, 0x48, 0x70, 0x48, 0x00, 0x50, 0x70, 0x48, 0x00,
    0x50, 0x70, 0x48, 0x00, 0x48, 0x70, 0x48, 0x00, 0x50, 0x70, 0x48, 0x00,
    0x50, 0x70, 0x48, 0x00, 0x48, 0x70, 0x48, 0x00, 0x50, 0x70, 0x48, 0x00,
    0x48, 0x70, 0x48, 0x00, 0x50, 0x70, 0x48, 0x00, 0x48, 0x70, 0x48, 0x00,
    0x48, 0x70, 0x48, 0x00, 0x50, 0x70, 0x48, 0x00, 0x48, 0x70, 0x48, 0x00,
    0x50, 0x70, 0x48, 0x00, 0x50, 0x70, 0x48, 0x00, 0x50, 0x70, 0x48, 0x00,
    0x50, 0x70, 0x48, 0x00, 0x48, 0x70, 0x48, 0x00, 0x50, 0x70, 0x48, 0x00,
    0x50, 0x70, 0x48, 0x00, 0x48, 0x70, 0x48, 0x00, 0x50, 0x70, 0x48, 0x00,
    0x48, 0x70, 0x48, 0x00, 0x50, 0x70, 0x48, 0x00, 0x48, 0x70, 0x48, 0x00,
    0x48, 0x70, 0x48, 0x00, 0x50, 0x70, 0x48, 0x00, 0x50, 0x70, 0x48, 0x00,
    0x48, 0x70, 0x48, 0x00, 0x50, 0x70, 0x48, 0x00, 0x50, 0x70, 0x48, 0x00,
    0x48, 0x70, 0x48, 0x00, 0x50, 0x70, 0x48, 0x00, 0x50, 0x70, 0x40, 0x00,
    0x48, 0x70, 0x48, 0x00, 0x50, 0x70, 0x48, 0x00, 0x50, 0x70, 0x48, 0x00,
    0x48, 0x70, 0x48, 0x00, 0x50, 0x70, 0x48, 0x00, 0x48, 0x70, 0x48, 0x00,
    0x50, 0x70, 0x48, 0x00, 0x48, 0x70, 0x40, 0x00, 0x50, 0x70, 0x48, 0x00,
    0x50, 0x70, 0x48, 0x00, 0x48, 0x70, 0x40, 0x00, 0x50, 0x70, 0x48, 0x00,
    0x50, 0x70, 0x48, 0x00, 0x48, 0x70, 0x40, 0x00, 0x48, 0x70, 0x48, 0x00,
    0x50, 0x70, 0x48, 0x00, 0x50, 0x70, 0x48, 0x00, 0x50, 0x70, 0x48, 0x00,
    0x48, 0x70, 0x40, 0x00, 0x50, 0x70, 0x48, 0x00, 0x48, 0x70, 0x48, 0x00,
    0x48, 0x70, 0x48, 0x00, 0x48, 0x70, 0x48, 0x00, 0x50, 0x70, 0x40, 0x00,
    0x48, 0x70, 0x48, 0x00, 0x50, 0x70, 0x48, 0x00, 0x48, 0x70, 0x48, 0x00,
    0x50, 0x70, 0x48, 0x00, 0x48, 0x70, 0x48, 0x00, 0x48, 0x70, 0x48, 0x00,
    0x50, 0x70, 0x48, 0x00, 0x48, 0x70, 0x48, 0x00, 0x48, 0x70, 0x40, 0x00,
    0x50, 0x70, 0x48, 0x00, 0x48, 0x70, 0x48, 0x00, 0x48, 0x70, 0x40, 0x00,
    0x50, 0x70, 0x48, 0x00, 0x48, 0x70, 0x48, 0x00, 0x48, 0x70, 0x40, 0x00,
    0x50, 0x70, 0x48, 0x00, 0x48, 0x70, 0x48, 0x00, 0x50, 0x70, 0x48, 0x00,
    0x48, 0x70, 0x40, 0x00, 0x50, 0x70, 0x48, 0x00, 0x48, 0x70, 0x48, 0x00,
    0x48, 0x70, 0x48, 0x00, 0x50, 0x70, 0x48, 0x00, 0x50, 0x70, 0x48, 0x00,
    0x48, 0x70, 0x48, 0x00, 0x50, 0x70, 0x48, 0x00, 0x50, 0x70, 0x48, 0x00,
    0x48, 0x70, 0x48, 0x00, 0x48, 0x70, 0x48, 0x00, 0x50, 0x70, 0x48, 0x00,
    0x48, 0x70, 0x48, 0x00, 0x50, 0x70, 0x48, 0x00, 0x50, 0x70, 0x48, 0x00,
    0x48, 0x70, 0x48, 0x00, 0x50, 0x70, 0x48, 0x00, 0x50, 0x70, 0x48, 0x00,
    0x48, 0x70, 0x48, 0x00, 0x50, 0x70, 0x48, 0x00, 0x48, 0x70, 0x48, 0x00,
    0x48, 0x70, 0x48, 0x00, 0x48, 0x70, 0x48, 0x00, 0x50, 0x70, 0x48, 0x00,
    0x48, 0x70, 0x48, 0x00, 0x50, 0x70, 0x48, 0x00, 0x48, 0x70, 0x48, 0x00,
    0x48, 0x70, 0x40, 0x00, 0x50, 0x70, 0x48, 0x00, 0x50, 0x70, 0x48, 0x00,
    0x48, 0x70, 0x40, 0x00, 0x50, 0x70, 0x48, 0x00, 0x48, 0x70, 0x48, 0x00,
    0x48, 0x70, 0x40, 0x00, 0x50, 0x70, 0x48, 0x00, 0x48, 0x70, 0x48, 0x00,
    0x48, 0x70, 0x48, 0x00, 0x50, 0x70, 0x48, 0x00, 0x48, 0x70, 0x48, 0x00,
    0x48, 0x70, 0x48, 0x00, 0x50, 0x70, 0x48, 0x00, 0x48, 0x70, 0x48, 0x00,
    0x50, 0x70, 0x48, 0x00, 0x48, 0x70, 0x40, 0x00, 0x48, 0x70, 0x48, 0x00,
    0x50, 0x70, 0x48, 0x00, 0x48, 0x70, 0x40, 0x00, 0x50, 0x70, 0x48, 0x00,
    0x48, 0x70, 0x48, 0x00, 0x48, 0x70, 0x48, 0x00, 0x50, 0x70, 0x48, 0x00,
    0x48, 0x70, 0x48, 0x00, 0x48, 0x70, 0x48, 0x00, 0x50, 0x70, 0x48, 0x00,
    0x50, 0x70, 0x48, 0x00, 0x48, 0x70, 0x48, 0x00, 0x50, 0x70, 0x48, 0x00,
    0x48, 0x70, 0x48, 0x00, 0x48, 0x70, 0x40, 0x00, 0x50, 0x70, 0x48, 0x00,
    0x50, 0x70, 0x48, 0x00, 0x48, 0x70, 0x48, 0x00, 0x50, 0x70, 0x48, 0x00,
    0x48, 0x70, 0x48, 0x00, 0x50, 0x70, 0x48, 0x00, 0x48, 0x70, 0x48, 0x00,
    0x48, 0x70, 0x48, 0x00, 0x50, 0x70, 0x48, 0x00, 0x50, 0x70, 0x40, 0x00,
    0x48, 0x70, 0x48, 0x00, 0x50, 0x70, 0x48, 0x00, 0x50, 0x70, 0x48, 0x00,
    0x48, 0x70, 0x48, 0x00, 0x50, 0x70, 0x48, 0x00, 0x50, 0x70, 0x48, 0x00,
    0x48, 0x70, 0x48, 0x00, 0x50, 0x70, 0x48, 0x00, 0x50, 0x70, 0x48, 0x00,
    0x48, 0x70, 0x48, 0x00, 0x50, 0x70, 0x48, 0x00, 0x50, 0x70, 0x48, 0x00,
    0x48, 0x70, 0x48, 0x00, 0x48, 0x70, 0x48, 0x00, 0x50, 0x70, 0x48, 0x00,
    0x50, 0x70, 0x48, 0x00, 0x48, 0x70, 0x48, 0x00, 0x50, 0x70, 0x48, 0x00,
    0x48, 0x70, 0x40, 0x00, 0x50, 0x70, 0x48, 0x00, 0x48, 0x70, 0x48, 0x00,
    0x48, 0x70, 0x48, 0x00, 0x50, 0x70, 0x48, 0x00, 0x48, 0x70, 0x48, 0x00,
    0x48, 0x70, 0x48, 0x00, 0x50, 0x70, 0x40, 0x00, 0x48, 0x70, 0x48, 0x00,
    0x48, 0x70, 0x48, 0x00, 0x50, 0x70, 0x48, 0x00, 0x48, 0x70, 0x40, 0x00,
    0x48, 0x70, 0x48, 0x00, 0x50, 0x70, 0x48, 0x00, 0x48, 0x70, 0x40, 0x00,
    0x50, 0x70, 0x48, 0x00, 0x48, 0x70, 0x48, 0x00, 0x50, 0x70, 0x40, 0x00,
    0x50, 0x70, 0x48, 0x00, 0x48, 0x70, 0x48, 0x00, 0x48, 0x70, 0x40, 0x00,
    0x50, 0x70, 0x48, 0x00, 0x48, 0x70, 0x48, 0x00, 0x50, 0x70, 0x48, 0x00,
    0x48, 0x70, 0x48, 0x00, 0x50, 0x70, 0x48, 0x00, 0x48, 0x70, 0x48, 0x00,
    0x48, 0x70, 0x48, 0x00, 0x50, 0x70, 0x48, 0x00, 0x50, 0x70, 0x48, 0x00,
    0x50, 0x70, 0x48, 0x00, 0x48, 0x70, 0x48, 0x00, 0x50, 0x70, 0x48, 0x00,
    0x50, 0x70, 0x40, 0x00, 0x48, 0x70, 0x48, 0x00, 0x50, 0x70, 0x48, 0x00,
    0x50, 0x70, 0x40, 0x00, 0x48, 0x70, 0x48, 0x00, 0x48, 0x70, 0x48, 0x00,
    0x50, 0x70, 0x48, 0x00, 0x50, 0x70, 0x48, 0x00, 0x48, 0x70, 0x48, 0x00,
    0x50, 0x70, 0x48, 0x00, 0x48, 0x70, 0x48, 0x00, 0x50, 0x70, 0x48, 0x00,
    0x50, 0x70, 0x48, 0x00, 0x48, 0x70, 0x48, 0x00, 0x50, 0x70, 0x48, 0x00,
    0x48, 0x70, 0x48, 0x00, 0x50, 0x70, 0x48, 0x00, 0x48, 0x70, 0x48, 0x00,
    0x48, 0x70, 0x48, 0x00, 0x50, 0x70, 0x48, 0x00, 0x50, 0x70, 0x48, 0x00,
    0x48, 0x70, 0x48, 0x00, 0x48, 0x70, 0x48, 0x00, 0x50, 0x70, 0x48, 0x00,
    0x48, 0x70, 0x48, 0x00, 0x48, 0x70, 0x48, 0x00, 0x50, 0x70, 0x48, 0x00,
    0x50, 0x70, 0x48, 0x00, 0x50, 0x70, 0x48, 0x00, 0x48, 0x70, 0x48, 0x00,
    0x50, 0x70, 0x48, 0x00, 0x48, 0x70, 0x48, 0x00, 0x48, 0x70, 0x48, 0x00,
    0x50, 0x70, 0x48, 0x00, 0x48, 0x70, 0x40, 0x00, 0x50, 0x70, 0x48, 0x00,
    0x48, 0x70, 0x48, 0x00, 0x50, 0x70, 0x40, 0x00, 0x48, 0x70, 0x48, 0x00,
    0x48, 0x70, 0x48, 0x00, 0x50, 0x70, 0x48, 0x00, 0x48, 0x70, 0x48, 0x00,
    0x48, 0x70, 0x40, 0x00, 0x50, 0x70, 0x48, 0x00, 0x50, 0x70, 0x48, 0x00,
    0x48, 0x70, 0x48, 0x00, 0x50, 0x70, 0x40, 0x00, 0x48, 0x70, 0x48, 0x00,
    0x48, 0x70, 0x48, 0x00, 0x50, 0x70, 0x48, 0x00, 0x48, 0x70, 0x48, 0x00,
    0x50, 0x70, 0x48, 0x00, 0x48, 0x70, 0x48, 0x00, 0x50, 0x70, 0x40, 0x00,
    0x50, 0x70, 0x48, 0x00, 0x48, 0x70, 0x48, 0x00, 0x50, 0x70, 0x40, 0x00,
    0x50, 0x70, 0x48, 0x00, 0x50, 0x70, 0x48, 0x00, 0x48, 0x70, 0x48, 0x00,
    0x50, 0x70, 0x48, 0x00, 0x50, 0x70, 0x48, 0x00, 0x48, 0x70, 0x48, 0x00,
    0x50, 0x70, 0x48, 0x00, 0x48, 0x70, 0x48, 0x00, 0x48, 0x70, 0x48, 0x00,
    0x50, 0x70, 0x48, 0x00, 0x48, 0x70, 0x48, 0x00, 0x50, 0x70, 0x48, 0x00,
    0x50, 0x70, 0x48, 0x00, 0x48, 0x70, 0x48, 0x00, 0x50, 0x70, 0x48, 0x00,
    0x50, 0x70, 0x48, 0x00, 0x48, 0x70, 0x48, 0x00, 0x50, 0x70, 0x48, 0x00,
    0x50, 0x70, 0x48, 0x00, 0x48, 0x70, 0x48, 0x00, 0x50, 0x70, 0x48, 0x00,
    0x48, 0x70, 0x48, 0x00, 0x48, 0x70, 0x48, 0x00, 0x50, 0x70, 0x48, 0x00,
    0x48, 0x70, 0x48, 0x00, 0x48, 0x70, 0x48, 0x00, 0x50, 0x70, 0x48, 0x00,
    0x48, 0x70, 0x48, 0x00, 0x48, 0x70, 0x48, 0x00, 0x50, 0x70, 0x48, 0x00,
    0x50, 0x70, 0x48, 0x00, 0x48, 0x70, 0x48, 0x00, 0x50, 0x70, 0x48, 0x00,
    0x48, 0x70, 0x48, 0x00, 0x48, 0x70, 0x48, 0x00, 0x50, 0x70, 0x48, 0x00,
    0x48, 0x70, 0x48, 0x00, 0x50, 0x70, 0x48, 0x00, 0x48, 0x70, 0x40, 0x00,
    0x48, 0x70, 0x48, 0x00, 0x50, 0x70, 0x48, 0x00, 0x48, 0x70, 0x40, 0x00,
    0x50, 0x70, 0x48, 0x00, 0x50, 0x70, 0x48, 0x00, 0x48, 0x70, 0x40, 0x00,
    0x48, 0x70, 0x48, 0x00, 0x50, 0x70, 0x48, 0x00, 0x48, 0x70, 0x40, 0x00,
    0x50, 0x70, 0x48, 0x00, 0x50, 0x70, 0x48, 0x00, 0x48, 0x70, 0x48, 0x00,
    0x50, 0x70, 0x40, 0x00, 0x48, 0x70, 0x48, 0x00, 0x48, 0x70, 0x48, 0x00,
    0x48, 0x70, 0x48, 0x00, 0x48, 0x70, 0x48, 0x00, 0x50, 0x70, 0x40, 0x00,
    0x50, 0x70, 0x48, 0x00, 0x48, 0x70, 0x48, 0x00, 0x50, 0x70, 0x48, 0x00,
    0x48, 0x70, 0x48, 0x00, 0x50, 0x70, 0x48, 0x00, 0x48, 0x70, 0x48, 0x00,
    0x50, 0x70, 0x48, 0x00, 0x48, 0x70, 0x48, 0x00, 0x50, 0x70, 0x48, 0x00,
    0x50, 0x70, 0x48, 0x00, 0x48, 0x70, 0x40, 0x00, 0x50, 0x70, 0x48, 0x00,
    0x48, 0x70, 0x48, 0x00, 0x48, 0x70, 0x48, 0x00, 0x50, 0x70, 0x48, 0x00,
    0x48, 0x70, 0x48, 0x00, 0x50, 0x70, 0x48, 0x00, 0x50, 0x70, 0x48, 0x00,
    0x48, 0x70, 0x48, 0x00, 0x50, 0x70, 0x40, 0x00, 0x50, 0x70, 0x48, 0x00,
    0x48, 0x70, 0x48, 0x00, 0x48, 0x70, 0x48, 0x00, 0x50, 0x70, 0x48, 0x00,
    0x48, 0x70, 0x48, 0x00, 0x48, 0x70, 0x48, 0x00, 0x50, 0x70, 0x48, 0x00,
    0x48, 0x70, 0x48, 0x00, 0x48, 0x70, 0x48, 0x00, 0x50, 0x70, 0x48, 0x00,
    0x48, 0x70, 0x40, 0x00, 0x48, 0x70, 0x48, 0x00, 0x50, 0x70, 0x48, 0x00,
    0x50, 0x70, 0x48, 0x00, 0x48, 0x70, 0x48, 0x00, 0x50, 0x70, 0x48, 0x00,
    0x50, 0x70, 0x48, 0x00, 0x48, 0x70, 0x40, 0x00, 0x48, 0x70, 0x48, 0x00,
    0x48, 0x70, 0x48, 0x00, 0x50, 0x70, 0x48, 0x00, 0x48, 0x70, 0x48, 0x00,
    0x48, 0x70, 0x48, 0x00, 0x50, 0x70, 0x40, 0x00, 0x48, 0x70, 0x48, 0x00,
    0x48, 0x70, 0x48, 0x00, 0x50, 0x70, 0x40, 0x00, 0x50, 0x70, 0x48, 0x00,
    0x48, 0x70, 0x48, 0x00, 0x50, 0x70, 0x40, 0x00, 0x50, 0x70, 0x48, 0x00,
    0x48, 0x70, 0x48, 0x00, 0x50, 0x70, 0x40, 0x00, 0x50, 0x70, 0x48, 0x00,
    0x48, 0x70, 0x48, 0x00, 0x48, 0x70, 0x48, 0x00, 0x50, 0x70, 0x48, 0x00,
    0x48, 0x70, 0x48, 0x00, 0x48, 0x70, 0x40, 0x00, 0x50, 0x70, 0x48, 0x00,
    0x50, 0x70, 0x48, 0x00, 0x48, 0x70, 0x40, 0x00, 0x50, 0x70, 0x48, 0x00,
    0x48, 0x70, 0x48, 0x00, 0x50, 0x70, 0x48, 0x00, 0x50, 0x70, 0x48, 0x00,
    0x48, 0x70, 0x48, 0x00, 0x50, 0x70, 0x48, 0x00, 0x48, 0x70, 0x48, 0x00,
    0x48, 0x70, 0x48, 0x00, 0x50, 0x70, 0x48, 0x00, 0x50, 0x70, 0x48, 0x00,
    0x50, 0x70, 0x48, 0x00, 0x48, 0x70, 0x48, 0x00, 0x48, 0x70, 0x48, 0x00,
    0x50, 0x70, 0x48, 0x00, 0x48, 0x70, 0x48, 0x00, 0x50, 0x70, 0x48, 0x00,
    0x50, 0x70, 0x48, 0x00, 0x50, 0x70, 0x48, 0x00, 0x48, 0x70, 0x48, 0x00,
    0x48, 0x70, 0x48, 0x00, 0x50, 0x70, 0x48, 0x00, 0x48, 0x70, 0x48, 0x00,
    0x48, 0x70, 0x48, 0x00, 0x50, 0x70, 0x48, 0x00, 0x50, 0x70, 0x40, 0x00,
    0x48, 0x70, 0x48, 0x00, 0x48, 0x70, 0x48, 0x00, 0x50, 0x70, 0x48, 0x00,
    0x48, 0x70, 0x48, 0x00, 0x48, 0x70, 0x48, 0x00, 0x50, 0x70, 0x48, 0x00,
    0x48, 0x70, 0x48, 0x00, 0x50, 0x70, 0x48, 0x00, 0x50, 0x70, 0x48, 0x00,
    0x48, 0x70, 0x48, 0x00, 0x50, 0x70, 0x48, 0x00, 0x48, 0x70, 0x40, 0x00,
    0x48, 0x70, 0x48, 0x00, 0x50, 0x70, 0x48, 0x00, 0x48, 0x70, 0x48, 0x00,
    0x48, 0x70, 0x48, 0x00, 0x50, 0x70, 0x48, 0x00, 0x48, 0x70, 0x48, 0x00,
    0x50, 0x70, 0x48, 0x00, 0x50, 0x70, 0x48, 0x00, 0x48, 0x70, 0x48, 0x00,
    0x50, 0x70, 0x48, 0x00, 0x50, 0x70, 0x48, 0x00, 0x48, 0x70, 0x48, 0x00,
    0x48, 0x70, 0x48, 0x00, 0x50, 0x70, 0x48, 0x00, 0x50, 0x70, 0x48, 0x00,
    0x48, 0x70, 0x48, 0x00, 0x48, 0x70, 0x48, 0x00, 0x50, 0x70, 0x48, 0x00,
    0x48, 0x70, 0x40, 0x00, 0x48, 0x70, 0x48, 0x00, 0x50, 0x70, 0x48, 0x00,
    0x48, 0x70, 0x48, 0x00, 0x50, 0x70, 0x48, 0x00, 0x50, 0x70, 0x48, 0x00,
    0x48, 0x70, 0x48, 0x00, 0x50, 0x70, 0x40, 0x00, 0x50, 0x70, 0x48, 0x00,
    0x48, 0x70, 0x48, 0x00, 0x50, 0x70, 0x48, 0x00, 0x48, 0x70, 0x48, 0x00,
    0x48, 0x70, 0x48, 0x00, 0x50, 0x70, 0x48, 0x00, 0x48, 0x70, 0x48, 0x00,
    0x48, 0x70, 0x48, 0x00, 0x50, 0x70, 0x48, 0x00, 0x48, 0x70, 0x48, 0x00,
    0x48, 0x70, 0x48, 0x00, 0x50, 0x70, 0x48, 0x00, 0x50, 0x70, 0x48, 0x00,
    0x48, 0x70, 0x40, 0x00, 0x50, 0x70, 0x48, 0x00, 0x50, 0x70, 0x48, 0x00,
    0x48, 0x70, 0x48, 0x00, 0x50, 0x70, 0x48, 0x00, 0x48, 0x70, 0x48, 0x00,
    0x50, 0x70, 0x48, 0x00, 0x50, 0x70, 0x48, 0x00, 0x48, 0x70, 0x48, 0x00,
    0x48, 0x70, 0x40, 0x00, 0x50, 0x70, 0x48, 0x00, 0x48, 0x70, 0x48, 0x00,
    0x50, 0x70, 0x48, 0x00, 0x50, 0x70, 0x48, 0x00, 0x48, 0x70, 0x48, 0x00,
    0x50, 0x70, 0x40, 0x00, 0x48, 0x70, 0x48, 0x00, 0x48, 0x70, 0x48, 0x00,
    0x50, 0x70, 0x48, 0x00, 0x50, 0x70, 0x40, 0x00, 0x48, 0x70, 0x48, 0x00,
    0x48, 0x70, 0x48, 0x00, 0x50, 0x70, 0x48, 0x00, 0x48, 0x70, 0x48, 0x00,
    0x48, 0x70, 0x48, 0x00, 0x50, 0x70, 0x48, 0x00, 0x50, 0x70, 0x48, 0x00,
    0x50, 0x70, 0x48, 0x00, 0x50, 0x70, 0x48, 0x00, 0x48, 0x70, 0x48, 0x00,
    0x50, 0x70, 0x48, 0x00, 0x48, 0x70, 0x48, 0x00, 0x50, 0x70, 0x48, 0x00,
    0x50, 0x70, 0x48, 0x00, 0x48, 0x70, 0x48, 0x00, 0x50, 0x70, 0x40, 0x00,
    0x50, 0x70, 0x48, 0x00, 0x48, 0x70, 0x48, 0x00, 0x50, 0x70, 0x40, 0x00,
    0x48, 0x70, 0x48, 0x00, 0x48, 0x70, 0x48, 0x00, 0x50, 0x70, 0x48, 0x00,
    0x50, 0x70, 0x48, 0x00, 0x48, 0x70, 0x48, 0x00, 0x50, 0x70, 0x48, 0x00,
    0x50, 0x70, 0x48, 0x00, 0x48, 0x70, 0x48, 0x00, 0x50, 0x70, 0x40, 0x00,
    0x50, 0x70, 0x48, 0x00, 0x48, 0x70, 0x48, 0x00, 0x48, 0x70, 0x48, 0x00,
    0x50, 0x70, 0x40, 0x00, 0x48, 0x70, 0x48, 0x00, 0x48, 0x70, 0x48, 0x00,
    0x50, 0x70, 0x40, 0x00, 0x50, 0x70, 0x48, 0x00, 0x48, 0x70, 0x48, 0x00,
    0x50, 0x70, 0x40, 0x00, 0x50, 0x70, 0x48, 0x00, 0x48, 0x70, 0x48, 0x00,
    0x50, 0x70, 0x48, 0x00, 0x50, 0x70, 0x48, 0x00, 0x48, 0x70, 0x48, 0x00,
    0x50, 0x70, 0x48, 0x00, 0x50, 0x70, 0x48, 0x00, 0x48, 0x70, 0x40, 0x00,
    0x48, 0x70, 0x48, 0x00, 0x50, 0x70, 0x48, 0x00, 0x48, 0x70, 0x48, 0x00,
    0x50, 0x70, 0x48, 0x00, 0x48, 0x70, 0x48, 0x00, 0x48, 0x70, 0x48, 0x00,
    0x50, 0x70, 0x48, 0x00, 0x50, 0x70, 0x48, 0x00, 0x50, 0x70, 0x48, 0x00,
    0x48, 0x70, 0x40, 0x00, 0x50, 0x70, 0x48, 0x00, 0x50, 0x70, 0x48, 0x00,
    0x48, 0x70, 0x48, 0x00, 0x50, 0x70, 0x48, 0x00, 0x50, 0x70, 0x48, 0x00,
    0x48, 0x70, 0x48, 0x00, 0x48, 0x70, 0x48, 0x00, 0x50, 0x70, 0x48, 0x00,
    0x48, 0x70, 0x48, 0x00, 0x48, 0x70, 0x48, 0x00, 0x50, 0x70, 0x40, 0x00,
    0x50, 0x70, 0x48, 0x00, 0x48, 0x70, 0x48, 0x00, 0x48, 0x70, 0x48, 0x00,
    0x48, 0x70, 0x48, 0x00, 0x50, 0x70, 0x48, 0x00, 0x48, 0x70, 0x48, 0x00,
    0x50, 0x70, 0x48, 0x00, 0x48, 0x70, 0x48, 0x00, 0x48, 0x70, 0x48, 0x00,
    0x50, 0x70, 0x40, 0x00, 0x48, 0x70, 0x48, 0x00, 0x50, 0x70, 0x48, 0x00,
    0x50, 0x70, 0x48, 0x00, 0x48, 0x70, 0x48, 0x00, 0x48, 0x70, 0x48, 0x00,
    0x50, 0x70, 0x48, 0x00, 0x48, 0x70, 0x48, 0x00, 0x50, 0x70, 0x48, 0x00,
    0x50, 0x70, 0x48, 0x00, 0x48, 0x70, 0x40, 0x00, 0x48, 0x70, 0x48, 0x00,
    0x50, 0x70, 0x48, 0x00, 0x48, 0x70, 0x40, 0x00, 0x48, 0x70, 0x48, 0x00,
    0x48, 0x70, 0x48, 0x00, 0x48, 0x70, 0x48, 0x00, 0x50, 0x70, 0x40, 0x00,
    0x50, 0x70, 0x48, 0x00, 0x48, 0x70, 0x48, 0x00, 0x48, 0x70, 0x48, 0x00,
    0x50, 0x70, 0x48, 0x00, 0x48, 0x70, 0x48, 0x00, 0x50, 0x70, 0x48, 0x00,
    0x48, 0x70, 0x48, 0x00, 0x50, 0x70, 0x48, 0x00, 0x50, 0x70, 0x48, 0x00,
    0x48, 0x70, 0x48, 0x00, 0x48, 0x70, 0x48, 0x00, 0x50, 0x70, 0x40, 0x00,
    0x48, 0x70, 0x48, 0x00, 0x48, 0x70, 0x48, 0x00, 0x50, 0x70, 0x48, 0x00,
    0x48, 0x70, 0x48, 0x00, 0x48, 0x70, 0x48, 0x00, 0x50, 0x70, 0x48, 0x00,
    0x50, 0x70, 0x48, 0x00, 0x48, 0x70, 0x48, 0x00, 0x50, 0x70, 0x48, 0x00,
    0x50, 0x70, 0x48, 0x00, 0x48, 0x70, 0x48, 0x00, 0x48, 0x70, 0x48, 0x00,
    0x50, 0x70, 0x48, 0x00, 0x48, 0x70, 0x48, 0x00, 0x48, 0x70, 0x48, 0x00,
    0x50, 0x70, 0x48, 0x00, 0x48, 0x70, 0x48, 0x00, 0x48, 0x70, 0x40, 0x00,
    0x50, 0x70, 0x48, 0x00, 0x48, 0x70, 0x48, 0x00, 0x48, 0x70, 0x40, 0x00,
    0x50, 0x70, 0x48, 0x00, 0x50, 0x70, 0x48, 0x00, 0x48, 0x70, 0x48, 0x00,
    0x50, 0x70, 0x48, 0x00, 0x48, 0x70, 0x48, 0x00, 0x50, 0x70, 0x40, 0x00,
    0x48, 0x70, 0x48, 0x00, 0x50, 0x70, 0x48, 0x00, 0x48, 0x70, 0x48, 0x00,
    0x48, 0x70, 0x40, 0x00, 0x50, 0x70, 0x48, 0x00, 0x48, 0x70, 0x48, 0x00,
    0x48, 0x70, 0x48, 0x00, 0x50, 0x70, 0x48, 0x00, 0x48, 0x70, 0x48, 0x00,
    0x48, 0x70, 0x40, 0x00, 0x50, 0x70, 0x48, 0x00, 0x50, 0x70, 0x48, 0x00,
    0x48, 0x70, 0x40, 0x00, 0x50, 0x70, 0x48, 0x00, 0x48, 0x70, 0x48, 0x00,
    0x50, 0x70, 0x48, 0x00, 0x48, 0x70, 0x48, 0x00, 0x48, 0x70, 0x48, 0x00,
    0x50, 0x70, 0x48, 0x00, 0x50, 0x70, 0x48, 0x00, 0x48, 0x70, 0x40, 0x00,
    0x50, 0x70, 0x48, 0x00, 0x48, 0x70, 0x48, 0x00, 0x50, 0x70, 0x40, 0x00,
    0x50, 0x70, 0x48, 0x00, 0x48, 0x70, 0x48, 0x00, 0x50, 0x70, 0x48, 0x00,
    0x48, 0x70, 0x48, 0x00, 0x48, 0x70, 0x48, 0x00, 0x50, 0x70, 0x48, 0x00,
    0x48, 0x70, 0x48, 0x00, 0x50, 0x70, 0x48, 0x00, 0x50, 0x70, 0x40, 0x00,
    0x48, 0x70, 0x48, 0x00, 0x48, 0x70, 0x48, 0x00, 0x50, 0x70, 0x48, 0x00,
    0x50, 0x70, 0x48, 0x00, 0x48, 0x70, 0x48, 0x00, 0x50, 0x70, 0x48, 0x00,
    0x50, 0x70, 0x48, 0x00, 0x48, 0x70, 0x48, 0x00, 0x48, 0x70, 0x48, 0x00
};
