#include <touchgfx/hal/Types.hpp>

FONT_GLYPH_LOCATION_FLASH_PRAGMA
KEEP extern const uint8_t unicodes_verdana_12_8bpp_0[] FONT_GLYPH_LOCATION_FLASH_ATTRIBUTE = {
    // Unicode: [0x0020]
    // (Has no glyph data)
    // Unicode: [0x0021]
    0x49, 0xFF, 0x42, 0xFA, 0x3B, 0xF4, 0x35, 0xEE, 0x2E, 0xE8, 0x27, 0xE2, 0x13, 0x7C, 0x10, 0x44,
    0x3C, 0xF4,
    // Unicode: [0x0022]
    0xFA, 0x3A, 0xB7, 0x7D, 0xE9, 0x28, 0xA5, 0x6A, 0xD7, 0x16, 0x93, 0x57, 0x6A, 0x04, 0x46, 0x26,
    // Unicode: [0x0023]
    0x00, 0x00, 0x00, 0xAF, 0x11, 0x5D, 0x64, 0x00, 0x00, 0x00, 0x0A, 0xB5, 0x00, 0xAA, 0x18, 0x00,
    0x24, 0xD4, 0xE4, 0xE4, 0xD5, 0xF3, 0xD4, 0x8E, 0x00, 0x00, 0x79, 0x46, 0x21, 0x9E, 0x00, 0x00,
    0x00, 0x00, 0xA4, 0x1A, 0x4C, 0x73, 0x00, 0x00, 0x00, 0x00, 0xBC, 0x00, 0x77, 0x49, 0x00, 0x00,
    0xB2, 0xD2, 0xF0, 0xD0, 0xEF, 0xD4, 0xD0, 0x00, 0x00, 0x48, 0x77, 0x03, 0xBC, 0x00, 0x00, 0x00,
    0x00, 0x93, 0x2D, 0x3B, 0x85, 0x00, 0x00, 0x00,
    // Unicode: [0x0024]
    0x00, 0x00, 0x00, 0x74, 0x3C, 0x00, 0x00, 0x00, 0x26, 0xB2, 0xED, 0xEA, 0xC6, 0x46, 0x00, 0xD5,
    0x60, 0x74, 0x3C, 0x39, 0x49, 0x03, 0xFC, 0x29, 0x74, 0x3C, 0x00, 0x00, 0x00, 0x90, 0xE8, 0xCD,
    0x85, 0x1E, 0x00, 0x00, 0x00, 0x2C, 0xAB, 0xBE, 0xF1, 0x5B, 0x00, 0x00, 0x00, 0x74, 0x3C, 0x66,
    0xBF, 0x12, 0x7A, 0x15, 0x74, 0x41, 0x99, 0x8E, 0x0B, 0xA7, 0xE3, 0xF5, 0xE4, 0x90, 0x09, 0x00,
    0x00, 0x00, 0x74, 0x3C, 0x00, 0x00, 0x00, 0x00, 0x00, 0x74, 0x3C, 0x00, 0x00,
    // Unicode: [0x0025]
    0x00, 0x60, 0xD5, 0xD6, 0x6D, 0x00, 0x00, 0x0F, 0xDB, 0x0D, 0x00, 0x00, 0x00, 0x04, 0xF2, 0x16,
    0x0F, 0xF1, 0x0E, 0x00, 0x80, 0x78, 0x00, 0x00, 0x00, 0x00, 0x18, 0xF1, 0x00, 0x00, 0xE1, 0x27,
    0x11, 0xDB, 0x0B, 0x00, 0x00, 0x00, 0x00, 0x03, 0xED, 0x21, 0x19, 0xEE, 0x0B, 0x84, 0x74, 0x00,
    0x00, 0x00, 0x00, 0x00, 0x00, 0x4F, 0xCB, 0xCD, 0x57, 0x13, 0xDA, 0x0A, 0x68, 0xCE, 0xC8, 0x41,
    0x00, 0x00, 0x00, 0x00, 0x00, 0x00, 0x89, 0x6F, 0x1A, 0xEC, 0x10, 0x3A, 0xDE, 0x00, 0x00, 0x00,
    0x00, 0x00, 0x15, 0xD9, 0x08, 0x3C, 0xCD, 0x00, 0x05, 0xFF, 0x04, 0x00, 0x00, 0x00, 0x00, 0x8D,
    0x6B, 0x00, 0x1F, 0xE1, 0x00, 0x1D, 0xE4, 0x00, 0x00, 0x00, 0x00, 0x18, 0xD8, 0x06, 0x00, 0x00,
    0x7F, 0xB1, 0xBA, 0x4F, 0x00,
    // Unicode: [0x0026]
    0x00, 0x2E, 0xC1, 0xC1, 0xC9, 0x2E, 0x00, 0x00, 0x00, 0x00, 0x00, 0xC8, 0x64, 0x00, 0x7C, 0xB8,
    0x00, 0x00, 0x00, 0x00, 0x00, 0xD2, 0x6B, 0x00, 0x7A, 0xA5, 0x00, 0x00, 0x00, 0x00, 0x00, 0x41,
    0xE8, 0x9C, 0xAE, 0x18, 0x44, 0x3F, 0x00, 0x00, 0x00, 0x72, 0xA3, 0xBD, 0x9E, 0x02, 0x99, 0x7E,
    0x00, 0x00, 0x20, 0xF4, 0x0A, 0x08, 0xB5, 0xA8, 0xB2, 0x50, 0x00, 0x00, 0x48, 0xEF, 0x00, 0x00,
    0x05, 0xAC, 0xFA, 0x0C, 0x00, 0x00, 0x18, 0xF5, 0x7B, 0x09, 0x20, 0xB4, 0xC5, 0xAC, 0x03, 0x00,
    0x00, 0x45, 0xCF, 0xF7, 0xD2, 0x4B, 0x06, 0xBF, 0xA0, 0x01,
    // Unicode: [0x0027]
    0x02, 0xFD, 0x3A, 0x00, 0xED, 0x28, 0x00, 0xDB, 0x16, 0x00, 0x6C, 0x04,
    // Unicode: [0x0028]
    0x00, 0x26, 0xED, 0x3C, 0x00, 0xC3, 0x72, 0x00, 0x42, 0xE1, 0x05, 0x00, 0x97, 0x87, 0x00, 0x00,
    0xCF, 0x45, 0x00, 0x00, 0xE6, 0x27, 0x00, 0x00, 0xE6, 0x24, 0x00, 0x00, 0xCF, 0x3F, 0x00, 0x00,
    0x97, 0x7E, 0x00, 0x00, 0x43, 0xDC, 0x03, 0x00, 0x00, 0xC4, 0x6A, 0x00, 0x00, 0x26, 0xE8, 0x33,
    // Unicode: [0x0029]
    0x03, 0xB2, 0x8D, 0x00, 0x00, 0x00, 0x0F, 0xE7, 0x36, 0x00, 0x00, 0x00, 0x6C, 0xB2, 0x00, 0x00,
    0x00, 0x13, 0xF5, 0x0D, 0x00, 0x00, 0x00, 0xCF, 0x41, 0x00, 0x00, 0x00, 0xB2, 0x59, 0x00, 0x00,
    0x00, 0xB4, 0x58, 0x00, 0x00, 0x00, 0xD1, 0x42, 0x00, 0x00, 0x16, 0xF7, 0x0D, 0x00, 0x00, 0x73,
    0xB3, 0x00, 0x00, 0x12, 0xEB, 0x37, 0x00, 0x05, 0xBC, 0x8E, 0x00, 0x00,
    // Unicode: [0x002A]
    0x03, 0x00, 0x8B, 0x30, 0x00, 0x03, 0xB1, 0x69, 0x89, 0x41, 0xA0, 0x66, 0x04, 0x6D, 0xF1, 0xCE,
    0x37, 0x00, 0x36, 0xB6, 0xD0, 0xBE, 0x93, 0x13, 0x81, 0x1A, 0x8A, 0x2F, 0x45, 0x56, 0x00, 0x00,
    0x59, 0x20, 0x00, 0x00,
    // Unicode: [0x002B]
    0x00, 0x00, 0x00, 0x5A, 0x3C, 0x00, 0x00, 0x00, 0x00, 0x00, 0x00, 0x94, 0x64, 0x00, 0x00, 0x00,
    0x00, 0x00, 0x00, 0x94, 0x64, 0x00, 0x00, 0x00, 0x00, 0x00, 0x00, 0x94, 0x64, 0x00, 0x00, 0x00,
    0xBD, 0xF8, 0xF8, 0xFC, 0xFB, 0xF8, 0xF8, 0x93, 0x00, 0x00, 0x00, 0x94, 0x64, 0x00, 0x00, 0x00,
    0x00, 0x00, 0x00, 0x94, 0x64, 0x00, 0x00, 0x00, 0x00, 0x00, 0x00, 0x94, 0x64, 0x00, 0x00, 0x00,
    // Unicode: [0x002C]
    0x00, 0x41, 0xFF, 0x2B, 0x00, 0x82, 0xC0, 0x00, 0x00, 0xC3, 0x56, 0x00, 0x09, 0xE1, 0x05, 0x00,
    // Unicode: [0x002D]
    0x1A, 0xF4, 0xF4, 0xF4, 0x85, 0x03, 0x24, 0x24, 0x24, 0x13,
    // Unicode: [0x002E]
    0x60, 0xA7, 0x84, 0xE4,
    // Unicode: [0x002F]
    0x00, 0x00, 0x00, 0x00, 0x2B, 0xDC, 0x00, 0x00, 0x00, 0x00, 0x88, 0x7F, 0x00, 0x00, 0x00, 0x02,
    0xE2, 0x22, 0x00, 0x00, 0x00, 0x42, 0xC4, 0x00, 0x00, 0x00, 0x00, 0xA0, 0x66, 0x00, 0x00, 0x00,
    0x0A, 0xEB, 0x10, 0x00, 0x00, 0x00, 0x5A, 0xAB, 0x00, 0x00, 0x00, 0x00, 0xB7, 0x4E, 0x00, 0x00,
    0x00, 0x17, 0xE7, 0x05, 0x00, 0x00, 0x00, 0x72, 0x92, 0x00, 0x00, 0x00, 0x00, 0xCF, 0x35, 0x00,
    0x00, 0x00, 0x0A, 0x77, 0x00, 0x00, 0x00, 0x00,
    // Unicode: [0x0030]
    0x00, 0x14, 0xB1, 0xF6, 0xE8, 0x78, 0x00, 0x00, 0xA9, 0xAD, 0x17, 0x35, 0xEA, 0x4A, 0x07, 0xF8,
    0x30, 0x00, 0x00, 0x8B, 0xA2, 0x27, 0xFF, 0x0A, 0x00, 0x00, 0x65, 0xC9, 0x31, 0xFF, 0x01, 0x00,
    0x00, 0x5B, 0xD5, 0x27, 0xFF, 0x07, 0x00, 0x00, 0x65, 0xCA, 0x07, 0xF9, 0x2F, 0x00, 0x00, 0x8D,
    0xA5, 0x00, 0xAD, 0xAB, 0x16, 0x31, 0xE9, 0x50, 0x00, 0x17, 0xB4, 0xF7, 0xEA, 0x7D, 0x00,
    // Unicode: [0x0031]
    0x00, 0x05, 0x99, 0x94, 0x00, 0x00, 0x4E, 0xE0, 0xF5, 0x94, 0x00, 0x00, 0x00, 0x00, 0x8C, 0x94,
    0x00, 0x00, 0x00, 0x00, 0x8C, 0x94, 0x00, 0x00, 0x00, 0x00, 0x8C, 0x94, 0x00, 0x00, 0x00, 0x00,
    0x8C, 0x94, 0x00, 0x00, 0x00, 0x00, 0x8C, 0x94, 0x00, 0x00, 0x00, 0x00, 0x8C, 0x94, 0x00, 0x00,
    0x58, 0xEC, 0xF6, 0xF7, 0xEC, 0x54,
    // Unicode: [0x0032]
    0x00, 0x82, 0xDA, 0xF7, 0xDE, 0x6E, 0x00, 0x00, 0x8A, 0x40, 0x16, 0x49, 0xF6, 0x42, 0x00, 0x00,
    0x00, 0x00, 0x00, 0xC2, 0x71, 0x00, 0x00, 0x00, 0x00, 0x0A, 0xEC, 0x44, 0x00, 0x00, 0x00, 0x00,
    0x9F, 0xB9, 0x01, 0x00, 0x00, 0x00, 0x8E, 0xCE, 0x0F, 0x00, 0x00, 0x04, 0x9F, 0xC3, 0x0F, 0x00,
    0x00, 0x04, 0xBA, 0xB2, 0x14, 0x0C, 0x0C, 0x0A, 0x10, 0xFF, 0xFF, 0xFF, 0xFF, 0xFF, 0xD8,
    // Unicode: [0x0033]
    0x00, 0x73, 0xD3, 0xF6, 0xED, 0xA1, 0x0D, 0x00, 0x60, 0x36, 0x13, 0x2A, 0xD7, 0x75, 0x00, 0x00,
    0x00, 0x03, 0x2C, 0xD8, 0x41, 0x00, 0x00, 0x00, 0xFF, 0xF9, 0x63, 0x00, 0x00, 0x00, 0x00, 0x02,
    0x2C, 0xDF, 0x53, 0x00, 0x00, 0x00, 0x00, 0x00, 0x88, 0xA9, 0x00, 0x00, 0x00, 0x00, 0x00, 0x96,
    0xA0, 0x03, 0xAF, 0x41, 0x17, 0x53, 0xF4, 0x49, 0x01, 0x9D, 0xDE, 0xF7, 0xD6, 0x5D, 0x00,
    // Unicode: [0x0034]
    0x00, 0x00, 0x00, 0x08, 0xC0, 0xC0, 0x00, 0x00, 0x00, 0x00, 0x03, 0xAE, 0xC9, 0xC0, 0x00, 0x00,
    0x00, 0x00, 0x9B, 0x8A, 0x60, 0xC0, 0x00, 0x00, 0x00, 0x86, 0xA0, 0x01, 0x60, 0xC0, 0x00, 0x00,
    0x5E, 0xB3, 0x04, 0x00, 0x60, 0xC0, 0x00, 0x00, 0x89, 0xF9, 0xF8, 0xF8, 0xFB, 0xFE, 0xF8, 0x0B,
    0x00, 0x00, 0x00, 0x00, 0x60, 0xC0, 0x00, 0x00, 0x00, 0x00, 0x00, 0x00, 0x60, 0xC0, 0x00, 0x00,
    0x00, 0x00, 0x00, 0x00, 0x60, 0xC0, 0x00, 0x00,
    // Unicode: [0x0035]
    0x88, 0xFF, 0xFF, 0xFF, 0xFF, 0xB8, 0x88, 0xA2, 0x10, 0x10, 0x10, 0x0B, 0x88, 0x9C, 0x00, 0x00,
    0x00, 0x00, 0x88, 0xF4, 0xE5, 0xCE, 0x75, 0x00, 0x24, 0x28, 0x1F, 0x4E, 0xE7, 0x6B, 0x00, 0x00,
    0x00, 0x00, 0x7A, 0xBD, 0x00, 0x00, 0x00, 0x00, 0x86, 0xAA, 0x95, 0x41, 0x17, 0x48, 0xED, 0x50,
    0x90, 0xDF, 0xF7, 0xDA, 0x68, 0x00,
    // Unicode: [0x0036]
    0x00, 0x00, 0x38, 0xB9, 0xF2, 0xF7, 0x1B, 0x00, 0x39, 0xEA, 0x65, 0x1C, 0x1E, 0x07, 0x00, 0xC3,
    0x63, 0x00, 0x00, 0x00, 0x00, 0x0F, 0xFE, 0xA8, 0xE8, 0xF3, 0xAB, 0x0F, 0x2D, 0xFE, 0x4B, 0x0C,
    0x1B, 0xBF, 0xA9, 0x2C, 0xFF, 0x02, 0x00, 0x00, 0x47, 0xF2, 0x0C, 0xFC, 0x2D, 0x00, 0x00, 0x4B,
    0xDF, 0x00, 0xA6, 0xC0, 0x17, 0x19, 0xC2, 0x83, 0x00, 0x0D, 0x9D, 0xED, 0xE6, 0x87, 0x05,
    // Unicode: [0x0037]
    0x18, 0xFF, 0xFF, 0xFF, 0xFF, 0xFF, 0xE0, 0x01, 0x10, 0x10, 0x10, 0x10, 0x6A, 0xC4, 0x00, 0x00,
    0x00, 0x00, 0x05, 0xDD, 0x48, 0x00, 0x00, 0x00, 0x00, 0x6B, 0xC4, 0x00, 0x00, 0x00, 0x00, 0x0A,
    0xE7, 0x3F, 0x00, 0x00, 0x00, 0x00, 0x7A, 0xBB, 0x00, 0x00, 0x00, 0x00, 0x11, 0xEF, 0x37, 0x00,
    0x00, 0x00, 0x00, 0x89, 0xB2, 0x00, 0x00, 0x00, 0x00, 0x19, 0xF4, 0x2F, 0x00, 0x00, 0x00,
    // Unicode: [0x0038]
    0x00, 0x26, 0xB9, 0xE6, 0xE3, 0x94, 0x07, 0x00, 0xD4, 0x72, 0x00, 0x0F, 0xC3, 0x7E, 0x03, 0xFC,
    0x40, 0x00, 0x00, 0x8C, 0x9F, 0x00, 0x8A, 0xEA, 0x68, 0x2F, 0xD6, 0x30, 0x00, 0x3D, 0xCE, 0xA2,
    0xF4, 0xAD, 0x0C, 0x13, 0xF1, 0x23, 0x00, 0x12, 0xBA, 0xAC, 0x3C, 0xF3, 0x00, 0x00, 0x00, 0x5B,
    0xDE, 0x0F, 0xED, 0x72, 0x01, 0x0C, 0xB3, 0x96, 0x00, 0x36, 0xC2, 0xE9, 0xE1, 0x8F, 0x09,
    // Unicode: [0x0039]
    0x00, 0x22, 0xB6, 0xF2, 0xD9, 0x62, 0x00, 0x07, 0xD9, 0x7D, 0x09, 0x3B, 0xED, 0x4D, 0x3C, 0xF0,
    0x02, 0x00, 0x00, 0x87, 0xAD, 0x4E, 0xED, 0x00, 0x00, 0x00, 0x5E, 0xCF, 0x16, 0xEF, 0x74, 0x08,
    0x19, 0x98, 0xCF, 0x00, 0x3E, 0xD1, 0xF8, 0xD8, 0xBF, 0xB0, 0x00, 0x00, 0x00, 0x00, 0x00, 0xBA,
    0x67, 0x00, 0x18, 0x13, 0x29, 0x98, 0xD1, 0x07, 0x00, 0x71, 0xFC, 0xE6, 0x95, 0x12, 0x00,
    // Unicode: [0x003A]
    0xF8, 0x6C, 0xB6, 0x4F, 0x00, 0x00, 0x00, 0x00, 0x00, 0x00, 0xB6, 0x4F, 0xF8, 0x6C,
    // Unicode: [0x003B]
    0x00, 0xF8, 0x6C, 0x00, 0xB6, 0x4F, 0x00, 0x00, 0x00, 0x00, 0x00, 0x00, 0x00, 0x00, 0x00, 0x00,
    0x57, 0x62, 0x00, 0xDB, 0x7D, 0x16, 0xFE, 0x20, 0x50, 0xC1, 0x00, 0x8B, 0x63, 0x00,
    // Unicode: [0x003C]
    0x00, 0x00, 0x00, 0x00, 0x00, 0x00, 0x22, 0x1A, 0x00, 0x00, 0x00, 0x00, 0x32, 0xA8, 0xE9, 0x2B,
    0x00, 0x00, 0x46, 0xBC, 0xDB, 0x6B, 0x0A, 0x00, 0x3C, 0xCF, 0xC5, 0x52, 0x02, 0x00, 0x00, 0x00,
    0x45, 0xDC, 0xB4, 0x41, 0x00, 0x00, 0x00, 0x00, 0x00, 0x03, 0x57, 0xCC, 0xCD, 0x5A, 0x04, 0x00,
    0x00, 0x00, 0x00, 0x00, 0x43, 0xB9, 0xE1, 0x27, 0x00, 0x00, 0x00, 0x00, 0x00, 0x00, 0x30, 0x1E,
    // Unicode: [0x003D]
    0x8B, 0xF8, 0xF8, 0xF8, 0xF8, 0xF8, 0xF8, 0x60, 0x00, 0x00, 0x00, 0x00, 0x00, 0x00, 0x00, 0x00,
    0x00, 0x00, 0x00, 0x00, 0x00, 0x00, 0x00, 0x00, 0x8B, 0xF8, 0xF8, 0xF8, 0xF8, 0xF8, 0xF8, 0x60,
    // Unicode: [0x003E]
    0x27, 0x14, 0x00, 0x00, 0x00, 0x00, 0x00, 0x00, 0x4D, 0xEC, 0x93, 0x21, 0x00, 0x00, 0x00, 0x00,
    0x00, 0x14, 0x7F, 0xE6, 0xA6, 0x30, 0x00, 0x00, 0x00, 0x00, 0x00, 0x08, 0x66, 0xD7, 0xB9, 0x23,
    0x00, 0x00, 0x00, 0x03, 0x55, 0xC9, 0xC9, 0x28, 0x00, 0x0B, 0x6D, 0xDD, 0xB7, 0x41, 0x00, 0x00,
    0x46, 0xEA, 0xA4, 0x2E, 0x00, 0x00, 0x00, 0x00, 0x2F, 0x1F, 0x00, 0x00, 0x00, 0x00, 0x00, 0x00,
    // Unicode: [0x003F]
    0x09, 0xBB, 0xEB, 0xF3, 0xB6, 0x1E, 0x0A, 0x6E, 0x26, 0x1D, 0xB1, 0xB5, 0x00, 0x00, 0x00, 0x00,
    0x5F, 0xD4, 0x00, 0x00, 0x00, 0x07, 0xC0, 0x86, 0x00, 0x00, 0x32, 0xD0, 0x9D, 0x06, 0x00, 0x00,
    0x90, 0x8D, 0x00, 0x00, 0x00, 0x00, 0x57, 0x4B, 0x00, 0x00, 0x00, 0x00, 0x2D, 0x29, 0x00, 0x00,
    0x00, 0x00, 0xA0, 0x94, 0x00, 0x00,
    // Unicode: [0x0040]
    0x00, 0x00, 0x4D, 0xBC, 0xD5, 0xD3, 0xCC, 0x74, 0x06, 0x00, 0x00, 0x88, 0xBA, 0x26, 0x00, 0x00,
    0x0E, 0x7E, 0xB9, 0x04, 0x4E, 0xBB, 0x01, 0x77, 0xE5, 0xD8, 0xE4, 0x3C, 0x91, 0x6D, 0xBC, 0x26,
    0x41, 0xCD, 0x0E, 0x05, 0xC1, 0x3C, 0x13, 0xC4, 0xD4, 0x00, 0x86, 0x72, 0x00, 0x00, 0xB4, 0x3C,
    0x00, 0xCB, 0xD3, 0x00, 0x88, 0x72, 0x00, 0x00, 0xB4, 0x3C, 0x00, 0xC4, 0xBA, 0x23, 0x49, 0xD0,
    0x23, 0x43, 0xE1, 0x3C, 0x1D, 0xA8, 0x4D, 0xB8, 0x01, 0x77, 0xC6, 0x97, 0x96, 0xB2, 0xB5, 0x35,
    0x00, 0x83, 0xAF, 0x2B, 0x00, 0x00, 0x06, 0x04, 0x00, 0x00, 0x00, 0x00, 0x40, 0xA8, 0xC8, 0xC7,
    0xC2, 0x1B, 0x00, 0x00,
    // Unicode: [0x0041]
    0x00, 0x00, 0x00, 0xD9, 0xFA, 0x12, 0x00, 0x00, 0x00, 0x00, 0x34, 0xDF, 0xBB, 0x67, 0x00, 0x00,
    0x00, 0x00, 0x8E, 0x80, 0x5A, 0xC1, 0x00, 0x00, 0x00, 0x02, 0xE4, 0x21, 0x09, 0xEF, 0x1C, 0x00,
    0x00, 0x42, 0xBF, 0x00, 0x00, 0x9B, 0x75, 0x00, 0x00, 0x9D, 0xF6, 0xEC, 0xEC, 0xF4, 0xD0, 0x00,
    0x07, 0xEC, 0x2B, 0x1C, 0x1C, 0x1C, 0xEB, 0x2A, 0x51, 0xC6, 0x00, 0x00, 0x00, 0x00, 0xA3, 0x84,
    0xAB, 0x7A, 0x00, 0x00, 0x00, 0x00, 0x56, 0xDD,
    // Unicode: [0x0042]
    0xD4, 0xFF, 0xFF, 0xFA, 0xD7, 0x5E, 0x00, 0xD4, 0x56, 0x04, 0x10, 0x77, 0xF0, 0x00, 0xD4, 0x54,
    0x00, 0x00, 0x72, 0xBB, 0x00, 0xD4, 0xEF, 0xE8, 0xF3, 0xFA, 0x5F, 0x00, 0xD4, 0x64, 0x18, 0x1D,
    0x49, 0xE5, 0x5A, 0xD4, 0x54, 0x00, 0x00, 0x00, 0x88, 0xB0, 0xD4, 0x54, 0x00, 0x00, 0x00, 0x8A,
    0xA4, 0xD4, 0x59, 0x08, 0x0E, 0x4A, 0xEF, 0x4E, 0xD4, 0xFF, 0xFF, 0xFC, 0xDC, 0x68, 0x00,
    // Unicode: [0x0043]
    0x00, 0x00, 0x50, 0xC6, 0xF6, 0xED, 0xC1, 0x5F, 0x00, 0x64, 0xF1, 0x63, 0x19, 0x19, 0x61, 0xC9,
    0x08, 0xEE, 0x60, 0x00, 0x00, 0x00, 0x00, 0x08, 0x3B, 0xFD, 0x07, 0x00, 0x00, 0x00, 0x00, 0x00,
    0x4F, 0xE6, 0x00, 0x00, 0x00, 0x00, 0x00, 0x00, 0x3D, 0xF7, 0x05, 0x00, 0x00, 0x00, 0x00, 0x00,
    0x0A, 0xF1, 0x63, 0x00, 0x00, 0x00, 0x00, 0x08, 0x00, 0x6D, 0xF3, 0x6B, 0x1D, 0x1B, 0x5F, 0xC7,
    0x00, 0x00, 0x5A, 0xCC, 0xF7, 0xF3, 0xBF, 0x59,
    // Unicode: [0x0044]
    0xD4, 0xFF, 0xFD, 0xEF, 0xBD, 0x51, 0x00, 0x00, 0xD4, 0x59, 0x0C, 0x22, 0x6C, 0xEB, 0x7D, 0x00,
    0xD4, 0x54, 0x00, 0x00, 0x00, 0x31, 0xFB, 0x23, 0xD4, 0x54, 0x00, 0x00, 0x00, 0x00, 0xCB, 0x6E,
    0xD4, 0x54, 0x00, 0x00, 0x00, 0x00, 0xB2, 0x84, 0xD4, 0x54, 0x00, 0x00, 0x00, 0x00, 0xCB, 0x6B,
    0xD4, 0x54, 0x00, 0x00, 0x00, 0x30, 0xF8, 0x1C, 0xD4, 0x59, 0x0B, 0x1F, 0x69, 0xE9, 0x75, 0x00,
    0xD4, 0xFF, 0xFE, 0xF0, 0xBD, 0x4F, 0x00, 0x00,
    // Unicode: [0x0045]
    0xD4, 0xFF, 0xFF, 0xFF, 0xFF, 0xEC, 0xD4, 0x5E, 0x10, 0x10, 0x10, 0x0E, 0xD4, 0x54, 0x00, 0x00,
    0x00, 0x00, 0xD4, 0xF5, 0xF0, 0xF0, 0xF0, 0xDD, 0xD4, 0x69, 0x20, 0x20, 0x20, 0x1D, 0xD4, 0x54,
    0x00, 0x00, 0x00, 0x00, 0xD4, 0x54, 0x00, 0x00, 0x00, 0x00, 0xD4, 0x61, 0x14, 0x14, 0x14, 0x12,
    0xD4, 0xFF, 0xFF, 0xFF, 0xFF, 0xEC,
    // Unicode: [0x0046]
    0xD4, 0xFF, 0xFF, 0xFF, 0xFF, 0xC0, 0xD4, 0x5E, 0x10, 0x10, 0x10, 0x0C, 0xD4, 0x54, 0x00, 0x00,
    0x00, 0x00, 0xD4, 0x54, 0x00, 0x00, 0x00, 0x00, 0xD4, 0xF5, 0xF0, 0xF0, 0xF0, 0x1E, 0xD4, 0x69,
    0x20, 0x20, 0x20, 0x04, 0xD4, 0x54, 0x00, 0x00, 0x00, 0x00, 0xD4, 0x54, 0x00, 0x00, 0x00, 0x00,
    0xD4, 0x54, 0x00, 0x00, 0x00, 0x00,
    // Unicode: [0x0047]
    0x00, 0x00, 0x40, 0xB8, 0xEF, 0xF6, 0xD6, 0x89, 0x1D, 0x00, 0x58, 0xF4, 0x72, 0x21, 0x13, 0x39,
    0x94, 0x6A, 0x07, 0xEA, 0x68, 0x00, 0x00, 0x00, 0x00, 0x00, 0x01, 0x3B, 0xFD, 0x07, 0x00, 0x00,
    0x00, 0x00, 0x00, 0x00, 0x4F, 0xE9, 0x00, 0x00, 0x07, 0xF0, 0xF0, 0xF0, 0x6C, 0x3B, 0xFE, 0x09,
    0x00, 0x01, 0x20, 0x20, 0xBD, 0x74, 0x08, 0xEE, 0x6F, 0x00, 0x00, 0x00, 0x00, 0xB4, 0x74, 0x00,
    0x60, 0xF7, 0x7A, 0x25, 0x11, 0x3A, 0xD4, 0x74, 0x00, 0x00, 0x49, 0xBF, 0xF1, 0xF4, 0xCF, 0x85,
    0x1C,
    // Unicode: [0x0048]
    0xD4, 0x54, 0x00, 0x00, 0x00, 0x50, 0xD8, 0xD4, 0x54, 0x00, 0x00, 0x00, 0x50, 0xD8, 0xD4, 0x54,
    0x00, 0x00, 0x00, 0x50, 0xD8, 0xD4, 0xF5, 0xF0, 0xF0, 0xF0, 0xF5, 0xD8, 0xD4, 0x69, 0x20, 0x20,
    0x20, 0x66, 0xD8, 0xD4, 0x54, 0x00, 0x00, 0x00, 0x50, 0xD8, 0xD4, 0x54, 0x00, 0x00, 0x00, 0x50,
    0xD8, 0xD4, 0x54, 0x00, 0x00, 0x00, 0x50, 0xD8, 0xD4, 0x54, 0x00, 0x00, 0x00, 0x50, 0xD8,
    // Unicode: [0x0049]
    0x2F, 0xEC, 0xFF, 0xEE, 0x3B, 0x00, 0x0C, 0xFF, 0x1C, 0x00, 0x00, 0x0C, 0xFF, 0x1C, 0x00, 0x00,
    0x0C, 0xFF, 0x1C, 0x00, 0x00, 0x0C, 0xFF, 0x1C, 0x00, 0x00, 0x0C, 0xFF, 0x1C, 0x00, 0x00, 0x0C,
    0xFF, 0x1C, 0x00, 0x00, 0x0C, 0xFF, 0x1C, 0x00, 0x2F, 0xEC, 0xFF, 0xEE, 0x3B,
    // Unicode: [0x004A]
    0x00, 0x9C, 0xF4, 0xFD, 0x60, 0x00, 0x00, 0x00, 0xC8, 0x60, 0x00, 0x00, 0x00, 0xC8, 0x60, 0x00,
    0x00, 0x00, 0xC8, 0x60, 0x00, 0x00, 0x00, 0xC8, 0x60, 0x00, 0x00, 0x00, 0xC8, 0x60, 0x00, 0x00,
    0x00, 0xCE, 0x5B, 0x26, 0x10, 0x3C, 0xF8, 0x2E, 0xA7, 0xFA, 0xE4, 0x6E, 0x00,
    // Unicode: [0x004B]
    0xCC, 0x5C, 0x00, 0x00, 0x0D, 0xCE, 0x89, 0x00, 0xCC, 0x5C, 0x00, 0x06, 0xBB, 0x9E, 0x00, 0x00,
    0xCC, 0x5C, 0x01, 0xA6, 0xB0, 0x03, 0x00, 0x00, 0xCC, 0x5C, 0x8E, 0xC0, 0x08, 0x00, 0x00, 0x00,
    0xCC, 0xC7, 0xFF, 0x62, 0x00, 0x00, 0x00, 0x00, 0xCC, 0xBF, 0x5F, 0xF6, 0x39, 0x00, 0x00, 0x00,
    0xCC, 0x5C, 0x00, 0x79, 0xEA, 0x21, 0x00, 0x00, 0xCC, 0x5C, 0x00, 0x00, 0x9B, 0xD6, 0x10, 0x00,
    0xCC, 0x5C, 0x00, 0x00, 0x04, 0xBA, 0xBC, 0x05,
    // Unicode: [0x004C]
    0xD4, 0x54, 0x00, 0x00, 0x00, 0x00, 0xD4, 0x54, 0x00, 0x00, 0x00, 0x00, 0xD4, 0x54, 0x00, 0x00,
    0x00, 0x00, 0xD4, 0x54, 0x00, 0x00, 0x00, 0x00, 0xD4, 0x54, 0x00, 0x00, 0x00, 0x00, 0xD4, 0x54,
    0x00, 0x00, 0x00, 0x00, 0xD4, 0x54, 0x00, 0x00, 0x00, 0x00, 0xD4, 0x61, 0x14, 0x14, 0x14, 0x0D,
    0xD4, 0xFF, 0xFF, 0xFF, 0xFF, 0xB0,
    // Unicode: [0x004D]
    0xD4, 0xEE, 0x0C, 0x00, 0x00, 0x04, 0xE1, 0xF0, 0xD4, 0xDF, 0x72, 0x00, 0x00, 0x59, 0xDE, 0xF0,
    0xD4, 0x6D, 0xE2, 0x05, 0x00, 0xCB, 0x6C, 0xF0, 0xD4, 0x40, 0xB7, 0x60, 0x3F, 0xBE, 0x38, 0xF0,
    0xD4, 0x40, 0x42, 0xD6, 0xB4, 0x49, 0x38, 0xF0, 0xD4, 0x40, 0x00, 0xCB, 0xD2, 0x00, 0x38, 0xF0,
    0xD4, 0x40, 0x00, 0x3B, 0x3E, 0x00, 0x38, 0xF0, 0xD4, 0x40, 0x00, 0x00, 0x00, 0x00, 0x38, 0xF0,
    0xD4, 0x40, 0x00, 0x00, 0x00, 0x00, 0x38, 0xF0,
    // Unicode: [0x004E]
    0xD4, 0xFF, 0x39, 0x00, 0x00, 0x40, 0xD4, 0xD4, 0xB8, 0xBD, 0x00, 0x00, 0x40, 0xD4, 0xD4, 0x4B,
    0xE9, 0x41, 0x00, 0x40, 0xD4, 0xD4, 0x40, 0x71, 0xC4, 0x00, 0x40, 0xD4, 0xD4, 0x40, 0x08, 0xE4,
    0x49, 0x40, 0xD4, 0xD4, 0x40, 0x00, 0x69, 0xCB, 0x40, 0xD4, 0xD4, 0x40, 0x00, 0x06, 0xDF, 0x90,
    0xD4, 0xD4, 0x40, 0x00, 0x00, 0x62, 0xF8, 0xD4, 0xD4, 0x40, 0x00, 0x00, 0x03, 0xDA, 0xD4,
    // Unicode: [0x004F]
    0x00, 0x00, 0x63, 0xD2, 0xF9, 0xEB, 0xA2, 0x1A, 0x00, 0x00, 0x74, 0xED, 0x5A, 0x17, 0x2E, 0xB3,
    0xD6, 0x04, 0x0A, 0xF1, 0x58, 0x00, 0x00, 0x00, 0x05, 0xDE, 0x67, 0x3D, 0xFC, 0x04, 0x00, 0x00,
    0x00, 0x00, 0x8D, 0xAF, 0x50, 0xE8, 0x00, 0x00, 0x00, 0x00, 0x00, 0x74, 0xC3, 0x3D, 0xFC, 0x04,
    0x00, 0x00, 0x00, 0x00, 0x8D, 0xAF, 0x0A, 0xED, 0x57, 0x00, 0x00, 0x00, 0x06, 0xDF, 0x68, 0x00,
    0x6A, 0xED, 0x5C, 0x1A, 0x32, 0xB6, 0xD5, 0x04, 0x00, 0x00, 0x64, 0xD3, 0xF9, 0xEC, 0xA2, 0x18,
    0x00,
    // Unicode: [0x0050]
    0xD4, 0xFF, 0xFD, 0xE5, 0x8B, 0x04, 0xD4, 0x59, 0x0B, 0x34, 0xDB, 0x83, 0xD4, 0x54, 0x00, 0x00,
    0x69, 0xD4, 0xD4, 0x54, 0x00, 0x00, 0x6B, 0xC7, 0xD4, 0x54, 0x00, 0x24, 0xD9, 0x75, 0xD4, 0xF2,
    0xEF, 0xF7, 0x8A, 0x05, 0xD4, 0x66, 0x19, 0x06, 0x00, 0x00, 0xD4, 0x54, 0x00, 0x00, 0x00, 0x00,
    0xD4, 0x54, 0x00, 0x00, 0x00, 0x00,
    // Unicode: [0x0051]
    0x00, 0x00, 0x63, 0xD2, 0xF9, 0xEB, 0xA2, 0x1A, 0x00, 0x00, 0x74, 0xED, 0x5A, 0x17, 0x2E, 0xB3,
    0xD6, 0x04, 0x0A, 0xF1, 0x58, 0x00, 0x00, 0x00, 0x05, 0xDE, 0x67, 0x3D, 0xFC, 0x04, 0x00, 0x00,
    0x00, 0x00, 0x8D, 0xAF, 0x50, 0xE8, 0x00, 0x00, 0x00, 0x00, 0x00, 0x74, 0xC1, 0x3D, 0xFC, 0x04,
    0x00, 0x00, 0x00, 0x00, 0x8D, 0xAA, 0x0A, 0xED, 0x57, 0x00, 0x00, 0x00, 0x06, 0xDF, 0x65, 0x00,
    0x6A, 0xED, 0x5C, 0x1A, 0x32, 0xB6, 0xCF, 0x09, 0x00, 0x00, 0x64, 0xD3, 0xFA, 0xFE, 0xB0, 0x13,
    0x00, 0x00, 0x00, 0x00, 0x00, 0x00, 0xAC, 0x76, 0x00, 0x00, 0x00, 0x00, 0x00, 0x00, 0x00, 0x6D,
    0xD0, 0x22, 0x43, 0x00, 0x00, 0x00, 0x00, 0x00, 0x08, 0xA6, 0xF6, 0xE0,
    // Unicode: [0x0052]
    0xD4, 0xFF, 0xFF, 0xF3, 0xB2, 0x1A, 0x00, 0x00, 0xD4, 0x59, 0x08, 0x1F, 0xB4, 0xBD, 0x00, 0x00,
    0xD4, 0x54, 0x00, 0x00, 0x60, 0xD8, 0x00, 0x00, 0xD4, 0x54, 0x02, 0x22, 0xC4, 0x83, 0x00, 0x00,
    0xD4, 0xFF, 0xFF, 0xFF, 0x85, 0x01, 0x00, 0x00, 0xD4, 0x54, 0x00, 0xAA, 0xBE, 0x02, 0x00, 0x00,
    0xD4, 0x54, 0x00, 0x10, 0xE0, 0x81, 0x00, 0x00, 0xD4, 0x54, 0x00, 0x00, 0x39, 0xF9, 0x44, 0x00,
    0xD4, 0x54, 0x00, 0x00, 0x00, 0x7A, 0xE9, 0x19,
    // Unicode: [0x0053]
    0x00, 0x21, 0xAA, 0xEB, 0xF4, 0xD6, 0x93, 0x0F, 0x01, 0xDA, 0x99, 0x21, 0x14, 0x43, 0xA8, 0x27,
    0x1C, 0xFF, 0x18, 0x00, 0x00, 0x00, 0x00, 0x00, 0x04, 0xE1, 0xA9, 0x3F, 0x0E, 0x00, 0x00, 0x00,
    0x00, 0x23, 0xA1, 0xE6, 0xFE, 0xD6, 0x6A, 0x00, 0x00, 0x00, 0x00, 0x00, 0x17, 0x5C, 0xF4, 0x4F,
    0x08, 0x02, 0x00, 0x00, 0x00, 0x00, 0xBD, 0x74, 0x38, 0xD0, 0x52, 0x18, 0x18, 0x61, 0xF0, 0x29,
    0x11, 0x86, 0xD2, 0xF2, 0xEE, 0xBD, 0x3F, 0x00,
    // Unicode: [0x0054]
    0xFF, 0xFF, 0xFF, 0xFF, 0xFF, 0xFF, 0xFF, 0x64, 0x10, 0x10, 0x10, 0xE2, 0x53, 0x10, 0x10, 0x06,
    0x00, 0x00, 0x00, 0xE0, 0x48, 0x00, 0x00, 0x00, 0x00, 0x00, 0x00, 0xE0, 0x48, 0x00, 0x00, 0x00,
    0x00, 0x00, 0x00, 0xE0, 0x48, 0x00, 0x00, 0x00, 0x00, 0x00, 0x00, 0xE0, 0x48, 0x00, 0x00, 0x00,
    0x00, 0x00, 0x00, 0xE0, 0x48, 0x00, 0x00, 0x00, 0x00, 0x00, 0x00, 0xE0, 0x48, 0x00, 0x00, 0x00,
    0x00, 0x00, 0x00, 0xE0, 0x48, 0x00, 0x00, 0x00,
    // Unicode: [0x0055]
    0xF4, 0x34, 0x00, 0x00, 0x00, 0x6C, 0xBC, 0xF4, 0x34, 0x00, 0x00, 0x00, 0x6C, 0xBC, 0xF4, 0x34,
    0x00, 0x00, 0x00, 0x6C, 0xBC, 0xF4, 0x34, 0x00, 0x00, 0x00, 0x6C, 0xBC, 0xF4, 0x34, 0x00, 0x00,
    0x00, 0x6C, 0xBC, 0xF0, 0x36, 0x00, 0x00, 0x00, 0x70, 0xB3, 0xD7, 0x58, 0x00, 0x00, 0x00, 0x94,
    0x95, 0x7E, 0xDB, 0x38, 0x13, 0x52, 0xF2, 0x46, 0x04, 0x7F, 0xDD, 0xF6, 0xD4, 0x59, 0x00,
    // Unicode: [0x0056]
    0xAB, 0x8F, 0x00, 0x00, 0x00, 0x00, 0x4D, 0xDD, 0x51, 0xE5, 0x02, 0x00, 0x00, 0x00, 0xA5, 0x84,
    0x07, 0xEF, 0x40, 0x00, 0x00, 0x0A, 0xF3, 0x2A, 0x00, 0x9D, 0x99, 0x00, 0x00, 0x57, 0xD0, 0x00,
    0x00, 0x42, 0xEC, 0x04, 0x00, 0xB0, 0x75, 0x00, 0x00, 0x02, 0xE5, 0x49, 0x10, 0xF7, 0x1D, 0x00,
    0x00, 0x00, 0x8E, 0xA2, 0x62, 0xC1, 0x00, 0x00, 0x00, 0x00, 0x34, 0xF1, 0xC2, 0x67, 0x00, 0x00,
    0x00, 0x00, 0x00, 0xD8, 0xFA, 0x12, 0x00, 0x00,
    // Unicode: [0x0057]
    0x54, 0xDA, 0x00, 0x00, 0x00, 0xBF, 0xAA, 0x00, 0x00, 0x01, 0xED, 0x33, 0x13, 0xFE, 0x19, 0x00,
    0x06, 0xE9, 0xE7, 0x00, 0x00, 0x2C, 0xF0, 0x02, 0x00, 0xD1, 0x58, 0x00, 0x3B, 0xB0, 0xD7, 0x26,
    0x00, 0x6A, 0xB2, 0x00, 0x00, 0x90, 0x96, 0x00, 0x79, 0x72, 0x99, 0x64, 0x00, 0xA7, 0x72, 0x00,
    0x00, 0x4E, 0xD5, 0x00, 0xB7, 0x34, 0x5A, 0xA2, 0x00, 0xE4, 0x31, 0x00, 0x00, 0x0F, 0xFC, 0x18,
    0xE4, 0x03, 0x1B, 0xDF, 0x22, 0xEF, 0x02, 0x00, 0x00, 0x00, 0xCC, 0x85, 0xB9, 0x00, 0x00, 0xDC,
    0x7D, 0xB0, 0x00, 0x00, 0x00, 0x00, 0x8A, 0xF1, 0x7C, 0x00, 0x00, 0x9E, 0xEC, 0x70, 0x00, 0x00,
    0x00, 0x00, 0x49, 0xFF, 0x3E, 0x00, 0x00, 0x5F, 0xFF, 0x30, 0x00, 0x00,
    // Unicode: [0x0058]
    0x37, 0xF5, 0x29, 0x00, 0x00, 0x01, 0xC2, 0x7C, 0x00, 0x8B, 0xC4, 0x01, 0x00, 0x6D, 0xCB, 0x04,
    0x00, 0x08, 0xD9, 0x6A, 0x21, 0xEC, 0x2A, 0x00, 0x00, 0x00, 0x3B, 0xEF, 0xC6, 0x74, 0x00, 0x00,
    0x00, 0x00, 0x00, 0xBB, 0xF2, 0x08, 0x00, 0x00, 0x00, 0x00, 0x3E, 0xE5, 0xC6, 0x81, 0x00, 0x00,
    0x00, 0x0B, 0xDD, 0x51, 0x26, 0xF2, 0x30, 0x00, 0x00, 0x96, 0xA8, 0x00, 0x00, 0x7B, 0xCF, 0x05,
    0x42, 0xE9, 0x15, 0x00, 0x00, 0x05, 0xD1, 0x7F,
    // Unicode: [0x0059]
    0xAC, 0x9B, 0x00, 0x00, 0x00, 0x33, 0xEE, 0x18, 0x1E, 0xF3, 0x35, 0x00, 0x01, 0xC7, 0x6E, 0x00,
    0x00, 0x7A, 0xC9, 0x01, 0x62, 0xCF, 0x03, 0x00, 0x00, 0x07, 0xDB, 0x73, 0xE8, 0x39, 0x00, 0x00,
    0x00, 0x00, 0x49, 0xFF, 0x9C, 0x00, 0x00, 0x00, 0x00, 0x00, 0x00, 0xE2, 0x48, 0x00, 0x00, 0x00,
    0x00, 0x00, 0x00, 0xE0, 0x48, 0x00, 0x00, 0x00, 0x00, 0x00, 0x00, 0xE0, 0x48, 0x00, 0x00, 0x00,
    0x00, 0x00, 0x00, 0xE0, 0x48, 0x00, 0x00, 0x00,
    // Unicode: [0x005A]
    0x10, 0xFF, 0xFF, 0xFF, 0xFF, 0xFF, 0xFF, 0x6C, 0x01, 0x10, 0x10, 0x10, 0x10, 0x53, 0xEF, 0x25,
    0x00, 0x00, 0x00, 0x00, 0x1E, 0xE9, 0x4D, 0x00, 0x00, 0x00, 0x00, 0x07, 0xCB, 0x82, 0x00, 0x00,
    0x00, 0x00, 0x00, 0x9C, 0xB5, 0x02, 0x00, 0x00, 0x00, 0x00, 0x66, 0xDC, 0x10, 0x00, 0x00, 0x00,
    0x00, 0x36, 0xEE, 0x2D, 0x00, 0x00, 0x00, 0x00, 0x13, 0xE2, 0x6D, 0x14, 0x14, 0x14, 0x14, 0x0A,
    0x44, 0xFF, 0xFF, 0xFF, 0xFF, 0xFF, 0xFF, 0x8C,
    // Unicode: [0x005B]
    0x98, 0xED, 0xE0, 0x65, 0x98, 0x6C, 0x00, 0x00, 0x98, 0x6C, 0x00, 0x00, 0x98, 0x6C, 0x00, 0x00,
    0x98, 0x6C, 0x00, 0x00, 0x98, 0x6C, 0x00, 0x00, 0x98, 0x6C, 0x00, 0x00, 0x98, 0x6C, 0x00, 0x00,
    0x98, 0x6C, 0x00, 0x00, 0x98, 0x6C, 0x00, 0x00, 0x98, 0x6C, 0x00, 0x00, 0x98, 0xED, 0xE0, 0x65,
    // Unicode: [0x005C]
    0x6A, 0x9E, 0x00, 0x00, 0x00, 0x00, 0x12, 0xEB, 0x09, 0x00, 0x00, 0x00, 0x00, 0xAE, 0x58, 0x00,
    0x00, 0x00, 0x00, 0x51, 0xB5, 0x00, 0x00, 0x00, 0x00, 0x06, 0xE9, 0x17, 0x00, 0x00, 0x00, 0x00,
    0x96, 0x70, 0x00, 0x00, 0x00, 0x00, 0x38, 0xCD, 0x00, 0x00, 0x00, 0x00, 0x00, 0xDA, 0x2A, 0x00,
    0x00, 0x00, 0x00, 0x7D, 0x87, 0x00, 0x00, 0x00, 0x00, 0x20, 0xE1, 0x02, 0x00, 0x00, 0x00, 0x00,
    0xC2, 0x42, 0x00, 0x00, 0x00, 0x00, 0x3D, 0x44,
    // Unicode: [0x005D]
    0xE0, 0xE0, 0xFF, 0x0C, 0x00, 0x00, 0xF8, 0x0C, 0x00, 0x00, 0xF8, 0x0C, 0x00, 0x00, 0xF8, 0x0C,
    0x00, 0x00, 0xF8, 0x0C, 0x00, 0x00, 0xF8, 0x0C, 0x00, 0x00, 0xF8, 0x0C, 0x00, 0x00, 0xF8, 0x0C,
    0x00, 0x00, 0xF8, 0x0C, 0x00, 0x00, 0xF8, 0x0C, 0x00, 0x00, 0xF8, 0x0C, 0xE0, 0xE0, 0xFF, 0x0C,
    // Unicode: [0x005E]
    0x00, 0x00, 0x03, 0xC8, 0x9F, 0x00, 0x00, 0x00, 0x00, 0x00, 0x7D, 0xA6, 0xCE, 0x50, 0x00, 0x00,
    0x00, 0x33, 0xDF, 0x10, 0x2B, 0xE2, 0x16, 0x00, 0x08, 0xD5, 0x46, 0x00, 0x00, 0x74, 0xB2, 0x00,
    0x90, 0x97, 0x00, 0x00, 0x00, 0x02, 0xC1, 0x63,
    // Unicode: [0x005F]
    0x05, 0xBC, 0xBC, 0xBC, 0xBC, 0xBC, 0xBC, 0xBC, 0x7B,
    // Unicode: [0x0060]
    0x6B, 0x43, 0x00, 0x5D, 0xD6, 0x00, 0x00, 0xB9, 0x42,
    // Unicode: [0x0061]
    0x00, 0xA2, 0xEC, 0xF8, 0xD6, 0x52, 0x00, 0x00, 0x38, 0x1A, 0x08, 0x39, 0xF3, 0x07, 0x00, 0x39,
    0xA1, 0xD9, 0xE6, 0xFE, 0x28, 0x22, 0xF4, 0x6D, 0x12, 0x00, 0xEC, 0x2C, 0x5B, 0xC9, 0x00, 0x00,
    0x00, 0xEC, 0x2C, 0x39, 0xF0, 0x34, 0x1F, 0x8D, 0xFE, 0x2C, 0x00, 0x88, 0xF2, 0xE4, 0x7F, 0xEF,
    0x2C,
    // Unicode: [0x0062]
    0xEC, 0x30, 0x00, 0x00, 0x00, 0x00, 0xEC, 0x30, 0x00, 0x00, 0x00, 0x00, 0xEC, 0x7D, 0xD0, 0xF0,
    0x9F, 0x07, 0xEC, 0xAB, 0x35, 0x2D, 0xD6, 0x72, 0xEC, 0x30, 0x00, 0x00, 0x6B, 0xBB, 0xEC, 0x30,
    0x00, 0x00, 0x53, 0xCE, 0xEC, 0x30, 0x00, 0x00, 0x72, 0xAD, 0xEC, 0x65, 0x10, 0x37, 0xE1, 0x4B,
    0xEC, 0xCA, 0xF4, 0xE4, 0x6D, 0x00,
    // Unicode: [0x0063]
    0x00, 0x1F, 0xB1, 0xEF, 0xE4, 0x8F, 0x04, 0xD4, 0x87, 0x10, 0x28, 0x8C, 0x3D, 0xE9, 0x03, 0x00,
    0x00, 0x00, 0x5A, 0xCB, 0x00, 0x00, 0x00, 0x00, 0x3E, 0xE8, 0x02, 0x00, 0x00, 0x00, 0x07, 0xDA,
    0x84, 0x0F, 0x1F, 0x83, 0x00, 0x26, 0xB6, 0xF0, 0xE6, 0x8F,
    // Unicode: [0x0064]
    0x00, 0x00, 0x00, 0x00, 0x00, 0xB4, 0x64, 0x00, 0x00, 0x00, 0x00, 0x00, 0xB4, 0x64, 0x00, 0x20,
    0xBA, 0xF4, 0xD6, 0xE1, 0x64, 0x02, 0xCE, 0x8D, 0x1A, 0x28, 0xCF, 0x64, 0x32, 0xEA, 0x04, 0x00,
    0x00, 0xB4, 0x64, 0x53, 0xCA, 0x00, 0x00, 0x00, 0xB4, 0x64, 0x3F, 0xE2, 0x00, 0x00, 0x00, 0xB4,
    0x64, 0x09, 0xEA, 0x72, 0x25, 0x64, 0xED, 0x64, 0x00, 0x41, 0xD8, 0xEE, 0xA1, 0xC5, 0x64,
    // Unicode: [0x0065]
    0x00, 0x1A, 0xAF, 0xEA, 0xDF, 0x65, 0x00, 0x02, 0xCD, 0x78, 0x04, 0x26, 0xE8, 0x30, 0x37, 0xDE,
    0x00, 0x00, 0x00, 0x96, 0x76, 0x56, 0xF7, 0xE0, 0xE0, 0xE0, 0xE8, 0x85, 0x3B, 0xD9, 0x00, 0x00,
    0x00, 0x00, 0x00, 0x05, 0xD4, 0x83, 0x14, 0x13, 0x49, 0x42, 0x00, 0x1F, 0xAB, 0xE9, 0xF2, 0xC2,
    0x38,
    // Unicode: [0x0066]
    0x00, 0x44, 0xD9, 0xFA, 0x8F, 0x00, 0xCB, 0x61, 0x04, 0x09, 0x90, 0xFE, 0xF7, 0xF4, 0x31, 0x00,
    0xDC, 0x40, 0x00, 0x00, 0x00, 0xDC, 0x40, 0x00, 0x00, 0x00, 0xDC, 0x40, 0x00, 0x00, 0x00, 0xDC,
    0x40, 0x00, 0x00, 0x00, 0xDC, 0x40, 0x00, 0x00, 0x00, 0xDC, 0x40, 0x00, 0x00,
    // Unicode: [0x0067]
    0x00, 0x1F, 0xB7, 0xF4, 0xDE, 0xE5, 0x64, 0x02, 0xCE, 0x89, 0x13, 0x25, 0xCE, 0x64, 0x31, 0xEA,
    0x03, 0x00, 0x00, 0xB4, 0x64, 0x53, 0xCA, 0x00, 0x00, 0x00, 0xB4, 0x64, 0x40, 0xE0, 0x00, 0x00,
    0x00, 0xB4, 0x64, 0x0A, 0xEB, 0x68, 0x19, 0x56, 0xE8, 0x64, 0x00, 0x43, 0xD9, 0xF0, 0xAB, 0xC9,
    0x5E, 0x00, 0x00, 0x00, 0x00, 0x00, 0xC8, 0x42, 0x00, 0x4B, 0x2D, 0x12, 0x5A, 0xE7, 0x0B, 0x00,
    0x89, 0xEE, 0xF5, 0xC9, 0x39, 0x00,
    // Unicode: [0x0068]
    0xEC, 0x30, 0x00, 0x00, 0x00, 0x00, 0xEC, 0x30, 0x00, 0x00, 0x00, 0x00, 0xEC, 0x73, 0xCA, 0xF3,
    0xAC, 0x07, 0xEC, 0xB7, 0x39, 0x2C, 0xDF, 0x62, 0xEC, 0x30, 0x00, 0x00, 0x99, 0x8A, 0xEC, 0x30,
    0x00, 0x00, 0x8C, 0x90, 0xEC, 0x30, 0x00, 0x00, 0x8C, 0x90, 0xEC, 0x30, 0x00, 0x00, 0x8C, 0x90,
    0xEC, 0x30, 0x00, 0x00, 0x8C, 0x90,
    // Unicode: [0x0069]
    0xF8, 0x44, 0x2E, 0x0C, 0xE8, 0x34, 0xE8, 0x34, 0xE8, 0x34, 0xE8, 0x34, 0xE8, 0x34, 0xE8, 0x34,
    0xE8, 0x34,
    // Unicode: [0x006A]
    0x00, 0x00, 0x20, 0xFF, 0x20, 0x00, 0x00, 0x06, 0x30, 0x06, 0x00, 0x63, 0xF4, 0xFF, 0x0C, 0x00,
    0x00, 0x0C, 0xFF, 0x0C, 0x00, 0x00, 0x0C, 0xFF, 0x0C, 0x00, 0x00, 0x0C, 0xFF, 0x0C, 0x00, 0x00,
    0x0C, 0xFF, 0x0C, 0x00, 0x00, 0x0C, 0xFF, 0x0C, 0x00, 0x00, 0x0C, 0xFF, 0x0C, 0x00, 0x00, 0x15,
    0xFF, 0x07, 0x15, 0x14, 0x69, 0xDC, 0x00, 0x4F, 0xF7, 0xE0, 0x45, 0x00,
    // Unicode: [0x006B]
    0xE0, 0x3C, 0x00, 0x00, 0x00, 0x00, 0xE0, 0x3C, 0x00, 0x00, 0x00, 0x00, 0xE0, 0x3C, 0x00, 0x21,
    0xE4, 0x56, 0xE0, 0x3C, 0x16, 0xDA, 0x64, 0x00, 0xE0, 0x49, 0xCD, 0x74, 0x00, 0x00, 0xE0, 0xE2,
    0xF0, 0x1A, 0x00, 0x00, 0xE0, 0x72, 0x91, 0xCF, 0x0C, 0x00, 0xE0, 0x3C, 0x02, 0xB2, 0xB6, 0x03,
    0xE0, 0x3C, 0x00, 0x0B, 0xCE, 0x98,
    // Unicode: [0x006C]
    0xE8, 0x34, 0xE8, 0x34, 0xE8, 0x34, 0xE8, 0x34, 0xE8, 0x34, 0xE8, 0x34, 0xE8, 0x34, 0xE8, 0x34,
    0xE8, 0x34,
    // Unicode: [0x006D]
    0xEC, 0x7A, 0xD0, 0xF5, 0x90, 0x36, 0xC6, 0xF6, 0xBE, 0x12, 0xEC, 0xB5, 0x36, 0x35, 0xEE, 0xD2,
    0x4A, 0x24, 0xCC, 0x78, 0xEC, 0x30, 0x00, 0x00, 0xBA, 0x65, 0x00, 0x00, 0x82, 0x9E, 0xEC, 0x30,
    0x00, 0x00, 0xB0, 0x68, 0x00, 0x00, 0x78, 0xA4, 0xEC, 0x30, 0x00, 0x00, 0xB0, 0x68, 0x00, 0x00,
    0x78, 0xA4, 0xEC, 0x30, 0x00, 0x00, 0xB0, 0x68, 0x00, 0x00, 0x78, 0xA4, 0xEC, 0x30, 0x00, 0x00,
    0xB0, 0x68, 0x00, 0x00, 0x78, 0xA4,
    // Unicode: [0x006E]
    0xEC, 0x78, 0xCD, 0xF3, 0xAC, 0x07, 0xEC, 0xB7, 0x39, 0x2C, 0xDF, 0x62, 0xEC, 0x30, 0x00, 0x00,
    0x99, 0x8A, 0xEC, 0x30, 0x00, 0x00, 0x8C, 0x90, 0xEC, 0x30, 0x00, 0x00, 0x8C, 0x90, 0xEC, 0x30,
    0x00, 0x00, 0x8C, 0x90, 0xEC, 0x30, 0x00, 0x00, 0x8C, 0x90,
    // Unicode: [0x006F]
    0x00, 0x26, 0xBD, 0xF2, 0xD4, 0x4E, 0x00, 0x05, 0xDA, 0x75, 0x0A, 0x3F, 0xEE, 0x28, 0x3C, 0xE5,
    0x01, 0x00, 0x00, 0x9C, 0x83, 0x57, 0xCA, 0x00, 0x00, 0x00, 0x7F, 0x9E, 0x3C, 0xE6, 0x01, 0x00,
    0x00, 0x9C, 0x83, 0x05, 0xDA, 0x77, 0x0A, 0x3F, 0xEF, 0x28, 0x00, 0x27, 0xBE, 0xF3, 0xD5, 0x4E,
    0x00,
    // Unicode: [0x0070]
    0xEC, 0x81, 0xD0, 0xF0, 0xA2, 0x08, 0xEC, 0xAB, 0x35, 0x2E, 0xD7, 0x74, 0xEC, 0x30, 0x00, 0x00,
    0x6B, 0xBC, 0xEC, 0x30, 0x00, 0x00, 0x53, 0xCE, 0xEC, 0x30, 0x00, 0x00, 0x75, 0xAD, 0xEC, 0x65,
    0x10, 0x39, 0xE4, 0x49, 0xEC, 0xC3, 0xF2, 0xE2, 0x6B, 0x00, 0xEC, 0x30, 0x00, 0x00, 0x00, 0x00,
    0xEC, 0x30, 0x00, 0x00, 0x00, 0x00, 0xEC, 0x30, 0x00, 0x00, 0x00, 0x00,
    // Unicode: [0x0071]
    0x00, 0x22, 0xBB, 0xF5, 0xDE, 0xE5, 0x64, 0x02, 0xD0, 0x87, 0x12, 0x25, 0xCD, 0x64, 0x33, 0xE9,
    0x03, 0x00, 0x00, 0xB4, 0x64, 0x53, 0xCA, 0x00, 0x00, 0x00, 0xB4, 0x64, 0x3F, 0xE4, 0x01, 0x00,
    0x00, 0xB4, 0x64, 0x08, 0xE9, 0x79, 0x25, 0x64, 0xED, 0x64, 0x00, 0x3F, 0xD8, 0xEE, 0x9D, 0xC2,
    0x64, 0x00, 0x00, 0x00, 0x00, 0x00, 0xB4, 0x64, 0x00, 0x00, 0x00, 0x00, 0x00, 0xB4, 0x64, 0x00,
    0x00, 0x00, 0x00, 0x00, 0xB4, 0x64,
    // Unicode: [0x0072]
    0xEC, 0x6E, 0xC7, 0xF9, 0x29, 0xEC, 0xC5, 0x46, 0x28, 0x0A, 0xEC, 0x30, 0x00, 0x00, 0x00, 0xEC,
    0x30, 0x00, 0x00, 0x00, 0xEC, 0x30, 0x00, 0x00, 0x00, 0xEC, 0x30, 0x00, 0x00, 0x00, 0xEC, 0x30,
    0x00, 0x00, 0x00,
    // Unicode: [0x0073]
    0x00, 0x6D, 0xDE, 0xF4, 0xD0, 0x49, 0x31, 0xE9, 0x26, 0x09, 0x43, 0x4F, 0x3B, 0xF7, 0x44, 0x05,
    0x00, 0x00, 0x00, 0x78, 0xDD, 0xF7, 0xBB, 0x25, 0x00, 0x00, 0x00, 0x18, 0xAA, 0xAE, 0x45, 0x66,
    0x14, 0x06, 0x96, 0x9C, 0x2D, 0xC0, 0xEF, 0xEE, 0xAC, 0x14,
    // Unicode: [0x0074]
    0x00, 0xE4, 0x34, 0x00, 0x00, 0x00, 0xE4, 0x34, 0x00, 0x00, 0x9C, 0xFE, 0xF6, 0xF4, 0x76, 0x00,
    0xE4, 0x34, 0x00, 0x00, 0x00, 0xE4, 0x34, 0x00, 0x00, 0x00, 0xE4, 0x34, 0x00, 0x00, 0x00, 0xE1,
    0x36, 0x00, 0x00, 0x00, 0xC4, 0x7C, 0x0D, 0x15, 0x00, 0x42, 0xE0, 0xF8, 0x69,
    // Unicode: [0x0075]
    0xF8, 0x24, 0x00, 0x00, 0x98, 0x84, 0xF8, 0x24, 0x00, 0x00, 0x98, 0x84, 0xF8, 0x24, 0x00, 0x00,
    0x98, 0x84, 0xF8, 0x24, 0x00, 0x00, 0x98, 0x84, 0xF2, 0x2D, 0x00, 0x00, 0x98, 0x84, 0xC9, 0x90,
    0x24, 0x64, 0xEA, 0x84, 0x38, 0xD9, 0xEE, 0xA3, 0xAD, 0x84,
    // Unicode: [0x0076]
    0x75, 0xBA, 0x00, 0x00, 0x00, 0x97, 0x8E, 0x18, 0xF9, 0x1A, 0x00, 0x06, 0xEC, 0x2D, 0x00, 0xB5,
    0x74, 0x00, 0x50, 0xCC, 0x00, 0x00, 0x55, 0xD1, 0x00, 0xAC, 0x6B, 0x00, 0x00, 0x07, 0xED, 0x3F,
    0xF0, 0x12, 0x00, 0x00, 0x00, 0x95, 0xE1, 0xA9, 0x00, 0x00, 0x00, 0x00, 0x34, 0xFF, 0x48, 0x00,
    0x00,
    // Unicode: [0x0077]
    0x61, 0xC3, 0x00, 0x00, 0xAB, 0x8B, 0x00, 0x00, 0xE6, 0x30, 0x21, 0xF7, 0x05, 0x05, 0xE5, 0xDA,
    0x00, 0x1C, 0xEF, 0x02, 0x00, 0xE1, 0x35, 0x44, 0xA0, 0xD1, 0x2B, 0x51, 0xB4, 0x00, 0x00, 0xA2,
    0x6E, 0x91, 0x51, 0x81, 0x7A, 0x86, 0x75, 0x00, 0x00, 0x63, 0xA7, 0xD4, 0x0B, 0x31, 0xCA, 0xBB,
    0x37, 0x00, 0x00, 0x23, 0xF4, 0xB2, 0x00, 0x00, 0xDF, 0xE9, 0x04, 0x00, 0x00, 0x00, 0xE3, 0x63,
    0x00, 0x00, 0x90, 0xBB, 0x00, 0x00,
    // Unicode: [0x0078]
    0x46, 0xF4, 0x27, 0x00, 0x0A, 0xD8, 0x5F, 0x00, 0x8C, 0xCA, 0x04, 0x97, 0xA1, 0x00, 0x00, 0x06,
    0xCD, 0xB6, 0xD6, 0x0B, 0x00, 0x00, 0x00, 0x46, 0xFF, 0x5B, 0x00, 0x00, 0x00, 0x05, 0xCA, 0xAC,
    0xDF, 0x0F, 0x00, 0x00, 0x8B, 0xAD, 0x00, 0xAE, 0xA8, 0x00, 0x47, 0xE6, 0x14, 0x00, 0x14, 0xE8,
    0x62,
    // Unicode: [0x0079]
    0x74, 0xBB, 0x00, 0x00, 0x00, 0x98, 0x8E, 0x18, 0xF9, 0x1C, 0x00, 0x08, 0xEF, 0x2C, 0x00, 0xB4,
    0x79, 0x00, 0x58, 0xCA, 0x00, 0x00, 0x54, 0xD8, 0x00, 0xB8, 0x68, 0x00, 0x00, 0x06, 0xED, 0x52,
    0xF3, 0x0F, 0x00, 0x00, 0x00, 0x94, 0xEE, 0xA4, 0x00, 0x00, 0x00, 0x00, 0x33, 0xFF, 0x42, 0x00,
    0x00, 0x00, 0x00, 0x40, 0xDF, 0x01, 0x00, 0x00, 0x00, 0x00, 0xA7, 0x7E, 0x00, 0x00, 0x00, 0x00,
    0x13, 0xF6, 0x1E, 0x00, 0x00, 0x00,
    // Unicode: [0x007A]
    0x5B, 0xF4, 0xF4, 0xF4, 0xFB, 0xB8, 0x00, 0x00, 0x00, 0x1D, 0xEA, 0x3E, 0x00, 0x00, 0x03, 0xC2,
    0x7F, 0x00, 0x00, 0x00, 0x82, 0xC0, 0x02, 0x00, 0x00, 0x40, 0xE9, 0x1B, 0x00, 0x00, 0x14, 0xE4,
    0x4C, 0x00, 0x00, 0x00, 0x71, 0xFF, 0xF8, 0xF8, 0xF8, 0xCD,
    // Unicode: [0x007B]
    0x00, 0x00, 0x0D, 0xAD, 0xDE, 0x6F, 0x00, 0x00, 0x80, 0xA0, 0x00, 0x00, 0x00, 0x00, 0xB1, 0x5D,
    0x00, 0x00, 0x00, 0x00, 0xBA, 0x57, 0x00, 0x00, 0x00, 0x00, 0xDA, 0x3D, 0x00, 0x00, 0x06, 0x6A,
    0xC3, 0x02, 0x00, 0x00, 0xF5, 0xDD, 0x16, 0x00, 0x00, 0x00, 0x04, 0x56, 0xD8, 0x0B, 0x00, 0x00,
    0x00, 0x00, 0xCA, 0x4D, 0x00, 0x00, 0x00, 0x00, 0xB7, 0x59, 0x00, 0x00, 0x00, 0x00, 0x95, 0x91,
    0x00, 0x00, 0x00, 0x00, 0x19, 0xBB, 0xDD, 0x6F,
    // Unicode: [0x007C]
    0xC8, 0x3C, 0xC8, 0x3C, 0xC8, 0x3C, 0xC8, 0x3C, 0xC8, 0x3C, 0xC8, 0x3C, 0xC8, 0x3C, 0xC8, 0x3C,
    0xC8, 0x3C, 0xC8, 0x3C, 0xC8, 0x3C, 0xC8, 0x3C,
    // Unicode: [0x007D]
    0xC4, 0xDD, 0x67, 0x00, 0x00, 0x00, 0x00, 0x14, 0xE9, 0x1F, 0x00, 0x00, 0x00, 0x00, 0xBE, 0x4C,
    0x00, 0x00, 0x00, 0x00, 0xB7, 0x56, 0x00, 0x00, 0x00, 0x00, 0x9D, 0x76, 0x00, 0x00, 0x00, 0x00,
    0x31, 0xD5, 0x2B, 0x00, 0x00, 0x00, 0x00, 0x56, 0xFF, 0x95, 0x00, 0x00, 0x4A, 0xCE, 0x23, 0x00,
    0x00, 0x00, 0xAE, 0x66, 0x00, 0x00, 0x00, 0x00, 0xB9, 0x53, 0x00, 0x00, 0x00, 0x0D, 0xE4, 0x31,
    0x00, 0x00, 0xC4, 0xDF, 0x7D, 0x00, 0x00, 0x00,
    // Unicode: [0x007E]
    0x19, 0xCA, 0xEA, 0x8E, 0x02, 0x00, 0x4D, 0xA6, 0x9E, 0x7D, 0x15, 0xC0, 0x9F, 0x14, 0xA7, 0x6D,
    0xD6, 0x22, 0x00, 0x0C, 0xAA, 0xED, 0xAA, 0x08,
    // Unicode: [0x00A0]
    // (Has no glyph data)
    // Unicode: [0x00A1]
    0x3C, 0xF4, 0x00, 0x10, 0x44, 0x00, 0x27, 0xDE, 0x00, 0x2D, 0xE4, 0x00, 0x33, 0xEA, 0x00, 0x38,
    0xEF, 0x00, 0x3E, 0xF5, 0x00, 0x44, 0xFB, 0x00, 0x49, 0xFF, 0x01,
    // Unicode: [0x00A2]
    0x00, 0x00, 0x00, 0x34, 0x7C, 0x00, 0x00, 0x00, 0x00, 0x00, 0x34, 0x7C, 0x00, 0x00, 0x00, 0x02,
    0x80, 0xE1, 0xF5, 0xDC, 0x5A, 0x00, 0x80, 0xB5, 0x40, 0x7C, 0x2F, 0x55, 0x00, 0xE9, 0x31, 0x34,
    0x7C, 0x00, 0x00, 0x07, 0xFF, 0x12, 0x34, 0x7C, 0x00, 0x00, 0x00, 0xEC, 0x31, 0x34, 0x7C, 0x00,
    0x00, 0x00, 0x8C, 0xB5, 0x42, 0x7C, 0x2E, 0x55, 0x00, 0x06, 0x8B, 0xE4, 0xF6, 0xDB, 0x58, 0x00,
    0x00, 0x00, 0x34, 0x7C, 0x00, 0x00, 0x00, 0x00, 0x00, 0x34, 0x7C, 0x00, 0x00,
    // Unicode: [0x00A3]
    0x00, 0x00, 0x19, 0xB1, 0xF2, 0xEC, 0x80, 0x00, 0x00, 0xAD, 0xA6, 0x13, 0x1C, 0x3C, 0x00, 0x00,
    0xE3, 0x3E, 0x00, 0x00, 0x00, 0x00, 0x00, 0xE8, 0x38, 0x00, 0x00, 0x00, 0x00, 0xCA, 0xFC, 0xE0,
    0xD8, 0x8A, 0x00, 0x00, 0x00, 0xF2, 0x31, 0x00, 0x00, 0x00, 0x00, 0x1D, 0xF1, 0x0A, 0x00, 0x00,
    0x00, 0x12, 0xBF, 0x6F, 0x14, 0x14, 0x14, 0x10, 0x34, 0xFF, 0xFF, 0xFF, 0xFF, 0xFF, 0xD0,
    // Unicode: [0x00A4]
    0x09, 0xC7, 0x1F, 0x00, 0x00, 0x5D, 0x93, 0x00, 0x54, 0xDE, 0xD4, 0xC7, 0xD9, 0x1A, 0x00, 0x08,
    0xDC, 0x11, 0x54, 0xA4, 0x00, 0x00, 0x08, 0xDC, 0x10, 0x55, 0xA3, 0x00, 0x00, 0x58, 0xDF, 0xDA,
    0xCC, 0xDA, 0x1B, 0x09, 0xC9, 0x1F, 0x00, 0x00, 0x5E, 0x96, 0x00, 0x01, 0x00, 0x00, 0x00, 0x00,
    0x01,
    // Unicode: [0x00A5]
    0x1E, 0xF3, 0x25, 0x00, 0x00, 0x77, 0xB5, 0x00, 0x8A, 0xA6, 0x00, 0x0F, 0xEA, 0x2D, 0x00, 0x10,
    0xEB, 0x2D, 0x83, 0x9E, 0x00, 0x00, 0x00, 0x71, 0xBE, 0xEA, 0x1C, 0x00, 0x00, 0x00, 0x06, 0xE0,
    0x89, 0x00, 0x00, 0x00, 0xC3, 0xD8, 0xF5, 0xE6, 0xD8, 0x72, 0x00, 0x00, 0x00, 0xBC, 0x5C, 0x00,
    0x00, 0x00, 0xBC, 0xD0, 0xF3, 0xE1, 0xD0, 0x6E, 0x00, 0x00, 0x00, 0xBC, 0x5C, 0x00, 0x00,
    // Unicode: [0x00A6]
    0xC8, 0x3C, 0xC8, 0x3C, 0xC8, 0x3C, 0xC8, 0x3C, 0xAF, 0x34, 0x00, 0x00, 0x00, 0x00, 0xAB, 0x33,
    0xC8, 0x3C, 0xC8, 0x3C, 0xC8, 0x3C, 0xC8, 0x3C,
    // Unicode: [0x00A7]
    0x0E, 0x9A, 0xE5, 0xF7, 0xD7, 0x31, 0x97, 0xA7, 0x15, 0x11, 0x46, 0x24, 0xBF, 0x70, 0x00, 0x00,
    0x00, 0x00, 0x66, 0xF8, 0xA6, 0x58, 0x0B, 0x00, 0x36, 0xC2, 0x89, 0xD5, 0xE8, 0x2C, 0xD4, 0x36,
    0x00, 0x01, 0xAF, 0x8D, 0xEE, 0x4C, 0x00, 0x00, 0x98, 0x74, 0x74, 0xF9, 0xB6, 0x87, 0xAE, 0x06,
    0x00, 0x22, 0x76, 0xCA, 0xE9, 0x1A, 0x00, 0x00, 0x00, 0x01, 0xD0, 0x61, 0x49, 0x28, 0x07, 0x33,
    0xE9, 0x30, 0x7C, 0xEB, 0xF8, 0xD3, 0x5A, 0x00,
    // Unicode: [0x00A8]
    0xF8, 0x30, 0x8C, 0x9C, 0x2E, 0x09, 0x1A, 0x1D,
    // Unicode: [0x00A9]
    0x00, 0x00, 0x00, 0x24, 0x92, 0xA8, 0xA8, 0x92, 0x24, 0x00, 0x00, 0x00, 0x00, 0x00, 0x54, 0xA7,
    0x21, 0x00, 0x00, 0x21, 0xA9, 0x53, 0x00, 0x00, 0x00, 0x30, 0xA2, 0x01, 0x00, 0x00, 0x00, 0x00,
    0x02, 0xA5, 0x2F, 0x00, 0x00, 0xA5, 0x15, 0x00, 0x6F, 0xD6, 0xE3, 0xAE, 0x07, 0x16, 0xA5, 0x00,
    0x00, 0xAE, 0x00, 0x56, 0xD4, 0x1B, 0x0B, 0x5F, 0x0A, 0x00, 0xAF, 0x00, 0x0B, 0xA1, 0x00, 0xA3,
    0x71, 0x00, 0x00, 0x00, 0x00, 0x00, 0xA2, 0x0A, 0x00, 0xAE, 0x00, 0xA5, 0x70, 0x00, 0x00, 0x00,
    0x00, 0x00, 0xAF, 0x00, 0x00, 0xA5, 0x15, 0x5E, 0xD0, 0x16, 0x06, 0x58, 0x09, 0x17, 0xA5, 0x00,
    0x00, 0x30, 0xA4, 0x03, 0x76, 0xD4, 0xE0, 0xAB, 0x0A, 0xA7, 0x2F, 0x00, 0x00, 0x00, 0x54, 0xAB,
    0x24, 0x00, 0x00, 0x25, 0xAD, 0x53, 0x00, 0x00, 0x00, 0x00, 0x00, 0x25, 0x93, 0xAD, 0xAD, 0x93,
    0x24, 0x00, 0x00, 0x00,
    // Unicode: [0x00AA]
    0x00, 0x84, 0xEB, 0xE5, 0xB6, 0x0E, 0x00, 0x23, 0x06, 0x00, 0xA2, 0x6F, 0x00, 0x35, 0xAA, 0xD2,
    0xE6, 0x87, 0x07, 0xF1, 0x4F, 0x04, 0x78, 0x88, 0x0D, 0xF4, 0x08, 0x02, 0xA0, 0x88, 0x00, 0x7E,
    0xDA, 0xCD, 0xCA, 0x88,
    // Unicode: [0x00AB]
    0x00, 0x00, 0x00, 0x5D, 0x2D, 0x05, 0x59, 0x00, 0x01, 0x87, 0xC7, 0x25, 0xC0, 0x76, 0x02, 0xAF,
    0xA2, 0x2D, 0xD4, 0x55, 0x00, 0x02, 0xBA, 0x92, 0x2E, 0xD5, 0x48, 0x00, 0x00, 0x04, 0x95, 0xBD,
    0x29, 0xC9, 0x6D, 0x00, 0x00, 0x00, 0x6D, 0x30, 0x09, 0x64,
    // Unicode: [0x00AC]
    0xBD, 0xF8, 0xF8, 0xF8, 0xF8, 0xF8, 0xF9, 0x85, 0x00, 0x00, 0x00, 0x00, 0x00, 0x00, 0x78, 0x88,
    0x00, 0x00, 0x00, 0x00, 0x00, 0x00, 0x78, 0x88, 0x00, 0x00, 0x00, 0x00, 0x00, 0x00, 0x78, 0x88,
    0x00, 0x00, 0x00, 0x00, 0x00, 0x00, 0x3A, 0x41,
    // Unicode: [0x00AD]
    0x1A, 0xF4, 0xF4, 0xF4, 0x85, 0x03, 0x24, 0x24, 0x24, 0x13,
    // Unicode: [0x00AE]
    0x00, 0x00, 0x00, 0x24, 0x92, 0xA8, 0xA8, 0x92, 0x24, 0x00, 0x00, 0x00, 0x00, 0x00, 0x54, 0xA7,
    0x21, 0x00, 0x00, 0x21, 0xA9, 0x53, 0x00, 0x00, 0x00, 0x30, 0xA2, 0x01, 0x00, 0x00, 0x00, 0x00,
    0x02, 0xA5, 0x2F, 0x00, 0x00, 0xA5, 0x15, 0x00, 0xC7, 0xC2, 0xC5, 0x9D, 0x07, 0x16, 0xA5, 0x00,
    0x00, 0xAE, 0x00, 0x00, 0xE4, 0x10, 0x05, 0xE6, 0x2D, 0x00, 0xAF, 0x00, 0x0B, 0xA1, 0x00, 0x00,
    0xE4, 0xC4, 0xEE, 0x69, 0x00, 0x00, 0xA2, 0x0A, 0x00, 0xAE, 0x00, 0x00, 0xE4, 0x10, 0x73, 0xC5,
    0x09, 0x00, 0xAF, 0x00, 0x00, 0xA5, 0x15, 0x00, 0xE4, 0x10, 0x00, 0x98, 0xAF, 0x1A, 0xA5, 0x00,
    0x00, 0x30, 0xA4, 0x02, 0x20, 0x02, 0x00, 0x03, 0x26, 0xAE, 0x2F, 0x00, 0x00, 0x00, 0x54, 0xAB,
    0x24, 0x00, 0x00, 0x25, 0xAD, 0x53, 0x00, 0x00, 0x00, 0x00, 0x00, 0x25, 0x93, 0xAD, 0xAD, 0x93,
    0x24, 0x00, 0x00, 0x00,
    // Unicode: [0x00AF]
    0x02, 0xBC, 0xBC, 0xBC, 0xBC, 0xBC, 0xBC, 0xBC, 0x7B,
    // Unicode: [0x00B0]
    0x00, 0x30, 0xCD, 0xEB, 0x8C, 0x01, 0x00, 0xD8, 0x4D, 0x0F, 0xBD, 0x5B, 0x0D, 0xEA, 0x00, 0x00,
    0x67, 0x90, 0x00, 0xD9, 0x4B, 0x0F, 0xBE, 0x5C, 0x00, 0x32, 0xCE, 0xEC, 0x8E, 0x01,
    // Unicode: [0x00B1]
    0x00, 0x00, 0x00, 0x94, 0x64, 0x00, 0x00, 0x00, 0x00, 0x00, 0x00, 0x94, 0x64, 0x00, 0x00, 0x00,
    0x00, 0x00, 0x00, 0x94, 0x64, 0x00, 0x00, 0x00, 0xB0, 0xF0, 0xF0, 0xF9, 0xF6, 0xF0, 0xF0, 0x87,
    0x00, 0x00, 0x00, 0x94, 0x64, 0x00, 0x00, 0x00, 0x00, 0x00, 0x00, 0x94, 0x64, 0x00, 0x00, 0x00,
    0x00, 0x00, 0x00, 0x94, 0x64, 0x00, 0x00, 0x00, 0xB0, 0xF0, 0xF0, 0xF4, 0xF3, 0xF0, 0xF0, 0x87,
    // Unicode: [0x00B2]
    0x91, 0xE6, 0xE9, 0xA4, 0x04, 0x3D, 0x06, 0x07, 0xD5, 0x47, 0x00, 0x00, 0x05, 0xE4, 0x32, 0x00,
    0x0A, 0xAF, 0x8D, 0x00, 0x2B, 0xC9, 0x6B, 0x00, 0x00, 0xC7, 0xF1, 0xDC, 0xDC, 0x93,
    // Unicode: [0x00B3]
    0x80, 0xE2, 0xD8, 0xB1, 0x0A, 0x49, 0x0A, 0x00, 0xB1, 0x5F, 0x00, 0x00, 0x04, 0xBC, 0x3C, 0x00,
    0x7B, 0xE1, 0xB0, 0x12, 0x15, 0x00, 0x00, 0x88, 0x89, 0x98, 0xD9, 0xD9, 0xC9, 0x2A,
    // Unicode: [0x00B4]
    0x00, 0x71, 0x3D, 0x33, 0xEC, 0x14, 0x9E, 0x5D, 0x00,
    // Unicode: [0x00B5]
    0xE4, 0x38, 0x00, 0x00, 0x84, 0x98, 0xE4, 0x38, 0x00, 0x00, 0x84, 0x98, 0xE4, 0x38, 0x00, 0x00,
    0x84, 0x98, 0xE4, 0x38, 0x00, 0x00, 0x84, 0x98, 0xE4, 0x38, 0x00, 0x00, 0x84, 0x98, 0xE4, 0x89,
    0x10, 0x1F, 0xC9, 0x98, 0xE4, 0xAC, 0xEC, 0xDA, 0xB7, 0x98, 0xE4, 0x38, 0x00, 0x00, 0x00, 0x00,
    0xE4, 0x38, 0x00, 0x00, 0x00, 0x00, 0xE4, 0x38, 0x00, 0x00, 0x00, 0x00,
    // Unicode: [0x00B6]
    0x00, 0x2F, 0xC1, 0xF5, 0xDC, 0xDD, 0x7C, 0x03, 0xDF, 0xFF, 0xFF, 0x5C, 0x64, 0x7C, 0x25, 0xFF,
    0xFF, 0xFF, 0x5C, 0x64, 0x7C, 0x1A, 0xFF, 0xFF, 0xFF, 0x5C, 0x64, 0x7C, 0x00, 0xBE, 0xFF, 0xFF,
    0x5C, 0x64, 0x7C, 0x00, 0x10, 0x8C, 0xDD, 0x5C, 0x64, 0x7C, 0x00, 0x00, 0x00, 0x84, 0x5C, 0x64,
    0x7C, 0x00, 0x00, 0x00, 0x84, 0x5C, 0x64, 0x7C, 0x00, 0x00, 0x00, 0x84, 0x5C, 0x64, 0x7C, 0x00,
    0x00, 0x00, 0x84, 0x5C, 0x64, 0x7C, 0x00, 0x00, 0x00, 0x84, 0x5C, 0x64, 0x7C, 0x00, 0x00, 0x00,
    0x84, 0x5C, 0x64, 0x7C,
    // Unicode: [0x00B7]
    0x5E, 0xA3, 0x84, 0xE4,
    // Unicode: [0x00B8]
    0x00, 0x00, 0x6A, 0x13, 0x0D, 0x0A, 0xD8, 0x15, 0xD1, 0xE6, 0x78, 0x00,
    // Unicode: [0x00B9]
    0x00, 0x09, 0xE0, 0x10, 0x00, 0x33, 0xC6, 0xFA, 0x10, 0x00, 0x00, 0x00, 0xE0, 0x10, 0x00, 0x00,
    0x00, 0xE0, 0x10, 0x00, 0x00, 0x00, 0xE0, 0x10, 0x00, 0x2E, 0xB8, 0xF7, 0xBC, 0x42,
    // Unicode: [0x00BA]
    0x00, 0x42, 0xD5, 0xE4, 0xA3, 0x0B, 0x0C, 0xE9, 0x36, 0x01, 0xA6, 0x84, 0x3A, 0xD5, 0x00, 0x00,
    0x4A, 0xC5, 0x3A, 0xD5, 0x00, 0x00, 0x49, 0xC6, 0x0C, 0xEA, 0x36, 0x01, 0xA4, 0x85, 0x00, 0x43,
    0xD5, 0xE4, 0xA4, 0x0B,
    // Unicode: [0x00BB]
    0x5E, 0x00, 0x58, 0x31, 0x00, 0x00, 0xBA, 0x8E, 0x34, 0xDD, 0x51, 0x00, 0x03, 0x8C, 0xB8, 0x25,
    0xCD, 0x6F, 0x01, 0x7C, 0xC1, 0x1F, 0xC3, 0x79, 0xAF, 0x9D, 0x31, 0xDA, 0x5D, 0x00, 0x6E, 0x00,
    0x5F, 0x3C, 0x00, 0x00,
    // Unicode: [0x00BC]
    0x01, 0xC1, 0x30, 0x00, 0x00, 0x0B, 0xDB, 0x11, 0x00, 0x00, 0xC7, 0xF6, 0x30, 0x00, 0x00, 0x78,
    0x80, 0x00, 0x00, 0x00, 0x00, 0xC4, 0x30, 0x00, 0x0D, 0xDB, 0x0F, 0x00, 0x00, 0x00, 0x00, 0xC4,
    0x30, 0x00, 0x7C, 0x7C, 0x00, 0x2F, 0xB0, 0x00, 0x00, 0xC4, 0x30, 0x0F, 0xDB, 0x0D, 0x10, 0xCA,
    0xE2, 0x00, 0x00, 0x80, 0x1F, 0x81, 0x77, 0x01, 0xB0, 0x45, 0xD8, 0x00, 0x00, 0x00, 0x11, 0xDB,
    0x0B, 0x76, 0x77, 0x00, 0xD8, 0x00, 0x00, 0x00, 0x85, 0x73, 0x00, 0x9B, 0xD0, 0xD0, 0xF9, 0xB6,
    0x00, 0x13, 0xDA, 0x09, 0x00, 0x00, 0x00, 0x00, 0xE0, 0x00,
    // Unicode: [0x00BD]
    0xB2, 0xED, 0x30, 0x00, 0x00, 0x0B, 0xDA, 0x11, 0x00, 0x00, 0x00, 0x00, 0xC4, 0x30, 0x00, 0x00,
    0x79, 0x7E, 0x00, 0x00, 0x00, 0x00, 0x00, 0xC4, 0x30, 0x00, 0x0E, 0xDA, 0x0E, 0x00, 0x00, 0x00,
    0x00, 0x00, 0xC4, 0x30, 0x00, 0x80, 0x77, 0x5D, 0xDC, 0xE4, 0x6F, 0x00, 0x00, 0xC4, 0x30, 0x12,
    0xDA, 0x0B, 0x44, 0x19, 0x2D, 0xFC, 0x07, 0x00, 0x80, 0x1F, 0x87, 0x71, 0x00, 0x00, 0x00, 0x2C,
    0xE7, 0x00, 0x00, 0x00, 0x15, 0xD9, 0x08, 0x00, 0x00, 0x0E, 0xC8, 0x55, 0x00, 0x00, 0x00, 0x8D,
    0x6A, 0x00, 0x00, 0x1E, 0xC2, 0x4D, 0x00, 0x00, 0x00, 0x13, 0xCA, 0x06, 0x00, 0x00, 0x88, 0xE3,
    0xD8, 0xD8, 0x61,
    // Unicode: [0x00BE]
    0x0D, 0xBB, 0xD7, 0xC5, 0x29, 0x00, 0x00, 0x60, 0x83, 0x00, 0x00, 0x00, 0x07, 0x22, 0x00, 0xA7,
    0x6C, 0x00, 0x06, 0xD7, 0x19, 0x00, 0x00, 0x00, 0x00, 0x40, 0xE6, 0xDA, 0x11, 0x00, 0x6A, 0x8D,
    0x00, 0x00, 0x00, 0x00, 0x00, 0x00, 0x01, 0x83, 0x8B, 0x08, 0xD9, 0x16, 0x06, 0xA8, 0x30, 0x00,
    0x18, 0x39, 0x00, 0x8A, 0x85, 0x71, 0x86, 0x00, 0x98, 0xEB, 0x40, 0x00, 0x1A, 0xC5, 0xDC, 0xB3,
    0x1F, 0xDA, 0x12, 0x5D, 0xA2, 0x98, 0x40, 0x00, 0x00, 0x00, 0x00, 0x00, 0x78, 0x80, 0x28, 0xBE,
    0x07, 0x98, 0x40, 0x00, 0x00, 0x00, 0x00, 0x0E, 0xDB, 0x0E, 0x4F, 0xD8, 0xD0, 0xED, 0xDC, 0x2A,
    0x00, 0x00, 0x00, 0x7E, 0x79, 0x00, 0x00, 0x00, 0x00, 0xA0, 0x40, 0x00,
    // Unicode: [0x00BF]
    0x00, 0x00, 0x04, 0xFF, 0x2C, 0x00, 0x00, 0x00, 0x01, 0x48, 0x0C, 0x00, 0x00, 0x00, 0x00, 0xEC,
    0x20, 0x00, 0x00, 0x00, 0x38, 0xF7, 0x1E, 0x00, 0x00, 0x5F, 0xEA, 0x51, 0x00, 0x00, 0x19, 0xF7,
    0x36, 0x00, 0x00, 0x00, 0x4B, 0xE8, 0x00, 0x00, 0x00, 0x00, 0x25, 0xFA, 0x54, 0x15, 0x3E, 0x57,
    0x00, 0x5B, 0xDB, 0xF9, 0xE1, 0x68,
    // Unicode: [0x00C0]
    0x00, 0x00, 0x21, 0x80, 0x0D, 0x00, 0x00, 0x00, 0x00, 0x00, 0x02, 0xC7, 0x6A, 0x00, 0x00, 0x00,
    0x00, 0x00, 0x00, 0x2B, 0xCF, 0x00, 0x00, 0x00, 0x00, 0x00, 0x00, 0x00, 0x00, 0x00, 0x00, 0x00,
    0x00, 0x00, 0x00, 0xD9, 0xFA, 0x12, 0x00, 0x00, 0x00, 0x00, 0x34, 0xDF, 0xBB, 0x67, 0x00, 0x00,
    0x00, 0x00, 0x8E, 0x80, 0x5A, 0xC1, 0x00, 0x00, 0x00, 0x02, 0xE4, 0x21, 0x09, 0xEF, 0x1C, 0x00,
    0x00, 0x42, 0xBF, 0x00, 0x00, 0x9B, 0x75, 0x00, 0x00, 0x9D, 0xF6, 0xEC, 0xEC, 0xF4, 0xD0, 0x00,
    0x07, 0xEC, 0x2B, 0x1C, 0x1C, 0x1C, 0xEB, 0x2A, 0x51, 0xC6, 0x00, 0x00, 0x00, 0x00, 0xA3, 0x84,
    0xAB, 0x7A, 0x00, 0x00, 0x00, 0x00, 0x56, 0xDD,
    // Unicode: [0x00C1]
    0x00, 0x00, 0x00, 0x00, 0x76, 0x37, 0x00, 0x00, 0x00, 0x00, 0x00, 0x3F, 0xE5, 0x0F, 0x00, 0x00,
    0x00, 0x00, 0x00, 0xAA, 0x51, 0x00, 0x00, 0x00, 0x00, 0x00, 0x00, 0x00, 0x00, 0x00, 0x00, 0x00,
    0x00, 0x00, 0x00, 0xD9, 0xFA, 0x12, 0x00, 0x00, 0x00, 0x00, 0x34, 0xDF, 0xBB, 0x67, 0x00, 0x00,
    0x00, 0x00, 0x8E, 0x80, 0x5A, 0xC1, 0x00, 0x00, 0x00, 0x02, 0xE4, 0x21, 0x09, 0xEF, 0x1C, 0x00,
    0x00, 0x42, 0xBF, 0x00, 0x00, 0x9B, 0x75, 0x00, 0x00, 0x9D, 0xF6, 0xEC, 0xEC, 0xF4, 0xD0, 0x00,
    0x07, 0xEC, 0x2B, 0x1C, 0x1C, 0x1C, 0xEB, 0x2A, 0x51, 0xC6, 0x00, 0x00, 0x00, 0x00, 0xA3, 0x84,
    0xAB, 0x7A, 0x00, 0x00, 0x00, 0x00, 0x56, 0xDD,
    // Unicode: [0x00C2]
    0x00, 0x00, 0x00, 0x5F, 0x6C, 0x00, 0x00, 0x00, 0x00, 0x00, 0x29, 0xDB, 0xD3, 0x3F, 0x00, 0x00,
    0x00, 0x00, 0xAF, 0x46, 0x36, 0xC3, 0x00, 0x00, 0x00, 0x00, 0x00, 0x00, 0x00, 0x00, 0x00, 0x00,
    0x00, 0x00, 0x00, 0xD9, 0xFA, 0x12, 0x00, 0x00, 0x00, 0x00, 0x34, 0xDF, 0xBB, 0x67, 0x00, 0x00,
    0x00, 0x00, 0x8E, 0x80, 0x5A, 0xC1, 0x00, 0x00, 0x00, 0x02, 0xE4, 0x21, 0x09, 0xEF, 0x1C, 0x00,
    0x00, 0x42, 0xBF, 0x00, 0x00, 0x9B, 0x75, 0x00, 0x00, 0x9D, 0xF6, 0xEC, 0xEC, 0xF4, 0xD0, 0x00,
    0x07, 0xEC, 0x2B, 0x1C, 0x1C, 0x1C, 0xEB, 0x2A, 0x51, 0xC6, 0x00, 0x00, 0x00, 0x00, 0xA3, 0x84,
    0xAB, 0x7A, 0x00, 0x00, 0x00, 0x00, 0x56, 0xDD,
    // Unicode: [0x00C3]
    0x00, 0x02, 0xA8, 0xCF, 0x43, 0x50, 0x70, 0x00, 0x00, 0x36, 0x8A, 0x24, 0xC4, 0xCD, 0x1D, 0x00,
    0x00, 0x00, 0x00, 0x00, 0x00, 0x00, 0x00, 0x00, 0x00, 0x00, 0x00, 0xD9, 0xFA, 0x12, 0x00, 0x00,
    0x00, 0x00, 0x34, 0xDF, 0xBB, 0x67, 0x00, 0x00, 0x00, 0x00, 0x8E, 0x80, 0x5A, 0xC1, 0x00, 0x00,
    0x00, 0x02, 0xE4, 0x21, 0x09, 0xEF, 0x1C, 0x00, 0x00, 0x42, 0xBF, 0x00, 0x00, 0x9B, 0x75, 0x00,
    0x00, 0x9D, 0xF6, 0xEC, 0xEC, 0xF4, 0xD0, 0x00, 0x07, 0xEC, 0x2B, 0x1C, 0x1C, 0x1C, 0xEB, 0x2A,
    0x51, 0xC6, 0x00, 0x00, 0x00, 0x00, 0xA3, 0x84, 0xAB, 0x7A, 0x00, 0x00, 0x00, 0x00, 0x56, 0xDD,
    // Unicode: [0x00C4]
    0x00, 0x00, 0xB4, 0x78, 0x48, 0xE4, 0x00, 0x00, 0x00, 0x00, 0x21, 0x16, 0x0D, 0x2A, 0x00, 0x00,
    0x00, 0x00, 0x00, 0xD9, 0xFA, 0x12, 0x00, 0x00, 0x00, 0x00, 0x34, 0xDF, 0xBB, 0x67, 0x00, 0x00,
    0x00, 0x00, 0x8E, 0x80, 0x5A, 0xC1, 0x00, 0x00, 0x00, 0x02, 0xE4, 0x21, 0x09, 0xEF, 0x1C, 0x00,
    0x00, 0x42, 0xBF, 0x00, 0x00, 0x9B, 0x75, 0x00, 0x00, 0x9D, 0xF6, 0xEC, 0xEC, 0xF4, 0xD0, 0x00,
    0x07, 0xEC, 0x2B, 0x1C, 0x1C, 0x1C, 0xEB, 0x2A, 0x51, 0xC6, 0x00, 0x00, 0x00, 0x00, 0xA3, 0x84,
    0xAB, 0x7A, 0x00, 0x00, 0x00, 0x00, 0x56, 0xDD,
    // Unicode: [0x00C5]
    0x00, 0x00, 0x26, 0xC2, 0xCF, 0x42, 0x00, 0x00, 0x00, 0x00, 0xBE, 0x3A, 0x1B, 0xDB, 0x03, 0x00,
    0x00, 0x00, 0xDF, 0x00, 0x00, 0xC5, 0x1B, 0x00, 0x00, 0x00, 0xB0, 0x4C, 0x2A, 0xD6, 0x03, 0x00,
    0x00, 0x00, 0x10, 0xEF, 0xFF, 0x3D, 0x00, 0x00, 0x00, 0x00, 0x26, 0xEB, 0xCE, 0x5A, 0x00, 0x00,
    0x00, 0x00, 0x83, 0x8E, 0x69, 0xB6, 0x00, 0x00, 0x00, 0x00, 0xDD, 0x2C, 0x0F, 0xF2, 0x16, 0x00,
    0x00, 0x3B, 0xC8, 0x00, 0x00, 0xA5, 0x6E, 0x00, 0x00, 0x97, 0xF7, 0xEC, 0xEC, 0xF4, 0xCA, 0x00,
    0x05, 0xEA, 0x2D, 0x1C, 0x1C, 0x1C, 0xEB, 0x26, 0x4F, 0xC7, 0x00, 0x00, 0x00, 0x00, 0xA3, 0x82,
    0xAA, 0x7A, 0x00, 0x00, 0x00, 0x00, 0x56, 0xDD,
    // Unicode: [0x00C6]
    0x00, 0x00, 0x00, 0xA2, 0xFF, 0xFF, 0xFF, 0xFF, 0xFF, 0xFF, 0xFF, 0x24, 0x00, 0x00, 0x0F, 0xF6,
    0x37, 0x6D, 0xC4, 0x10, 0x10, 0x10, 0x10, 0x02, 0x00, 0x00, 0x68, 0xD3, 0x00, 0x64, 0xC0, 0x00,
    0x00, 0x00, 0x00, 0x00, 0x00, 0x00, 0xCB, 0x79, 0x00, 0x64, 0xFC, 0xF0, 0xF0, 0xF0, 0xF0, 0x21,
    0x00, 0x2E, 0xFF, 0x21, 0x00, 0x64, 0xC8, 0x20, 0x20, 0x20, 0x20, 0x04, 0x00, 0x91, 0xFE, 0xE8,
    0xE8, 0xF1, 0xC0, 0x00, 0x00, 0x00, 0x00, 0x00, 0x07, 0xED, 0x66, 0x18, 0x18, 0x72, 0xC0, 0x00,
    0x00, 0x00, 0x00, 0x00, 0x57, 0xE8, 0x06, 0x00, 0x00, 0x64, 0xC5, 0x14, 0x14, 0x14, 0x14, 0x02,
    0xBA, 0x82, 0x00, 0x00, 0x00, 0x64, 0xFF, 0xFF, 0xFF, 0xFF, 0xFF, 0x24,
    // Unicode: [0x00C7]
    0x00, 0x00, 0x50, 0xC6, 0xF6, 0xED, 0xC1, 0x5F, 0x00, 0x64, 0xF1, 0x66, 0x1A, 0x19, 0x61, 0xC9,
    0x08, 0xEE, 0x61, 0x00, 0x00, 0x00, 0x00, 0x08, 0x3B, 0xFD, 0x07, 0x00, 0x00, 0x00, 0x00, 0x00,
    0x4F, 0xE6, 0x00, 0x00, 0x00, 0x00, 0x00, 0x00, 0x3D, 0xF7, 0x05, 0x00, 0x00, 0x00, 0x00, 0x00,
    0x0A, 0xF1, 0x62, 0x00, 0x00, 0x00, 0x00, 0x07, 0x00, 0x6D, 0xF2, 0x67, 0x19, 0x17, 0x5B, 0xC4,
    0x00, 0x00, 0x5A, 0xCC, 0xF7, 0xFF, 0xDF, 0x65, 0x00, 0x00, 0x00, 0x00, 0x00, 0x93, 0x56, 0x00,
    0x00, 0x00, 0x00, 0x13, 0x04, 0xC3, 0x35, 0x00, 0x00, 0x00, 0x00, 0xB6, 0xED, 0x94, 0x00, 0x00,
    // Unicode: [0x00C8]
    0x00, 0x3F, 0x6F, 0x00, 0x00, 0x00, 0x00, 0x17, 0xED, 0x2E, 0x00, 0x00, 0x00, 0x00, 0x62, 0x9A,
    0x00, 0x00, 0x00, 0x00, 0x00, 0x00, 0x00, 0x00, 0xD4, 0xFF, 0xFF, 0xFF, 0xFF, 0xEC, 0xD4, 0x5E,
    0x10, 0x10, 0x10, 0x0E, 0xD4, 0x54, 0x00, 0x00, 0x00, 0x00, 0xD4, 0xF5, 0xF0, 0xF0, 0xF0, 0xDD,
    0xD4, 0x69, 0x20, 0x20, 0x20, 0x1D, 0xD4, 0x54, 0x00, 0x00, 0x00, 0x00, 0xD4, 0x54, 0x00, 0x00,
    0x00, 0x00, 0xD4, 0x61, 0x14, 0x14, 0x14, 0x12, 0xD4, 0xFF, 0xFF, 0xFF, 0xFF, 0xEC,
    // Unicode: [0x00C9]
    0x00, 0x00, 0x00, 0x5B, 0x53, 0x00, 0x00, 0x00, 0x11, 0xF1, 0x30, 0x00, 0x00, 0x00, 0x72, 0x89,
    0x00, 0x00, 0x00, 0x00, 0x00, 0x00, 0x00, 0x00, 0xD4, 0xFF, 0xFF, 0xFF, 0xFF, 0xEC, 0xD4, 0x5E,
    0x10, 0x10, 0x10, 0x0E, 0xD4, 0x54, 0x00, 0x00, 0x00, 0x00, 0xD4, 0xF5, 0xF0, 0xF0, 0xF0, 0xDD,
    0xD4, 0x69, 0x20, 0x20, 0x20, 0x1D, 0xD4, 0x54, 0x00, 0x00, 0x00, 0x00, 0xD4, 0x54, 0x00, 0x00,
    0x00, 0x00, 0xD4, 0x61, 0x14, 0x14, 0x14, 0x12, 0xD4, 0xFF, 0xFF, 0xFF, 0xFF, 0xEC,
    // Unicode: [0x00CA]
    0x00, 0x00, 0x61, 0x6B, 0x00, 0x00, 0x00, 0x2B, 0xDB, 0xD3, 0x3D, 0x00, 0x00, 0xB0, 0x46, 0x38,
    0xC4, 0x00, 0x00, 0x00, 0x00, 0x00, 0x00, 0x00, 0xD4, 0xFF, 0xFF, 0xFF, 0xFF, 0xEC, 0xD4, 0x5E,
    0x10, 0x10, 0x10, 0x0E, 0xD4, 0x54, 0x00, 0x00, 0x00, 0x00, 0xD4, 0xF5, 0xF0, 0xF0, 0xF0, 0xDD,
    0xD4, 0x69, 0x20, 0x20, 0x20, 0x1D, 0xD4, 0x54, 0x00, 0x00, 0x00, 0x00, 0xD4, 0x54, 0x00, 0x00,
    0x00, 0x00, 0xD4, 0x61, 0x14, 0x14, 0x14, 0x12, 0xD4, 0xFF, 0xFF, 0xFF, 0xFF, 0xEC,
    // Unicode: [0x00CB]
    0x00, 0x80, 0xA8, 0x14, 0xFF, 0x14, 0x00, 0x18, 0x1F, 0x03, 0x30, 0x03, 0xD4, 0xFF, 0xFF, 0xFF,
    0xFF, 0xEC, 0xD4, 0x5E, 0x10, 0x10, 0x10, 0x0E, 0xD4, 0x54, 0x00, 0x00, 0x00, 0x00, 0xD4, 0xF5,
    0xF0, 0xF0, 0xF0, 0xDD, 0xD4, 0x69, 0x20, 0x20, 0x20, 0x1D, 0xD4, 0x54, 0x00, 0x00, 0x00, 0x00,
    0xD4, 0x54, 0x00, 0x00, 0x00, 0x00, 0xD4, 0x61, 0x14, 0x14, 0x14, 0x12, 0xD4, 0xFF, 0xFF, 0xFF,
    0xFF, 0xEC,
    // Unicode: [0x00CC]
    0x04, 0x79, 0x31, 0x00, 0x00, 0x00, 0x81, 0xB2, 0x00, 0x00, 0x00, 0x07, 0xD4, 0x20, 0x00, 0x00,
    0x00, 0x00, 0x00, 0x00, 0x2F, 0xEC, 0xFF, 0xEE, 0x3B, 0x00, 0x0C, 0xFF, 0x1C, 0x00, 0x00, 0x0C,
    0xFF, 0x1C, 0x00, 0x00, 0x0C, 0xFF, 0x1C, 0x00, 0x00, 0x0C, 0xFF, 0x1C, 0x00, 0x00, 0x0C, 0xFF,
    0x1C, 0x00, 0x00, 0x0C, 0xFF, 0x1C, 0x00, 0x00, 0x0C, 0xFF, 0x1C, 0x00, 0x2F, 0xEC, 0xFF, 0xEE,
    0x3B,
    // Unicode: [0x00CD]
    0x00, 0x00, 0x23, 0x7F, 0x0C, 0x00, 0x00, 0x97, 0x9C, 0x00, 0x00, 0x0E, 0xDC, 0x11, 0x00, 0x00,
    0x00, 0x00, 0x00, 0x00, 0x2F, 0xEC, 0xFF, 0xEE, 0x3B, 0x00, 0x0C, 0xFF, 0x1C, 0x00, 0x00, 0x0C,
    0xFF, 0x1C, 0x00, 0x00, 0x0C, 0xFF, 0x1C, 0x00, 0x00, 0x0C, 0xFF, 0x1C, 0x00, 0x00, 0x0C, 0xFF,
    0x1C, 0x00, 0x00, 0x0C, 0xFF, 0x1C, 0x00, 0x00, 0x0C, 0xFF, 0x1C, 0x00, 0x2F, 0xEC, 0xFF, 0xEE,
    0x3B,
    // Unicode: [0x00CE]
    0x00, 0x21, 0x80, 0x2C, 0x00, 0x00, 0xA9, 0xB2, 0xBF, 0x00, 0x31, 0xC2, 0x01, 0xB5, 0x47, 0x00,
    0x00, 0x00, 0x00, 0x00, 0x2F, 0xEC, 0xFF, 0xEE, 0x3B, 0x00, 0x0C, 0xFF, 0x1C, 0x00, 0x00, 0x0C,
    0xFF, 0x1C, 0x00, 0x00, 0x0C, 0xFF, 0x1C, 0x00, 0x00, 0x0C, 0xFF, 0x1C, 0x00, 0x00, 0x0C, 0xFF,
    0x1C, 0x00, 0x00, 0x0C, 0xFF, 0x1C, 0x00, 0x00, 0x0C, 0xFF, 0x1C, 0x00, 0x2F, 0xEC, 0xFF, 0xEE,
    0x3B,
    // Unicode: [0x00CF]
    0x44, 0xE8, 0x00, 0xD8, 0x54, 0x0C, 0x2B, 0x00, 0x28, 0x0F, 0x2F, 0xEC, 0xFF, 0xEE, 0x3B, 0x00,
    0x0C, 0xFF, 0x1C, 0x00, 0x00, 0x0C, 0xFF, 0x1C, 0x00, 0x00, 0x0C, 0xFF, 0x1C, 0x00, 0x00, 0x0C,
    0xFF, 0x1C, 0x00, 0x00, 0x0C, 0xFF, 0x1C, 0x00, 0x00, 0x0C, 0xFF, 0x1C, 0x00, 0x00, 0x0C, 0xFF,
    0x1C, 0x00, 0x2F, 0xEC, 0xFF, 0xEE, 0x3B,
    // Unicode: [0x00D0]
    0x00, 0xC4, 0xFF, 0xFD, 0xF1, 0xC2, 0x5A, 0x00, 0x00, 0x00, 0xC4, 0x65, 0x0B, 0x20, 0x66, 0xE6,
    0x8D, 0x00, 0x00, 0xC4, 0x60, 0x00, 0x00, 0x00, 0x26, 0xF8, 0x31, 0x00, 0xC4, 0x60, 0x00, 0x00,
    0x00, 0x00, 0xBB, 0x7E, 0xCE, 0xF8, 0xEC, 0xE0, 0x70, 0x00, 0x00, 0xA2, 0x94, 0x00, 0xC4, 0x60,
    0x00, 0x00, 0x00, 0x00, 0xBB, 0x7B, 0x00, 0xC4, 0x60, 0x00, 0x00, 0x00, 0x25, 0xF7, 0x29, 0x00,
    0xC4, 0x65, 0x0A, 0x1E, 0x63, 0xE3, 0x85, 0x00, 0x00, 0xC4, 0xFF, 0xFE, 0xF2, 0xC2, 0x58, 0x00,
    0x00,
    // Unicode: [0x00D1]
    0x00, 0x3D, 0xD5, 0x9E, 0x0D, 0xB9, 0x04, 0x00, 0xAA, 0x1B, 0x71, 0xDF, 0x7E, 0x00, 0x00, 0x00,
    0x00, 0x00, 0x00, 0x00, 0x00, 0xD4, 0xFF, 0x39, 0x00, 0x00, 0x40, 0xD4, 0xD4, 0xB8, 0xBD, 0x00,
    0x00, 0x40, 0xD4, 0xD4, 0x4B, 0xE9, 0x41, 0x00, 0x40, 0xD4, 0xD4, 0x40, 0x71, 0xC4, 0x00, 0x40,
    0xD4, 0xD4, 0x40, 0x08, 0xE4, 0x49, 0x40, 0xD4, 0xD4, 0x40, 0x00, 0x69, 0xCB, 0x40, 0xD4, 0xD4,
    0x40, 0x00, 0x06, 0xDF, 0x90, 0xD4, 0xD4, 0x40, 0x00, 0x00, 0x62, 0xF8, 0xD4, 0xD4, 0x40, 0x00,
    0x00, 0x03, 0xDA, 0xD4,
    // Unicode: [0x00D2]
    0x00, 0x00, 0x00, 0x68, 0x44, 0x00, 0x00, 0x00, 0x00, 0x00, 0x00, 0x00, 0x3C, 0xDF, 0x09, 0x00,
    0x00, 0x00, 0x00, 0x00, 0x00, 0x00, 0x4E, 0x2A, 0x00, 0x00, 0x00, 0x00, 0x00, 0x00, 0x00, 0x00,
    0x00, 0x00, 0x00, 0x00, 0x00, 0x00, 0x63, 0xD2, 0xF9, 0xEB, 0xA2, 0x1A, 0x00, 0x00, 0x74, 0xED,
    0x5A, 0x17, 0x2E, 0xB3, 0xD6, 0x04, 0x0A, 0xF1, 0x58, 0x00, 0x00, 0x00, 0x05, 0xDE, 0x67, 0x3D,
    0xFC, 0x04, 0x00, 0x00, 0x00, 0x00, 0x8D, 0xAF, 0x50, 0xE8, 0x00, 0x00, 0x00, 0x00, 0x00, 0x74,
    0xC3, 0x3D, 0xFC, 0x04, 0x00, 0x00, 0x00, 0x00, 0x8D, 0xAF, 0x0A, 0xED, 0x57, 0x00, 0x00, 0x00,
    0x06, 0xDF, 0x68, 0x00, 0x6A, 0xED, 0x5C, 0x1A, 0x32, 0xB6, 0xD5, 0x04, 0x00, 0x00, 0x64, 0xD3,
    0xF9, 0xEC, 0xA2, 0x18, 0x00,
    // Unicode: [0x00D3]
    0x00, 0x00, 0x00, 0x00, 0x1B, 0x7F, 0x13, 0x00, 0x00, 0x00, 0x00, 0x00, 0x00, 0x9B, 0x8B, 0x00,
    0x00, 0x00, 0x00, 0x00, 0x00, 0x03, 0x71, 0x03, 0x00, 0x00, 0x00, 0x00, 0x00, 0x00, 0x00, 0x00,
    0x00, 0x00, 0x00, 0x00, 0x00, 0x00, 0x63, 0xD2, 0xF9, 0xEB, 0xA2, 0x1A, 0x00, 0x00, 0x74, 0xED,
    0x5A, 0x17, 0x2E, 0xB3, 0xD6, 0x04, 0x0A, 0xF1, 0x58, 0x00, 0x00, 0x00, 0x05, 0xDE, 0x67, 0x3D,
    0xFC, 0x04, 0x00, 0x00, 0x00, 0x00, 0x8D, 0xAF, 0x50, 0xE8, 0x00, 0x00, 0x00, 0x00, 0x00, 0x74,
    0xC3, 0x3D, 0xFC, 0x04, 0x00, 0x00, 0x00, 0x00, 0x8D, 0xAF, 0x0A, 0xED, 0x57, 0x00, 0x00, 0x00,
    0x06, 0xDF, 0x68, 0x00, 0x6A, 0xED, 0x5C, 0x1A, 0x32, 0xB6, 0xD5, 0x04, 0x00, 0x00, 0x64, 0xD3,
    0xF9, 0xEC, 0xA2, 0x18, 0x00,
    // Unicode: [0x00D4]
    0x00, 0x00, 0x00, 0x17, 0x80, 0x3F, 0x00, 0x00, 0x00, 0x00, 0x00, 0x00, 0xAE, 0x7E, 0xD9, 0x13,
    0x00, 0x00, 0x00, 0x00, 0x17, 0x61, 0x00, 0x3D, 0x3E, 0x00, 0x00, 0x00, 0x00, 0x00, 0x00, 0x00,
    0x00, 0x00, 0x00, 0x00, 0x00, 0x00, 0x63, 0xD2, 0xF9, 0xEB, 0xA2, 0x1A, 0x00, 0x00, 0x74, 0xED,
    0x5A, 0x17, 0x2E, 0xB3, 0xD6, 0x04, 0x0A, 0xF1, 0x58, 0x00, 0x00, 0x00, 0x05, 0xDE, 0x67, 0x3D,
    0xFC, 0x04, 0x00, 0x00, 0x00, 0x00, 0x8D, 0xAF, 0x50, 0xE8, 0x00, 0x00, 0x00, 0x00, 0x00, 0x74,
    0xC3, 0x3D, 0xFC, 0x04, 0x00, 0x00, 0x00, 0x00, 0x8D, 0xAF, 0x0A, 0xED, 0x57, 0x00, 0x00, 0x00,
    0x06, 0xDF, 0x68, 0x00, 0x6A, 0xED, 0x5C, 0x1A, 0x32, 0xB6, 0xD5, 0x04, 0x00, 0x00, 0x64, 0xD3,
    0xF9, 0xEC, 0xA2, 0x18, 0x00,
    // Unicode: [0x00D5]
    0x00, 0x00, 0x3F, 0xD5, 0x9C, 0x0C, 0xBC, 0x04, 0x00, 0x00, 0x00, 0xAA, 0x18, 0x74, 0xDF, 0x7E,
    0x00, 0x00, 0x00, 0x00, 0x00, 0x00, 0x00, 0x00, 0x00, 0x00, 0x00, 0x00, 0x00, 0x63, 0xD2, 0xF9,
    0xEB, 0xA2, 0x1A, 0x00, 0x00, 0x74, 0xED, 0x5A, 0x17, 0x2E, 0xB3, 0xD6, 0x04, 0x0A, 0xF1, 0x58,
    0x00, 0x00, 0x00, 0x05, 0xDE, 0x67, 0x3D, 0xFC, 0x04, 0x00, 0x00, 0x00, 0x00, 0x8D, 0xAF, 0x50,
    0xE8, 0x00, 0x00, 0x00, 0x00, 0x00, 0x74, 0xC3, 0x3D, 0xFC, 0x04, 0x00, 0x00, 0x00, 0x00, 0x8D,
    0xAF, 0x0A, 0xED, 0x57, 0x00, 0x00, 0x00, 0x06, 0xDF, 0x68, 0x00, 0x6A, 0xED, 0x5C, 0x1A, 0x32,
    0xB6, 0xD5, 0x04, 0x00, 0x00, 0x64, 0xD3, 0xF9, 0xEC, 0xA2, 0x18, 0x00,
    // Unicode: [0x00D6]
    0x00, 0x00, 0x18, 0xFF, 0x14, 0xAC, 0x80, 0x00, 0x00, 0x00, 0x00, 0x04, 0x30, 0x03, 0x20, 0x18,
    0x00, 0x00, 0x00, 0x00, 0x00, 0x00, 0x00, 0x00, 0x00, 0x00, 0x00, 0x00, 0x00, 0x67, 0xD4, 0xF9,
    0xEA, 0xA0, 0x18, 0x00, 0x00, 0x78, 0xEB, 0x56, 0x16, 0x2F, 0xB7, 0xD3, 0x03, 0x0C, 0xF3, 0x51,
    0x00, 0x00, 0x00, 0x08, 0xE4, 0x63, 0x41, 0xFA, 0x02, 0x00, 0x00, 0x00, 0x00, 0x95, 0xAB, 0x54,
    0xE4, 0x00, 0x00, 0x00, 0x00, 0x00, 0x7C, 0xBF, 0x41, 0xFA, 0x02, 0x00, 0x00, 0x00, 0x00, 0x95,
    0xAB, 0x0C, 0xEF, 0x53, 0x00, 0x00, 0x00, 0x08, 0xE3, 0x64, 0x00, 0x6E, 0xEC, 0x5A, 0x1A, 0x32,
    0xB9, 0xD2, 0x03, 0x00, 0x00, 0x67, 0xD4, 0xF9, 0xEB, 0xA0, 0x17, 0x00,
    // Unicode: [0x00D7]
    0x00, 0x15, 0x00, 0x00, 0x00, 0x00, 0x15, 0x00, 0x17, 0xE1, 0x2F, 0x00, 0x00, 0x50, 0xD2, 0x03,
    0x00, 0x3F, 0xDF, 0x28, 0x47, 0xDC, 0x21, 0x00, 0x00, 0x00, 0x44, 0xDE, 0xDD, 0x25, 0x00, 0x00,
    0x00, 0x00, 0x39, 0xE1, 0xD9, 0x1D, 0x00, 0x00, 0x00, 0x34, 0xE0, 0x31, 0x54, 0xD7, 0x19, 0x00,
    0x17, 0xE1, 0x39, 0x00, 0x00, 0x5D, 0xCF, 0x03, 0x00, 0x1F, 0x00, 0x00, 0x00, 0x00, 0x1F, 0x00,
    // Unicode: [0x00D8]
    0x00, 0x00, 0x00, 0x00, 0x00, 0x00, 0x00, 0x65, 0x5E, 0x00, 0x00, 0x63, 0xD2, 0xF8, 0xE4, 0x96,
    0xB2, 0x02, 0x00, 0x75, 0xEA, 0x53, 0x12, 0x26, 0xD5, 0xD6, 0x0A, 0x0A, 0xF2, 0x53, 0x00, 0x00,
    0x42, 0x83, 0xD8, 0x6D, 0x3D, 0xFA, 0x03, 0x00, 0x12, 0xAD, 0x04, 0x89, 0xB0, 0x4F, 0xE4, 0x00,
    0x00, 0x9F, 0x24, 0x00, 0x70, 0xC3, 0x3C, 0xF8, 0x01, 0x61, 0x62, 0x00, 0x00, 0x8B, 0xB0, 0x09,
    0xF0, 0x6F, 0xA0, 0x00, 0x00, 0x05, 0xDD, 0x6F, 0x00, 0x6B, 0xFF, 0x60, 0x12, 0x2C, 0xB0, 0xDA,
    0x0C, 0x00, 0x88, 0x81, 0xCC, 0xF6, 0xEC, 0xA2, 0x18, 0x00, 0x0E, 0x55, 0x00, 0x00, 0x00, 0x00,
    0x00, 0x00, 0x00,
    // Unicode: [0x00D9]
    0x00, 0x00, 0x68, 0x44, 0x00, 0x00, 0x00, 0x00, 0x00, 0x3C, 0xDF, 0x09, 0x00, 0x00, 0x00, 0x00,
    0x00, 0x4E, 0x2A, 0x00, 0x00, 0x00, 0x00, 0x00, 0x00, 0x00, 0x00, 0x00, 0xF4, 0x34, 0x00, 0x00,
    0x00, 0x6C, 0xBC, 0xF4, 0x34, 0x00, 0x00, 0x00, 0x6C, 0xBC, 0xF4, 0x34, 0x00, 0x00, 0x00, 0x6C,
    0xBC, 0xF4, 0x34, 0x00, 0x00, 0x00, 0x6C, 0xBC, 0xF4, 0x34, 0x00, 0x00, 0x00, 0x6C, 0xBC, 0xF0,
    0x36, 0x00, 0x00, 0x00, 0x70, 0xB3, 0xD7, 0x58, 0x00, 0x00, 0x00, 0x94, 0x95, 0x7E, 0xDB, 0x38,
    0x13, 0x52, 0xF2, 0x46, 0x04, 0x7F, 0xDD, 0xF6, 0xD4, 0x59, 0x00,
    // Unicode: [0x00DA]
    0x00, 0x00, 0x00, 0x23, 0x7D, 0x0C, 0x00, 0x00, 0x00, 0x00, 0xAB, 0x7B, 0x00, 0x00, 0x00, 0x00,
    0x08, 0x6F, 0x01, 0x00, 0x00, 0x00, 0x00, 0x00, 0x00, 0x00, 0x00, 0x00, 0xF4, 0x34, 0x00, 0x00,
    0x00, 0x6C, 0xBC, 0xF4, 0x34, 0x00, 0x00, 0x00, 0x6C, 0xBC, 0xF4, 0x34, 0x00, 0x00, 0x00, 0x6C,
    0xBC, 0xF4, 0x34, 0x00, 0x00, 0x00, 0x6C, 0xBC, 0xF4, 0x34, 0x00, 0x00, 0x00, 0x6C, 0xBC, 0xF0,
    0x36, 0x00, 0x00, 0x00, 0x70, 0xB3, 0xD7, 0x58, 0x00, 0x00, 0x00, 0x94, 0x95, 0x7E, 0xDB, 0x38,
    0x13, 0x52, 0xF2, 0x46, 0x04, 0x7F, 0xDD, 0xF6, 0xD4, 0x59, 0x00,
    // Unicode: [0x00DB]
    0x00, 0x00, 0x3D, 0x80, 0x17, 0x00, 0x00, 0x00, 0x13, 0xD6, 0x7F, 0xAF, 0x00, 0x00, 0x00, 0x3E,
    0x3B, 0x00, 0x63, 0x18, 0x00, 0x00, 0x00, 0x00, 0x00, 0x00, 0x00, 0x00, 0xF4, 0x34, 0x00, 0x00,
    0x00, 0x6C, 0xBC, 0xF4, 0x34, 0x00, 0x00, 0x00, 0x6C, 0xBC, 0xF4, 0x34, 0x00, 0x00, 0x00, 0x6C,
    0xBC, 0xF4, 0x34, 0x00, 0x00, 0x00, 0x6C, 0xBC, 0xF4, 0x34, 0x00, 0x00, 0x00, 0x6C, 0xBC, 0xF0,
    0x36, 0x00, 0x00, 0x00, 0x70, 0xB3, 0xD7, 0x58, 0x00, 0x00, 0x00, 0x94, 0x95, 0x7E, 0xDB, 0x38,
    0x13, 0x52, 0xF2, 0x46, 0x04, 0x7F, 0xDD, 0xF6, 0xD4, 0x59, 0x00,
    // Unicode: [0x00DC]
    0x00, 0x64, 0xC4, 0x00, 0xFC, 0x30, 0x00, 0x00, 0x12, 0x24, 0x00, 0x2F, 0x09, 0x00, 0x00, 0x00,
    0x00, 0x00, 0x00, 0x00, 0x00, 0xF4, 0x34, 0x00, 0x00, 0x00, 0x6C, 0xBC, 0xF4, 0x34, 0x00, 0x00,
    0x00, 0x6C, 0xBC, 0xF4, 0x34, 0x00, 0x00, 0x00, 0x6C, 0xBC, 0xF4, 0x34, 0x00, 0x00, 0x00, 0x6C,
    0xBC, 0xF4, 0x34, 0x00, 0x00, 0x00, 0x6C, 0xBC, 0xF0, 0x36, 0x00, 0x00, 0x00, 0x70, 0xB3, 0xD7,
    0x58, 0x00, 0x00, 0x00, 0x94, 0x95, 0x7E, 0xDB, 0x38, 0x13, 0x52, 0xF2, 0x46, 0x04, 0x7F, 0xDD,
    0xF6, 0xD4, 0x59, 0x00,
    // Unicode: [0x00DD]
    0x00, 0x00, 0x00, 0x06, 0x7E, 0x29, 0x00, 0x00, 0x00, 0x00, 0x00, 0x5D, 0xD1, 0x05, 0x00, 0x00,
    0x00, 0x00, 0x00, 0xC6, 0x35, 0x00, 0x00, 0x00, 0x00, 0x00, 0x00, 0x00, 0x00, 0x00, 0x00, 0x00,
    0xAC, 0x9B, 0x00, 0x00, 0x00, 0x33, 0xEE, 0x18, 0x1E, 0xF3, 0x35, 0x00, 0x01, 0xC7, 0x6E, 0x00,
    0x00, 0x7A, 0xC9, 0x01, 0x62, 0xCF, 0x03, 0x00, 0x00, 0x07, 0xDB, 0x73, 0xE8, 0x39, 0x00, 0x00,
    0x00, 0x00, 0x49, 0xFF, 0x9C, 0x00, 0x00, 0x00, 0x00, 0x00, 0x00, 0xE2, 0x48, 0x00, 0x00, 0x00,
    0x00, 0x00, 0x00, 0xE0, 0x48, 0x00, 0x00, 0x00, 0x00, 0x00, 0x00, 0xE0, 0x48, 0x00, 0x00, 0x00,
    0x00, 0x00, 0x00, 0xE0, 0x48, 0x00, 0x00, 0x00,
    // Unicode: [0x00DE]
    0xD4, 0x54, 0x00, 0x00, 0x00, 0x00, 0xD4, 0xEF, 0xE4, 0xCD, 0x76, 0x01, 0xD4, 0x64, 0x1B, 0x43,
    0xDF, 0x79, 0xD4, 0x54, 0x00, 0x00, 0x69, 0xD3, 0xD4, 0x54, 0x00, 0x00, 0x6C, 0xC6, 0xD4, 0x54,
    0x03, 0x37, 0xE0, 0x6F, 0xD4, 0xFF, 0xFB, 0xD9, 0x7F, 0x02, 0xD4, 0x54, 0x00, 0x00, 0x00, 0x00,
    0xD4, 0x54, 0x00, 0x00, 0x00, 0x00,
    // Unicode: [0x00DF]
    0x16, 0xAD, 0xE2, 0xE5, 0x86, 0x01, 0xA3, 0x93, 0x01, 0x1A, 0xF5, 0x2F, 0xDF, 0x3A, 0x00, 0x38,
    0xE1, 0x0E, 0xEC, 0x30, 0xB2, 0xF6, 0x55, 0x00, 0xEC, 0x30, 0x01, 0x31, 0xD8, 0x55, 0xEC, 0x30,
    0x00, 0x00, 0x64, 0xC0, 0xEC, 0x30, 0x00, 0x00, 0x62, 0xBD, 0xEC, 0x37, 0x05, 0x0D, 0xC7, 0x6B,
    0xEC, 0x58, 0xED, 0xE2, 0x82, 0x02,
    // Unicode: [0x00E0]
    0x00, 0x04, 0x79, 0x31, 0x00, 0x00, 0x00, 0x00, 0x00, 0x81, 0xB2, 0x00, 0x00, 0x00, 0x00, 0x00,
    0x07, 0xD4, 0x20, 0x00, 0x00, 0x00, 0x00, 0x00, 0x00, 0x00, 0x00, 0x00, 0x00, 0xA2, 0xEC, 0xF8,
    0xD6, 0x52, 0x00, 0x00, 0x38, 0x1A, 0x08, 0x39, 0xF3, 0x07, 0x00, 0x39, 0xA1, 0xD9, 0xE6, 0xFE,
    0x28, 0x22, 0xF4, 0x6D, 0x12, 0x00, 0xEC, 0x2C, 0x5B, 0xC9, 0x00, 0x00, 0x00, 0xEC, 0x2C, 0x39,
    0xF0, 0x34, 0x1F, 0x8D, 0xFE, 0x2C, 0x00, 0x88, 0xF2, 0xE4, 0x7F, 0xEF, 0x2C,
    // Unicode: [0x00E1]
    0x00, 0x00, 0x00, 0x08, 0x7F, 0x27, 0x00, 0x00, 0x00, 0x00, 0x5F, 0xD0, 0x04, 0x00, 0x00, 0x00,
    0x00, 0xC7, 0x34, 0x00, 0x00, 0x00, 0x00, 0x00, 0x00, 0x00, 0x00, 0x00, 0x00, 0xA2, 0xEC, 0xF8,
    0xD6, 0x52, 0x00, 0x00, 0x38, 0x1A, 0x08, 0x39, 0xF3, 0x07, 0x00, 0x39, 0xA1, 0xD9, 0xE6, 0xFE,
    0x28, 0x22, 0xF4, 0x6D, 0x12, 0x00, 0xEC, 0x2C, 0x5B, 0xC9, 0x00, 0x00, 0x00, 0xEC, 0x2C, 0x39,
    0xF0, 0x34, 0x1F, 0x8D, 0xFE, 0x2C, 0x00, 0x88, 0xF2, 0xE4, 0x7F, 0xEF, 0x2C,
    // Unicode: [0x00E2]
    0x00, 0x00, 0x15, 0x80, 0x36, 0x00, 0x00, 0x00, 0x00, 0x92, 0xB2, 0xD0, 0x02, 0x00, 0x00, 0x21,
    0xCD, 0x05, 0x9F, 0x5B, 0x00, 0x00, 0x00, 0x00, 0x00, 0x00, 0x00, 0x00, 0x00, 0xA2, 0xEC, 0xF8,
    0xD6, 0x52, 0x00, 0x00, 0x38, 0x1A, 0x08, 0x39, 0xF3, 0x07, 0x00, 0x39, 0xA1, 0xD9, 0xE6, 0xFE,
    0x28, 0x22, 0xF4, 0x6D, 0x12, 0x00, 0xEC, 0x2C, 0x5B, 0xC9, 0x00, 0x00, 0x00, 0xEC, 0x2C, 0x39,
    0xF0, 0x34, 0x1F, 0x8D, 0xFE, 0x2C, 0x00, 0x88, 0xF2, 0xE4, 0x7F, 0xEF, 0x2C,
    // Unicode: [0x00E3]
    0x00, 0x6A, 0xCC, 0xDD, 0xDE, 0xA8, 0x01, 0x00, 0x00, 0x00, 0x00, 0x00, 0x00, 0x00, 0x00, 0xA2,
    0xEC, 0xF8, 0xD6, 0x52, 0x00, 0x00, 0x38, 0x1A, 0x08, 0x39, 0xF3, 0x07, 0x00, 0x39, 0xA1, 0xD9,
    0xE6, 0xFE, 0x28, 0x22, 0xF4, 0x6D, 0x12, 0x00, 0xEC, 0x2C, 0x5B, 0xC9, 0x00, 0x00, 0x00, 0xEC,
    0x2C, 0x39, 0xF0, 0x34, 0x1F, 0x8D, 0xFE, 0x2C, 0x00, 0x88, 0xF2, 0xE4, 0x7F, 0xEF, 0x2C,
    // Unicode: [0x00E4]
    0x00, 0x28, 0xFF, 0x00, 0xBC, 0x6C, 0x00, 0x00, 0x07, 0x30, 0x00, 0x23, 0x14, 0x00, 0x00, 0xA2,
    0xEC, 0xF8, 0xD6, 0x52, 0x00, 0x00, 0x38, 0x1A, 0x08, 0x39, 0xF3, 0x07, 0x00, 0x39, 0xA1, 0xD9,
    0xE6, 0xFE, 0x28, 0x22, 0xF4, 0x6D, 0x12, 0x00, 0xEC, 0x2C, 0x5B, 0xC9, 0x00, 0x00, 0x00, 0xEC,
    0x2C, 0x39, 0xF0, 0x34, 0x1F, 0x8D, 0xFE, 0x2C, 0x00, 0x88, 0xF2, 0xE4, 0x7F, 0xEF, 0x2C,
    // Unicode: [0x00E5]
    0x00, 0x04, 0x97, 0xCF, 0xA4, 0x0C, 0x00, 0x00, 0x62, 0x8D, 0x00, 0x75, 0x7D, 0x00, 0x00, 0x62,
    0x8D, 0x00, 0x75, 0x7B, 0x00, 0x00, 0x04, 0x97, 0xCF, 0xA3, 0x0B, 0x00, 0x00, 0x00, 0x00, 0x00,
    0x00, 0x00, 0x00, 0x00, 0xA2, 0xEC, 0xF8, 0xD6, 0x52, 0x00, 0x00, 0x38, 0x1A, 0x08, 0x39, 0xF3,
    0x07, 0x00, 0x39, 0xA1, 0xD9, 0xE6, 0xFE, 0x28, 0x22, 0xF4, 0x6D, 0x12, 0x00, 0xEC, 0x2C, 0x5B,
    0xC9, 0x00, 0x00, 0x00, 0xEC, 0x2C, 0x39, 0xF0, 0x34, 0x1F, 0x8D, 0xFE, 0x2C, 0x00, 0x88, 0xF2,
    0xE4, 0x7F, 0xEF, 0x2C,
    // Unicode: [0x00E6]
    0x00, 0x9F, 0xE9, 0xF9, 0xD1, 0x45, 0x75, 0xE9, 0xF1, 0xB2, 0x19, 0x00, 0x32, 0x16, 0x07, 0x38,
    0xFB, 0x8A, 0x15, 0x10, 0x8A, 0xA7, 0x00, 0x38, 0xB1, 0xD4, 0xD8, 0xFF, 0xE3, 0xE0, 0xE0, 0xE3,
    0xCB, 0x25, 0xF0, 0x4D, 0x03, 0x00, 0xF7, 0x24, 0x00, 0x00, 0x00, 0x00, 0x5C, 0xC8, 0x00, 0x00,
    0x00, 0xD9, 0x57, 0x00, 0x00, 0x00, 0x00, 0x38, 0xEF, 0x26, 0x10, 0x86, 0xE7, 0xDD, 0x34, 0x08,
    0x42, 0x91, 0x00, 0x87, 0xF2, 0xEA, 0x87, 0x0A, 0x86, 0xE5, 0xF8, 0xD5, 0x69,
    // Unicode: [0x00E7]
    0x00, 0x1F, 0xB1, 0xEF, 0xE4, 0x8F, 0x04, 0xD4, 0x87, 0x10, 0x28, 0x8C, 0x3D, 0xE9, 0x03, 0x00,
    0x00, 0x00, 0x5A, 0xCB, 0x00, 0x00, 0x00, 0x00, 0x3E, 0xE8, 0x02, 0x00, 0x00, 0x00, 0x07, 0xDA,
    0x84, 0x0F, 0x1F, 0x83, 0x00, 0x26, 0xB6, 0xF1, 0xFF, 0x98, 0x00, 0x00, 0x00, 0x00, 0xC0, 0x22,
    0x00, 0x00, 0x11, 0x0D, 0xDB, 0x08, 0x00, 0x00, 0xDA, 0xE9, 0x68, 0x00,
    // Unicode: [0x00E8]
    0x00, 0x00, 0x6F, 0x41, 0x00, 0x00, 0x00, 0x00, 0x00, 0x63, 0xD2, 0x00, 0x00, 0x00, 0x00, 0x00,
    0x00, 0xBD, 0x3E, 0x00, 0x00, 0x00, 0x00, 0x00, 0x00, 0x00, 0x00, 0x00, 0x00, 0x1A, 0xAF, 0xEA,
    0xDF, 0x65, 0x00, 0x02, 0xCD, 0x78, 0x04, 0x26, 0xE8, 0x30, 0x37, 0xDE, 0x00, 0x00, 0x00, 0x96,
    0x76, 0x56, 0xF7, 0xE0, 0xE0, 0xE0, 0xE8, 0x85, 0x3B, 0xD9, 0x00, 0x00, 0x00, 0x00, 0x00, 0x05,
    0xD4, 0x83, 0x14, 0x13, 0x49, 0x42, 0x00, 0x1F, 0xAB, 0xE9, 0xF2, 0xC2, 0x38,
    // Unicode: [0x00E9]
    0x00, 0x00, 0x00, 0x00, 0x73, 0x3B, 0x00, 0x00, 0x00, 0x00, 0x37, 0xE9, 0x12, 0x00, 0x00, 0x00,
    0x00, 0xA2, 0x59, 0x00, 0x00, 0x00, 0x00, 0x00, 0x00, 0x00, 0x00, 0x00, 0x00, 0x1A, 0xAF, 0xEA,
    0xDF, 0x65, 0x00, 0x02, 0xCD, 0x78, 0x04, 0x26, 0xE8, 0x30, 0x37, 0xDE, 0x00, 0x00, 0x00, 0x96,
    0x76, 0x56, 0xF7, 0xE0, 0xE0, 0xE0, 0xE8, 0x85, 0x3B, 0xD9, 0x00, 0x00, 0x00, 0x00, 0x00, 0x05,
    0xD4, 0x83, 0x14, 0x13, 0x49, 0x42, 0x00, 0x1F, 0xAB, 0xE9, 0xF2, 0xC2, 0x38,
    // Unicode: [0x00EA]
    0x00, 0x00, 0x06, 0x7D, 0x49, 0x00, 0x00, 0x00, 0x00, 0x6D, 0xBA, 0xE2, 0x0E, 0x00, 0x00, 0x0B,
    0xD5, 0x15, 0x7A, 0x83, 0x00, 0x00, 0x00, 0x00, 0x00, 0x00, 0x00, 0x00, 0x00, 0x1A, 0xAF, 0xEA,
    0xDF, 0x65, 0x00, 0x02, 0xCD, 0x78, 0x04, 0x26, 0xE8, 0x30, 0x37, 0xDE, 0x00, 0x00, 0x00, 0x96,
    0x76, 0x56, 0xF7, 0xE0, 0xE0, 0xE0, 0xE8, 0x85, 0x3B, 0xD9, 0x00, 0x00, 0x00, 0x00, 0x00, 0x05,
    0xD4, 0x83, 0x14, 0x13, 0x49, 0x42, 0x00, 0x1F, 0xAB, 0xE9, 0xF2, 0xC2, 0x38,
    // Unicode: [0x00EB]
    0x00, 0x04, 0xFF, 0x28, 0x98, 0x94, 0x00, 0x00, 0x00, 0x30, 0x07, 0x1C, 0x1B, 0x00, 0x00, 0x1A,
    0xAF, 0xEA, 0xDF, 0x65, 0x00, 0x02, 0xCD, 0x78, 0x04, 0x26, 0xE8, 0x30, 0x37, 0xDE, 0x00, 0x00,
    0x00, 0x96, 0x76, 0x56, 0xF7, 0xE0, 0xE0, 0xE0, 0xE8, 0x85, 0x3B, 0xD9, 0x00, 0x00, 0x00, 0x00,
    0x00, 0x05, 0xD4, 0x83, 0x14, 0x13, 0x49, 0x42, 0x00, 0x1F, 0xAB, 0xE9, 0xF2, 0xC2, 0x38,
    // Unicode: [0x00EC]
    0x02, 0xB7, 0x8E, 0x00, 0x00, 0x10, 0xD2, 0x1C, 0x00, 0x00, 0x00, 0x00, 0x00, 0x00, 0xE8, 0x34,
    0x00, 0x00, 0xE8, 0x34, 0x00, 0x00, 0xE8, 0x34, 0x00, 0x00, 0xE8, 0x34, 0x00, 0x00, 0xE8, 0x34,
    0x00, 0x00, 0xE8, 0x34, 0x00, 0x00, 0xE8, 0x34,
    // Unicode: [0x00ED]
    0x48, 0xE7, 0x1A, 0xC6, 0x3B, 0x00, 0x00, 0x00, 0x00, 0xE8, 0x34, 0x00, 0xE8, 0x34, 0x00, 0xE8,
    0x34, 0x00, 0xE8, 0x34, 0x00, 0xE8, 0x34, 0x00, 0xE8, 0x34, 0x00, 0xE8, 0x34, 0x00,
    // Unicode: [0x00EE]
    0x48, 0xE6, 0x92, 0x00, 0xC3, 0x23, 0xCA, 0x1F, 0x00, 0x00, 0x00, 0x00, 0x00, 0xE8, 0x34, 0x00,
    0x00, 0xE8, 0x34, 0x00, 0x00, 0xE8, 0x34, 0x00, 0x00, 0xE8, 0x34, 0x00, 0x00, 0xE8, 0x34, 0x00,
    0x00, 0xE8, 0x34, 0x00, 0x00, 0xE8, 0x34, 0x00,
    // Unicode: [0x00EF]
    0xF8, 0x24, 0xD8, 0x44, 0x2E, 0x06, 0x28, 0x0C, 0x00, 0xE8, 0x34, 0x00, 0x00, 0xE8, 0x34, 0x00,
    0x00, 0xE8, 0x34, 0x00, 0x00, 0xE8, 0x34, 0x00, 0x00, 0xE8, 0x34, 0x00, 0x00, 0xE8, 0x34, 0x00,
    0x00, 0xE8, 0x34, 0x00,
    // Unicode: [0x00F0]
    0x00, 0x00, 0x00, 0x00, 0x00, 0x03, 0x00, 0x00, 0x0D, 0x82, 0xCF, 0x92, 0x7F, 0x00, 0x00, 0x00,
    0x62, 0xB0, 0xE1, 0x40, 0x00, 0x00, 0x00, 0x2D, 0x00, 0x33, 0xE1, 0x0B, 0x00, 0x2F, 0xB7, 0xDD,
    0xB4, 0xD9, 0x60, 0x10, 0xE9, 0x7B, 0x22, 0x3A, 0xBA, 0x96, 0x4C, 0xD9, 0x00, 0x00, 0x00, 0x74,
    0x9C, 0x4B, 0xD6, 0x00, 0x00, 0x00, 0x96, 0x7B, 0x12, 0xED, 0x59, 0x04, 0x3C, 0xEE, 0x1E, 0x00,
    0x3C, 0xCA, 0xF3, 0xD1, 0x45, 0x00,
    // Unicode: [0x00F1]
    0x43, 0xC5, 0xDC, 0xDF, 0xC1, 0x18, 0x00, 0x00, 0x00, 0x00, 0x00, 0x00, 0xEC, 0x78, 0xCD, 0xF3,
    0xAC, 0x07, 0xEC, 0xB7, 0x39, 0x2C, 0xDF, 0x62, 0xEC, 0x30, 0x00, 0x00, 0x99, 0x8A, 0xEC, 0x30,
    0x00, 0x00, 0x8C, 0x90, 0xEC, 0x30, 0x00, 0x00, 0x8C, 0x90, 0xEC, 0x30, 0x00, 0x00, 0x8C, 0x90,
    0xEC, 0x30, 0x00, 0x00, 0x8C, 0x90,
    // Unicode: [0x00F2]
    0x00, 0x07, 0x7C, 0x2B, 0x00, 0x00, 0x00, 0x00, 0x00, 0x8B, 0xA8, 0x00, 0x00, 0x00, 0x00, 0x00,
    0x09, 0xD7, 0x1A, 0x00, 0x00, 0x00, 0x00, 0x00, 0x00, 0x00, 0x00, 0x00, 0x00, 0x26, 0xBD, 0xF2,
    0xD4, 0x4E, 0x00, 0x05, 0xDA, 0x75, 0x0A, 0x3F, 0xEE, 0x28, 0x3C, 0xE5, 0x01, 0x00, 0x00, 0x9C,
    0x83, 0x57, 0xCA, 0x00, 0x00, 0x00, 0x7F, 0x9E, 0x3C, 0xE6, 0x01, 0x00, 0x00, 0x9C, 0x83, 0x05,
    0xDA, 0x77, 0x0A, 0x3F, 0xEF, 0x28, 0x00, 0x27, 0xBE, 0xF3, 0xD5, 0x4E, 0x00,
    // Unicode: [0x00F3]
    0x00, 0x00, 0x00, 0x08, 0x7F, 0x27, 0x00, 0x00, 0x00, 0x00, 0x5F, 0xD0, 0x04, 0x00, 0x00, 0x00,
    0x00, 0xC7, 0x34, 0x00, 0x00, 0x00, 0x00, 0x00, 0x00, 0x00, 0x00, 0x00, 0x00, 0x26, 0xBD, 0xF2,
    0xD4, 0x4E, 0x00, 0x05, 0xDA, 0x75, 0x0A, 0x3F, 0xEE, 0x28, 0x3C, 0xE5, 0x01, 0x00, 0x00, 0x9C,
    0x83, 0x57, 0xCA, 0x00, 0x00, 0x00, 0x7F, 0x9E, 0x3C, 0xE6, 0x01, 0x00, 0x00, 0x9C, 0x83, 0x05,
    0xDA, 0x77, 0x0A, 0x3F, 0xEF, 0x28, 0x00, 0x27, 0xBE, 0xF3, 0xD5, 0x4E, 0x00,
    // Unicode: [0x00F4]
    0x00, 0x00, 0x13, 0x80, 0x38, 0x00, 0x00, 0x00, 0x00, 0x8E, 0xB3, 0xD3, 0x02, 0x00, 0x00, 0x1E,
    0xCF, 0x06, 0x9B, 0x5F, 0x00, 0x00, 0x00, 0x00, 0x00, 0x00, 0x00, 0x00, 0x00, 0x26, 0xBD, 0xF2,
    0xD4, 0x4E, 0x00, 0x05, 0xDA, 0x75, 0x0A, 0x3F, 0xEE, 0x28, 0x3C, 0xE5, 0x01, 0x00, 0x00, 0x9C,
    0x83, 0x57, 0xCA, 0x00, 0x00, 0x00, 0x7F, 0x9E, 0x3C, 0xE6, 0x01, 0x00, 0x00, 0x9C, 0x83, 0x05,
    0xDA, 0x77, 0x0A, 0x3F, 0xEF, 0x28, 0x00, 0x27, 0xBE, 0xF3, 0xD5, 0x4E, 0x00,
    // Unicode: [0x00F5]
    0x00, 0x6A, 0xCC, 0xDD, 0xDE, 0xA8, 0x01, 0x00, 0x00, 0x00, 0x00, 0x00, 0x00, 0x00, 0x00, 0x26,
    0xBD, 0xF2, 0xD4, 0x4E, 0x00, 0x05, 0xDA, 0x75, 0x0A, 0x3F, 0xEE, 0x28, 0x3C, 0xE5, 0x01, 0x00,
    0x00, 0x9C, 0x83, 0x57, 0xCA, 0x00, 0x00, 0x00, 0x7F, 0x9E, 0x3C, 0xE6, 0x01, 0x00, 0x00, 0x9C,
    0x83, 0x05, 0xDA, 0x77, 0x0A, 0x3F, 0xEF, 0x28, 0x00, 0x27, 0xBE, 0xF3, 0xD5, 0x4E, 0x00,
    // Unicode: [0x00F6]
    0x00, 0x24, 0xFF, 0x04, 0xBC, 0x70, 0x00, 0x00, 0x06, 0x30, 0x00, 0x23, 0x15, 0x00, 0x00, 0x26,
    0xBD, 0xF2, 0xD4, 0x4E, 0x00, 0x05, 0xDA, 0x75, 0x0A, 0x3F, 0xEE, 0x28, 0x3C, 0xE5, 0x01, 0x00,
    0x00, 0x9C, 0x83, 0x57, 0xCA, 0x00, 0x00, 0x00, 0x7F, 0x9E, 0x3C, 0xE6, 0x01, 0x00, 0x00, 0x9C,
    0x83, 0x05, 0xDA, 0x77, 0x0A, 0x3F, 0xEF, 0x28, 0x00, 0x27, 0xBE, 0xF3, 0xD5, 0x4E, 0x00,
    // Unicode: [0x00F7]
    0x00, 0x00, 0x00, 0xC8, 0x9C, 0x00, 0x00, 0x00, 0x00, 0x00, 0x00, 0x89, 0x6B, 0x00, 0x00, 0x00,
    0x00, 0x00, 0x00, 0x00, 0x00, 0x00, 0x00, 0x00, 0x00, 0x00, 0x00, 0x00, 0x00, 0x00, 0x00, 0x00,
    0xBD, 0xF8, 0xF8, 0xF8, 0xF8, 0xF8, 0xF8, 0x93, 0x00, 0x00, 0x00, 0x00, 0x00, 0x00, 0x00, 0x00,
    0x00, 0x00, 0x00, 0x86, 0x68, 0x00, 0x00, 0x00, 0x00, 0x00, 0x00, 0xC8, 0x9C, 0x00, 0x00, 0x00,
    // Unicode: [0x00F8]
    0x00, 0x00, 0x00, 0x00, 0x00, 0x40, 0x62, 0x00, 0x26, 0xBD, 0xF1, 0xD6, 0xB4, 0x04, 0x05, 0xDA,
    0x72, 0x06, 0x80, 0xEF, 0x27, 0x3C, 0xE0, 0x00, 0x19, 0x8D, 0x98, 0x7E, 0x56, 0xC2, 0x00, 0x96,
    0x10, 0x7B, 0x9E, 0x39, 0xDC, 0x5A, 0x4B, 0x00, 0x9A, 0x83, 0x05, 0xD5, 0xB8, 0x03, 0x3C, 0xEF,
    0x28, 0x01, 0x9C, 0xC1, 0xF4, 0xD5, 0x4E, 0x00, 0x22, 0x31, 0x00, 0x00, 0x00, 0x00, 0x00,
    // Unicode: [0x00F9]
    0x00, 0x6B, 0x43, 0x00, 0x00, 0x00, 0x00, 0x5B, 0xD7, 0x01, 0x00, 0x00, 0x00, 0x00, 0xB6, 0x45,
    0x00, 0x00, 0x00, 0x00, 0x00, 0x00, 0x00, 0x00, 0xF8, 0x24, 0x00, 0x00, 0x98, 0x84, 0xF8, 0x24,
    0x00, 0x00, 0x98, 0x84, 0xF8, 0x24, 0x00, 0x00, 0x98, 0x84, 0xF8, 0x24, 0x00, 0x00, 0x98, 0x84,
    0xF2, 0x2D, 0x00, 0x00, 0x98, 0x84, 0xC9, 0x90, 0x24, 0x64, 0xEA, 0x84, 0x38, 0xD9, 0xEE, 0xA3,
    0xAD, 0x84,
    // Unicode: [0x00FA]
    0x00, 0x00, 0x03, 0x7C, 0x2F, 0x00, 0x00, 0x00, 0x4F, 0xDB, 0x09, 0x00, 0x00, 0x00, 0xB9, 0x42,
    0x00, 0x00, 0x00, 0x00, 0x00, 0x00, 0x00, 0x00, 0xF8, 0x24, 0x00, 0x00, 0x98, 0x84, 0xF8, 0x24,
    0x00, 0x00, 0x98, 0x84, 0xF8, 0x24, 0x00, 0x00, 0x98, 0x84, 0xF8, 0x24, 0x00, 0x00, 0x98, 0x84,
    0xF2, 0x2D, 0x00, 0x00, 0x98, 0x84, 0xC9, 0x90, 0x24, 0x64, 0xEA, 0x84, 0x38, 0xD9, 0xEE, 0xA3,
    0xAD, 0x84,
    // Unicode: [0x00FB]
    0x00, 0x06, 0x7D, 0x48, 0x00, 0x00, 0x00, 0x6E, 0xB9, 0xE2, 0x0C, 0x00, 0x0D, 0xD4, 0x13, 0x7B,
    0x7F, 0x00, 0x00, 0x00, 0x00, 0x00, 0x00, 0x00, 0xF8, 0x24, 0x00, 0x00, 0x98, 0x84, 0xF8, 0x24,
    0x00, 0x00, 0x98, 0x84, 0xF8, 0x24, 0x00, 0x00, 0x98, 0x84, 0xF8, 0x24, 0x00, 0x00, 0x98, 0x84,
    0xF2, 0x2D, 0x00, 0x00, 0x98, 0x84, 0xC9, 0x90, 0x24, 0x64, 0xEA, 0x84, 0x38, 0xD9, 0xEE, 0xA3,
    0xAD, 0x84,
    // Unicode: [0x00FC]
    0x00, 0xFC, 0x2C, 0x90, 0x98, 0x00, 0x00, 0x2F, 0x08, 0x1B, 0x1C, 0x00, 0xF8, 0x24, 0x00, 0x00,
    0x98, 0x84, 0xF8, 0x24, 0x00, 0x00, 0x98, 0x84, 0xF8, 0x24, 0x00, 0x00, 0x98, 0x84, 0xF8, 0x24,
    0x00, 0x00, 0x98, 0x84, 0xF2, 0x2D, 0x00, 0x00, 0x98, 0x84, 0xC9, 0x90, 0x24, 0x64, 0xEA, 0x84,
    0x38, 0xD9, 0xEE, 0xA3, 0xAD, 0x84,
    // Unicode: [0x00FD]
    0x00, 0x00, 0x00, 0x0F, 0x7F, 0x1E, 0x00, 0x00, 0x00, 0x00, 0x83, 0xA3, 0x00, 0x00, 0x00, 0x00,
    0x00, 0x6F, 0x09, 0x00, 0x00, 0x74, 0xBB, 0x00, 0x00, 0x00, 0x98, 0x8E, 0x18, 0xF9, 0x1C, 0x00,
    0x08, 0xEF, 0x2C, 0x00, 0xB4, 0x79, 0x00, 0x58, 0xCA, 0x00, 0x00, 0x54, 0xD8, 0x00, 0xB8, 0x68,
    0x00, 0x00, 0x06, 0xED, 0x52, 0xF3, 0x0F, 0x00, 0x00, 0x00, 0x94, 0xEE, 0xA4, 0x00, 0x00, 0x00,
    0x00, 0x33, 0xFF, 0x42, 0x00, 0x00, 0x00, 0x00, 0x40, 0xDF, 0x01, 0x00, 0x00, 0x00, 0x00, 0xA7,
    0x7E, 0x00, 0x00, 0x00, 0x00, 0x13, 0xF6, 0x1E, 0x00, 0x00, 0x00,
    // Unicode: [0x00FE]
    0xEC, 0x30, 0x00, 0x00, 0x00, 0x00, 0xEC, 0x30, 0x00, 0x00, 0x00, 0x00, 0xEC, 0x7C, 0xD6, 0xF2,
    0xA2, 0x08, 0xEC, 0xAB, 0x35, 0x2E, 0xD7, 0x74, 0xEC, 0x30, 0x00, 0x00, 0x6B, 0xBC, 0xEC, 0x30,
    0x00, 0x00, 0x53, 0xCE, 0xEC, 0x30, 0x00, 0x00, 0x75, 0xAD, 0xEC, 0x65, 0x10, 0x39, 0xE4, 0x49,
    0xEC, 0xC3, 0xF2, 0xE2, 0x6B, 0x00, 0xEC, 0x30, 0x00, 0x00, 0x00, 0x00, 0xEC, 0x30, 0x00, 0x00,
    0x00, 0x00, 0xEC, 0x30, 0x00, 0x00, 0x00, 0x00,
    // Unicode: [0x00FF]
    0x00, 0x2C, 0xFC, 0x00, 0xC0, 0x68, 0x00, 0x00, 0x08, 0x2F, 0x00, 0x24, 0x13, 0x00, 0x74, 0xBB,
    0x00, 0x00, 0x00, 0x98, 0x8E, 0x18, 0xF9, 0x1C, 0x00, 0x08, 0xEF, 0x2C, 0x00, 0xB4, 0x79, 0x00,
    0x58, 0xCA, 0x00, 0x00, 0x54, 0xD8, 0x00, 0xB8, 0x68, 0x00, 0x00, 0x06, 0xED, 0x52, 0xF3, 0x0F,
    0x00, 0x00, 0x00, 0x94, 0xEE, 0xA4, 0x00, 0x00, 0x00, 0x00, 0x33, 0xFF, 0x42, 0x00, 0x00, 0x00,
    0x00, 0x40, 0xDF, 0x01, 0x00, 0x00, 0x00, 0x00, 0xA7, 0x7E, 0x00, 0x00, 0x00, 0x00, 0x13, 0xF6,
    0x1E, 0x00, 0x00, 0x00,
    // Unicode: [0x0100]
    0x00, 0x12, 0xF0, 0xF0, 0xF0, 0xF0, 0x43, 0x00, 0x00, 0x00, 0x00, 0x00, 0x00, 0x00, 0x00, 0x00,
    0x00, 0x00, 0x00, 0xD9, 0xFA, 0x12, 0x00, 0x00, 0x00, 0x00, 0x34, 0xDF, 0xBB, 0x67, 0x00, 0x00,
    0x00, 0x00, 0x8E, 0x80, 0x5A, 0xC1, 0x00, 0x00, 0x00, 0x02, 0xE4, 0x21, 0x09, 0xEF, 0x1C, 0x00,
    0x00, 0x42, 0xBF, 0x00, 0x00, 0x9B, 0x75, 0x00, 0x00, 0x9D, 0xF6, 0xEC, 0xEC, 0xF4, 0xD0, 0x00,
    0x07, 0xEC, 0x2B, 0x1C, 0x1C, 0x1C, 0xEB, 0x2A, 0x51, 0xC6, 0x00, 0x00, 0x00, 0x00, 0xA3, 0x84,
    0xAB, 0x7A, 0x00, 0x00, 0x00, 0x00, 0x56, 0xDD,
    // Unicode: [0x0101]
    0x00, 0x8E, 0xF0, 0xF0, 0xF0, 0xB7, 0x00, 0x00, 0x00, 0x00, 0x00, 0x00, 0x00, 0x00, 0x00, 0xA2,
    0xEC, 0xF8, 0xD6, 0x52, 0x00, 0x00, 0x38, 0x1A, 0x08, 0x39, 0xF3, 0x07, 0x00, 0x39, 0xA1, 0xD9,
    0xE6, 0xFE, 0x28, 0x22, 0xF4, 0x6D, 0x12, 0x00, 0xEC, 0x2C, 0x5B, 0xC9, 0x00, 0x00, 0x00, 0xEC,
    0x2C, 0x39, 0xF0, 0x34, 0x1F, 0x8D, 0xFE, 0x2C, 0x00, 0x88, 0xF2, 0xE4, 0x7F, 0xEF, 0x2C,
    // Unicode: [0x0102]
    0x00, 0x06, 0x75, 0x00, 0x00, 0x5C, 0x1F, 0x00, 0x00, 0x00, 0xD8, 0x2C, 0x10, 0xE0, 0x14, 0x00,
    0x00, 0x00, 0x34, 0xBF, 0xC6, 0x54, 0x00, 0x00, 0x00, 0x00, 0x00, 0x00, 0x00, 0x00, 0x00, 0x00,
    0x00, 0x00, 0x00, 0xD9, 0xFA, 0x12, 0x00, 0x00, 0x00, 0x00, 0x34, 0xDF, 0xBB, 0x67, 0x00, 0x00,
    0x00, 0x00, 0x8E, 0x80, 0x5A, 0xC1, 0x00, 0x00, 0x00, 0x02, 0xE4, 0x21, 0x09, 0xEF, 0x1C, 0x00,
    0x00, 0x42, 0xBF, 0x00, 0x00, 0x9B, 0x75, 0x00, 0x00, 0x9D, 0xF6, 0xEC, 0xEC, 0xF4, 0xD0, 0x00,
    0x07, 0xEC, 0x2B, 0x1C, 0x1C, 0x1C, 0xEB, 0x2A, 0x51, 0xC6, 0x00, 0x00, 0x00, 0x00, 0xA3, 0x84,
    0xAB, 0x7A, 0x00, 0x00, 0x00, 0x00, 0x56, 0xDD,
    // Unicode: [0x0103]
    0x00, 0x4B, 0x31, 0x00, 0x20, 0x5B, 0x00, 0x00, 0x62, 0xA3, 0x00, 0x83, 0x81, 0x00, 0x00, 0x03,
    0x8F, 0xC8, 0xA0, 0x0C, 0x00, 0x00, 0x00, 0x00, 0x00, 0x00, 0x00, 0x00, 0x00, 0xA2, 0xEC, 0xF8,
    0xD6, 0x52, 0x00, 0x00, 0x38, 0x1A, 0x08, 0x39, 0xF3, 0x07, 0x00, 0x39, 0xA1, 0xD9, 0xE6, 0xFE,
    0x28, 0x22, 0xF4, 0x6D, 0x12, 0x00, 0xEC, 0x2C, 0x5B, 0xC9, 0x00, 0x00, 0x00, 0xEC, 0x2C, 0x39,
    0xF0, 0x34, 0x1F, 0x8D, 0xFE, 0x2C, 0x00, 0x88, 0xF2, 0xE4, 0x7F, 0xEF, 0x2C,
    // Unicode: [0x0104]
    0x00, 0x00, 0x00, 0xD9, 0xFA, 0x12, 0x00, 0x00, 0x00, 0x00, 0x00, 0x00, 0x34, 0xF1, 0xD5, 0x67,
    0x00, 0x00, 0x00, 0x00, 0x00, 0x00, 0x8E, 0xA7, 0x81, 0xC1, 0x00, 0x00, 0x00, 0x00, 0x00, 0x02,
    0xE5, 0x57, 0x32, 0xFE, 0x1C, 0x00, 0x00, 0x00, 0x00, 0x42, 0xF9, 0x0D, 0x00, 0xE1, 0x75, 0x00,
    0x00, 0x00, 0x00, 0x9D, 0xB6, 0x00, 0x00, 0x92, 0xD0, 0x00, 0x00, 0x00, 0x07, 0xEF, 0xF6, 0xEC,
    0xEC, 0xF4, 0xFF, 0x2A, 0x00, 0x00, 0x51, 0xF2, 0x25, 0x1C, 0x1C, 0x1C, 0xE5, 0x84, 0x00, 0x00,
    0xAB, 0x8E, 0x00, 0x00, 0x00, 0x00, 0x8D, 0xDD, 0x00, 0x00, 0x00, 0x00, 0x00, 0x00, 0x00, 0x00,
    0x6D, 0x6E, 0x00, 0x00, 0x00, 0x00, 0x00, 0x00, 0x00, 0x00, 0x7E, 0x90, 0x01, 0x09, 0x00, 0x00,
    0x00, 0x00, 0x00, 0x00, 0x1E, 0xD0, 0xF0, 0x38,
    // Unicode: [0x0105]
    0x00, 0xA2, 0xEC, 0xF8, 0xD6, 0x52, 0x00, 0x00, 0x00, 0x67, 0x2C, 0x0C, 0x6A, 0xF7, 0x07, 0x00,
    0x00, 0x00, 0x00, 0x00, 0x02, 0xF7, 0x28, 0x00, 0x00, 0x57, 0xB0, 0xDD, 0xE5, 0xFE, 0x2C, 0x00,
    0x3E, 0xEB, 0x42, 0x08, 0x00, 0xEC, 0x2C, 0x00, 0x50, 0xE3, 0x28, 0x1F, 0x63, 0xF8, 0x2C, 0x00,
    0x04, 0x9F, 0xF4, 0xE4, 0x7F, 0xEF, 0x2C, 0x00, 0x00, 0x00, 0x00, 0x00, 0x02, 0xEE, 0x00, 0x00,
    0x00, 0x00, 0x00, 0x00, 0x00, 0xE8, 0x18, 0x0E, 0x00, 0x00, 0x00, 0x00, 0x00, 0x63, 0xEA, 0xB4,
    // Unicode: [0x0106]
    0x00, 0x00, 0x00, 0x00, 0x23, 0x7D, 0x0C, 0x00, 0x00, 0x00, 0x00, 0x00, 0xAB, 0x7B, 0x00, 0x00,
    0x00, 0x00, 0x00, 0x08, 0x6F, 0x01, 0x00, 0x00, 0x00, 0x00, 0x00, 0x00, 0x00, 0x00, 0x00, 0x00,
    0x00, 0x00, 0x50, 0xC6, 0xF6, 0xED, 0xC1, 0x5F, 0x00, 0x64, 0xF1, 0x63, 0x19, 0x19, 0x61, 0xC9,
    0x08, 0xEE, 0x60, 0x00, 0x00, 0x00, 0x00, 0x08, 0x3B, 0xFD, 0x07, 0x00, 0x00, 0x00, 0x00, 0x00,
    0x4F, 0xE6, 0x00, 0x00, 0x00, 0x00, 0x00, 0x00, 0x3D, 0xF7, 0x05, 0x00, 0x00, 0x00, 0x00, 0x00,
    0x0A, 0xF1, 0x63, 0x00, 0x00, 0x00, 0x00, 0x08, 0x00, 0x6D, 0xF3, 0x6B, 0x1D, 0x1B, 0x5F, 0xC7,
    0x00, 0x00, 0x5A, 0xCC, 0xF7, 0xF3, 0xBF, 0x59,
    // Unicode: [0x0107]
    0x00, 0x00, 0x00, 0x17, 0x80, 0x17, 0x00, 0x00, 0x00, 0x7F, 0xB4, 0x00, 0x00, 0x00, 0x04, 0xD9,
    0x1E, 0x00, 0x00, 0x00, 0x00, 0x00, 0x00, 0x00, 0x00, 0x1F, 0xB1, 0xEF, 0xE4, 0x8F, 0x04, 0xD4,
    0x87, 0x10, 0x28, 0x8C, 0x3D, 0xE9, 0x03, 0x00, 0x00, 0x00, 0x5A, 0xCB, 0x00, 0x00, 0x00, 0x00,
    0x3E, 0xE8, 0x02, 0x00, 0x00, 0x00, 0x07, 0xDA, 0x84, 0x0F, 0x1F, 0x83, 0x00, 0x26, 0xB6, 0xF0,
    0xE6, 0x8F,
    // Unicode: [0x0108]
    0x00, 0x00, 0x00, 0x07, 0x7C, 0x51, 0x00, 0x00, 0x00, 0x00, 0x00, 0x87, 0x91, 0xD4, 0x2A, 0x00,
    0x00, 0x00, 0x06, 0x6F, 0x02, 0x29, 0x52, 0x00, 0x00, 0x00, 0x00, 0x00, 0x00, 0x00, 0x00, 0x00,
    0x00, 0x00, 0x50, 0xC6, 0xF6, 0xED, 0xC1, 0x5F, 0x00, 0x64, 0xF1, 0x63, 0x19, 0x19, 0x61, 0xC9,
    0x08, 0xEE, 0x60, 0x00, 0x00, 0x00, 0x00, 0x08, 0x3B, 0xFD, 0x07, 0x00, 0x00, 0x00, 0x00, 0x00,
    0x4F, 0xE6, 0x00, 0x00, 0x00, 0x00, 0x00, 0x00, 0x3D, 0xF7, 0x05, 0x00, 0x00, 0x00, 0x00, 0x00,
    0x0A, 0xF1, 0x63, 0x00, 0x00, 0x00, 0x00, 0x08, 0x00, 0x6D, 0xF3, 0x6B, 0x1D, 0x1B, 0x5F, 0xC7,
    0x00, 0x00, 0x5A, 0xCC, 0xF7, 0xF3, 0xBF, 0x59,
    // Unicode: [0x0109]
    0x00, 0x00, 0x08, 0x7E, 0x45, 0x00, 0x00, 0x00, 0x75, 0xB8, 0xE0, 0x0A, 0x00, 0x0F, 0xD5, 0x11,
    0x82, 0x7B, 0x00, 0x00, 0x00, 0x00, 0x00, 0x00, 0x00, 0x1F, 0xB1, 0xEF, 0xE4, 0x8F, 0x04, 0xD4,
    0x87, 0x10, 0x28, 0x8C, 0x3D, 0xE9, 0x03, 0x00, 0x00, 0x00, 0x5A, 0xCB, 0x00, 0x00, 0x00, 0x00,
    0x3E, 0xE8, 0x02, 0x00, 0x00, 0x00, 0x07, 0xDA, 0x84, 0x0F, 0x1F, 0x83, 0x00, 0x26, 0xB6, 0xF0,
    0xE6, 0x8F,
    // Unicode: [0x010A]
    0x00, 0x00, 0x00, 0x00, 0xD4, 0x6C, 0x00, 0x00, 0x00, 0x00, 0x00, 0x00, 0x27, 0x14, 0x00, 0x00,
    0x00, 0x00, 0x00, 0x00, 0x00, 0x00, 0x00, 0x00, 0x00, 0x00, 0x50, 0xC6, 0xF6, 0xED, 0xC1, 0x5F,
    0x00, 0x64, 0xF1, 0x63, 0x19, 0x19, 0x61, 0xC9, 0x08, 0xEE, 0x60, 0x00, 0x00, 0x00, 0x00, 0x08,
    0x3B, 0xFD, 0x07, 0x00, 0x00, 0x00, 0x00, 0x00, 0x4F, 0xE6, 0x00, 0x00, 0x00, 0x00, 0x00, 0x00,
    0x3D, 0xF7, 0x05, 0x00, 0x00, 0x00, 0x00, 0x00, 0x0A, 0xF1, 0x63, 0x00, 0x00, 0x00, 0x00, 0x08,
    0x00, 0x6D, 0xF3, 0x6B, 0x1D, 0x1B, 0x5F, 0xC7, 0x00, 0x00, 0x5A, 0xCC, 0xF7, 0xF3, 0xBF, 0x59,
    // Unicode: [0x010B]
    0x00, 0x00, 0x00, 0xE0, 0x60, 0x00, 0x00, 0x00, 0x00, 0x2A, 0x12, 0x00, 0x00, 0x1F, 0xB1, 0xEF,
    0xE4, 0x8F, 0x04, 0xD4, 0x87, 0x10, 0x28, 0x8C, 0x3D, 0xE9, 0x03, 0x00, 0x00, 0x00, 0x5A, 0xCB,
    0x00, 0x00, 0x00, 0x00, 0x3E, 0xE8, 0x02, 0x00, 0x00, 0x00, 0x07, 0xDA, 0x84, 0x0F, 0x1F, 0x83,
    0x00, 0x26, 0xB6, 0xF0, 0xE6, 0x8F,
    // Unicode: [0x010C]
    0x00, 0x00, 0x09, 0x6F, 0x01, 0x29, 0x4E, 0x00, 0x00, 0x00, 0x00, 0x8F, 0x90, 0xD2, 0x25, 0x00,
    0x00, 0x00, 0x00, 0x09, 0x7D, 0x4D, 0x00, 0x00, 0x00, 0x00, 0x00, 0x00, 0x00, 0x00, 0x00, 0x00,
    0x00, 0x00, 0x50, 0xC6, 0xF6, 0xED, 0xC1, 0x5F, 0x00, 0x64, 0xF1, 0x63, 0x19, 0x19, 0x61, 0xC9,
    0x08, 0xEE, 0x60, 0x00, 0x00, 0x00, 0x00, 0x08, 0x3B, 0xFD, 0x07, 0x00, 0x00, 0x00, 0x00, 0x00,
    0x4F, 0xE6, 0x00, 0x00, 0x00, 0x00, 0x00, 0x00, 0x3D, 0xF7, 0x05, 0x00, 0x00, 0x00, 0x00, 0x00,
    0x0A, 0xF1, 0x63, 0x00, 0x00, 0x00, 0x00, 0x08, 0x00, 0x6D, 0xF3, 0x6B, 0x1D, 0x1B, 0x5F, 0xC7,
    0x00, 0x00, 0x5A, 0xCC, 0xF7, 0xF3, 0xBF, 0x59,
    // Unicode: [0x010D]
    0x00, 0x10, 0x6A, 0x00, 0x2A, 0x4C, 0x00, 0x00, 0xBA, 0x52, 0xCB, 0x34, 0x00, 0x00, 0x32, 0xF8,
    0xAB, 0x00, 0x00, 0x00, 0x00, 0x00, 0x00, 0x00, 0x00, 0x1F, 0xB1, 0xEF, 0xE4, 0x8F, 0x04, 0xD4,
    0x87, 0x10, 0x28, 0x8C, 0x3D, 0xE9, 0x03, 0x00, 0x00, 0x00, 0x5A, 0xCB, 0x00, 0x00, 0x00, 0x00,
    0x3E, 0xE8, 0x02, 0x00, 0x00, 0x00, 0x07, 0xDA, 0x84, 0x0F, 0x1F, 0x83, 0x00, 0x26, 0xB6, 0xF0,
    0xE6, 0x8F,
    // Unicode: [0x010E]
    0x00, 0x6A, 0x0E, 0x07, 0x6F, 0x00, 0x00, 0x00, 0x00, 0x71, 0x99, 0x84, 0x7E, 0x00, 0x00, 0x00,
    0x00, 0x07, 0xDF, 0xE4, 0x0C, 0x00, 0x00, 0x00, 0x00, 0x00, 0x00, 0x00, 0x00, 0x00, 0x00, 0x00,
    0xD4, 0xFF, 0xFD, 0xEF, 0xBD, 0x51, 0x00, 0x00, 0xD4, 0x59, 0x0C, 0x22, 0x6C, 0xEB, 0x7D, 0x00,
    0xD4, 0x54, 0x00, 0x00, 0x00, 0x31, 0xFB, 0x23, 0xD4, 0x54, 0x00, 0x00, 0x00, 0x00, 0xCB, 0x6E,
    0xD4, 0x54, 0x00, 0x00, 0x00, 0x00, 0xB2, 0x84, 0xD4, 0x54, 0x00, 0x00, 0x00, 0x00, 0xCB, 0x6B,
    0xD4, 0x54, 0x00, 0x00, 0x00, 0x30, 0xF8, 0x1C, 0xD4, 0x59, 0x0B, 0x1F, 0x69, 0xE9, 0x75, 0x00,
    0xD4, 0xFF, 0xFE, 0xF0, 0xBD, 0x4F, 0x00, 0x00,
    // Unicode: [0x010F]
    0x00, 0x00, 0x00, 0x00, 0x00, 0xB4, 0x64, 0x45, 0xE6, 0x0C, 0x00, 0x00, 0x00, 0x00, 0x00, 0xB4,
    0x64, 0x9D, 0x61, 0x00, 0x00, 0x20, 0xBA, 0xF4, 0xD7, 0xE2, 0x64, 0x76, 0x02, 0x00, 0x02, 0xCE,
    0x8D, 0x1A, 0x28, 0xCF, 0x64, 0x00, 0x00, 0x00, 0x32, 0xEA, 0x04, 0x00, 0x00, 0xB4, 0x64, 0x00,
    0x00, 0x00, 0x53, 0xCA, 0x00, 0x00, 0x00, 0xB4, 0x64, 0x00, 0x00, 0x00, 0x3F, 0xE2, 0x00, 0x00,
    0x00, 0xB4, 0x64, 0x00, 0x00, 0x00, 0x09, 0xEA, 0x72, 0x25, 0x64, 0xED, 0x64, 0x00, 0x00, 0x00,
    0x00, 0x41, 0xD8, 0xEE, 0xA1, 0xC5, 0x64, 0x00, 0x00, 0x00,
    // Unicode: [0x0110]
    0x00, 0xC4, 0xFF, 0xFD, 0xF1, 0xC2, 0x5A, 0x00, 0x00, 0x00, 0xC4, 0x65, 0x0B, 0x20, 0x66, 0xE6,
    0x8D, 0x00, 0x00, 0xC4, 0x60, 0x00, 0x00, 0x00, 0x26, 0xF8, 0x31, 0x00, 0xC4, 0x60, 0x00, 0x00,
    0x00, 0x00, 0xBB, 0x7E, 0xCE, 0xF8, 0xEC, 0xE0, 0x70, 0x00, 0x00, 0xA2, 0x94, 0x00, 0xC4, 0x60,
    0x00, 0x00, 0x00, 0x00, 0xBB, 0x7B, 0x00, 0xC4, 0x60, 0x00, 0x00, 0x00, 0x25, 0xF7, 0x29, 0x00,
    0xC4, 0x65, 0x0A, 0x1E, 0x63, 0xE3, 0x85, 0x00, 0x00, 0xC4, 0xFF, 0xFE, 0xF2, 0xC2, 0x58, 0x00,
    0x00,
    // Unicode: [0x0111]
    0x00, 0x00, 0x00, 0xAC, 0xD0, 0xF1, 0xE2, 0x61, 0x00, 0x00, 0x00, 0x00, 0x00, 0xB4, 0x64, 0x00,
    0x00, 0x1F, 0xB7, 0xF3, 0xD7, 0xE2, 0x64, 0x00, 0x02, 0xCE, 0x8A, 0x16, 0x24, 0xCC, 0x64, 0x00,
    0x32, 0xE9, 0x03, 0x00, 0x00, 0xB4, 0x64, 0x00, 0x53, 0xCA, 0x00, 0x00, 0x00, 0xB4, 0x64, 0x00,
    0x40, 0xE2, 0x00, 0x00, 0x00, 0xB4, 0x64, 0x00, 0x09, 0xEA, 0x74, 0x25, 0x64, 0xED, 0x64, 0x00,
    0x00, 0x41, 0xD8, 0xEE, 0xA2, 0xC6, 0x64, 0x00,
    // Unicode: [0x0112]
    0x0F, 0xF0, 0xF0, 0xF0, 0xF0, 0x43, 0x00, 0x00, 0x00, 0x00, 0x00, 0x00, 0xD4, 0xFF, 0xFF, 0xFF,
    0xFF, 0xEC, 0xD4, 0x5E, 0x10, 0x10, 0x10, 0x0E, 0xD4, 0x54, 0x00, 0x00, 0x00, 0x00, 0xD4, 0xF5,
    0xF0, 0xF0, 0xF0, 0xDD, 0xD4, 0x69, 0x20, 0x20, 0x20, 0x1D, 0xD4, 0x54, 0x00, 0x00, 0x00, 0x00,
    0xD4, 0x54, 0x00, 0x00, 0x00, 0x00, 0xD4, 0x61, 0x14, 0x14, 0x14, 0x12, 0xD4, 0xFF, 0xFF, 0xFF,
    0xFF, 0xEC,
    // Unicode: [0x0113]
    0x00, 0x61, 0xF0, 0xF0, 0xF0, 0xE1, 0x00, 0x00, 0x00, 0x00, 0x00, 0x00, 0x00, 0x00, 0x00, 0x1A,
    0xAF, 0xEA, 0xDF, 0x65, 0x00, 0x02, 0xCD, 0x78, 0x04, 0x26, 0xE8, 0x30, 0x37, 0xDE, 0x00, 0x00,
    0x00, 0x96, 0x76, 0x56, 0xF7, 0xE0, 0xE0, 0xE0, 0xE8, 0x85, 0x3B, 0xD9, 0x00, 0x00, 0x00, 0x00,
    0x00, 0x05, 0xD4, 0x83, 0x14, 0x13, 0x49, 0x42, 0x00, 0x1F, 0xAB, 0xE9, 0xF2, 0xC2, 0x38,
    // Unicode: [0x0114]
    0x00, 0x7A, 0x01, 0x00, 0x50, 0x2B, 0x00, 0xC4, 0x42, 0x09, 0xD6, 0x25, 0x00, 0x29, 0xBA, 0xC7,
    0x64, 0x00, 0x00, 0x00, 0x00, 0x00, 0x00, 0x00, 0xD4, 0xFF, 0xFF, 0xFF, 0xFF, 0xEC, 0xD4, 0x5E,
    0x10, 0x10, 0x10, 0x0E, 0xD4, 0x54, 0x00, 0x00, 0x00, 0x00, 0xD4, 0xF5, 0xF0, 0xF0, 0xF0, 0xDD,
    0xD4, 0x69, 0x20, 0x20, 0x20, 0x1D, 0xD4, 0x54, 0x00, 0x00, 0x00, 0x00, 0xD4, 0x54, 0x00, 0x00,
    0x00, 0x00, 0xD4, 0x61, 0x14, 0x14, 0x14, 0x12, 0xD4, 0xFF, 0xFF, 0xFF, 0xFF, 0xEC,
    // Unicode: [0x0115]
    0x00, 0x2D, 0x4F, 0x00, 0x02, 0x78, 0x00, 0x00, 0x28, 0xD4, 0x08, 0x47, 0xBD, 0x00, 0x00, 0x00,
    0x65, 0xC7, 0xB7, 0x24, 0x00, 0x00, 0x00, 0x00, 0x00, 0x00, 0x00, 0x00, 0x00, 0x1A, 0xAF, 0xEA,
    0xDF, 0x65, 0x00, 0x02, 0xCD, 0x78, 0x04, 0x26, 0xE8, 0x30, 0x37, 0xDE, 0x00, 0x00, 0x00, 0x96,
    0x76, 0x56, 0xF7, 0xE0, 0xE0, 0xE0, 0xE8, 0x85, 0x3B, 0xD9, 0x00, 0x00, 0x00, 0x00, 0x00, 0x05,
    0xD4, 0x83, 0x14, 0x13, 0x49, 0x42, 0x00, 0x1F, 0xAB, 0xE9, 0xF2, 0xC2, 0x38,
    // Unicode: [0x0116]
    0x00, 0x00, 0x58, 0xE8, 0x00, 0x00, 0x00, 0x00, 0x10, 0x2B, 0x00, 0x00, 0xD4, 0xFF, 0xFF, 0xFF,
    0xFF, 0xEC, 0xD4, 0x5E, 0x10, 0x10, 0x10, 0x0E, 0xD4, 0x54, 0x00, 0x00, 0x00, 0x00, 0xD4, 0xF5,
    0xF0, 0xF0, 0xF0, 0xDD, 0xD4, 0x69, 0x20, 0x20, 0x20, 0x1D, 0xD4, 0x54, 0x00, 0x00, 0x00, 0x00,
    0xD4, 0x54, 0x00, 0x00, 0x00, 0x00, 0xD4, 0x61, 0x14, 0x14, 0x14, 0x12, 0xD4, 0xFF, 0xFF, 0xFF,
    0xFF, 0xEC,
    // Unicode: [0x0117]
    0x00, 0x00, 0x00, 0xD0, 0x70, 0x00, 0x00, 0x00, 0x00, 0x00, 0x27, 0x15, 0x00, 0x00, 0x00, 0x1A,
    0xAF, 0xEA, 0xDF, 0x65, 0x00, 0x02, 0xCD, 0x78, 0x04, 0x26, 0xE8, 0x30, 0x37, 0xDE, 0x00, 0x00,
    0x00, 0x96, 0x76, 0x56, 0xF7, 0xE0, 0xE0, 0xE0, 0xE8, 0x85, 0x3B, 0xD9, 0x00, 0x00, 0x00, 0x00,
    0x00, 0x05, 0xD4, 0x83, 0x14, 0x13, 0x49, 0x42, 0x00, 0x1F, 0xAB, 0xE9, 0xF2, 0xC2, 0x38,
    // Unicode: [0x0118]
    0xD4, 0xFF, 0xFF, 0xFF, 0xFF, 0xEC, 0x00, 0xD4, 0x5E, 0x10, 0x10, 0x10, 0x0E, 0x00, 0xD4, 0x54,
    0x00, 0x00, 0x00, 0x00, 0x00, 0xD4, 0x54, 0x00, 0x00, 0x00, 0x00, 0x00, 0xD4, 0xF5, 0xF0, 0xF0,
    0xF0, 0xDD, 0x00, 0xD4, 0x69, 0x20, 0x20, 0x20, 0x1D, 0x00, 0xD4, 0x54, 0x00, 0x00, 0x00, 0x00,
    0x00, 0xD4, 0x61, 0x14, 0x14, 0x14, 0x12, 0x00, 0xD4, 0xFF, 0xFF, 0xFF, 0xFF, 0xEC, 0x00, 0x00,
    0x00, 0x00, 0x8F, 0x62, 0x00, 0x00, 0x00, 0x00, 0x00, 0x7E, 0x84, 0x03, 0x08, 0x00, 0x00, 0x00,
    0x1A, 0xCE, 0xEF, 0x2D,
    // Unicode: [0x0119]
    0x00, 0x1A, 0xB3, 0xF1, 0xDF, 0x65, 0x00, 0x00, 0xC0, 0x78, 0x04, 0x26, 0xE8, 0x30, 0x2D, 0xDE,
    0x00, 0x00, 0x00, 0x96, 0x76, 0x53, 0xF7, 0xE0, 0xE0, 0xE0, 0xE8, 0x85, 0x48, 0xD3, 0x00, 0x00,
    0x00, 0x00, 0x00, 0x16, 0xF3, 0x34, 0x00, 0x00, 0x02, 0x1C, 0x00, 0x6E, 0xF1, 0x9D, 0x91, 0xD9,
    0x6E, 0x00, 0x00, 0x2F, 0x9D, 0xCA, 0x4D, 0x04, 0x00, 0x00, 0x00, 0x4B, 0xB5, 0x00, 0x07, 0x00,
    0x00, 0x00, 0x06, 0xB6, 0xEE, 0x64,
    // Unicode: [0x011A]
    0x00, 0x6E, 0x0B, 0x0A, 0x6D, 0x00, 0x00, 0x79, 0x91, 0x8C, 0x76, 0x00, 0x00, 0x0A, 0xE3, 0xE0,
    0x08, 0x00, 0x00, 0x00, 0x00, 0x00, 0x00, 0x00, 0xD4, 0xFF, 0xFF, 0xFF, 0xFF, 0xEC, 0xD4, 0x5E,
    0x10, 0x10, 0x10, 0x0E, 0xD4, 0x54, 0x00, 0x00, 0x00, 0x00, 0xD4, 0xF5, 0xF0, 0xF0, 0xF0, 0xDD,
    0xD4, 0x69, 0x20, 0x20, 0x20, 0x1D, 0xD4, 0x54, 0x00, 0x00, 0x00, 0x00, 0xD4, 0x54, 0x00, 0x00,
    0x00, 0x00, 0xD4, 0x61, 0x14, 0x14, 0x14, 0x12, 0xD4, 0xFF, 0xFF, 0xFF, 0xFF, 0xEC,
    // Unicode: [0x011B]
    0x00, 0x0B, 0x6E, 0x00, 0x24, 0x52, 0x00, 0x00, 0x00, 0xB1, 0x5A, 0xC2, 0x3E, 0x00, 0x00, 0x00,
    0x2B, 0xF7, 0xB4, 0x00, 0x00, 0x00, 0x00, 0x00, 0x00, 0x00, 0x00, 0x00, 0x00, 0x1A, 0xAF, 0xEA,
    0xDF, 0x65, 0x00, 0x02, 0xCD, 0x78, 0x04, 0x26, 0xE8, 0x30, 0x37, 0xDE, 0x00, 0x00, 0x00, 0x96,
    0x76, 0x56, 0xF7, 0xE0, 0xE0, 0xE0, 0xE8, 0x85, 0x3B, 0xD9, 0x00, 0x00, 0x00, 0x00, 0x00, 0x05,
    0xD4, 0x83, 0x14, 0x13, 0x49, 0x42, 0x00, 0x1F, 0xAB, 0xE9, 0xF2, 0xC2, 0x38,
    // Unicode: [0x011C]
    0x00, 0x00, 0x00, 0x00, 0x65, 0x6E, 0x00, 0x00, 0x00, 0x00, 0x00, 0x00, 0x4C, 0xB9, 0xB2, 0x5D,
    0x00, 0x00, 0x00, 0x00, 0x00, 0x66, 0x12, 0x0E, 0x6C, 0x00, 0x00, 0x00, 0x00, 0x00, 0x00, 0x00,
    0x00, 0x00, 0x00, 0x00, 0x00, 0x00, 0x40, 0xB8, 0xEF, 0xF6, 0xD6, 0x89, 0x1D, 0x00, 0x58, 0xF4,
    0x72, 0x21, 0x13, 0x39, 0x94, 0x6A, 0x07, 0xEA, 0x68, 0x00, 0x00, 0x00, 0x00, 0x00, 0x01, 0x3B,
    0xFD, 0x07, 0x00, 0x00, 0x00, 0x00, 0x00, 0x00, 0x4F, 0xE9, 0x00, 0x00, 0x07, 0xF0, 0xF0, 0xF0,
    0x6C, 0x3B, 0xFE, 0x09, 0x00, 0x01, 0x20, 0x20, 0xBD, 0x74, 0x08, 0xEE, 0x6F, 0x00, 0x00, 0x00,
    0x00, 0xB4, 0x74, 0x00, 0x60, 0xF7, 0x7A, 0x25, 0x11, 0x3A, 0xD4, 0x74, 0x00, 0x00, 0x49, 0xBF,
    0xF1, 0xF4, 0xCF, 0x85, 0x1C,
    // Unicode: [0x011D]
    0x00, 0x00, 0x28, 0xF6, 0xB8, 0x00, 0x00, 0x00, 0x00, 0xAF, 0x59, 0xC5, 0x42, 0x00, 0x00, 0x0B,
    0x6D, 0x00, 0x26, 0x54, 0x00, 0x00, 0x1F, 0xB7, 0xF4, 0xDE, 0xE5, 0x64, 0x02, 0xCE, 0x89, 0x13,
    0x25, 0xCE, 0x64, 0x31, 0xEA, 0x03, 0x00, 0x00, 0xB4, 0x64, 0x53, 0xCA, 0x00, 0x00, 0x00, 0xB4,
    0x64, 0x40, 0xE0, 0x00, 0x00, 0x00, 0xB4, 0x64, 0x0A, 0xEB, 0x68, 0x19, 0x56, 0xE8, 0x64, 0x00,
    0x43, 0xD9, 0xF0, 0xAB, 0xC9, 0x5E, 0x00, 0x00, 0x00, 0x00, 0x00, 0xC8, 0x42, 0x00, 0x4B, 0x2D,
    0x12, 0x5A, 0xE7, 0x0B, 0x00, 0x89, 0xEE, 0xF5, 0xC9, 0x39, 0x00,
    // Unicode: [0x011E]
    0x00, 0x00, 0x10, 0x6B, 0x00, 0x00, 0x64, 0x16, 0x00, 0x00, 0x00, 0x04, 0xE3, 0x21, 0x1A, 0xE4,
    0x0A, 0x00, 0x00, 0x00, 0x00, 0x40, 0xC3, 0xC4, 0x48, 0x00, 0x00, 0x00, 0x00, 0x00, 0x00, 0x00,
    0x00, 0x00, 0x00, 0x00, 0x00, 0x00, 0x40, 0xB8, 0xEF, 0xF6, 0xD6, 0x89, 0x1D, 0x00, 0x58, 0xF4,
    0x72, 0x21, 0x13, 0x39, 0x94, 0x6A, 0x07, 0xEA, 0x68, 0x00, 0x00, 0x00, 0x00, 0x00, 0x01, 0x3B,
    0xFD, 0x07, 0x00, 0x00, 0x00, 0x00, 0x00, 0x00, 0x4F, 0xE9, 0x00, 0x00, 0x07, 0xF0, 0xF0, 0xF0,
    0x6C, 0x3B, 0xFE, 0x09, 0x00, 0x01, 0x20, 0x20, 0xBD, 0x74, 0x08, 0xEE, 0x6F, 0x00, 0x00, 0x00,
    0x00, 0xB4, 0x74, 0x00, 0x60, 0xF7, 0x7A, 0x25, 0x11, 0x3A, 0xD4, 0x74, 0x00, 0x00, 0x49, 0xBF,
    0xF1, 0xF4, 0xCF, 0x85, 0x1C,
    // Unicode: [0x011F]
    0x00, 0x53, 0xA4, 0x00, 0x0B, 0xE9, 0x00, 0x00, 0x15, 0xDC, 0x0E, 0x5D, 0xA2, 0x00, 0x00, 0x00,
    0x52, 0xC6, 0xB0, 0x16, 0x00, 0x00, 0x1F, 0xB7, 0xF4, 0xDE, 0xE5, 0x64, 0x02, 0xCE, 0x89, 0x13,
    0x25, 0xCE, 0x64, 0x31, 0xEA, 0x03, 0x00, 0x00, 0xB4, 0x64, 0x53, 0xCA, 0x00, 0x00, 0x00, 0xB4,
    0x64, 0x40, 0xE0, 0x00, 0x00, 0x00, 0xB4, 0x64, 0x0A, 0xEB, 0x68, 0x19, 0x56, 0xE8, 0x64, 0x00,
    0x43, 0xD9, 0xF0, 0xAB, 0xC9, 0x5E, 0x00, 0x00, 0x00, 0x00, 0x00, 0xC8, 0x42, 0x00, 0x4B, 0x2D,
    0x12, 0x5A, 0xE7, 0x0B, 0x00, 0x89, 0xEE, 0xF5, 0xC9, 0x39, 0x00,
    // Unicode: [0x0120]
    0x00, 0x00, 0x00, 0x00, 0x98, 0xA4, 0x00, 0x00, 0x00, 0x00, 0x00, 0x00, 0x00, 0x1C, 0x1E, 0x00,
    0x00, 0x00, 0x00, 0x00, 0x00, 0x00, 0x00, 0x00, 0x00, 0x00, 0x00, 0x00, 0x00, 0x40, 0xB8, 0xEF,
    0xF6, 0xD6, 0x89, 0x1D, 0x00, 0x58, 0xF4, 0x72, 0x21, 0x13, 0x39, 0x94, 0x6A, 0x07, 0xEA, 0x68,
    0x00, 0x00, 0x00, 0x00, 0x00, 0x01, 0x3B, 0xFD, 0x07, 0x00, 0x00, 0x00, 0x00, 0x00, 0x00, 0x4F,
    0xE9, 0x00, 0x00, 0x07, 0xF0, 0xF0, 0xF0, 0x6C, 0x3B, 0xFE, 0x09, 0x00, 0x01, 0x20, 0x20, 0xBD,
    0x74, 0x08, 0xEE, 0x6F, 0x00, 0x00, 0x00, 0x00, 0xB4, 0x74, 0x00, 0x60, 0xF7, 0x7A, 0x25, 0x11,
    0x3A, 0xD4, 0x74, 0x00, 0x00, 0x49, 0xBF, 0xF1, 0xF4, 0xCF, 0x85, 0x1C,
    // Unicode: [0x0121]
    0x00, 0x00, 0x00, 0xE0, 0x60, 0x00, 0x00, 0x00, 0x00, 0x00, 0x2A, 0x12, 0x00, 0x00, 0x00, 0x1F,
    0xB7, 0xF4, 0xDE, 0xE5, 0x64, 0x02, 0xCE, 0x89, 0x13, 0x25, 0xCE, 0x64, 0x31, 0xEA, 0x03, 0x00,
    0x00, 0xB4, 0x64, 0x53, 0xCA, 0x00, 0x00, 0x00, 0xB4, 0x64, 0x40, 0xE0, 0x00, 0x00, 0x00, 0xB4,
    0x64, 0x0A, 0xEB, 0x68, 0x19, 0x56, 0xE8, 0x64, 0x00, 0x43, 0xD9, 0xF0, 0xAB, 0xC9, 0x5E, 0x00,
    0x00, 0x00, 0x00, 0x00, 0xC8, 0x42, 0x00, 0x4B, 0x2D, 0x12, 0x5A, 0xE7, 0x0B, 0x00, 0x89, 0xEE,
    0xF5, 0xC9, 0x39, 0x00,
    // Unicode: [0x0122]
    0x00, 0x00, 0x37, 0xB4, 0xEE, 0xF6, 0xD6, 0x89, 0x1D, 0x00, 0x47, 0xF4, 0x71, 0x19, 0x16, 0x49,
    0xC0, 0x70, 0x02, 0xDF, 0x7D, 0x00, 0x00, 0x00, 0x00, 0x01, 0x1E, 0x31, 0xFF, 0x11, 0x00, 0x00,
    0x00, 0x00, 0x00, 0x00, 0x4E, 0xEB, 0x00, 0x00, 0x00, 0x00, 0x00, 0x00, 0x00, 0x46, 0xF7, 0x01,
    0x00, 0x07, 0xF0, 0xF0, 0xF0, 0x6C, 0x19, 0xFF, 0x2D, 0x00, 0x01, 0x20, 0x20, 0xBD, 0x74, 0x00,
    0xAF, 0xB6, 0x02, 0x00, 0x00, 0x00, 0xB4, 0x74, 0x00, 0x15, 0xCA, 0xC7, 0x6D, 0x60, 0x83, 0xE8,
    0x6B, 0x00, 0x00, 0x02, 0x4B, 0x81, 0xE3, 0x8A, 0x33, 0x00, 0x00, 0x00, 0x00, 0x07, 0x07, 0xD9,
    0x13, 0x00, 0x00, 0x00, 0x00, 0x00, 0xD8, 0xEA, 0x80, 0x00, 0x00, 0x00,
    // Unicode: [0x0123]
    0x00, 0x00, 0x00, 0x15, 0xDC, 0x0A, 0x00, 0x00, 0x00, 0x00, 0xA5, 0x8E, 0x00, 0x00, 0x00, 0x00,
    0x0F, 0x7F, 0x1F, 0x00, 0x00, 0x00, 0x1F, 0xB7, 0xF4, 0xDE, 0xE5, 0x64, 0x02, 0xCE, 0x89, 0x13,
    0x25, 0xCE, 0x64, 0x31, 0xEA, 0x03, 0x00, 0x00, 0xB4, 0x64, 0x53, 0xCA, 0x00, 0x00, 0x00, 0xB4,
    0x64, 0x40, 0xE0, 0x00, 0x00, 0x00, 0xB4, 0x64, 0x0A, 0xEB, 0x68, 0x19, 0x56, 0xE8, 0x64, 0x00,
    0x43, 0xD9, 0xF0, 0xAB, 0xC9, 0x5E, 0x00, 0x00, 0x00, 0x00, 0x00, 0xC8, 0x42, 0x00, 0x4B, 0x2D,
    0x12, 0x5A, 0xE7, 0x0B, 0x00, 0x89, 0xEE, 0xF5, 0xC9, 0x39, 0x00,
    // Unicode: [0x0124]
    0x00, 0x00, 0x25, 0x80, 0x27, 0x00, 0x00, 0x00, 0x00, 0xB1, 0xB2, 0xB5, 0x00, 0x00, 0x00, 0x38,
    0xBC, 0x01, 0xBD, 0x3F, 0x00, 0x00, 0x00, 0x00, 0x00, 0x00, 0x00, 0x00, 0xD4, 0x54, 0x00, 0x00,
    0x00, 0x50, 0xD8, 0xD4, 0x54, 0x00, 0x00, 0x00, 0x50, 0xD8, 0xD4, 0x54, 0x00, 0x00, 0x00, 0x50,
    0xD8, 0xD4, 0xF5, 0xF0, 0xF0, 0xF0, 0xF5, 0xD8, 0xD4, 0x69, 0x20, 0x20, 0x20, 0x66, 0xD8, 0xD4,
    0x54, 0x00, 0x00, 0x00, 0x50, 0xD8, 0xD4, 0x54, 0x00, 0x00, 0x00, 0x50, 0xD8, 0xD4, 0x54, 0x00,
    0x00, 0x00, 0x50, 0xD8, 0xD4, 0x54, 0x00, 0x00, 0x00, 0x50, 0xD8,
    // Unicode: [0x0125]
    0x00, 0x00, 0x63, 0x68, 0x00, 0x00, 0x00, 0x2F, 0xD7, 0xD8, 0x37, 0x00, 0x00, 0xB6, 0x3E, 0x3C,
    0xBD, 0x00, 0x00, 0x00, 0x00, 0x00, 0x00, 0x00, 0xEC, 0x30, 0x00, 0x00, 0x00, 0x00, 0xEC, 0x30,
    0x00, 0x00, 0x00, 0x00, 0xEC, 0x73, 0xCA, 0xF3, 0xAC, 0x07, 0xEC, 0xB7, 0x39, 0x2C, 0xDF, 0x62,
    0xEC, 0x30, 0x00, 0x00, 0x99, 0x8A, 0xEC, 0x30, 0x00, 0x00, 0x8C, 0x90, 0xEC, 0x30, 0x00, 0x00,
    0x8C, 0x90, 0xEC, 0x30, 0x00, 0x00, 0x8C, 0x90, 0xEC, 0x30, 0x00, 0x00, 0x8C, 0x90,
    // Unicode: [0x0126]
    0x00, 0xD4, 0x54, 0x00, 0x00, 0x00, 0x50, 0xD8, 0x00, 0xAF, 0xF9, 0xE5, 0xD8, 0xD8, 0xD8, 0xE4,
    0xF9, 0xB2, 0x00, 0xD4, 0x54, 0x00, 0x00, 0x00, 0x50, 0xD8, 0x00, 0x00, 0xD4, 0xF5, 0xF0, 0xF0,
    0xF0, 0xF5, 0xD8, 0x00, 0x00, 0xD4, 0x69, 0x20, 0x20, 0x20, 0x66, 0xD8, 0x00, 0x00, 0xD4, 0x54,
    0x00, 0x00, 0x00, 0x50, 0xD8, 0x00, 0x00, 0xD4, 0x54, 0x00, 0x00, 0x00, 0x50, 0xD8, 0x00, 0x00,
    0xD4, 0x54, 0x00, 0x00, 0x00, 0x50, 0xD8, 0x00, 0x00, 0xD4, 0x54, 0x00, 0x00, 0x00, 0x50, 0xD8,
    0x00,
    // Unicode: [0x0127]
    0xB9, 0xFC, 0xD9, 0xD0, 0x0D, 0x00, 0x00, 0x00, 0xEC, 0x30, 0x00, 0x00, 0x00, 0x00, 0x00, 0xEC,
    0x73, 0xCA, 0xF3, 0xAC, 0x07, 0x00, 0xEC, 0xB7, 0x39, 0x2C, 0xDF, 0x62, 0x00, 0xEC, 0x30, 0x00,
    0x00, 0x99, 0x8A, 0x00, 0xEC, 0x30, 0x00, 0x00, 0x8C, 0x90, 0x00, 0xEC, 0x30, 0x00, 0x00, 0x8C,
    0x90, 0x00, 0xEC, 0x30, 0x00, 0x00, 0x8C, 0x90, 0x00, 0xEC, 0x30, 0x00, 0x00, 0x8C, 0x90,
    // Unicode: [0x0128]
    0x3D, 0xD1, 0x84, 0x1C, 0xA8, 0x9D, 0x25, 0x80, 0xD9, 0x4C, 0x00, 0x00, 0x00, 0x00, 0x00, 0x2F,
    0xEC, 0xFF, 0xEE, 0x3B, 0x00, 0x0C, 0xFF, 0x1C, 0x00, 0x00, 0x0C, 0xFF, 0x1C, 0x00, 0x00, 0x0C,
    0xFF, 0x1C, 0x00, 0x00, 0x0C, 0xFF, 0x1C, 0x00, 0x00, 0x0C, 0xFF, 0x1C, 0x00, 0x00, 0x0C, 0xFF,
    0x1C, 0x00, 0x00, 0x0C, 0xFF, 0x1C, 0x00, 0x2F, 0xEC, 0xFF, 0xEE, 0x3B,
    // Unicode: [0x0129]
    0x03, 0x9F, 0xC2, 0xB5, 0x28, 0x00, 0x00, 0x00, 0x00, 0x00, 0x00, 0x00, 0xE8, 0x34, 0x00, 0x00,
    0x00, 0xE8, 0x34, 0x00, 0x00, 0x00, 0xE8, 0x34, 0x00, 0x00, 0x00, 0xE8, 0x34, 0x00, 0x00, 0x00,
    0xE8, 0x34, 0x00, 0x00, 0x00, 0xE8, 0x34, 0x00, 0x00, 0x00, 0xE8, 0x34, 0x00,
    // Unicode: [0x012A]
    0x69, 0xF0, 0xF0, 0xF0, 0x78, 0x00, 0x00, 0x00, 0x00, 0x00, 0x2F, 0xEC, 0xFF, 0xEE, 0x3B, 0x00,
    0x0C, 0xFF, 0x1C, 0x00, 0x00, 0x0C, 0xFF, 0x1C, 0x00, 0x00, 0x0C, 0xFF, 0x1C, 0x00, 0x00, 0x0C,
    0xFF, 0x1C, 0x00, 0x00, 0x0C, 0xFF, 0x1C, 0x00, 0x00, 0x0C, 0xFF, 0x1C, 0x00, 0x00, 0x0C, 0xFF,
    0x1C, 0x00, 0x2F, 0xEC, 0xFF, 0xEE, 0x3B,
    // Unicode: [0x012B]
    0x07, 0xF0, 0xF0, 0xF0, 0x4B, 0x00, 0x00, 0x00, 0x00, 0x00, 0x00, 0x00, 0xE8, 0x34, 0x00, 0x00,
    0x00, 0xE8, 0x34, 0x00, 0x00, 0x00, 0xE8, 0x34, 0x00, 0x00, 0x00, 0xE8, 0x34, 0x00, 0x00, 0x00,
    0xE8, 0x34, 0x00, 0x00, 0x00, 0xE8, 0x34, 0x00, 0x00, 0x00, 0xE8, 0x34, 0x00,
    // Unicode: [0x012C]
    0x2B, 0xC4, 0x03, 0xBA, 0x3A, 0x00, 0x89, 0xCB, 0x96, 0x01, 0x00, 0x00, 0x00, 0x00, 0x00, 0x2F,
    0xEC, 0xFF, 0xEE, 0x3B, 0x00, 0x0C, 0xFF, 0x1C, 0x00, 0x00, 0x0C, 0xFF, 0x1C, 0x00, 0x00, 0x0C,
    0xFF, 0x1C, 0x00, 0x00, 0x0C, 0xFF, 0x1C, 0x00, 0x00, 0x0C, 0xFF, 0x1C, 0x00, 0x00, 0x0C, 0xFF,
    0x1C, 0x00, 0x00, 0x0C, 0xFF, 0x1C, 0x00, 0x2F, 0xEC, 0xFF, 0xEE, 0x3B,
    // Unicode: [0x012D]
    0xD8, 0x04, 0xAA, 0x33, 0x5C, 0xBF, 0x94, 0x00, 0x00, 0x00, 0x00, 0x00, 0x00, 0xE8, 0x34, 0x00,
    0x00, 0xE8, 0x34, 0x00, 0x00, 0xE8, 0x34, 0x00, 0x00, 0xE8, 0x34, 0x00, 0x00, 0xE8, 0x34, 0x00,
    0x00, 0xE8, 0x34, 0x00, 0x00, 0xE8, 0x34, 0x00,
    // Unicode: [0x012E]
    0x2F, 0xEC, 0xFF, 0xEE, 0x3B, 0x00, 0x0C, 0xFF, 0x1C, 0x00, 0x00, 0x0C, 0xFF, 0x1C, 0x00, 0x00,
    0x0C, 0xFF, 0x1C, 0x00, 0x00, 0x0C, 0xFF, 0x1C, 0x00, 0x00, 0x0C, 0xFF, 0x1C, 0x00, 0x00, 0x0C,
    0xFF, 0x1C, 0x00, 0x00, 0x0C, 0xFF, 0x1C, 0x00, 0x2F, 0xEC, 0xFF, 0xEE, 0x3B, 0x00, 0x00, 0xE1,
    0x0D, 0x00, 0x00, 0x00, 0xD0, 0x29, 0x08, 0x00, 0x00, 0x54, 0xE9, 0x9F,
    // Unicode: [0x012F]
    0x00, 0xF8, 0x44, 0x00, 0x00, 0x2E, 0x0C, 0x00, 0x00, 0xE8, 0x34, 0x00, 0x00, 0xE8, 0x34, 0x00,
    0x00, 0xE8, 0x34, 0x00, 0x00, 0xE8, 0x34, 0x00, 0x00, 0xE8, 0x34, 0x00, 0x00, 0xE8, 0x34, 0x00,
    0x01, 0xF0, 0x34, 0x00, 0x1E, 0xC9, 0x00, 0x00, 0x16, 0xDF, 0x05, 0x08, 0x00, 0x8D, 0xEE, 0x5F,
    // Unicode: [0x0130]
    0x00, 0x18, 0xFF, 0x24, 0x00, 0x00, 0x04, 0x30, 0x06, 0x00, 0x2F, 0xEC, 0xFF, 0xEE, 0x3B, 0x00,
    0x0C, 0xFF, 0x1C, 0x00, 0x00, 0x0C, 0xFF, 0x1C, 0x00, 0x00, 0x0C, 0xFF, 0x1C, 0x00, 0x00, 0x0C,
    0xFF, 0x1C, 0x00, 0x00, 0x0C, 0xFF, 0x1C, 0x00, 0x00, 0x0C, 0xFF, 0x1C, 0x00, 0x00, 0x0C, 0xFF,
    0x1C, 0x00, 0x2F, 0xEC, 0xFF, 0xEE, 0x3B,
    // Unicode: [0x0131]
    0xE8, 0x34, 0xE8, 0x34, 0xE8, 0x34, 0xE8, 0x34, 0xE8, 0x34, 0xE8, 0x34, 0xE8, 0x34,
    // Unicode: [0x0132]
    0x2F, 0xEC, 0xFF, 0xEE, 0x3B, 0x00, 0x97, 0xEC, 0xFB, 0x5C, 0x00, 0x0C, 0xFF, 0x1C, 0x00, 0x00,
    0x00, 0x00, 0xCC, 0x5C, 0x00, 0x0C, 0xFF, 0x1C, 0x00, 0x00, 0x00, 0x00, 0xCC, 0x5C, 0x00, 0x0C,
    0xFF, 0x1C, 0x00, 0x00, 0x00, 0x00, 0xCC, 0x5C, 0x00, 0x0C, 0xFF, 0x1C, 0x00, 0x00, 0x00, 0x00,
    0xCC, 0x5C, 0x00, 0x0C, 0xFF, 0x1C, 0x00, 0x00, 0x00, 0x00, 0xCC, 0x5C, 0x00, 0x0C, 0xFF, 0x1C,
    0x00, 0x00, 0x00, 0x00, 0xD0, 0x57, 0x00, 0x0C, 0xFF, 0x1C, 0x00, 0x0F, 0x00, 0x23, 0xF5, 0x2A,
    0x2F, 0xEC, 0xFF, 0xEE, 0x3B, 0xB9, 0xF1, 0xE3, 0x6B, 0x00,
    // Unicode: [0x0133]
    0xF8, 0x44, 0x00, 0x00, 0xE4, 0x5C, 0x2E, 0x0C, 0x00, 0x00, 0x2A, 0x11, 0xE8, 0x34, 0x29, 0xF4,
    0xFD, 0x48, 0xE8, 0x34, 0x00, 0x00, 0xD0, 0x48, 0xE8, 0x34, 0x00, 0x00, 0xD0, 0x48, 0xE8, 0x34,
    0x00, 0x00, 0xD0, 0x48, 0xE8, 0x34, 0x00, 0x00, 0xD0, 0x48, 0xE8, 0x34, 0x00, 0x00, 0xD0, 0x48,
    0xE8, 0x34, 0x00, 0x00, 0xD0, 0x48, 0x00, 0x00, 0x00, 0x00, 0xD9, 0x42, 0x00, 0x0A, 0x21, 0x35,
    0xF8, 0x1B, 0x00, 0x1A, 0xF0, 0xEE, 0x73, 0x00,
    // Unicode: [0x0134]
    0x00, 0x00, 0x70, 0x63, 0x00, 0x00, 0x63, 0xA9, 0xC3, 0x48, 0x00, 0x6D, 0x0A, 0x17, 0x64, 0x00,
    0x00, 0x00, 0x00, 0x00, 0x00, 0x9C, 0xF4, 0xFD, 0x60, 0x00, 0x00, 0x00, 0xC8, 0x60, 0x00, 0x00,
    0x00, 0xC8, 0x60, 0x00, 0x00, 0x00, 0xC8, 0x60, 0x00, 0x00, 0x00, 0xC8, 0x60, 0x00, 0x00, 0x00,
    0xC8, 0x60, 0x00, 0x00, 0x00, 0xCE, 0x5B, 0x26, 0x10, 0x3C, 0xF8, 0x2E, 0xA7, 0xFA, 0xE4, 0x6E,
    0x00,
    // Unicode: [0x0135]
    0x00, 0x07, 0xDE, 0xE4, 0x0B, 0x00, 0x71, 0x93, 0x8C, 0x7E, 0x00, 0x6A, 0x0D, 0x0A, 0x70, 0x00,
    0x63, 0xF4, 0xFF, 0x0C, 0x00, 0x00, 0x0C, 0xFF, 0x0C, 0x00, 0x00, 0x0C, 0xFF, 0x0C, 0x00, 0x00,
    0x0C, 0xFF, 0x0C, 0x00, 0x00, 0x0C, 0xFF, 0x0C, 0x00, 0x00, 0x0C, 0xFF, 0x0C, 0x00, 0x00, 0x0C,
    0xFF, 0x0C, 0x00, 0x00, 0x15, 0xFF, 0x07, 0x15, 0x14, 0x69, 0xDC, 0x00, 0x4F, 0xF7, 0xE0, 0x45,
    0x00,
    // Unicode: [0x0136]
    0xCC, 0x5C, 0x00, 0x00, 0x0D, 0xCE, 0x89, 0x00, 0xCC, 0x5C, 0x00, 0x06, 0xBC, 0x9E, 0x00, 0x00,
    0xCC, 0x5C, 0x01, 0xA8, 0xB0, 0x03, 0x00, 0x00, 0xCC, 0x5C, 0x91, 0xC0, 0x08, 0x00, 0x00, 0x00,
    0xCC, 0xC9, 0xFF, 0x62, 0x00, 0x00, 0x00, 0x00, 0xCC, 0xBC, 0x5B, 0xF5, 0x39, 0x00, 0x00, 0x00,
    0xCC, 0x5C, 0x00, 0x77, 0xEA, 0x21, 0x00, 0x00, 0xCC, 0x5C, 0x00, 0x00, 0x9A, 0xD6, 0x10, 0x00,
    0xCC, 0x5C, 0x00, 0x19, 0x07, 0xB9, 0xBC, 0x05, 0x00, 0x00, 0x00, 0xC7, 0x1B, 0x00, 0x00, 0x00,
    0x00, 0x0D, 0x0D, 0xDE, 0x06, 0x00, 0x00, 0x00, 0x00, 0xDD, 0xE9, 0x69, 0x00, 0x00, 0x00, 0x00,
    // Unicode: [0x0137]
    0xE0, 0x3C, 0x00, 0x00, 0x00, 0x00, 0xE0, 0x3C, 0x00, 0x00, 0x00, 0x00, 0xE0, 0x3C, 0x00, 0x21,
    0xE4, 0x56, 0xE0, 0x3C, 0x16, 0xDA, 0x64, 0x00, 0xE0, 0x49, 0xCD, 0x74, 0x00, 0x00, 0xE0, 0xE2,
    0xF0, 0x1A, 0x00, 0x00, 0xE0, 0x72, 0x91, 0xCF, 0x0C, 0x00, 0xE0, 0x3C, 0x02, 0xB2, 0xB6, 0x03,
    0xE0, 0x3C, 0x11, 0x16, 0xCE, 0x98, 0x00, 0x00, 0x86, 0x5E, 0x00, 0x00, 0x0D, 0x01, 0xAE, 0x40,
    0x00, 0x00, 0xA2, 0xEC, 0xA0, 0x01, 0x00, 0x00,
    // Unicode: [0x0138]
    0xE0, 0x3C, 0x00, 0x21, 0xE4, 0x56, 0xE0, 0x3C, 0x16, 0xDA, 0x64, 0x00, 0xE0, 0x49, 0xCD, 0x74,
    0x00, 0x00, 0xE0, 0xE2, 0xF0, 0x1A, 0x00, 0x00, 0xE0, 0x72, 0x91, 0xCF, 0x0C, 0x00, 0xE0, 0x3C,
    0x02, 0xB2, 0xB6, 0x03, 0xE0, 0x3C, 0x00, 0x0B, 0xCE, 0x98,
    // Unicode: [0x0139]
    0x00, 0x61, 0x4D, 0x00, 0x00, 0x00, 0x18, 0xF3, 0x28, 0x00, 0x00, 0x00, 0x7E, 0x7D, 0x00, 0x00,
    0x00, 0x00, 0x00, 0x00, 0x00, 0x00, 0x00, 0x00, 0xD4, 0x54, 0x00, 0x00, 0x00, 0x00, 0xD4, 0x54,
    0x00, 0x00, 0x00, 0x00, 0xD4, 0x54, 0x00, 0x00, 0x00, 0x00, 0xD4, 0x54, 0x00, 0x00, 0x00, 0x00,
    0xD4, 0x54, 0x00, 0x00, 0x00, 0x00, 0xD4, 0x54, 0x00, 0x00, 0x00, 0x00, 0xD4, 0x54, 0x00, 0x00,
    0x00, 0x00, 0xD4, 0x61, 0x14, 0x14, 0x14, 0x0D, 0xD4, 0xFF, 0xFF, 0xFF, 0xFF, 0xB0,
    // Unicode: [0x013A]
    0x08, 0x7F, 0x27, 0x5F, 0xD0, 0x04, 0xC7, 0x34, 0x00, 0x00, 0x00, 0x00, 0xE8, 0x34, 0x00, 0xE8,
    0x34, 0x00, 0xE8, 0x34, 0x00, 0xE8, 0x34, 0x00, 0xE8, 0x34, 0x00, 0xE8, 0x34, 0x00, 0xE8, 0x34,
    0x00, 0xE8, 0x34, 0x00, 0xE8, 0x34, 0x00,
    // Unicode: [0x013B]
    0xD4, 0x54, 0x00, 0x00, 0x00, 0x00, 0xD4, 0x54, 0x00, 0x00, 0x00, 0x00, 0xD4, 0x54, 0x00, 0x00,
    0x00, 0x00, 0xD4, 0x54, 0x00, 0x00, 0x00, 0x00, 0xD4, 0x54, 0x00, 0x00, 0x00, 0x00, 0xD4, 0x54,
    0x00, 0x00, 0x00, 0x00, 0xD4, 0x54, 0x00, 0x00, 0x00, 0x00, 0xD4, 0x69, 0x20, 0x20, 0x20, 0x16,
    0xD4, 0xFF, 0xFF, 0xFF, 0xFF, 0xB0, 0x00, 0x00, 0x00, 0xD9, 0x0A, 0x00, 0x01, 0x0C, 0x16, 0xDE,
    0x00, 0x00, 0x06, 0xE9, 0xE6, 0x57, 0x00, 0x00,
    // Unicode: [0x013C]
    0x00, 0xE8, 0x34, 0x00, 0xE8, 0x34, 0x00, 0xE8, 0x34, 0x00, 0xE8, 0x34, 0x00, 0xE8, 0x34, 0x00,
    0xE8, 0x34, 0x00, 0xE8, 0x34, 0x00, 0xE8, 0x34, 0x00, 0xE8, 0x48, 0x00, 0x10, 0xD7, 0x0C, 0x36,
    0xBA, 0xE5, 0xE1, 0x3A,
    // Unicode: [0x013D]
    0xD4, 0x54, 0x04, 0xEB, 0x44, 0x00, 0xD4, 0x54, 0x46, 0xB6, 0x00, 0x00, 0xD4, 0x54, 0x5A, 0x29,
    0x00, 0x00, 0xD4, 0x54, 0x00, 0x00, 0x00, 0x00, 0xD4, 0x54, 0x00, 0x00, 0x00, 0x00, 0xD4, 0x54,
    0x00, 0x00, 0x00, 0x00, 0xD4, 0x54, 0x00, 0x00, 0x00, 0x00, 0xD4, 0x61, 0x14, 0x14, 0x14, 0x0D,
    0xD4, 0xFF, 0xFF, 0xFF, 0xFF, 0xB0,
    // Unicode: [0x013E]
    0xE8, 0x34, 0x7C, 0xBF, 0xE8, 0x34, 0xC9, 0x3F, 0xE8, 0x48, 0xB2, 0x00, 0xE8, 0x34, 0x00, 0x00,
    0xE8, 0x34, 0x00, 0x00, 0xE8, 0x34, 0x00, 0x00, 0xE8, 0x34, 0x00, 0x00, 0xE8, 0x34, 0x00, 0x00,
    0xE8, 0x34, 0x00, 0x00,
    // Unicode: [0x013F]
    0xD4, 0x54, 0x00, 0x00, 0x00, 0x00, 0xD4, 0x54, 0x00, 0x00, 0x00, 0x00, 0xD4, 0x54, 0x00, 0x00,
    0x00, 0x00, 0xD4, 0x54, 0x00, 0x00, 0x00, 0x00, 0xD4, 0x54, 0x00, 0x5F, 0x7D, 0x00, 0xD4, 0x54,
    0x00, 0x98, 0xC8, 0x00, 0xD4, 0x54, 0x00, 0x00, 0x00, 0x00, 0xD4, 0x61, 0x14, 0x14, 0x14, 0x0D,
    0xD4, 0xFF, 0xFF, 0xFF, 0xFF, 0xB0,
    // Unicode: [0x0140]
    0xE8, 0x34, 0x00, 0x00, 0x00, 0xE8, 0x34, 0x00, 0x00, 0x00, 0xE8, 0x34, 0x00, 0x00, 0x00, 0xE8,
    0x34, 0x00, 0x00, 0x00, 0xE8, 0x34, 0x2B, 0x9C, 0x0C, 0xE8, 0x34, 0x48, 0xFF, 0x14, 0xE8, 0x34,
    0x00, 0x00, 0x00, 0xE8, 0x34, 0x00, 0x00, 0x00, 0xE8, 0x34, 0x00, 0x00, 0x00,
    // Unicode: [0x0141]
    0x00, 0xC4, 0x64, 0x00, 0x00, 0x00, 0x00, 0x00, 0xC4, 0x64, 0x00, 0x00, 0x00, 0x00, 0x00, 0xC4,
    0x64, 0x1C, 0x44, 0x00, 0x00, 0x00, 0xC4, 0x99, 0xC7, 0x29, 0x00, 0x00, 0x00, 0xCA, 0xC5, 0x15,
    0x00, 0x00, 0x00, 0x91, 0xF6, 0x64, 0x00, 0x00, 0x00, 0x00, 0x44, 0xC4, 0x64, 0x00, 0x00, 0x00,
    0x00, 0x00, 0xC4, 0x70, 0x14, 0x14, 0x14, 0x0F, 0x00, 0xC4, 0xFF, 0xFF, 0xFF, 0xFF, 0xC0,
    // Unicode: [0x0142]
    0x00, 0xD8, 0x40, 0x00, 0x00, 0xD8, 0x40, 0x00, 0x00, 0xD8, 0x40, 0x00, 0x00, 0xD8, 0xA3, 0x47,
    0x0E, 0xE6, 0x8C, 0x01, 0xAC, 0xED, 0x40, 0x00, 0x0D, 0xD8, 0x40, 0x00, 0x00, 0xD8, 0x40, 0x00,
    0x00, 0xD8, 0x40, 0x00,
    // Unicode: [0x0143]
    0x00, 0x00, 0x00, 0x17, 0x80, 0x17, 0x00, 0x00, 0x00, 0x00, 0x7F, 0xB4, 0x00, 0x00, 0x00, 0x00,
    0x04, 0xD9, 0x1E, 0x00, 0x00, 0x00, 0x00, 0x00, 0x00, 0x00, 0x00, 0x00, 0xD4, 0xFF, 0x39, 0x00,
    0x00, 0x40, 0xD4, 0xD4, 0xB8, 0xBD, 0x00, 0x00, 0x40, 0xD4, 0xD4, 0x4B, 0xE9, 0x41, 0x00, 0x40,
    0xD4, 0xD4, 0x40, 0x71, 0xC4, 0x00, 0x40, 0xD4, 0xD4, 0x40, 0x08, 0xE4, 0x49, 0x40, 0xD4, 0xD4,
    0x40, 0x00, 0x69, 0xCB, 0x40, 0xD4, 0xD4, 0x40, 0x00, 0x06, 0xDF, 0x90, 0xD4, 0xD4, 0x40, 0x00,
    0x00, 0x62, 0xF8, 0xD4, 0xD4, 0x40, 0x00, 0x00, 0x03, 0xDA, 0xD4,
    // Unicode: [0x0144]
    0x00, 0x00, 0x16, 0xF0, 0x41, 0x00, 0x00, 0x00, 0x91, 0x71, 0x00, 0x00, 0x00, 0x00, 0x00, 0x00,
    0x00, 0x00, 0xEC, 0x78, 0xCD, 0xF3, 0xAC, 0x07, 0xEC, 0xB7, 0x39, 0x2C, 0xDF, 0x62, 0xEC, 0x30,
    0x00, 0x00, 0x99, 0x8A, 0xEC, 0x30, 0x00, 0x00, 0x8C, 0x90, 0xEC, 0x30, 0x00, 0x00, 0x8C, 0x90,
    0xEC, 0x30, 0x00, 0x00, 0x8C, 0x90, 0xEC, 0x30, 0x00, 0x00, 0x8C, 0x90,
    // Unicode: [0x0145]
    0xD4, 0xFF, 0x39, 0x00, 0x00, 0x40, 0xD4, 0xD4, 0xB8, 0xBD, 0x00, 0x00, 0x40, 0xD4, 0xD4, 0x4B,
    0xE9, 0x41, 0x00, 0x40, 0xD4, 0xD4, 0x40, 0x71, 0xC4, 0x00, 0x40, 0xD4, 0xD4, 0x40, 0x08, 0xE4,
    0x49, 0x40, 0xD4, 0xD4, 0x40, 0x00, 0x69, 0xCB, 0x40, 0xD4, 0xD4, 0x40, 0x00, 0x06, 0xDF, 0x90,
    0xD4, 0xD4, 0x40, 0x00, 0x00, 0x62, 0xF8, 0xD4, 0xD4, 0x40, 0x00, 0x19, 0x07, 0xDA, 0xD4, 0x00,
    0x00, 0x00, 0xC3, 0x1F, 0x00, 0x00, 0x00, 0x0D, 0x0A, 0xDB, 0x08, 0x00, 0x00, 0x00, 0xDA, 0xE9,
    0x6D, 0x00, 0x00, 0x00,
    // Unicode: [0x0146]
    0xEC, 0x78, 0xCD, 0xF3, 0xAC, 0x07, 0xEC, 0xB7, 0x39, 0x2C, 0xDF, 0x62, 0xEC, 0x30, 0x00, 0x00,
    0x99, 0x8A, 0xEC, 0x30, 0x00, 0x00, 0x8C, 0x90, 0xEC, 0x30, 0x00, 0x00, 0x8C, 0x90, 0xEC, 0x30,
    0x00, 0x00, 0x8C, 0x90, 0xEC, 0x30, 0x0E, 0x0D, 0x8C, 0x90, 0x00, 0x00, 0x6F, 0x73, 0x00, 0x00,
    0x0D, 0x00, 0x9B, 0x55, 0x00, 0x00, 0x8C, 0xED, 0xB1, 0x05, 0x00, 0x00,
    // Unicode: [0x0147]
    0x00, 0x0F, 0x6A, 0x00, 0x28, 0x4E, 0x00, 0x00, 0x00, 0xB8, 0x53, 0xC8, 0x37, 0x00, 0x00, 0x00,
    0x32, 0xF8, 0xAC, 0x00, 0x00, 0x00, 0x00, 0x00, 0x00, 0x00, 0x00, 0x00, 0xD4, 0xFF, 0x39, 0x00,
    0x00, 0x40, 0xD4, 0xD4, 0xB8, 0xBD, 0x00, 0x00, 0x40, 0xD4, 0xD4, 0x4B, 0xE9, 0x41, 0x00, 0x40,
    0xD4, 0xD4, 0x40, 0x71, 0xC4, 0x00, 0x40, 0xD4, 0xD4, 0x40, 0x08, 0xE4, 0x49, 0x40, 0xD4, 0xD4,
    0x40, 0x00, 0x69, 0xCB, 0x40, 0xD4, 0xD4, 0x40, 0x00, 0x06, 0xDF, 0x90, 0xD4, 0xD4, 0x40, 0x00,
    0x00, 0x62, 0xF8, 0xD4, 0xD4, 0x40, 0x00, 0x00, 0x03, 0xDA, 0xD4,
    // Unicode: [0x0148]
    0x00, 0x30, 0x00, 0x01, 0x2D, 0x00, 0x00, 0xA2, 0x61, 0x72, 0x8A, 0x00, 0x00, 0x18, 0xE5, 0xE0,
    0x0E, 0x00, 0x00, 0x00, 0x0E, 0x0C, 0x00, 0x00, 0xEC, 0x78, 0xCD, 0xF3, 0xAC, 0x07, 0xEC, 0xB7,
    0x39, 0x2C, 0xDF, 0x62, 0xEC, 0x30, 0x00, 0x00, 0x99, 0x8A, 0xEC, 0x30, 0x00, 0x00, 0x8C, 0x90,
    0xEC, 0x30, 0x00, 0x00, 0x8C, 0x90, 0xEC, 0x30, 0x00, 0x00, 0x8C, 0x90, 0xEC, 0x30, 0x00, 0x00,
    0x8C, 0x90,
    // Unicode: [0x0149]
    0x31, 0xFC, 0x25, 0x00, 0x00, 0x00, 0x00, 0x00, 0x81, 0x9E, 0x00, 0x00, 0x00, 0x00, 0x00, 0x00,
    0xCC, 0x21, 0xC0, 0x8C, 0xBE, 0xF3, 0xC3, 0x19, 0x10, 0x00, 0xC0, 0xCF, 0x47, 0x23, 0xC2, 0x8E,
    0x00, 0x00, 0xC0, 0x5C, 0x00, 0x00, 0x6D, 0xB6, 0x00, 0x00, 0xC0, 0x5C, 0x00, 0x00, 0x60, 0xBC,
    0x00, 0x00, 0xC0, 0x5C, 0x00, 0x00, 0x60, 0xBC, 0x00, 0x00, 0xC0, 0x5C, 0x00, 0x00, 0x60, 0xBC,
    0x00, 0x00, 0xC0, 0x5C, 0x00, 0x00, 0x60, 0xBC,
    // Unicode: [0x014A]
    0xD4, 0xFF, 0x3F, 0x00, 0x00, 0x40, 0xD4, 0xD4, 0xB3, 0xCC, 0x01, 0x00, 0x40, 0xD4, 0xD4, 0x46,
    0xDE, 0x5D, 0x00, 0x40, 0xD4, 0xD4, 0x40, 0x57, 0xE3, 0x09, 0x40, 0xD4, 0xD4, 0x40, 0x00, 0xC8,
    0x7B, 0x40, 0xD4, 0xD4, 0x40, 0x00, 0x3C, 0xF2, 0x57, 0xD4, 0xD4, 0x40, 0x00, 0x00, 0xAE, 0xD5,
    0xD4, 0xD4, 0x40, 0x00, 0x00, 0x25, 0xFA, 0xD4, 0xD4, 0x40, 0x00, 0x00, 0x00, 0x92, 0xD4, 0x00,
    0x00, 0x00, 0x00, 0x00, 0x4A, 0xCF, 0x00, 0x00, 0x00, 0x08, 0x0D, 0x9F, 0xA3, 0x00, 0x00, 0x00,
    0x57, 0xFA, 0xC6, 0x20,
    // Unicode: [0x014B]
    0xEC, 0x78, 0xCD, 0xF3, 0xA8, 0x06, 0xEC, 0xB7, 0x39, 0x2E, 0xE2, 0x5C, 0xEC, 0x30, 0x00, 0x00,
    0x9B, 0x88, 0xEC, 0x30, 0x00, 0x00, 0x8C, 0x90, 0xEC, 0x30, 0x00, 0x00, 0x8C, 0x90, 0xEC, 0x30,
    0x00, 0x00, 0x8C, 0x90, 0xEC, 0x30, 0x00, 0x00, 0x8C, 0x90, 0x00, 0x00, 0x00, 0x00, 0x92, 0x8B,
    0x00, 0x00, 0x0A, 0x18, 0xD0, 0x5F, 0x00, 0x00, 0x92, 0xF5, 0xA4, 0x05,
    // Unicode: [0x014C]
    0x00, 0x00, 0x6C, 0xF0, 0xF0, 0xF0, 0xD5, 0x00, 0x00, 0x00, 0x00, 0x00, 0x00, 0x00, 0x00, 0x00,
    0x00, 0x00, 0x00, 0x00, 0x00, 0x00, 0x00, 0x00, 0x00, 0x00, 0x00, 0x00, 0x00, 0x63, 0xD2, 0xF9,
    0xEB, 0xA2, 0x1A, 0x00, 0x00, 0x74, 0xED, 0x5A, 0x17, 0x2E, 0xB3, 0xD6, 0x04, 0x0A, 0xF1, 0x58,
    0x00, 0x00, 0x00, 0x05, 0xDE, 0x67, 0x3D, 0xFC, 0x04, 0x00, 0x00, 0x00, 0x00, 0x8D, 0xAF, 0x50,
    0xE8, 0x00, 0x00, 0x00, 0x00, 0x00, 0x74, 0xC3, 0x3D, 0xFC, 0x04, 0x00, 0x00, 0x00, 0x00, 0x8D,
    0xAF, 0x0A, 0xED, 0x57, 0x00, 0x00, 0x00, 0x06, 0xDF, 0x68, 0x00, 0x6A, 0xED, 0x5C, 0x1A, 0x32,
    0xB6, 0xD5, 0x04, 0x00, 0x00, 0x64, 0xD3, 0xF9, 0xEC, 0xA2, 0x18, 0x00,
    // Unicode: [0x014D]
    0x00, 0x7F, 0xF0, 0xF0, 0xF0, 0xC3, 0x00, 0x00, 0x00, 0x00, 0x00, 0x00, 0x00, 0x00, 0x00, 0x26,
    0xBD, 0xF2, 0xD4, 0x4E, 0x00, 0x05, 0xDA, 0x75, 0x0A, 0x3F, 0xEE, 0x28, 0x3C, 0xE5, 0x01, 0x00,
    0x00, 0x9C, 0x83, 0x57, 0xCA, 0x00, 0x00, 0x00, 0x7F, 0x9E, 0x3C, 0xE6, 0x01, 0x00, 0x00, 0x9C,
    0x83, 0x05, 0xDA, 0x77, 0x0A, 0x3F, 0xEF, 0x28, 0x00, 0x27, 0xBE, 0xF3, 0xD5, 0x4E, 0x00,
    // Unicode: [0x014E]
    0x00, 0x00, 0x36, 0x45, 0x00, 0x0C, 0x70, 0x00, 0x00, 0x00, 0x00, 0x3A, 0xC6, 0x05, 0x5B, 0xAD,
    0x00, 0x00, 0x00, 0x00, 0x00, 0x76, 0xC8, 0xB3, 0x1D, 0x00, 0x00, 0x00, 0x00, 0x00, 0x00, 0x00,
    0x00, 0x00, 0x00, 0x00, 0x00, 0x00, 0x63, 0xD2, 0xF9, 0xEB, 0xA2, 0x1A, 0x00, 0x00, 0x74, 0xED,
    0x5A, 0x17, 0x2E, 0xB3, 0xD6, 0x04, 0x0A, 0xF1, 0x58, 0x00, 0x00, 0x00, 0x05, 0xDE, 0x67, 0x3D,
    0xFC, 0x04, 0x00, 0x00, 0x00, 0x00, 0x8D, 0xAF, 0x50, 0xE8, 0x00, 0x00, 0x00, 0x00, 0x00, 0x74,
    0xC3, 0x3D, 0xFC, 0x04, 0x00, 0x00, 0x00, 0x00, 0x8D, 0xAF, 0x0A, 0xED, 0x57, 0x00, 0x00, 0x00,
    0x06, 0xDF, 0x68, 0x00, 0x6A, 0xED, 0x5C, 0x1A, 0x32, 0xB6, 0xD5, 0x04, 0x00, 0x00, 0x64, 0xD3,
    0xF9, 0xEC, 0xA2, 0x18, 0x00,
    // Unicode: [0x014F]
    0x00, 0x40, 0x3B, 0x00, 0x16, 0x65, 0x00, 0x00, 0x4C, 0xB5, 0x02, 0x6F, 0x98, 0x00, 0x00, 0x00,
    0x83, 0xC8, 0xAA, 0x14, 0x00, 0x00, 0x00, 0x00, 0x00, 0x00, 0x00, 0x00, 0x00, 0x26, 0xBD, 0xF2,
    0xD4, 0x4E, 0x00, 0x05, 0xDA, 0x75, 0x0A, 0x3F, 0xEE, 0x28, 0x3C, 0xE5, 0x01, 0x00, 0x00, 0x9C,
    0x83, 0x57, 0xCA, 0x00, 0x00, 0x00, 0x7F, 0x9E, 0x3C, 0xE6, 0x01, 0x00, 0x00, 0x9C, 0x83, 0x05,
    0xDA, 0x77, 0x0A, 0x3F, 0xEF, 0x28, 0x00, 0x27, 0xBE, 0xF3, 0xD5, 0x4E, 0x00,
    // Unicode: [0x0150]
    0x00, 0x00, 0x00, 0x28, 0x77, 0x05, 0x76, 0x29, 0x00, 0x00, 0x00, 0x00, 0xAF, 0x65, 0x51, 0xBE,
    0x03, 0x00, 0x00, 0x00, 0x07, 0x68, 0x00, 0x58, 0x18, 0x00, 0x00, 0x00, 0x00, 0x00, 0x00, 0x00,
    0x00, 0x00, 0x00, 0x00, 0x00, 0x00, 0x63, 0xD2, 0xF9, 0xEB, 0xA2, 0x1A, 0x00, 0x00, 0x74, 0xED,
    0x5A, 0x17, 0x2E, 0xB3, 0xD6, 0x04, 0x0A, 0xF1, 0x58, 0x00, 0x00, 0x00, 0x05, 0xDE, 0x67, 0x3D,
    0xFC, 0x04, 0x00, 0x00, 0x00, 0x00, 0x8D, 0xAF, 0x50, 0xE8, 0x00, 0x00, 0x00, 0x00, 0x00, 0x74,
    0xC3, 0x3D, 0xFC, 0x04, 0x00, 0x00, 0x00, 0x00, 0x8D, 0xAF, 0x0A, 0xED, 0x57, 0x00, 0x00, 0x00,
    0x06, 0xDF, 0x68, 0x00, 0x6A, 0xED, 0x5C, 0x1A, 0x32, 0xB6, 0xD5, 0x04, 0x00, 0x00, 0x64, 0xD3,
    0xF9, 0xEC, 0xA2, 0x18, 0x00,
    // Unicode: [0x0151]
    0x00, 0x00, 0x2B, 0x76, 0x03, 0x7A, 0x28, 0x00, 0x00, 0xA3, 0x7C, 0x45, 0xD6, 0x05, 0x00, 0x11,
    0xD1, 0x07, 0xA9, 0x42, 0x00, 0x00, 0x00, 0x00, 0x00, 0x00, 0x00, 0x00, 0x00, 0x26, 0xBD, 0xF2,
    0xD4, 0x4E, 0x00, 0x05, 0xDA, 0x75, 0x0A, 0x3F, 0xEE, 0x28, 0x3C, 0xE5, 0x01, 0x00, 0x00, 0x9C,
    0x83, 0x57, 0xCA, 0x00, 0x00, 0x00, 0x7F, 0x9E, 0x3C, 0xE6, 0x01, 0x00, 0x00, 0x9C, 0x83, 0x05,
    0xDA, 0x77, 0x0A, 0x3F, 0xEF, 0x28, 0x00, 0x27, 0xBE, 0xF3, 0xD5, 0x4E, 0x00,
    // Unicode: [0x0152]
    0x00, 0x00, 0x30, 0xA9, 0xE8, 0xFB, 0xFF, 0xFF, 0xFF, 0xFF, 0xFF, 0xFF, 0x2C, 0x00, 0x43, 0xF4,
    0x89, 0x2C, 0x12, 0x7C, 0xB5, 0x10, 0x10, 0x10, 0x10, 0x02, 0x01, 0xDE, 0x75, 0x00, 0x00, 0x00,
    0x74, 0xB0, 0x00, 0x00, 0x00, 0x00, 0x00, 0x2E, 0xFE, 0x0F, 0x00, 0x00, 0x00, 0x74, 0xFB, 0xF0,
    0xF0, 0xF0, 0xF0, 0x29, 0x45, 0xF1, 0x00, 0x00, 0x00, 0x00, 0x74, 0xBA, 0x20, 0x20, 0x20, 0x20,
    0x05, 0x2D, 0xFE, 0x0D, 0x00, 0x00, 0x00, 0x74, 0xB0, 0x00, 0x00, 0x00, 0x00, 0x00, 0x01, 0xDB,
    0x70, 0x00, 0x00, 0x00, 0x74, 0xB0, 0x00, 0x00, 0x00, 0x00, 0x00, 0x00, 0x41, 0xF4, 0x8E, 0x35,
    0x1B, 0x7E, 0xB6, 0x14, 0x14, 0x14, 0x14, 0x03, 0x00, 0x00, 0x30, 0xA7, 0xEA, 0xFC, 0xFF, 0xFF,
    0xFF, 0xFF, 0xFF, 0xFF, 0x2C,
    // Unicode: [0x0153]
    0x00, 0x27, 0xBF, 0xEF, 0xCF, 0x34, 0x33, 0xCB, 0xF0, 0xC6, 0x29, 0x00, 0x05, 0xDA, 0x6B, 0x02,
    0x41, 0xE3, 0xE2, 0x3D, 0x01, 0x68, 0xCF, 0x00, 0x3C, 0xE5, 0x01, 0x00, 0x00, 0xB5, 0xA0, 0x00,
    0x00, 0x00, 0xF2, 0x17, 0x57, 0xCB, 0x00, 0x00, 0x00, 0x9B, 0xEF, 0xE0, 0xE0, 0xE0, 0xEE, 0x2B,
    0x3D, 0xE7, 0x01, 0x00, 0x00, 0xB8, 0x97, 0x00, 0x00, 0x00, 0x00, 0x00, 0x05, 0xDC, 0x79, 0x0D,
    0x4F, 0xF1, 0xE8, 0x4E, 0x09, 0x1F, 0x72, 0x0B, 0x00, 0x29, 0xC1, 0xF5, 0xD4, 0x41, 0x30, 0xCA,
    0xF8, 0xE7, 0xA3, 0x06,
    // Unicode: [0x0154]
    0x00, 0x00, 0x00, 0x78, 0x35, 0x00, 0x00, 0x00, 0x00, 0x00, 0x43, 0xE3, 0x0D, 0x00, 0x00, 0x00,
    0x00, 0x00, 0xAE, 0x4D, 0x00, 0x00, 0x00, 0x00, 0x00, 0x00, 0x00, 0x00, 0x00, 0x00, 0x00, 0x00,
    0xD4, 0xFF, 0xFF, 0xF3, 0xB2, 0x1A, 0x00, 0x00, 0xD4, 0x59, 0x08, 0x1F, 0xB4, 0xBD, 0x00, 0x00,
    0xD4, 0x54, 0x00, 0x00, 0x60, 0xD8, 0x00, 0x00, 0xD4, 0x54, 0x02, 0x22, 0xC4, 0x83, 0x00, 0x00,
    0xD4, 0xFF, 0xFF, 0xFF, 0x85, 0x01, 0x00, 0x00, 0xD4, 0x54, 0x00, 0xAA, 0xBE, 0x02, 0x00, 0x00,
    0xD4, 0x54, 0x00, 0x10, 0xE0, 0x81, 0x00, 0x00, 0xD4, 0x54, 0x00, 0x00, 0x39, 0xF9, 0x44, 0x00,
    0xD4, 0x54, 0x00, 0x00, 0x00, 0x7A, 0xE9, 0x19,
    // Unicode: [0x0155]
    0x00, 0x37, 0xEE, 0x23, 0x00, 0x00, 0xBB, 0x48, 0x00, 0x00, 0x00, 0x00, 0x00, 0x00, 0x00, 0xEC,
    0x6E, 0xC7, 0xF9, 0x29, 0xEC, 0xC5, 0x46, 0x28, 0x0A, 0xEC, 0x30, 0x00, 0x00, 0x00, 0xEC, 0x30,
    0x00, 0x00, 0x00, 0xEC, 0x30, 0x00, 0x00, 0x00, 0xEC, 0x30, 0x00, 0x00, 0x00, 0xEC, 0x30, 0x00,
    0x00, 0x00,
    // Unicode: [0x0156]
    0xD4, 0xFF, 0xFF, 0xF1, 0xA2, 0x0C, 0x00, 0x00, 0xD4, 0x59, 0x09, 0x27, 0xCB, 0x9D, 0x00, 0x00,
    0xD4, 0x54, 0x00, 0x00, 0x61, 0xDC, 0x00, 0x00, 0xD4, 0x54, 0x00, 0x00, 0x6E, 0xC8, 0x00, 0x00,
    0xD4, 0x54, 0x03, 0x2F, 0xDD, 0x61, 0x00, 0x00, 0xD4, 0xFF, 0xFF, 0xFF, 0x7E, 0x00, 0x00, 0x00,
    0xD4, 0x54, 0x00, 0x8B, 0xD9, 0x18, 0x00, 0x00, 0xD4, 0x54, 0x00, 0x00, 0x92, 0xD6, 0x16, 0x00,
    0xD4, 0x54, 0x00, 0x17, 0x02, 0x97, 0xD2, 0x13, 0x00, 0x00, 0x00, 0xD0, 0x13, 0x00, 0x00, 0x00,
    0x00, 0x0D, 0x0E, 0xDE, 0x02, 0x00, 0x00, 0x00, 0x00, 0xE5, 0xE8, 0x63, 0x00, 0x00, 0x00, 0x00,
    // Unicode: [0x0157]
    0x00, 0xEC, 0x6E, 0xC7, 0xF9, 0x29, 0x00, 0xEC, 0xC5, 0x46, 0x28, 0x0A, 0x00, 0xEC, 0x30, 0x00,
    0x00, 0x00, 0x00, 0xEC, 0x30, 0x00, 0x00, 0x00, 0x00, 0xEC, 0x30, 0x00, 0x00, 0x00, 0x00, 0xEC,
    0x30, 0x00, 0x00, 0x00, 0x00, 0xEC, 0x48, 0x00, 0x00, 0x00, 0x00, 0x00, 0xEA, 0x00, 0x00, 0x00,
    0x0C, 0x1A, 0xDA, 0x00, 0x00, 0x00, 0xC7, 0xE8, 0x54, 0x00, 0x00, 0x00,
    // Unicode: [0x0158]
    0x04, 0x72, 0x02, 0x1A, 0x5C, 0x00, 0x00, 0x00, 0x00, 0x9D, 0x6D, 0xAF, 0x52, 0x00, 0x00, 0x00,
    0x00, 0x1C, 0xF1, 0xC8, 0x00, 0x00, 0x00, 0x00, 0x00, 0x00, 0x00, 0x00, 0x00, 0x00, 0x00, 0x00,
    0xD4, 0xFF, 0xFF, 0xF3, 0xB2, 0x1A, 0x00, 0x00, 0xD4, 0x59, 0x08, 0x1F, 0xB4, 0xBD, 0x00, 0x00,
    0xD4, 0x54, 0x00, 0x00, 0x60, 0xD8, 0x00, 0x00, 0xD4, 0x54, 0x02, 0x22, 0xC4, 0x83, 0x00, 0x00,
    0xD4, 0xFF, 0xFF, 0xFF, 0x85, 0x01, 0x00, 0x00, 0xD4, 0x54, 0x00, 0xAA, 0xBE, 0x02, 0x00, 0x00,
    0xD4, 0x54, 0x00, 0x10, 0xE0, 0x81, 0x00, 0x00, 0xD4, 0x54, 0x00, 0x00, 0x39, 0xF9, 0x44, 0x00,
    0xD4, 0x54, 0x00, 0x00, 0x00, 0x7A, 0xE9, 0x19,
    // Unicode: [0x0159]
    0x03, 0xC4, 0x37, 0x73, 0x85, 0x00, 0x00, 0x2C, 0xE4, 0xCF, 0x06, 0x00, 0x00, 0x00, 0x00, 0x00,
    0x00, 0x00, 0x00, 0xEC, 0x6E, 0xC7, 0xF9, 0x29, 0x00, 0xEC, 0xC5, 0x46, 0x28, 0x0A, 0x00, 0xEC,
    0x30, 0x00, 0x00, 0x00, 0x00, 0xEC, 0x30, 0x00, 0x00, 0x00, 0x00, 0xEC, 0x30, 0x00, 0x00, 0x00,
    0x00, 0xEC, 0x30, 0x00, 0x00, 0x00, 0x00, 0xEC, 0x30, 0x00, 0x00, 0x00,
    // Unicode: [0x015A]
    0x00, 0x00, 0x00, 0x00, 0x65, 0x48, 0x00, 0x00, 0x00, 0x00, 0x00, 0x31, 0xDF, 0x14, 0x00, 0x00,
    0x00, 0x00, 0x00, 0x4B, 0x2D, 0x00, 0x00, 0x00, 0x00, 0x00, 0x00, 0x00, 0x00, 0x00, 0x00, 0x00,
    0x00, 0x21, 0xAA, 0xEB, 0xF4, 0xD6, 0x93, 0x0F, 0x01, 0xDA, 0x99, 0x21, 0x14, 0x43, 0xA8, 0x27,
    0x1C, 0xFF, 0x18, 0x00, 0x00, 0x00, 0x00, 0x00, 0x04, 0xE1, 0xA9, 0x3F, 0x0E, 0x00, 0x00, 0x00,
    0x00, 0x23, 0xA1, 0xE6, 0xFE, 0xD6, 0x6A, 0x00, 0x00, 0x00, 0x00, 0x00, 0x17, 0x5C, 0xF4, 0x4F,
    0x08, 0x02, 0x00, 0x00, 0x00, 0x00, 0xBD, 0x74, 0x38, 0xD0, 0x52, 0x18, 0x18, 0x61, 0xF0, 0x29,
    0x11, 0x86, 0xD2, 0xF2, 0xEE, 0xBD, 0x3F, 0x00,
    // Unicode: [0x015B]
    0x00, 0x00, 0x00, 0x41, 0x6D, 0x00, 0x00, 0x00, 0x00, 0xD4, 0x5E, 0x00, 0x00, 0x00, 0x42, 0xB9,
    0x00, 0x00, 0x00, 0x00, 0x00, 0x00, 0x00, 0x00, 0x00, 0x6D, 0xDE, 0xF4, 0xD0, 0x49, 0x31, 0xE9,
    0x26, 0x09, 0x43, 0x4F, 0x3B, 0xF7, 0x44, 0x05, 0x00, 0x00, 0x00, 0x78, 0xDD, 0xF7, 0xBB, 0x25,
    0x00, 0x00, 0x00, 0x18, 0xAA, 0xAE, 0x45, 0x66, 0x14, 0x06, 0x96, 0x9C, 0x2D, 0xC0, 0xEF, 0xEE,
    0xAC, 0x14,
    // Unicode: [0x015C]
    0x00, 0x00, 0x00, 0x49, 0x7E, 0x0C, 0x00, 0x00, 0x00, 0x00, 0x20, 0xD4, 0x8C, 0x95, 0x00, 0x00,
    0x00, 0x00, 0x4A, 0x2D, 0x01, 0x6D, 0x0C, 0x00, 0x00, 0x00, 0x00, 0x00, 0x00, 0x00, 0x00, 0x00,
    0x00, 0x21, 0xAA, 0xEB, 0xF4, 0xD6, 0x93, 0x0F, 0x01, 0xDA, 0x99, 0x21, 0x14, 0x43, 0xA8, 0x27,
    0x1C, 0xFF, 0x18, 0x00, 0x00, 0x00, 0x00, 0x00, 0x04, 0xE1, 0xA9, 0x3F, 0x0E, 0x00, 0x00, 0x00,
    0x00, 0x23, 0xA1, 0xE6, 0xFE, 0xD6, 0x6A, 0x00, 0x00, 0x00, 0x00, 0x00, 0x17, 0x5C, 0xF4, 0x4F,
    0x08, 0x02, 0x00, 0x00, 0x00, 0x00, 0xBD, 0x74, 0x38, 0xD0, 0x52, 0x18, 0x18, 0x61, 0xF0, 0x29,
    0x11, 0x86, 0xD2, 0xF2, 0xEE, 0xBD, 0x3F, 0x00,
    // Unicode: [0x015D]
    0x00, 0x00, 0x3B, 0x80, 0x12, 0x00, 0x00, 0x03, 0xD6, 0xB5, 0x8B, 0x00, 0x00, 0x64, 0x91, 0x0B,
    0xD6, 0x1C, 0x00, 0x00, 0x00, 0x00, 0x00, 0x00, 0x00, 0x6D, 0xDE, 0xF4, 0xD0, 0x49, 0x31, 0xE9,
    0x26, 0x09, 0x43, 0x4F, 0x3B, 0xF7, 0x44, 0x05, 0x00, 0x00, 0x00, 0x78, 0xDD, 0xF7, 0xBB, 0x25,
    0x00, 0x00, 0x00, 0x18, 0xAA, 0xAE, 0x45, 0x66, 0x14, 0x06, 0x96, 0x9C, 0x2D, 0xC0, 0xEF, 0xEE,
    0xAC, 0x14,
    // Unicode: [0x015E]
    0x00, 0x1F, 0xA8, 0xEA, 0xF4, 0xD6, 0x93, 0x0F, 0x01, 0xD8, 0x9E, 0x22, 0x14, 0x43, 0xAA, 0x27,
    0x1B, 0xFF, 0x18, 0x00, 0x00, 0x00, 0x00, 0x00, 0x04, 0xE1, 0x87, 0x10, 0x00, 0x00, 0x00, 0x00,
    0x00, 0x23, 0xA4, 0xE6, 0xD8, 0x9E, 0x32, 0x00, 0x00, 0x00, 0x00, 0x00, 0x18, 0x60, 0xEE, 0x30,
    0x07, 0x01, 0x00, 0x00, 0x00, 0x00, 0xBD, 0x77, 0x38, 0xCC, 0x4E, 0x14, 0x14, 0x5D, 0xF7, 0x54,
    0x12, 0x8A, 0xD5, 0xF3, 0xFF, 0xFF, 0xB7, 0x02, 0x00, 0x00, 0x00, 0x00, 0x84, 0x8A, 0x02, 0x00,
    0x00, 0x00, 0x13, 0x02, 0xB3, 0x53, 0x00, 0x00, 0x00, 0x00, 0xA3, 0xEE, 0xB0, 0x05, 0x00, 0x00,
    // Unicode: [0x015F]
    0x00, 0x6D, 0xDE, 0xF4, 0xD0, 0x49, 0x31, 0xE9, 0x26, 0x09, 0x43, 0x4F, 0x3B, 0xF7, 0x44, 0x05,
    0x00, 0x00, 0x00, 0x79, 0xE1, 0xF8, 0xBA, 0x25, 0x00, 0x00, 0x00, 0x1B, 0xAC, 0xAD, 0x45, 0x63,
    0x11, 0x04, 0x93, 0xA1, 0x2E, 0xC1, 0xEF, 0xFB, 0xC0, 0x17, 0x00, 0x00, 0x00, 0x80, 0x62, 0x00,
    0x00, 0x11, 0x01, 0xB1, 0x3E, 0x00, 0x00, 0x9F, 0xED, 0x9D, 0x00, 0x00,
    // Unicode: [0x0160]
    0x00, 0x00, 0x4B, 0x30, 0x00, 0x6B, 0x0C, 0x00, 0x00, 0x00, 0x22, 0xD8, 0x88, 0x93, 0x00, 0x00,
    0x00, 0x00, 0x00, 0x4B, 0x7E, 0x0B, 0x00, 0x00, 0x00, 0x00, 0x00, 0x00, 0x00, 0x00, 0x00, 0x00,
    0x00, 0x21, 0xAA, 0xEB, 0xF4, 0xD6, 0x93, 0x0F, 0x01, 0xDA, 0x99, 0x21, 0x14, 0x43, 0xA8, 0x27,
    0x1C, 0xFF, 0x18, 0x00, 0x00, 0x00, 0x00, 0x00, 0x04, 0xE1, 0xA9, 0x3F, 0x0E, 0x00, 0x00, 0x00,
    0x00, 0x23, 0xA1, 0xE6, 0xFE, 0xD6, 0x6A, 0x00, 0x00, 0x00, 0x00, 0x00, 0x17, 0x5C, 0xF4, 0x4F,
    0x08, 0x02, 0x00, 0x00, 0x00, 0x00, 0xBD, 0x74, 0x38, 0xD0, 0x52, 0x18, 0x18, 0x61, 0xF0, 0x29,
    0x11, 0x86, 0xD2, 0xF2, 0xEE, 0xBD, 0x3F, 0x00,
    // Unicode: [0x0161]
    0x00, 0x47, 0x34, 0x00, 0x60, 0x16, 0x00, 0x2A, 0xD7, 0x45, 0xC5, 0x00, 0x00, 0x00, 0x9D, 0xFA,
    0x3F, 0x00, 0x00, 0x00, 0x00, 0x00, 0x00, 0x00, 0x00, 0x6D, 0xDE, 0xF4, 0xD0, 0x49, 0x31, 0xE9,
    0x26, 0x09, 0x43, 0x4F, 0x3B, 0xF7, 0x44, 0x05, 0x00, 0x00, 0x00, 0x78, 0xDD, 0xF7, 0xBB, 0x25,
    0x00, 0x00, 0x00, 0x18, 0xAA, 0xAE, 0x45, 0x66, 0x14, 0x06, 0x96, 0x9C, 0x2D, 0xC0, 0xEF, 0xEE,
    0xAC, 0x14,
    // Unicode: [0x0162]
    0xFF, 0xFF, 0xFF, 0xFF, 0xFF, 0xFF, 0xFF, 0x64, 0x10, 0x10, 0x10, 0xE2, 0x53, 0x10, 0x10, 0x06,
    0x00, 0x00, 0x00, 0xE0, 0x48, 0x00, 0x00, 0x00, 0x00, 0x00, 0x00, 0xE0, 0x48, 0x00, 0x00, 0x00,
    0x00, 0x00, 0x00, 0xE0, 0x48, 0x00, 0x00, 0x00, 0x00, 0x00, 0x00, 0xE0, 0x48, 0x00, 0x00, 0x00,
    0x00, 0x00, 0x00, 0xE0, 0x48, 0x00, 0x00, 0x00, 0x00, 0x00, 0x00, 0xE0, 0x48, 0x00, 0x00, 0x00,
    0x00, 0x00, 0x00, 0xE0, 0x48, 0x00, 0x00, 0x00, 0x00, 0x00, 0x00, 0x90, 0x52, 0x00, 0x00, 0x00,
    0x00, 0x0D, 0x02, 0xB9, 0x35, 0x00, 0x00, 0x00, 0x00, 0xAA, 0xEC, 0x9A, 0x00, 0x00, 0x00, 0x00,
    // Unicode: [0x0163]
    0x00, 0x72, 0x1A, 0x00, 0x00, 0x00, 0xE4, 0x34, 0x00, 0x00, 0x9C, 0xFE, 0xF6, 0xF4, 0x76, 0x00,
    0xE4, 0x34, 0x00, 0x00, 0x00, 0xE4, 0x34, 0x00, 0x00, 0x00, 0xE4, 0x34, 0x00, 0x00, 0x00, 0xE1,
    0x35, 0x00, 0x00, 0x00, 0xC4, 0x79, 0x09, 0x13, 0x00, 0x42, 0xE0, 0xFF, 0x70, 0x00, 0x00, 0x00,
    0xB8, 0x2A, 0x00, 0x10, 0x0A, 0xD9, 0x0E, 0x00, 0xCF, 0xEA, 0x72, 0x00,
    // Unicode: [0x0164]
    0x00, 0x17, 0x64, 0x00, 0x30, 0x46, 0x00, 0x00, 0x00, 0x00, 0xC5, 0x4A, 0xD2, 0x2A, 0x00, 0x00,
    0x00, 0x00, 0x3D, 0xFA, 0x9F, 0x00, 0x00, 0x00, 0x00, 0x00, 0x00, 0x00, 0x00, 0x00, 0x00, 0x00,
    0xFF, 0xFF, 0xFF, 0xFF, 0xFF, 0xFF, 0xFF, 0x64, 0x10, 0x10, 0x10, 0xE2, 0x53, 0x10, 0x10, 0x06,
    0x00, 0x00, 0x00, 0xE0, 0x48, 0x00, 0x00, 0x00, 0x00, 0x00, 0x00, 0xE0, 0x48, 0x00, 0x00, 0x00,
    0x00, 0x00, 0x00, 0xE0, 0x48, 0x00, 0x00, 0x00, 0x00, 0x00, 0x00, 0xE0, 0x48, 0x00, 0x00, 0x00,
    0x00, 0x00, 0x00, 0xE0, 0x48, 0x00, 0x00, 0x00, 0x00, 0x00, 0x00, 0xE0, 0x48, 0x00, 0x00, 0x00,
    0x00, 0x00, 0x00, 0xE0, 0x48, 0x00, 0x00, 0x00,
    // Unicode: [0x0165]
    0x00, 0x00, 0x00, 0x43, 0xEC, 0x0C, 0x00, 0x00, 0x00, 0x8F, 0x7B, 0x00, 0x00, 0xE4, 0x34, 0xCA,
    0x0F, 0x00, 0x00, 0xE4, 0x34, 0x00, 0x00, 0x00, 0x9C, 0xFE, 0xF6, 0xF4, 0x76, 0x00, 0x00, 0xE4,
    0x34, 0x00, 0x00, 0x00, 0x00, 0xE4, 0x34, 0x00, 0x00, 0x00, 0x00, 0xE4, 0x34, 0x00, 0x00, 0x00,
    0x00, 0xE1, 0x36, 0x00, 0x00, 0x00, 0x00, 0xC4, 0x7C, 0x0D, 0x15, 0x00, 0x00, 0x42, 0xE0, 0xF8,
    0x69, 0x00,
    // Unicode: [0x0166]
    0xFF, 0xFF, 0xFF, 0xFF, 0xFF, 0xFF, 0xFF, 0x64, 0x10, 0x10, 0x10, 0xE2, 0x53, 0x10, 0x10, 0x06,
    0x00, 0x00, 0x00, 0xE0, 0x48, 0x00, 0x00, 0x00, 0x00, 0x00, 0x00, 0xE0, 0x48, 0x00, 0x00, 0x00,
    0x00, 0xB9, 0xE0, 0xFC, 0xE9, 0xE0, 0x31, 0x00, 0x00, 0x00, 0x00, 0xE0, 0x48, 0x00, 0x00, 0x00,
    0x00, 0x00, 0x00, 0xE0, 0x48, 0x00, 0x00, 0x00, 0x00, 0x00, 0x00, 0xE0, 0x48, 0x00, 0x00, 0x00,
    0x00, 0x00, 0x00, 0xE0, 0x48, 0x00, 0x00, 0x00,
    // Unicode: [0x0167]
    0x00, 0xE4, 0x34, 0x00, 0x00, 0x00, 0xE4, 0x34, 0x00, 0x00, 0x9C, 0xFE, 0xF6, 0xF4, 0x76, 0x00,
    0xE4, 0x34, 0x00, 0x00, 0x00, 0xE4, 0x34, 0x00, 0x00, 0x85, 0xFA, 0xD9, 0xC9, 0x00, 0x00, 0xE3,
    0x34, 0x00, 0x00, 0x00, 0xCB, 0x73, 0x0B, 0x12, 0x00, 0x4A, 0xE3, 0xF8, 0x69,
    // Unicode: [0x0168]
    0x00, 0x6F, 0xD7, 0x74, 0x15, 0xAC, 0x00, 0x01, 0xBE, 0x0B, 0x9E, 0xDE, 0x49, 0x00, 0x00, 0x00,
    0x00, 0x00, 0x00, 0x00, 0x00, 0xF4, 0x34, 0x00, 0x00, 0x00, 0x6C, 0xBC, 0xF4, 0x34, 0x00, 0x00,
    0x00, 0x6C, 0xBC, 0xF4, 0x34, 0x00, 0x00, 0x00, 0x6C, 0xBC, 0xF4, 0x34, 0x00, 0x00, 0x00, 0x6C,
    0xBC, 0xF4, 0x34, 0x00, 0x00, 0x00, 0x6C, 0xBC, 0xF0, 0x36, 0x00, 0x00, 0x00, 0x70, 0xB3, 0xD7,
    0x58, 0x00, 0x00, 0x00, 0x94, 0x95, 0x7E, 0xDB, 0x38, 0x13, 0x52, 0xF2, 0x46, 0x04, 0x7F, 0xDD,
    0xF6, 0xD4, 0x59, 0x00,
    // Unicode: [0x0169]
    0x46, 0xC5, 0xDC, 0xDE, 0xB8, 0x18, 0x00, 0x00, 0x00, 0x00, 0x00, 0x00, 0xF8, 0x24, 0x00, 0x00,
    0x98, 0x84, 0xF8, 0x24, 0x00, 0x00, 0x98, 0x84, 0xF8, 0x24, 0x00, 0x00, 0x98, 0x84, 0xF8, 0x24,
    0x00, 0x00, 0x98, 0x84, 0xF2, 0x2D, 0x00, 0x00, 0x98, 0x84, 0xC9, 0x90, 0x24, 0x64, 0xEA, 0x84,
    0x38, 0xD9, 0xEE, 0xA3, 0xAD, 0x84,
    // Unicode: [0x016A]
    0x00, 0xBB, 0xF0, 0xF0, 0xF0, 0x87, 0x00, 0x00, 0x00, 0x00, 0x00, 0x00, 0x00, 0x00, 0x00, 0x00,
    0x00, 0x00, 0x00, 0x00, 0x00, 0xF4, 0x34, 0x00, 0x00, 0x00, 0x6C, 0xBC, 0xF4, 0x34, 0x00, 0x00,
    0x00, 0x6C, 0xBC, 0xF4, 0x34, 0x00, 0x00, 0x00, 0x6C, 0xBC, 0xF4, 0x34, 0x00, 0x00, 0x00, 0x6C,
    0xBC, 0xF4, 0x34, 0x00, 0x00, 0x00, 0x6C, 0xBC, 0xF0, 0x36, 0x00, 0x00, 0x00, 0x70, 0xB3, 0xD7,
    0x58, 0x00, 0x00, 0x00, 0x94, 0x95, 0x7E, 0xDB, 0x38, 0x13, 0x52, 0xF2, 0x46, 0x04, 0x7F, 0xDD,
    0xF6, 0xD4, 0x59, 0x00,
    // Unicode: [0x016B]
    0x56, 0xF0, 0xF0, 0xF0, 0xF0, 0x00, 0x00, 0x00, 0x00, 0x00, 0x00, 0x00, 0xF8, 0x24, 0x00, 0x00,
    0x98, 0x84, 0xF8, 0x24, 0x00, 0x00, 0x98, 0x84, 0xF8, 0x24, 0x00, 0x00, 0x98, 0x84, 0xF8, 0x24,
    0x00, 0x00, 0x98, 0x84, 0xF2, 0x2D, 0x00, 0x00, 0x98, 0x84, 0xC9, 0x90, 0x24, 0x64, 0xEA, 0x84,
    0x38, 0xD9, 0xEE, 0xA3, 0xAD, 0x84,
    // Unicode: [0x016C]
    0x00, 0x61, 0x1B, 0x00, 0x36, 0x45, 0x00, 0x00, 0x8F, 0x77, 0x01, 0xAD, 0x56, 0x00, 0x00, 0x11,
    0xA7, 0xC9, 0x8A, 0x01, 0x00, 0x00, 0x00, 0x00, 0x00, 0x00, 0x00, 0x00, 0xF4, 0x34, 0x00, 0x00,
    0x00, 0x6C, 0xBC, 0xF4, 0x34, 0x00, 0x00, 0x00, 0x6C, 0xBC, 0xF4, 0x34, 0x00, 0x00, 0x00, 0x6C,
    0xBC, 0xF4, 0x34, 0x00, 0x00, 0x00, 0x6C, 0xBC, 0xF4, 0x34, 0x00, 0x00, 0x00, 0x6C, 0xBC, 0xF0,
    0x36, 0x00, 0x00, 0x00, 0x70, 0xB3, 0xD7, 0x58, 0x00, 0x00, 0x00, 0x94, 0x95, 0x7E, 0xDB, 0x38,
    0x13, 0x52, 0xF2, 0x46, 0x04, 0x7F, 0xDD, 0xF6, 0xD4, 0x59, 0x00,
    // Unicode: [0x016D]
    0x2B, 0x4F, 0x00, 0x01, 0x79, 0x00, 0x26, 0xD6, 0x09, 0x43, 0xC1, 0x00, 0x00, 0x65, 0xC7, 0xB8,
    0x26, 0x00, 0x00, 0x00, 0x00, 0x00, 0x00, 0x00, 0xF8, 0x24, 0x00, 0x00, 0x98, 0x84, 0xF8, 0x24,
    0x00, 0x00, 0x98, 0x84, 0xF8, 0x24, 0x00, 0x00, 0x98, 0x84, 0xF8, 0x24, 0x00, 0x00, 0x98, 0x84,
    0xF2, 0x2D, 0x00, 0x00, 0x98, 0x84, 0xC9, 0x90, 0x24, 0x64, 0xEA, 0x84, 0x38, 0xD9, 0xEE, 0xA3,
    0xAD, 0x84,
    // Unicode: [0x016E]
    0x00, 0x08, 0x9D, 0xCF, 0x79, 0x00, 0x00, 0x00, 0x73, 0x80, 0x03, 0xB5, 0x3D, 0x00, 0x00, 0x9D,
    0x39, 0x00, 0x71, 0x68, 0x00, 0x00, 0x60, 0x91, 0x10, 0xBD, 0x2B, 0x00, 0xF4, 0x35, 0x6F, 0xAA,
    0x4D, 0x6C, 0xBC, 0xF4, 0x34, 0x00, 0x00, 0x00, 0x6C, 0xBC, 0xF4, 0x34, 0x00, 0x00, 0x00, 0x6C,
    0xBC, 0xF4, 0x34, 0x00, 0x00, 0x00, 0x6C, 0xBC, 0xF4, 0x34, 0x00, 0x00, 0x00, 0x6C, 0xBC, 0xF0,
    0x36, 0x00, 0x00, 0x00, 0x70, 0xB3, 0xD7, 0x58, 0x00, 0x00, 0x00, 0x94, 0x95, 0x7E, 0xDB, 0x38,
    0x13, 0x52, 0xF2, 0x46, 0x04, 0x7F, 0xDD, 0xF6, 0xD4, 0x59, 0x00,
    // Unicode: [0x016F]
    0x00, 0x67, 0xCE, 0xBD, 0x29, 0x00, 0x1F, 0xC8, 0x07, 0x31, 0xBD, 0x00, 0x1F, 0xC7, 0x07, 0x31,
    0xBC, 0x00, 0x00, 0x67, 0xCE, 0xBC, 0x28, 0x00, 0x00, 0x00, 0x00, 0x00, 0x00, 0x00, 0xF8, 0x24,
    0x00, 0x00, 0x98, 0x84, 0xF8, 0x24, 0x00, 0x00, 0x98, 0x84, 0xF8, 0x24, 0x00, 0x00, 0x98, 0x84,
    0xF8, 0x24, 0x00, 0x00, 0x98, 0x84, 0xF2, 0x2D, 0x00, 0x00, 0x98, 0x84, 0xC9, 0x90, 0x24, 0x64,
    0xEA, 0x84, 0x38, 0xD9, 0xEE, 0xA3, 0xAD, 0x84,
    // Unicode: [0x0170]
    0x00, 0x00, 0x36, 0x6B, 0x09, 0x7E, 0x1B, 0x00, 0x00, 0xC9, 0x47, 0x6F, 0xA5, 0x00, 0x00, 0x16,
    0x5A, 0x00, 0x64, 0x0C, 0x00, 0x00, 0x00, 0x00, 0x00, 0x00, 0x00, 0x00, 0xF4, 0x34, 0x00, 0x00,
    0x00, 0x6C, 0xBC, 0xF4, 0x34, 0x00, 0x00, 0x00, 0x6C, 0xBC, 0xF4, 0x34, 0x00, 0x00, 0x00, 0x6C,
    0xBC, 0xF4, 0x34, 0x00, 0x00, 0x00, 0x6C, 0xBC, 0xF4, 0x34, 0x00, 0x00, 0x00, 0x6C, 0xBC, 0xF0,
    0x36, 0x00, 0x00, 0x00, 0x70, 0xB3, 0xD7, 0x58, 0x00, 0x00, 0x00, 0x94, 0x95, 0x7E, 0xDB, 0x38,
    0x13, 0x52, 0xF2, 0x46, 0x04, 0x7F, 0xDD, 0xF6, 0xD4, 0x59, 0x00,
    // Unicode: [0x0171]
    0x00, 0x07, 0x7F, 0x1E, 0x56, 0x4C, 0x00, 0x59, 0xC7, 0x0A, 0xEA, 0x2B, 0x00, 0xBA, 0x31, 0x5E,
    0x8C, 0x00, 0x00, 0x00, 0x00, 0x00, 0x00, 0x00, 0xF8, 0x24, 0x00, 0x00, 0x98, 0x84, 0xF8, 0x24,
    0x00, 0x00, 0x98, 0x84, 0xF8, 0x24, 0x00, 0x00, 0x98, 0x84, 0xF8, 0x24, 0x00, 0x00, 0x98, 0x84,
    0xF2, 0x2D, 0x00, 0x00, 0x98, 0x84, 0xC9, 0x90, 0x24, 0x64, 0xEA, 0x84, 0x38, 0xD9, 0xEE, 0xA3,
    0xAD, 0x84,
    // Unicode: [0x0172]
    0xF4, 0x34, 0x00, 0x00, 0x00, 0x6C, 0xBC, 0xF4, 0x34, 0x00, 0x00, 0x00, 0x6C, 0xBC, 0xF4, 0x34,
    0x00, 0x00, 0x00, 0x6C, 0xBC, 0xF4, 0x34, 0x00, 0x00, 0x00, 0x6C, 0xBC, 0xF4, 0x34, 0x00, 0x00,
    0x00, 0x6C, 0xBC, 0xF0, 0x36, 0x00, 0x00, 0x00, 0x70, 0xB9, 0xD7, 0x58, 0x00, 0x00, 0x00, 0x94,
    0xA2, 0x7E, 0xDB, 0x38, 0x13, 0x52, 0xF3, 0x78, 0x04, 0x7F, 0xDD, 0xFD, 0xFF, 0xDD, 0x12, 0x00,
    0x00, 0x00, 0x5C, 0xBA, 0x10, 0x00, 0x00, 0x00, 0x00, 0x40, 0xAD, 0x00, 0x0E, 0x00, 0x00, 0x00,
    0x01, 0xA9, 0xEF, 0x5D,
    // Unicode: [0x0173]
    0xF8, 0x24, 0x00, 0x00, 0x98, 0x84, 0x00, 0x00, 0xF8, 0x24, 0x00, 0x00, 0x98, 0x84, 0x00, 0x00,
    0xF8, 0x24, 0x00, 0x00, 0x98, 0x84, 0x00, 0x00, 0xF8, 0x24, 0x00, 0x00, 0x98, 0x84, 0x00, 0x00,
    0xF2, 0x2D, 0x00, 0x00, 0x98, 0x84, 0x00, 0x00, 0xC9, 0x90, 0x24, 0x64, 0xEA, 0x84, 0x00, 0x00,
    0x38, 0xD9, 0xEE, 0xA3, 0xAD, 0x84, 0x00, 0x00, 0x00, 0x00, 0x00, 0x00, 0xA7, 0x49, 0x00, 0x00,
    0x00, 0x00, 0x00, 0x00, 0x95, 0x6B, 0x08, 0x06, 0x00, 0x00, 0x00, 0x00, 0x26, 0xD6, 0xEE, 0x18,
    // Unicode: [0x0174]
    0x00, 0x00, 0x00, 0x00, 0x00, 0x6F, 0x5D, 0x00, 0x00, 0x00, 0x00, 0x00, 0x00, 0x00, 0x00, 0x00,
    0x44, 0xCC, 0xE1, 0x25, 0x00, 0x00, 0x00, 0x00, 0x00, 0x00, 0x00, 0x00, 0xC6, 0x2E, 0x52, 0xAB,
    0x00, 0x00, 0x00, 0x00, 0x00, 0x00, 0x00, 0x00, 0x00, 0x00, 0x00, 0x00, 0x00, 0x00, 0x00, 0x00,
    0x54, 0xDA, 0x00, 0x00, 0x00, 0xBF, 0xAA, 0x00, 0x00, 0x01, 0xED, 0x33, 0x13, 0xFE, 0x19, 0x00,
    0x06, 0xE9, 0xE7, 0x00, 0x00, 0x2C, 0xF0, 0x02, 0x00, 0xD1, 0x58, 0x00, 0x3B, 0xB0, 0xD7, 0x26,
    0x00, 0x6A, 0xB2, 0x00, 0x00, 0x90, 0x96, 0x00, 0x79, 0x72, 0x99, 0x64, 0x00, 0xA7, 0x72, 0x00,
    0x00, 0x4E, 0xD5, 0x00, 0xB7, 0x34, 0x5A, 0xA2, 0x00, 0xE4, 0x31, 0x00, 0x00, 0x0F, 0xFC, 0x18,
    0xE4, 0x03, 0x1B, 0xDF, 0x22, 0xEF, 0x02, 0x00, 0x00, 0x00, 0xCC, 0x85, 0xB9, 0x00, 0x00, 0xDC,
    0x7D, 0xB0, 0x00, 0x00, 0x00, 0x00, 0x8A, 0xF1, 0x7C, 0x00, 0x00, 0x9E, 0xEC, 0x70, 0x00, 0x00,
    0x00, 0x00, 0x49, 0xFF, 0x3E, 0x00, 0x00, 0x5F, 0xFF, 0x30, 0x00, 0x00,
    // Unicode: [0x0175]
    0x00, 0x00, 0x00, 0x22, 0xE1, 0xD8, 0x0B, 0x00, 0x00, 0x00, 0x00, 0x00, 0x01, 0xBB, 0x3F, 0x6B,
    0x95, 0x00, 0x00, 0x00, 0x00, 0x00, 0x00, 0x00, 0x00, 0x00, 0x00, 0x00, 0x00, 0x00, 0x61, 0xC3,
    0x00, 0x00, 0xAB, 0x8B, 0x00, 0x00, 0xE6, 0x30, 0x21, 0xF7, 0x05, 0x05, 0xE5, 0xDA, 0x00, 0x1C,
    0xEF, 0x02, 0x00, 0xE1, 0x35, 0x44, 0xA0, 0xD1, 0x2B, 0x51, 0xB4, 0x00, 0x00, 0xA2, 0x6E, 0x91,
    0x51, 0x81, 0x7A, 0x86, 0x75, 0x00, 0x00, 0x63, 0xA7, 0xD4, 0x0B, 0x31, 0xCA, 0xBB, 0x37, 0x00,
    0x00, 0x23, 0xF4, 0xB2, 0x00, 0x00, 0xDF, 0xE9, 0x04, 0x00, 0x00, 0x00, 0xE3, 0x63, 0x00, 0x00,
    0x90, 0xBB, 0x00, 0x00,
    // Unicode: [0x0176]
    0x00, 0x00, 0x0B, 0x7F, 0x41, 0x00, 0x00, 0x00, 0x00, 0x00, 0x7D, 0xB6, 0xDD, 0x07, 0x00, 0x00,
    0x00, 0x12, 0xD4, 0x0D, 0x8A, 0x73, 0x00, 0x00, 0x00, 0x00, 0x00, 0x00, 0x00, 0x00, 0x00, 0x00,
    0xAC, 0x9B, 0x00, 0x00, 0x00, 0x33, 0xEE, 0x18, 0x1E, 0xF3, 0x35, 0x00, 0x01, 0xC7, 0x6E, 0x00,
    0x00, 0x7A, 0xC9, 0x01, 0x62, 0xCF, 0x03, 0x00, 0x00, 0x07, 0xDB, 0x73, 0xE8, 0x39, 0x00, 0x00,
    0x00, 0x00, 0x49, 0xFF, 0x9C, 0x00, 0x00, 0x00, 0x00, 0x00, 0x00, 0xE2, 0x48, 0x00, 0x00, 0x00,
    0x00, 0x00, 0x00, 0xE0, 0x48, 0x00, 0x00, 0x00, 0x00, 0x00, 0x00, 0xE0, 0x48, 0x00, 0x00, 0x00,
    0x00, 0x00, 0x00, 0xE0, 0x48, 0x00, 0x00, 0x00,
    // Unicode: [0x0177]
    0x00, 0x00, 0x1B, 0x80, 0x39, 0x00, 0x00, 0x00, 0x00, 0xB6, 0x7A, 0xD6, 0x0E, 0x00, 0x00, 0x1C,
    0x5B, 0x00, 0x42, 0x38, 0x00, 0x74, 0xBB, 0x00, 0x00, 0x00, 0x98, 0x8E, 0x18, 0xF9, 0x1C, 0x00,
    0x08, 0xEF, 0x2C, 0x00, 0xB4, 0x79, 0x00, 0x58, 0xCA, 0x00, 0x00, 0x54, 0xD8, 0x00, 0xB8, 0x68,
    0x00, 0x00, 0x06, 0xED, 0x52, 0xF3, 0x0F, 0x00, 0x00, 0x00, 0x94, 0xEE, 0xA4, 0x00, 0x00, 0x00,
    0x00, 0x33, 0xFF, 0x42, 0x00, 0x00, 0x00, 0x00, 0x40, 0xDF, 0x01, 0x00, 0x00, 0x00, 0x00, 0xA7,
    0x7E, 0x00, 0x00, 0x00, 0x00, 0x13, 0xF6, 0x1E, 0x00, 0x00, 0x00,
    // Unicode: [0x0178]
    0x00, 0x14, 0xFF, 0x14, 0xA8, 0x80, 0x00, 0x00, 0x00, 0x03, 0x30, 0x03, 0x1F, 0x18, 0x00, 0x00,
    0xAC, 0x9B, 0x00, 0x00, 0x00, 0x33, 0xEE, 0x18, 0x1E, 0xF3, 0x35, 0x00, 0x01, 0xC7, 0x6E, 0x00,
    0x00, 0x7A, 0xC9, 0x01, 0x62, 0xCF, 0x03, 0x00, 0x00, 0x07, 0xDB, 0x73, 0xE8, 0x39, 0x00, 0x00,
    0x00, 0x00, 0x49, 0xFF, 0x9C, 0x00, 0x00, 0x00, 0x00, 0x00, 0x00, 0xE2, 0x48, 0x00, 0x00, 0x00,
    0x00, 0x00, 0x00, 0xE0, 0x48, 0x00, 0x00, 0x00, 0x00, 0x00, 0x00, 0xE0, 0x48, 0x00, 0x00, 0x00,
    0x00, 0x00, 0x00, 0xE0, 0x48, 0x00, 0x00, 0x00,
    // Unicode: [0x0179]
    0x00, 0x00, 0x00, 0x00, 0x6B, 0x43, 0x00, 0x00, 0x00, 0x00, 0x00, 0x28, 0xEF, 0x1A, 0x00, 0x00,
    0x00, 0x00, 0x00, 0x92, 0x66, 0x00, 0x00, 0x00, 0x00, 0x00, 0x00, 0x00, 0x00, 0x00, 0x00, 0x00,
    0x10, 0xFF, 0xFF, 0xFF, 0xFF, 0xFF, 0xFF, 0x6C, 0x01, 0x10, 0x10, 0x10, 0x10, 0x53, 0xEF, 0x25,
    0x00, 0x00, 0x00, 0x00, 0x1E, 0xE9, 0x4D, 0x00, 0x00, 0x00, 0x00, 0x07, 0xCB, 0x82, 0x00, 0x00,
    0x00, 0x00, 0x00, 0x9C, 0xB5, 0x02, 0x00, 0x00, 0x00, 0x00, 0x66, 0xDC, 0x10, 0x00, 0x00, 0x00,
    0x00, 0x36, 0xEE, 0x2D, 0x00, 0x00, 0x00, 0x00, 0x13, 0xE2, 0x6D, 0x14, 0x14, 0x14, 0x14, 0x0A,
    0x44, 0xFF, 0xFF, 0xFF, 0xFF, 0xFF, 0xFF, 0x8C,
    // Unicode: [0x017A]
    0x00, 0x00, 0x09, 0xE5, 0x59, 0x00, 0x00, 0x00, 0x75, 0x8D, 0x00, 0x00, 0x00, 0x00, 0x00, 0x00,
    0x00, 0x00, 0x5B, 0xF4, 0xF4, 0xF4, 0xFB, 0xB8, 0x00, 0x00, 0x00, 0x1D, 0xEA, 0x3E, 0x00, 0x00,
    0x03, 0xC2, 0x7F, 0x00, 0x00, 0x00, 0x82, 0xC0, 0x02, 0x00, 0x00, 0x40, 0xE9, 0x1B, 0x00, 0x00,
    0x14, 0xE4, 0x4C, 0x00, 0x00, 0x00, 0x71, 0xFF, 0xF8, 0xF8, 0xF8, 0xCD,
    // Unicode: [0x017B]
    0x00, 0x00, 0x00, 0x78, 0xC4, 0x00, 0x00, 0x00, 0x00, 0x00, 0x00, 0x16, 0x24, 0x00, 0x00, 0x00,
    0x10, 0xFF, 0xFF, 0xFF, 0xFF, 0xFF, 0xFF, 0x6C, 0x01, 0x10, 0x10, 0x10, 0x10, 0x53, 0xEF, 0x25,
    0x00, 0x00, 0x00, 0x00, 0x1E, 0xE9, 0x4D, 0x00, 0x00, 0x00, 0x00, 0x07, 0xCB, 0x82, 0x00, 0x00,
    0x00, 0x00, 0x00, 0x9C, 0xB5, 0x02, 0x00, 0x00, 0x00, 0x00, 0x66, 0xDC, 0x10, 0x00, 0x00, 0x00,
    0x00, 0x36, 0xEE, 0x2D, 0x00, 0x00, 0x00, 0x00, 0x13, 0xE2, 0x6D, 0x14, 0x14, 0x14, 0x14, 0x0A,
    0x44, 0xFF, 0xFF, 0xFF, 0xFF, 0xFF, 0xFF, 0x8C,
    // Unicode: [0x017C]
    0x00, 0x00, 0x74, 0xCC, 0x00, 0x00, 0x00, 0x00, 0x15, 0x26, 0x00, 0x00, 0x5B, 0xF4, 0xF4, 0xF4,
    0xFB, 0xB8, 0x00, 0x00, 0x00, 0x1D, 0xEA, 0x3E, 0x00, 0x00, 0x03, 0xC2, 0x7F, 0x00, 0x00, 0x00,
    0x82, 0xC0, 0x02, 0x00, 0x00, 0x40, 0xE9, 0x1B, 0x00, 0x00, 0x14, 0xE4, 0x4C, 0x00, 0x00, 0x00,
    0x71, 0xFF, 0xF8, 0xF8, 0xF8, 0xCD,
    // Unicode: [0x017D]
    0x00, 0x00, 0x63, 0x16, 0x03, 0x71, 0x02, 0x00, 0x00, 0x00, 0x61, 0xA9, 0x74, 0x8E, 0x00, 0x00,
    0x00, 0x00, 0x03, 0xD5, 0xEB, 0x13, 0x00, 0x00, 0x00, 0x00, 0x00, 0x00, 0x00, 0x00, 0x00, 0x00,
    0x10, 0xFF, 0xFF, 0xFF, 0xFF, 0xFF, 0xFF, 0x6C, 0x01, 0x10, 0x10, 0x10, 0x10, 0x53, 0xEF, 0x25,
    0x00, 0x00, 0x00, 0x00, 0x1E, 0xE9, 0x4D, 0x00, 0x00, 0x00, 0x00, 0x07, 0xCB, 0x82, 0x00, 0x00,
    0x00, 0x00, 0x00, 0x9C, 0xB5, 0x02, 0x00, 0x00, 0x00, 0x00, 0x66, 0xDC, 0x10, 0x00, 0x00, 0x00,
    0x00, 0x36, 0xEE, 0x2D, 0x00, 0x00, 0x00, 0x00, 0x13, 0xE2, 0x6D, 0x14, 0x14, 0x14, 0x14, 0x0A,
    0x44, 0xFF, 0xFF, 0xFF, 0xFF, 0xFF, 0xFF, 0x8C,
    // Unicode: [0x017E]
    0x00, 0x83, 0x7E, 0x30, 0xC4, 0x04, 0x00, 0x05, 0xCE, 0xE3, 0x2E, 0x00, 0x00, 0x00, 0x00, 0x00,
    0x00, 0x00, 0x5B, 0xF4, 0xF4, 0xF4, 0xFB, 0xB8, 0x00, 0x00, 0x00, 0x1D, 0xEA, 0x3E, 0x00, 0x00,
    0x03, 0xC2, 0x7F, 0x00, 0x00, 0x00, 0x82, 0xC0, 0x02, 0x00, 0x00, 0x40, 0xE9, 0x1B, 0x00, 0x00,
    0x14, 0xE4, 0x4C, 0x00, 0x00, 0x00, 0x71, 0xFF, 0xF8, 0xF8, 0xF8, 0xCD,
    // Unicode: [0x017F]
    0x37, 0xD5, 0xF9, 0x7F, 0xC5, 0x74, 0x08, 0x0F, 0xE9, 0x32, 0x00, 0x00, 0xEC, 0x30, 0x00, 0x00,
    0xEC, 0x30, 0x00, 0x00, 0xEC, 0x30, 0x00, 0x00, 0xEC, 0x30, 0x00, 0x00, 0xEC, 0x30, 0x00, 0x00,
    0xEC, 0x30, 0x00, 0x00
};
