#include <touchgfx/hal/Types.hpp>

FONT_GLYPH_LOCATION_FLASH_PRAGMA
KEEP extern const uint8_t unicodes_verdanab_15_8bpp_0[] FONT_GLYPH_LOCATION_FLASH_ATTRIBUTE = {
    // Unicode: [0x0020]
    // (Has no glyph data)
    // Unicode: [0x0021]
    0x7F, 0xFF, 0xFF, 0x86, 0x74, 0xFF, 0xFF, 0x7C, 0x69, 0xFF, 0xFF, 0x72, 0x5F, 0xFF, 0xFF, 0x68,
    0x54, 0xFF, 0xFF, 0x5D, 0x49, 0xFF, 0xFF, 0x53, 0x3F, 0xFF, 0xFF, 0x49, 0x34, 0xFF, 0xFF, 0x3F,
    0x0A, 0x3C, 0x3C, 0x0D, 0x05, 0x0C, 0x0C, 0x06, 0x78, 0xFF, 0xFF, 0x80, 0x78, 0xFF, 0xFF, 0x80,
    // Unicode: [0x0022]
    0xBC, 0xFF, 0xB3, 0x00, 0xE8, 0xFF, 0x8B, 0xA4, 0xFF, 0x9B, 0x00, 0xCE, 0xFF, 0x73, 0x8B, 0xFF,
    0x82, 0x00, 0xB5, 0xFF, 0x5A, 0x73, 0xFF, 0x6A, 0x00, 0x9B, 0xFF, 0x42, 0x37, 0x94, 0x32, 0x00,
    0x4E, 0x94, 0x1B,
    // Unicode: [0x0023]
    0x00, 0x00, 0x00, 0x02, 0xF4, 0xD4, 0x00, 0x3C, 0xFF, 0x90, 0x00, 0x00, 0x00, 0x00, 0x2C, 0xFF,
    0x9F, 0x00, 0x72, 0xFF, 0x59, 0x00, 0x00, 0x00, 0x00, 0x61, 0xFF, 0x6A, 0x00, 0xA9, 0xFF, 0x23,
    0x00, 0x14, 0xFF, 0xFF, 0xFF, 0xFF, 0xFF, 0xFF, 0xFF, 0xFF, 0xFF, 0xE4, 0x11, 0xDC, 0xDC, 0xFD,
    0xFA, 0xDC, 0xE2, 0xFF, 0xF0, 0xDC, 0xC3, 0x00, 0x00, 0x15, 0xFF, 0xB1, 0x00, 0x56, 0xFF, 0x6B,
    0x00, 0x00, 0x00, 0x00, 0x54, 0xFF, 0x71, 0x00, 0x97, 0xFF, 0x2B, 0x00, 0x00, 0xC7, 0xDC, 0xEC,
    0xFF, 0xE6, 0xDC, 0xF6, 0xFF, 0xDD, 0xDC, 0x11, 0xE8, 0xFF, 0xFF, 0xFF, 0xFF, 0xFF, 0xFF, 0xFF,
    0xFF, 0xFF, 0x14, 0x00, 0x0E, 0xFD, 0xBF, 0x00, 0x51, 0xFF, 0x73, 0x00, 0x00, 0x00, 0x00, 0x45,
    0xFF, 0x87, 0x00, 0x89, 0xFF, 0x3B, 0x00, 0x00, 0x00, 0x00, 0x7C, 0xFF, 0x4F, 0x00, 0xC0, 0xFA,
    0x08, 0x00, 0x00, 0x00,
    // Unicode: [0x0024]
    0x00, 0x00, 0x00, 0x44, 0xFF, 0x04, 0x00, 0x00, 0x00, 0x00, 0x00, 0x00, 0x46, 0xFF, 0x08, 0x00,
    0x00, 0x00, 0x01, 0x5E, 0xCC, 0xFA, 0xFF, 0xFD, 0xE3, 0xA8, 0x01, 0x80, 0xFF, 0xFF, 0xFF, 0xFF,
    0xFF, 0xFF, 0xFF, 0x04, 0xED, 0xFF, 0xC7, 0x38, 0xFF, 0x15, 0x3F, 0xA1, 0x02, 0xE8, 0xFF, 0xE9,
    0x7D, 0xFF, 0x0D, 0x00, 0x00, 0x00, 0x83, 0xFF, 0xFF, 0xFF, 0xFF, 0xF9, 0xBC, 0x4C, 0x00, 0x01,
    0x5C, 0xBF, 0xF9, 0xFF, 0xFF, 0xFF, 0xFF, 0x5F, 0x00, 0x00, 0x00, 0x3B, 0xFC, 0x6F, 0xFA, 0xFF,
    0xBC, 0x97, 0x5D, 0x14, 0x38, 0xFC, 0x1B, 0xEF, 0xFF, 0xB8, 0xD8, 0xFF, 0xFF, 0xF3, 0xFF, 0xFD,
    0xFF, 0xFD, 0x47, 0x77, 0xC6, 0xEB, 0xFD, 0xFF, 0xEE, 0xBE, 0x3D, 0x00, 0x00, 0x00, 0x00, 0x44,
    0xFF, 0x04, 0x00, 0x00, 0x00, 0x00, 0x00, 0x00, 0x44, 0xFF, 0x04, 0x00, 0x00, 0x00, 0x00, 0x00,
    0x00, 0x44, 0xFF, 0x04, 0x00, 0x00, 0x00, 0x00, 0x00, 0x00, 0x04, 0x10, 0x00, 0x00, 0x00, 0x00,
    // Unicode: [0x0025]
    0x02, 0x75, 0xDA, 0xF4, 0xCF, 0x4E, 0x00, 0x00, 0x00, 0x00, 0xD0, 0xFE, 0x28, 0x00, 0x00, 0x00,
    0x00, 0x00, 0x73, 0xFF, 0xED, 0xB7, 0xFD, 0xFD, 0x2A, 0x00, 0x00, 0x4B, 0xFF, 0xAD, 0x00, 0x00,
    0x00, 0x00, 0x00, 0x00, 0xD0, 0xFF, 0x5C, 0x00, 0xA4, 0xFF, 0x85, 0x00, 0x00, 0xC4, 0xFF, 0x34,
    0x00, 0x00, 0x00, 0x00, 0x00, 0x00, 0xEF, 0xFF, 0x39, 0x00, 0x81, 0xFF, 0xA5, 0x00, 0x3E, 0xFF,
    0xB9, 0x00, 0x00, 0x00, 0x00, 0x00, 0x00, 0x00, 0xDF, 0xFF, 0x3E, 0x00, 0x87, 0xFF, 0xA3, 0x00,
    0xB8, 0xFF, 0x40, 0x00, 0x00, 0x00, 0x00, 0x00, 0x00, 0x00, 0xB1, 0xFF, 0x89, 0x0F, 0xC8, 0xFF,
    0x73, 0x32, 0xFF, 0xC6, 0x00, 0x48, 0xCA, 0xF3, 0xE2, 0x92, 0x0B, 0x00, 0x37, 0xF6, 0xFF, 0xFF,
    0xFF, 0xDF, 0x13, 0xAB, 0xFF, 0x4C, 0x26, 0xFA, 0xFE, 0xB9, 0xE6, 0xFF, 0x91, 0x00, 0x00, 0x26,
    0x7F, 0x99, 0x72, 0x0E, 0x27, 0xFD, 0xD2, 0x01, 0x79, 0xFF, 0xB2, 0x00, 0x44, 0xFF, 0xE6, 0x00,
    0x00, 0x00, 0x00, 0x00, 0x00, 0x00, 0x9F, 0xFF, 0x59, 0x00, 0x93, 0xFF, 0x94, 0x00, 0x25, 0xFF,
    0xFD, 0x01, 0x00, 0x00, 0x00, 0x00, 0x00, 0x1D, 0xFA, 0xDC, 0x03, 0x00, 0x79, 0xFF, 0xA4, 0x00,
    0x36, 0xFF, 0xE4, 0x00, 0x00, 0x00, 0x00, 0x00, 0x00, 0x92, 0xFF, 0x66, 0x00, 0x00, 0x26, 0xFA,
    0xF2, 0x79, 0xBF, 0xFF, 0x8D, 0x00, 0x00, 0x00, 0x00, 0x00, 0x15, 0xF5, 0xE5, 0x07, 0x00, 0x00,
    0x00, 0x48, 0xCB, 0xF4, 0xE2, 0x90, 0x0A, 0x00,
    // Unicode: [0x0026]
    0x00, 0x00, 0x37, 0xB3, 0xED, 0xF7, 0xD9, 0x87, 0x0E, 0x00, 0x00, 0x00, 0x00, 0x00, 0x00, 0x25,
    0xF4, 0xFF, 0xE6, 0xBC, 0xFF, 0xFF, 0xAF, 0x00, 0x00, 0x00, 0x00, 0x00, 0x00, 0x7C, 0xFF, 0xFF,
    0x48, 0x00, 0xCB, 0xFF, 0xF9, 0x01, 0x00, 0x00, 0x00, 0x00, 0x00, 0x78, 0xFF, 0xFF, 0x71, 0x00,
    0xD8, 0xFF, 0xDB, 0x00, 0x00, 0x00, 0x00, 0x00, 0x00, 0x1B, 0xEE, 0xFF, 0xFB, 0xA3, 0xFF, 0xFC,
    0x4F, 0x00, 0x00, 0x00, 0x00, 0x00, 0x00, 0x00, 0x69, 0xFF, 0xFF, 0xFF, 0xDB, 0x35, 0x2A, 0xC0,
    0xC0, 0x60, 0x00, 0x00, 0x00, 0x53, 0xFB, 0xFF, 0xF4, 0xFF, 0xFE, 0x70, 0x38, 0xFF, 0xFF, 0x77,
    0x00, 0x00, 0x00, 0xE6, 0xFF, 0xE8, 0x1E, 0xD5, 0xFF, 0xFF, 0xB2, 0xFF, 0xFF, 0x4C, 0x00, 0x00,
    0x13, 0xFF, 0xFF, 0xD1, 0x00, 0x13, 0xCC, 0xFF, 0xFF, 0xFF, 0xE0, 0x06, 0x00, 0x00, 0x04, 0xF1,
    0xFF, 0xFD, 0x4A, 0x00, 0x0F, 0xE0, 0xFF, 0xFF, 0xB6, 0x05, 0x00, 0x00, 0x00, 0x73, 0xFF, 0xFF,
    0xFF, 0xD6, 0xE2, 0xFF, 0xFF, 0xFF, 0xFF, 0xB6, 0x0A, 0x00, 0x00, 0x00, 0x4A, 0xBD, 0xE8, 0xF5,
    0xD7, 0x91, 0x2C, 0xC1, 0xFF, 0xFF, 0xC4, 0x0D,
    // Unicode: [0x0027]
    0xBC, 0xFF, 0xB3, 0xA4, 0xFF, 0x9B, 0x8B, 0xFF, 0x82, 0x73, 0xFF, 0x6A, 0x37, 0x94, 0x32,
    // Unicode: [0x0028]
    0x00, 0x00, 0x33, 0xFA, 0xFF, 0xA9, 0x00, 0x08, 0xD8, 0xFF, 0xCB, 0x07, 0x00, 0x6C, 0xFF, 0xFD,
    0x33, 0x00, 0x01, 0xE1, 0xFF, 0xAE, 0x00, 0x00, 0x2E, 0xFF, 0xFF, 0x50, 0x00, 0x00, 0x6A, 0xFF,
    0xFC, 0x08, 0x00, 0x00, 0x83, 0xFF, 0xDF, 0x00, 0x00, 0x00, 0x93, 0xFF, 0xD3, 0x00, 0x00, 0x00,
    0x83, 0xFF, 0xDE, 0x00, 0x00, 0x00, 0x6A, 0xFF, 0xFB, 0x07, 0x00, 0x00, 0x2E, 0xFF, 0xFF, 0x4E,
    0x00, 0x00, 0x01, 0xE1, 0xFF, 0xAE, 0x00, 0x00, 0x00, 0x6C, 0xFF, 0xFD, 0x33, 0x00, 0x00, 0x08,
    0xD8, 0xFF, 0xCA, 0x07, 0x00, 0x00, 0x33, 0xFA, 0xFF, 0xA9,
    // Unicode: [0x0029]
    0x82, 0xFF, 0xFF, 0x55, 0x00, 0x00, 0x01, 0xAD, 0xFF, 0xED, 0x19, 0x00, 0x00, 0x19, 0xF1, 0xFF,
    0x91, 0x00, 0x00, 0x00, 0x88, 0xFF, 0xF5, 0x0F, 0x00, 0x00, 0x2C, 0xFF, 0xFF, 0x51, 0x00, 0x00,
    0x00, 0xE0, 0xFF, 0x8D, 0x00, 0x00, 0x00, 0xB8, 0xFF, 0xA6, 0x00, 0x00, 0x00, 0xAC, 0xFF, 0xB6,
    0x00, 0x00, 0x00, 0xB7, 0xFF, 0xA6, 0x00, 0x00, 0x00, 0xDE, 0xFF, 0x8D, 0x00, 0x00, 0x2A, 0xFF,
    0xFF, 0x51, 0x00, 0x00, 0x87, 0xFF, 0xF6, 0x0F, 0x00, 0x18, 0xF1, 0xFF, 0x91, 0x00, 0x00, 0xA9,
    0xFF, 0xED, 0x19, 0x00, 0x81, 0xFF, 0xFF, 0x55, 0x00, 0x00,
    // Unicode: [0x002A]
    0x00, 0x00, 0x00, 0x76, 0xFF, 0x14, 0x00, 0x00, 0x00, 0x12, 0xB7, 0x24, 0x72, 0xFF, 0x0F, 0x58,
    0x8F, 0x00, 0x35, 0xE6, 0xF3, 0xBA, 0xFF, 0xAB, 0xFF, 0xBE, 0x06, 0x00, 0x0F, 0x98, 0xFE, 0xFF,
    0xEA, 0x5E, 0x00, 0x00, 0x00, 0x18, 0xA8, 0xFF, 0xFF, 0xF4, 0x73, 0x03, 0x00, 0x3B, 0xEF, 0xEC,
    0xAF, 0xFF, 0x8E, 0xFE, 0xCD, 0x08, 0x0C, 0xA1, 0x19, 0x70, 0xFF, 0x0D, 0x43, 0x82, 0x00, 0x00,
    0x00, 0x00, 0x6E, 0xF0, 0x13, 0x00, 0x00, 0x00,
    // Unicode: [0x002B]
    0x00, 0x00, 0x00, 0x00, 0x24, 0x48, 0x24, 0x00, 0x00, 0x00, 0x00, 0x00, 0x00, 0x00, 0x00, 0x80,
    0xFF, 0x80, 0x00, 0x00, 0x00, 0x00, 0x00, 0x00, 0x00, 0x00, 0x80, 0xFF, 0x80, 0x00, 0x00, 0x00,
    0x00, 0x00, 0x00, 0x00, 0x00, 0x80, 0xFF, 0x80, 0x00, 0x00, 0x00, 0x00, 0x08, 0x14, 0x14, 0x14,
    0x8A, 0xFF, 0x8A, 0x14, 0x14, 0x14, 0x08, 0x68, 0xFF, 0xFF, 0xFF, 0xFF, 0xFF, 0xFF, 0xFF, 0xFF,
    0xFF, 0x68, 0x68, 0xFF, 0xFF, 0xFF, 0xFF, 0xFF, 0xFF, 0xFF, 0xFF, 0xFF, 0x68, 0x00, 0x00, 0x00,
    0x00, 0x80, 0xFF, 0x80, 0x00, 0x00, 0x00, 0x00, 0x00, 0x00, 0x00, 0x00, 0x80, 0xFF, 0x80, 0x00,
    0x00, 0x00, 0x00, 0x00, 0x00, 0x00, 0x00, 0x80, 0xFF, 0x80, 0x00, 0x00, 0x00, 0x00, 0x00, 0x00,
    0x00, 0x00, 0x80, 0xFF, 0x80, 0x00, 0x00, 0x00, 0x00,
    // Unicode: [0x002C]
    0x00, 0x60, 0xEC, 0xEC, 0x4C, 0x00, 0xA5, 0xFF, 0xE1, 0x04, 0x00, 0xE4, 0xFF, 0x73, 0x00, 0x23,
    0xFF, 0xF2, 0x0E, 0x00, 0x62, 0xFF, 0x8F, 0x00, 0x00, 0xA1, 0xFC, 0x20, 0x00, 0x00,
    // Unicode: [0x002D]
    0x0B, 0x3C, 0x3C, 0x3C, 0x3C, 0x3C, 0x17, 0x30, 0xFF, 0xFF, 0xFF, 0xFF, 0xFF, 0x64, 0x30, 0xFF,
    0xFF, 0xFF, 0xFF, 0xFF, 0x64,
    // Unicode: [0x002E]
    0x07, 0x0C, 0x0C, 0x00, 0xA8, 0xFF, 0xFF, 0x14, 0xA8, 0xFF, 0xFF, 0x14, 0xA8, 0xFF, 0xFF, 0x14,
    // Unicode: [0x002F]
    0x00, 0x00, 0x00, 0x00, 0x00, 0x00, 0x84, 0xFF, 0xC0, 0x00, 0x00, 0x00, 0x00, 0x00, 0x03, 0xE5,
    0xFF, 0x5A, 0x00, 0x00, 0x00, 0x00, 0x00, 0x50, 0xFF, 0xEC, 0x07, 0x00, 0x00, 0x00, 0x00, 0x00,
    0xB6, 0xFF, 0x8D, 0x00, 0x00, 0x00, 0x00, 0x00, 0x1E, 0xFD, 0xFF, 0x27, 0x00, 0x00, 0x00, 0x00,
    0x00, 0x82, 0xFF, 0xC0, 0x00, 0x00, 0x00, 0x00, 0x00, 0x03, 0xE4, 0xFF, 0x5A, 0x00, 0x00, 0x00,
    0x00, 0x00, 0x4E, 0xFF, 0xEC, 0x07, 0x00, 0x00, 0x00, 0x00, 0x00, 0xB4, 0xFF, 0x8D, 0x00, 0x00,
    0x00, 0x00, 0x00, 0x1C, 0xFC, 0xFF, 0x28, 0x00, 0x00, 0x00, 0x00, 0x00, 0x80, 0xFF, 0xC1, 0x00,
    0x00, 0x00, 0x00, 0x00, 0x03, 0xE2, 0xFF, 0x5A, 0x00, 0x00, 0x00, 0x00, 0x00, 0x4C, 0xFF, 0xEC,
    0x07, 0x00, 0x00, 0x00, 0x00, 0x00, 0xB2, 0xFF, 0x8E, 0x00, 0x00, 0x00, 0x00, 0x00, 0x02, 0x7C,
    0x80, 0x20, 0x00, 0x00, 0x00, 0x00, 0x00,
    // Unicode: [0x0030]
    0x00, 0x00, 0x2B, 0xAE, 0xEC, 0xF9, 0xDE, 0x88, 0x0B, 0x00, 0x00, 0x24, 0xF0, 0xFF, 0xFF, 0xFF,
    0xFF, 0xFF, 0xBB, 0x00, 0x00, 0xA3, 0xFF, 0xFF, 0x85, 0x34, 0xC3, 0xFF, 0xFF, 0x4B, 0x00, 0xF0,
    0xFF, 0xE6, 0x01, 0x00, 0x3B, 0xFF, 0xFF, 0x97, 0x17, 0xFF, 0xFF, 0xBA, 0x00, 0x00, 0x0F, 0xFF,
    0xFF, 0xC0, 0x27, 0xFF, 0xFF, 0xAB, 0x00, 0x00, 0x00, 0xFE, 0xFF, 0xD2, 0x27, 0xFF, 0xFF, 0xAB,
    0x00, 0x00, 0x00, 0xFF, 0xFF, 0xD1, 0x17, 0xFF, 0xFF, 0xBA, 0x00, 0x00, 0x10, 0xFF, 0xFF, 0xC0,
    0x00, 0xEF, 0xFF, 0xE7, 0x01, 0x00, 0x3F, 0xFF, 0xFF, 0x98, 0x00, 0xA4, 0xFF, 0xFF, 0x88, 0x34,
    0xC7, 0xFF, 0xFF, 0x4D, 0x00, 0x25, 0xF0, 0xFF, 0xFF, 0xFF, 0xFF, 0xFF, 0xBF, 0x01, 0x00, 0x00,
    0x2D, 0xB1, 0xED, 0xFA, 0xE0, 0x8C, 0x0D, 0x00,
    // Unicode: [0x0031]
    0x00, 0x00, 0x00, 0x8F, 0xFF, 0xFC, 0x00, 0x00, 0x00, 0x00, 0x0A, 0x4C, 0xF2, 0xFF, 0xFC, 0x00,
    0x00, 0x00, 0x0C, 0xFF, 0xFF, 0xFF, 0xFF, 0xFC, 0x00, 0x00, 0x00, 0x0A, 0xE0, 0xE0, 0xF8, 0xFF,
    0xFC, 0x00, 0x00, 0x00, 0x00, 0x00, 0x00, 0xC0, 0xFF, 0xFC, 0x00, 0x00, 0x00, 0x00, 0x00, 0x00,
    0xC0, 0xFF, 0xFC, 0x00, 0x00, 0x00, 0x00, 0x00, 0x00, 0xC0, 0xFF, 0xFC, 0x00, 0x00, 0x00, 0x00,
    0x00, 0x00, 0xC0, 0xFF, 0xFC, 0x00, 0x00, 0x00, 0x00, 0x00, 0x00, 0xC0, 0xFF, 0xFC, 0x00, 0x00,
    0x00, 0x00, 0x04, 0x04, 0xC1, 0xFF, 0xFC, 0x04, 0x04, 0x00, 0x0C, 0xFF, 0xFF, 0xFF, 0xFF, 0xFF,
    0xFF, 0xFF, 0x3C, 0x0C, 0xFF, 0xFF, 0xFF, 0xFF, 0xFF, 0xFF, 0xFF, 0x3C,
    // Unicode: [0x0032]
    0x1F, 0x91, 0xC9, 0xE9, 0xF4, 0xD4, 0x81, 0x0C, 0x00, 0x5C, 0xFF, 0xFF, 0xFF, 0xFF, 0xFF, 0xFF,
    0xC7, 0x02, 0x5C, 0xEB, 0x7D, 0x48, 0x6C, 0xF3, 0xFF, 0xFF, 0x41, 0x1D, 0x0F, 0x00, 0x00, 0x00,
    0x8E, 0xFF, 0xFF, 0x61, 0x00, 0x00, 0x00, 0x00, 0x00, 0x90, 0xFF, 0xFF, 0x48, 0x00, 0x00, 0x00,
    0x00, 0x10, 0xE8, 0xFF, 0xEC, 0x07, 0x00, 0x00, 0x00, 0x03, 0xB3, 0xFF, 0xFF, 0x5E, 0x00, 0x00,
    0x00, 0x04, 0xA6, 0xFF, 0xFF, 0x8A, 0x00, 0x00, 0x00, 0x0C, 0xB4, 0xFF, 0xFF, 0x83, 0x00, 0x00,
    0x00, 0x1F, 0xD2, 0xFF, 0xFF, 0x9A, 0x38, 0x38, 0x38, 0x33, 0xA3, 0xFF, 0xFF, 0xFF, 0xFF, 0xFF,
    0xFF, 0xFF, 0xEC, 0xA4, 0xFF, 0xFF, 0xFF, 0xFF, 0xFF, 0xFF, 0xFF, 0xEC,
    // Unicode: [0x0033]
    0x3F, 0xA0, 0xCF, 0xEE, 0xF3, 0xD6, 0x92, 0x17, 0x00, 0xA8, 0xFF, 0xFF, 0xFF, 0xFF, 0xFF, 0xFF,
    0xDC, 0x08, 0xA8, 0xDD, 0x76, 0x4A, 0x60, 0xDF, 0xFF, 0xFF, 0x47, 0x2D, 0x04, 0x00, 0x00, 0x00,
    0x73, 0xFF, 0xFF, 0x44, 0x00, 0x00, 0x08, 0x16, 0x31, 0xC9, 0xFF, 0xE1, 0x07, 0x00, 0x00, 0x6C,
    0xFF, 0xFF, 0xFF, 0xC3, 0x25, 0x00, 0x00, 0x00, 0x6C, 0xFF, 0xFF, 0xFF, 0xFD, 0xA5, 0x05, 0x00,
    0x00, 0x00, 0x00, 0x0C, 0x93, 0xFF, 0xFF, 0x74, 0x17, 0x00, 0x00, 0x00, 0x00, 0x4D, 0xFF, 0xFF,
    0x99, 0xF4, 0xAB, 0x60, 0x48, 0x67, 0xDC, 0xFF, 0xFF, 0x70, 0xF8, 0xFF, 0xFF, 0xFF, 0xFF, 0xFF,
    0xFF, 0xD6, 0x0D, 0x6F, 0xBE, 0xE9, 0xFB, 0xF8, 0xD6, 0x79, 0x0D, 0x00,
    // Unicode: [0x0034]
    0x00, 0x00, 0x00, 0x00, 0x00, 0xA6, 0xFF, 0xFF, 0x94, 0x00, 0x00, 0x00, 0x00, 0x00, 0x00, 0x63,
    0xFF, 0xFF, 0xFF, 0x94, 0x00, 0x00, 0x00, 0x00, 0x00, 0x2A, 0xF5, 0xF6, 0xFF, 0xFF, 0x94, 0x00,
    0x00, 0x00, 0x00, 0x09, 0xD3, 0xFE, 0x67, 0xFF, 0xFF, 0x94, 0x00, 0x00, 0x00, 0x00, 0x9A, 0xFF,
    0x8E, 0x1C, 0xFF, 0xFF, 0x94, 0x00, 0x00, 0x00, 0x57, 0xFF, 0xCC, 0x06, 0x1C, 0xFF, 0xFF, 0x94,
    0x00, 0x00, 0x22, 0xF1, 0xF2, 0x24, 0x00, 0x1C, 0xFF, 0xFF, 0x94, 0x00, 0x00, 0x64, 0xFF, 0xFF,
    0xFF, 0xFF, 0xFF, 0xFF, 0xFF, 0xFF, 0xFF, 0x14, 0x64, 0xFF, 0xFF, 0xFF, 0xFF, 0xFF, 0xFF, 0xFF,
    0xFF, 0xFF, 0x14, 0x0A, 0x1C, 0x1C, 0x1C, 0x1C, 0x34, 0xFF, 0xFF, 0x9F, 0x1C, 0x02, 0x00, 0x00,
    0x00, 0x00, 0x00, 0x1C, 0xFF, 0xFF, 0x94, 0x00, 0x00, 0x00, 0x00, 0x00, 0x00, 0x00, 0x1C, 0xFF,
    0xFF, 0x94, 0x00, 0x00,
    // Unicode: [0x0035]
    0x64, 0xFF, 0xFF, 0xFF, 0xFF, 0xFF, 0xFF, 0xFF, 0x60, 0x64, 0xFF, 0xFF, 0xFF, 0xFF, 0xFF, 0xFF,
    0xFF, 0x60, 0x64, 0xFF, 0xFF, 0x67, 0x34, 0x34, 0x34, 0x34, 0x13, 0x64, 0xFF, 0xFF, 0x40, 0x00,
    0x00, 0x00, 0x00, 0x00, 0x64, 0xFF, 0xFF, 0xFF, 0xFB, 0xE0, 0x9D, 0x23, 0x00, 0x64, 0xFF, 0xFF,
    0xFF, 0xFF, 0xFF, 0xFF, 0xED, 0x1C, 0x2E, 0x56, 0x2A, 0x1B, 0x45, 0xCB, 0xFF, 0xFF, 0x83, 0x00,
    0x00, 0x00, 0x00, 0x00, 0x3F, 0xFF, 0xFF, 0xA8, 0x32, 0x01, 0x00, 0x00, 0x00, 0x4C, 0xFF, 0xFF,
    0x99, 0xCC, 0xCB, 0x68, 0x4A, 0x73, 0xE9, 0xFF, 0xFF, 0x4D, 0xCC, 0xFF, 0xFF, 0xFF, 0xFF, 0xFF,
    0xFF, 0xAC, 0x01, 0x5C, 0xBA, 0xE9, 0xFB, 0xF6, 0xCE, 0x6D, 0x02, 0x00,
    // Unicode: [0x0036]
    0x00, 0x00, 0x00, 0x21, 0x94, 0xD9, 0xF5, 0xF6, 0xDD, 0x00, 0x00, 0x00, 0x49, 0xF6, 0xFF, 0xFF,
    0xFF, 0xFF, 0xFC, 0x00, 0x00, 0x1B, 0xF1, 0xFF, 0xF0, 0x6E, 0x2D, 0x2D, 0x5E, 0x00, 0x00, 0x86,
    0xFF, 0xFF, 0x4F, 0x00, 0x00, 0x00, 0x00, 0x00, 0x00, 0xCD, 0xFF, 0xF3, 0x75, 0xC8, 0xE2, 0xBB,
    0x43, 0x00, 0x00, 0xF3, 0xFF, 0xFF, 0xFF, 0xFF, 0xFF, 0xFF, 0xFC, 0x42, 0x01, 0xFF, 0xFF, 0xDD,
    0x2B, 0x1F, 0x93, 0xFF, 0xFF, 0xB5, 0x00, 0xF5, 0xFF, 0xD1, 0x00, 0x00, 0x07, 0xFC, 0xFF, 0xDF,
    0x00, 0xD0, 0xFF, 0xF0, 0x03, 0x00, 0x04, 0xF9, 0xFF, 0xD6, 0x00, 0x81, 0xFF, 0xFF, 0x77, 0x03,
    0x77, 0xFF, 0xFF, 0x8D, 0x00, 0x0F, 0xDC, 0xFF, 0xFF, 0xFD, 0xFF, 0xFF, 0xE1, 0x0E, 0x00, 0x00,
    0x16, 0x99, 0xE4, 0xFB, 0xE7, 0x9E, 0x1A, 0x00,
    // Unicode: [0x0037]
    0xDC, 0xFF, 0xFF, 0xFF, 0xFF, 0xFF, 0xFF, 0xFF, 0xB0, 0xDC, 0xFF, 0xFF, 0xFF, 0xFF, 0xFF, 0xFF,
    0xFF, 0xB0, 0x2C, 0x34, 0x34, 0x34, 0x34, 0x91, 0xFF, 0xFF, 0x8F, 0x00, 0x00, 0x00, 0x00, 0x08,
    0xE4, 0xFF, 0xF7, 0x1B, 0x00, 0x00, 0x00, 0x00, 0x74, 0xFF, 0xFF, 0x90, 0x00, 0x00, 0x00, 0x00,
    0x0D, 0xEB, 0xFF, 0xF6, 0x18, 0x00, 0x00, 0x00, 0x00, 0x80, 0xFF, 0xFF, 0x8C, 0x00, 0x00, 0x00,
    0x00, 0x13, 0xF1, 0xFF, 0xF4, 0x15, 0x00, 0x00, 0x00, 0x00, 0x8C, 0xFF, 0xFF, 0x87, 0x00, 0x00,
    0x00, 0x00, 0x1A, 0xF6, 0xFF, 0xF2, 0x13, 0x00, 0x00, 0x00, 0x00, 0x98, 0xFF, 0xFF, 0x83, 0x00,
    0x00, 0x00, 0x00, 0x22, 0xFA, 0xFF, 0xF0, 0x10, 0x00, 0x00, 0x00, 0x00,
    // Unicode: [0x0038]
    0x00, 0x00, 0x40, 0xB4, 0xE4, 0xF7, 0xDF, 0xA4, 0x2F, 0x00, 0x00, 0x66, 0xFF, 0xFF, 0xFF, 0xFD,
    0xFF, 0xFF, 0xF9, 0x37, 0x00, 0xE3, 0xFF, 0xF3, 0x30, 0x03, 0x70, 0xFF, 0xFF, 0x98, 0x00, 0xEF,
    0xFF, 0xF0, 0x0E, 0x00, 0x24, 0xFF, 0xFF, 0x8A, 0x00, 0xA3, 0xFF, 0xFF, 0xE4, 0x7A, 0x95, 0xFF,
    0xE2, 0x1C, 0x00, 0x0E, 0xB0, 0xFF, 0xFF, 0xFF, 0xFF, 0xEF, 0x2C, 0x00, 0x00, 0x35, 0xD6, 0xFF,
    0xBF, 0xF9, 0xFF, 0xFF, 0xF0, 0x32, 0x0D, 0xED, 0xFF, 0xB9, 0x00, 0x15, 0x93, 0xFF, 0xFF, 0xBB,
    0x3E, 0xFF, 0xFF, 0x8E, 0x00, 0x00, 0x00, 0xE9, 0xFF, 0xE7, 0x25, 0xFF, 0xFF, 0xE8, 0x37, 0x05,
    0x53, 0xFE, 0xFF, 0xC4, 0x00, 0xA4, 0xFF, 0xFF, 0xFF, 0xFF, 0xFF, 0xFF, 0xF7, 0x3C, 0x00, 0x03,
    0x6B, 0xC9, 0xF3, 0xF7, 0xDA, 0x9E, 0x25, 0x00,
    // Unicode: [0x0039]
    0x00, 0x00, 0x3A, 0xB7, 0xF0, 0xF9, 0xD6, 0x74, 0x02, 0x00, 0x00, 0x4D, 0xFB, 0xFF, 0xFF, 0xFD,
    0xFF, 0xFF, 0x9D, 0x00, 0x02, 0xE3, 0xFF, 0xF5, 0x30, 0x0D, 0xBD, 0xFF, 0xFF, 0x30, 0x2B, 0xFF,
    0xFF, 0xAC, 0x00, 0x00, 0x49, 0xFF, 0xFF, 0x7D, 0x34, 0xFF, 0xFF, 0xAC, 0x00, 0x00, 0x25, 0xFF,
    0xFF, 0xA2, 0x10, 0xFB, 0xFF, 0xF7, 0x54, 0x1E, 0x56, 0xFF, 0xFF, 0xAB, 0x00, 0x97, 0xFF, 0xFF,
    0xFF, 0xFF, 0xFF, 0xFF, 0xFF, 0x9B, 0x00, 0x04, 0x79, 0xD1, 0xE6, 0xBE, 0x90, 0xFF, 0xFF, 0x70,
    0x00, 0x00, 0x00, 0x00, 0x00, 0x00, 0xAC, 0xFF, 0xFF, 0x28, 0x00, 0x29, 0x47, 0x20, 0x38, 0xA1,
    0xFF, 0xFF, 0xB0, 0x00, 0x00, 0x58, 0xFF, 0xFF, 0xFF, 0xFF, 0xFF, 0xCE, 0x15, 0x00, 0x00, 0x4A,
    0xEE, 0xFC, 0xEF, 0xC6, 0x70, 0x07, 0x00, 0x00,
    // Unicode: [0x003A]
    0x5C, 0xFF, 0xFF, 0x64, 0x5C, 0xFF, 0xFF, 0x64, 0x5C, 0xFF, 0xFF, 0x64, 0x04, 0x0C, 0x0C, 0x04,
    0x00, 0x00, 0x00, 0x00, 0x04, 0x0C, 0x0C, 0x04, 0x5C, 0xFF, 0xFF, 0x64, 0x5C, 0xFF, 0xFF, 0x64,
    0x5C, 0xFF, 0xFF, 0x64,
    // Unicode: [0x003B]
    0x00, 0x5C, 0xFF, 0xFF, 0x64, 0x00, 0x5C, 0xFF, 0xFF, 0x64, 0x00, 0x5C, 0xFF, 0xFF, 0x64, 0x00,
    0x04, 0x0C, 0x0C, 0x04, 0x00, 0x00, 0x00, 0x00, 0x00, 0x00, 0x00, 0x00, 0x00, 0x00, 0x00, 0x1A,
    0xEC, 0xEC, 0x93, 0x00, 0x59, 0xFF, 0xFF, 0x32, 0x00, 0x97, 0xFF, 0xC0, 0x00, 0x00, 0xD5, 0xFF,
    0x4F, 0x00, 0x14, 0xFE, 0xDB, 0x02, 0x00, 0x51, 0xFF, 0x6C, 0x00, 0x00,
    // Unicode: [0x003C]
    0x00, 0x00, 0x00, 0x00, 0x00, 0x00, 0x00, 0x00, 0x00, 0x0E, 0x14, 0x00, 0x00, 0x00, 0x00, 0x00,
    0x00, 0x00, 0x21, 0x8E, 0xF1, 0x48, 0x00, 0x00, 0x00, 0x00, 0x00, 0x3B, 0xAC, 0xFC, 0xFF, 0xFF,
    0x44, 0x00, 0x00, 0x05, 0x5A, 0xCB, 0xFF, 0xFF, 0xFB, 0xAA, 0x3B, 0x00, 0x12, 0x78, 0xE4, 0xFF,
    0xFF, 0xED, 0x88, 0x1D, 0x00, 0x00, 0x00, 0x80, 0xFF, 0xFF, 0xE0, 0x66, 0x09, 0x00, 0x00, 0x00,
    0x00, 0x00, 0x6E, 0xFF, 0xFF, 0xFC, 0xAD, 0x3E, 0x00, 0x00, 0x00, 0x00, 0x00, 0x00, 0x31, 0xA1,
    0xF9, 0xFF, 0xFF, 0xCF, 0x60, 0x07, 0x00, 0x00, 0x00, 0x00, 0x00, 0x18, 0x82, 0xEA, 0xFF, 0xFF,
    0xE9, 0x82, 0x10, 0x00, 0x00, 0x00, 0x00, 0x00, 0x08, 0x63, 0xD2, 0xFF, 0xFF, 0x48, 0x00, 0x00,
    0x00, 0x00, 0x00, 0x00, 0x00, 0x00, 0x44, 0xB4, 0x46,
    // Unicode: [0x003D]
    0x04, 0x18, 0x18, 0x18, 0x18, 0x18, 0x18, 0x18, 0x18, 0x18, 0x04, 0x2C, 0xFF, 0xFF, 0xFF, 0xFF,
    0xFF, 0xFF, 0xFF, 0xFF, 0xFF, 0x30, 0x2C, 0xFF, 0xFF, 0xFF, 0xFF, 0xFF, 0xFF, 0xFF, 0xFF, 0xFF,
    0x30, 0x00, 0x00, 0x00, 0x00, 0x00, 0x00, 0x00, 0x00, 0x00, 0x00, 0x00, 0x03, 0x14, 0x14, 0x14,
    0x14, 0x14, 0x14, 0x14, 0x14, 0x14, 0x03, 0x2C, 0xFF, 0xFF, 0xFF, 0xFF, 0xFF, 0xFF, 0xFF, 0xFF,
    0xFF, 0x30, 0x2C, 0xFF, 0xFF, 0xFF, 0xFF, 0xFF, 0xFF, 0xFF, 0xFF, 0xFF, 0x30,
    // Unicode: [0x003E]
    0x13, 0x0E, 0x00, 0x00, 0x00, 0x00, 0x00, 0x00, 0x00, 0x00, 0x00, 0x44, 0xF2, 0x90, 0x22, 0x00,
    0x00, 0x00, 0x00, 0x00, 0x00, 0x00, 0x40, 0xFF, 0xFF, 0xFD, 0xAE, 0x3D, 0x00, 0x00, 0x00, 0x00,
    0x00, 0x00, 0x39, 0xA8, 0xFB, 0xFF, 0xFF, 0xCC, 0x5B, 0x05, 0x00, 0x00, 0x00, 0x00, 0x00, 0x1C,
    0x86, 0xEC, 0xFF, 0xFF, 0xE5, 0x7A, 0x13, 0x00, 0x00, 0x00, 0x00, 0x00, 0x09, 0x64, 0xDE, 0xFF,
    0xFF, 0x84, 0x00, 0x00, 0x00, 0x00, 0x00, 0x3C, 0xAB, 0xFC, 0xFF, 0xFF, 0x71, 0x00, 0x00, 0x07,
    0x5E, 0xCD, 0xFF, 0xFF, 0xF9, 0xA3, 0x32, 0x00, 0x0F, 0x80, 0xE8, 0xFF, 0xFF, 0xEB, 0x84, 0x19,
    0x00, 0x00, 0x00, 0x44, 0xFF, 0xFF, 0xD4, 0x65, 0x08, 0x00, 0x00, 0x00, 0x00, 0x00, 0x42, 0xB6,
    0x46, 0x00, 0x00, 0x00, 0x00, 0x00, 0x00, 0x00, 0x00,
    // Unicode: [0x003F]
    0x72, 0xBE, 0xE1, 0xF7, 0xDE, 0x96, 0x19, 0x00, 0xEC, 0xFF, 0xFF, 0xFF, 0xFF, 0xFF, 0xDF, 0x0D,
    0xD9, 0x7D, 0x3C, 0x4B, 0xDB, 0xFF, 0xFF, 0x5A, 0x04, 0x00, 0x00, 0x00, 0x7A, 0xFF, 0xFF, 0x5F,
    0x00, 0x00, 0x00, 0x00, 0xB3, 0xFF, 0xFF, 0x2C, 0x00, 0x00, 0x14, 0x98, 0xFF, 0xFF, 0x99, 0x00,
    0x00, 0x25, 0xFA, 0xFF, 0xED, 0x71, 0x01, 0x00, 0x00, 0x2C, 0xFF, 0xFF, 0x68, 0x00, 0x00, 0x00,
    0x00, 0x25, 0xDC, 0xDC, 0x59, 0x00, 0x00, 0x00, 0x00, 0x04, 0x0C, 0x0C, 0x07, 0x00, 0x00, 0x00,
    0x00, 0x58, 0xFF, 0xFF, 0x9C, 0x00, 0x00, 0x00, 0x00, 0x58, 0xFF, 0xFF, 0x9C, 0x00, 0x00, 0x00,
    // Unicode: [0x0040]
    0x00, 0x00, 0x00, 0x47, 0xB0, 0xEA, 0xF8, 0xDA, 0x8A, 0x15, 0x00, 0x00, 0x00, 0x00, 0x05, 0x9F,
    0xFF, 0xD6, 0x83, 0x6F, 0x94, 0xEB, 0xED, 0x3A, 0x00, 0x00, 0x00, 0x95, 0xFF, 0x77, 0x02, 0x00,
    0x00, 0x00, 0x0F, 0xBC, 0xEE, 0x1D, 0x00, 0x32, 0xFF, 0x8C, 0x00, 0x67, 0xE9, 0xDE, 0xCE, 0xFF,
    0x2D, 0xE9, 0xA1, 0x00, 0x98, 0xF6, 0x0F, 0x51, 0xFF, 0xD1, 0x8D, 0xE8, 0xFF, 0x1C, 0x85, 0xF9,
    0x0A, 0xD4, 0xBC, 0x00, 0xC9, 0xFC, 0x18, 0x00, 0xA0, 0xFF, 0x1C, 0x44, 0xFF, 0x41, 0xEA, 0xA1,
    0x01, 0xF5, 0xD7, 0x00, 0x00, 0xA0, 0xFF, 0x1C, 0x29, 0xFF, 0x5A, 0xDE, 0xAD, 0x06, 0xFF, 0xCD,
    0x00, 0x00, 0xA0, 0xFF, 0x1C, 0x2A, 0xFF, 0x5B, 0xB2, 0xE0, 0x00, 0xEA, 0xE5, 0x00, 0x00, 0xA0,
    0xFF, 0x1C, 0x45, 0xFF, 0x3E, 0x61, 0xFF, 0x49, 0x9C, 0xFF, 0x5C, 0x2F, 0xDF, 0xFF, 0x2A, 0x8B,
    0xFA, 0x0D, 0x06, 0xD9, 0xE4, 0x3F, 0xE1, 0xFF, 0xFF, 0xE1, 0xFF, 0xFF, 0xFF, 0xB1, 0x00, 0x00,
    0x2D, 0xE9, 0xED, 0x82, 0x6A, 0x42, 0x3E, 0x7C, 0x46, 0x40, 0x1A, 0x00, 0x00, 0x00, 0x1D, 0xA5,
    0xF9, 0xFF, 0xFF, 0xFF, 0xFF, 0x17, 0x00, 0x00, 0x00, 0x00, 0x00, 0x00, 0x00, 0x0D, 0x3A, 0x47,
    0x3A, 0x14, 0x00, 0x00, 0x00, 0x00,
    // Unicode: [0x0041]
    0x00, 0x00, 0x00, 0x06, 0xF0, 0xFF, 0xFF, 0x9A, 0x00, 0x00, 0x00, 0x00, 0x00, 0x00, 0x00, 0x4E,
    0xFF, 0xFF, 0xFF, 0xEC, 0x04, 0x00, 0x00, 0x00, 0x00, 0x00, 0x00, 0xA4, 0xFF, 0xFF, 0xFF, 0xFF,
    0x46, 0x00, 0x00, 0x00, 0x00, 0x00, 0x07, 0xF1, 0xFF, 0xD9, 0xFF, 0xFF, 0x9C, 0x00, 0x00, 0x00,
    0x00, 0x00, 0x50, 0xFF, 0xFF, 0x6D, 0xDD, 0xFF, 0xED, 0x05, 0x00, 0x00, 0x00, 0x00, 0xA6, 0xFF,
    0xFF, 0x24, 0x93, 0xFF, 0xFF, 0x48, 0x00, 0x00, 0x00, 0x08, 0xF2, 0xFF, 0xDA, 0x00, 0x48, 0xFF,
    0xFF, 0x9E, 0x00, 0x00, 0x00, 0x52, 0xFF, 0xFF, 0xA0, 0x1C, 0x24, 0xF9, 0xFF, 0xEE, 0x05, 0x00,
    0x00, 0xA8, 0xFF, 0xFF, 0xFF, 0xFF, 0xFF, 0xFF, 0xFF, 0xFF, 0x4A, 0x00, 0x09, 0xF3, 0xFF, 0xFF,
    0xFF, 0xFF, 0xFF, 0xFF, 0xFF, 0xFF, 0xA0, 0x00, 0x54, 0xFF, 0xFF, 0x93, 0x00, 0x00, 0x00, 0x0C,
    0xF4, 0xFF, 0xEF, 0x06, 0xA9, 0xFF, 0xFF, 0x33, 0x00, 0x00, 0x00, 0x00, 0xA0, 0xFF, 0xFF, 0x4C,
    // Unicode: [0x0042]
    0x9C, 0xFF, 0xFF, 0xFF, 0xFF, 0xF9, 0xDE, 0x89, 0x0C, 0x00, 0x9C, 0xFF, 0xFF, 0xFF, 0xFF, 0xFF,
    0xFF, 0xFF, 0xA3, 0x00, 0x9C, 0xFF, 0xFF, 0x4A, 0x21, 0x63, 0xFF, 0xFF, 0xF3, 0x00, 0x9C, 0xFF,
    0xFF, 0x30, 0x00, 0x00, 0xEB, 0xFF, 0xEB, 0x00, 0x9C, 0xFF, 0xFF, 0x36, 0x09, 0x45, 0xFE, 0xFF,
    0x89, 0x00, 0x9C, 0xFF, 0xFF, 0xFF, 0xFF, 0xFF, 0xFF, 0xC6, 0x09, 0x00, 0x9C, 0xFF, 0xFF, 0xFF,
    0xFF, 0xFF, 0xFF, 0xFF, 0xD4, 0x16, 0x9C, 0xFF, 0xFF, 0x30, 0x00, 0x0D, 0x8E, 0xFF, 0xFF, 0x89,
    0x9C, 0xFF, 0xFF, 0x30, 0x00, 0x00, 0x3F, 0xFF, 0xFF, 0xAF, 0x9C, 0xFF, 0xFF, 0x4A, 0x20, 0x34,
    0xB0, 0xFF, 0xFF, 0x8A, 0x9C, 0xFF, 0xFF, 0xFF, 0xFF, 0xFF, 0xFF, 0xFF, 0xE1, 0x14, 0x9C, 0xFF,
    0xFF, 0xFF, 0xFF, 0xFB, 0xE4, 0x9F, 0x1E, 0x00,
    // Unicode: [0x0043]
    0x00, 0x00, 0x00, 0x4B, 0xB6, 0xEC, 0xF9, 0xE5, 0xB4, 0x56, 0x03, 0x00, 0x00, 0x92, 0xFF, 0xFF,
    0xFF, 0xFF, 0xFF, 0xFF, 0xFF, 0x30, 0x00, 0x5A, 0xFF, 0xFF, 0xF9, 0x86, 0x4A, 0x5E, 0xC5, 0xFF,
    0x30, 0x00, 0xD2, 0xFF, 0xFF, 0x5B, 0x00, 0x00, 0x00, 0x01, 0x75, 0x24, 0x17, 0xFF, 0xFF, 0xE1,
    0x01, 0x00, 0x00, 0x00, 0x00, 0x00, 0x00, 0x36, 0xFF, 0xFF, 0xB5, 0x00, 0x00, 0x00, 0x00, 0x00,
    0x00, 0x00, 0x37, 0xFF, 0xFF, 0xB4, 0x00, 0x00, 0x00, 0x00, 0x00, 0x00, 0x00, 0x1C, 0xFF, 0xFF,
    0xDD, 0x00, 0x00, 0x00, 0x00, 0x00, 0x00, 0x00, 0x00, 0xDB, 0xFF, 0xFF, 0x54, 0x00, 0x00, 0x00,
    0x00, 0x69, 0x24, 0x00, 0x66, 0xFF, 0xFF, 0xF9, 0x8A, 0x46, 0x56, 0xBB, 0xFF, 0x30, 0x00, 0x00,
    0x9D, 0xFF, 0xFF, 0xFF, 0xFF, 0xFF, 0xFF, 0xFF, 0x30, 0x00, 0x00, 0x00, 0x56, 0xBC, 0xEE, 0xFD,
    0xEC, 0xB0, 0x52, 0x02,
    // Unicode: [0x0044]
    0x9C, 0xFF, 0xFF, 0xFF, 0xFD, 0xEE, 0xC3, 0x72, 0x09, 0x00, 0x00, 0x9C, 0xFF, 0xFF, 0xFF, 0xFF,
    0xFF, 0xFF, 0xFF, 0xCE, 0x17, 0x00, 0x9C, 0xFF, 0xFF, 0x53, 0x2D, 0x58, 0xD0, 0xFF, 0xFF, 0xB8,
    0x00, 0x9C, 0xFF, 0xFF, 0x34, 0x00, 0x00, 0x0A, 0xDA, 0xFF, 0xFF, 0x3A, 0x9C, 0xFF, 0xFF, 0x34,
    0x00, 0x00, 0x00, 0x6D, 0xFF, 0xFF, 0x87, 0x9C, 0xFF, 0xFF, 0x34, 0x00, 0x00, 0x00, 0x3F, 0xFF,
    0xFF, 0xA6, 0x9C, 0xFF, 0xFF, 0x34, 0x00, 0x00, 0x00, 0x3F, 0xFF, 0xFF, 0xA6, 0x9C, 0xFF, 0xFF,
    0x34, 0x00, 0x00, 0x00, 0x68, 0xFF, 0xFF, 0x84, 0x9C, 0xFF, 0xFF, 0x34, 0x00, 0x00, 0x09, 0xD5,
    0xFF, 0xFF, 0x30, 0x9C, 0xFF, 0xFF, 0x57, 0x30, 0x56, 0xCF, 0xFF, 0xFF, 0xAD, 0x00, 0x9C, 0xFF,
    0xFF, 0xFF, 0xFF, 0xFF, 0xFF, 0xFF, 0xC8, 0x12, 0x00, 0x9C, 0xFF, 0xFF, 0xFF, 0xFC, 0xEE, 0xC5,
    0x6E, 0x07, 0x00, 0x00,
    // Unicode: [0x0045]
    0x9C, 0xFF, 0xFF, 0xFF, 0xFF, 0xFF, 0xFF, 0xFF, 0x48, 0x9C, 0xFF, 0xFF, 0xFF, 0xFF, 0xFF, 0xFF,
    0xFF, 0x48, 0x9C, 0xFF, 0xFF, 0x60, 0x3C, 0x3C, 0x3C, 0x3C, 0x10, 0x9C, 0xFF, 0xFF, 0x30, 0x00,
    0x00, 0x00, 0x00, 0x00, 0x9C, 0xFF, 0xFF, 0x60, 0x3C, 0x3C, 0x3C, 0x36, 0x00, 0x9C, 0xFF, 0xFF,
    0xFF, 0xFF, 0xFF, 0xFF, 0xE8, 0x00, 0x9C, 0xFF, 0xFF, 0xFF, 0xFF, 0xFF, 0xFF, 0xE8, 0x00, 0x9C,
    0xFF, 0xFF, 0x30, 0x00, 0x00, 0x00, 0x00, 0x00, 0x9C, 0xFF, 0xFF, 0x30, 0x00, 0x00, 0x00, 0x00,
    0x00, 0x9C, 0xFF, 0xFF, 0x60, 0x3C, 0x3C, 0x3C, 0x3C, 0x10, 0x9C, 0xFF, 0xFF, 0xFF, 0xFF, 0xFF,
    0xFF, 0xFF, 0x48, 0x9C, 0xFF, 0xFF, 0xFF, 0xFF, 0xFF, 0xFF, 0xFF, 0x48,
    // Unicode: [0x0046]
    0x9C, 0xFF, 0xFF, 0xFF, 0xFF, 0xFF, 0xFF, 0xFF, 0x34, 0x9C, 0xFF, 0xFF, 0xFF, 0xFF, 0xFF, 0xFF,
    0xFF, 0x34, 0x9C, 0xFF, 0xFF, 0x60, 0x3C, 0x3C, 0x3C, 0x3C, 0x0C, 0x9C, 0xFF, 0xFF, 0x30, 0x00,
    0x00, 0x00, 0x00, 0x00, 0x9C, 0xFF, 0xFF, 0x60, 0x3C, 0x3C, 0x3C, 0x32, 0x00, 0x9C, 0xFF, 0xFF,
    0xFF, 0xFF, 0xFF, 0xFF, 0xD8, 0x00, 0x9C, 0xFF, 0xFF, 0xFF, 0xFF, 0xFF, 0xFF, 0xD8, 0x00, 0x9C,
    0xFF, 0xFF, 0x30, 0x00, 0x00, 0x00, 0x00, 0x00, 0x9C, 0xFF, 0xFF, 0x30, 0x00, 0x00, 0x00, 0x00,
    0x00, 0x9C, 0xFF, 0xFF, 0x30, 0x00, 0x00, 0x00, 0x00, 0x00, 0x9C, 0xFF, 0xFF, 0x30, 0x00, 0x00,
    0x00, 0x00, 0x00, 0x9C, 0xFF, 0xFF, 0x30, 0x00, 0x00, 0x00, 0x00, 0x00,
    // Unicode: [0x0047]
    0x00, 0x00, 0x00, 0x35, 0xA4, 0xE1, 0xF9, 0xEC, 0xCF, 0x94, 0x30, 0x00, 0x00, 0x00, 0x73, 0xFD,
    0xFF, 0xFF, 0xFF, 0xFF, 0xFF, 0xFF, 0xFF, 0x00, 0x00, 0x4B, 0xFF, 0xFF, 0xFD, 0x94, 0x44, 0x35,
    0x65, 0xCD, 0xFF, 0x00, 0x00, 0xCD, 0xFF, 0xFF, 0x6F, 0x00, 0x00, 0x00, 0x00, 0x02, 0x62, 0x00,
    0x17, 0xFF, 0xFF, 0xE3, 0x02, 0x00, 0x00, 0x00, 0x00, 0x00, 0x00, 0x00, 0x36, 0xFF, 0xFF, 0xB4,
    0x00, 0x00, 0xFF, 0xFF, 0xFF, 0xFF, 0xFF, 0x08, 0x37, 0xFF, 0xFF, 0xC0, 0x00, 0x00, 0xFF, 0xFF,
    0xFF, 0xFF, 0xFF, 0x08, 0x19, 0xFF, 0xFF, 0xE8, 0x03, 0x00, 0x30, 0x30, 0xD9, 0xFF, 0xFF, 0x08,
    0x00, 0xD4, 0xFF, 0xFF, 0x6A, 0x00, 0x00, 0x00, 0xD0, 0xFF, 0xFF, 0x08, 0x00, 0x58, 0xFF, 0xFF,
    0xFD, 0x95, 0x45, 0x24, 0xD7, 0xFF, 0xFF, 0x08, 0x00, 0x00, 0x85, 0xFF, 0xFF, 0xFF, 0xFF, 0xFF,
    0xFF, 0xFF, 0xFF, 0x08, 0x00, 0x00, 0x00, 0x40, 0xAC, 0xE6, 0xFA, 0xF3, 0xD0, 0x98, 0x4B, 0x00,
    // Unicode: [0x0048]
    0x9C, 0xFF, 0xFF, 0x34, 0x00, 0x00, 0x00, 0xA4, 0xFF, 0xFF, 0x2C, 0x9C, 0xFF, 0xFF, 0x34, 0x00,
    0x00, 0x00, 0xA4, 0xFF, 0xFF, 0x2C, 0x9C, 0xFF, 0xFF, 0x34, 0x00, 0x00, 0x00, 0xA4, 0xFF, 0xFF,
    0x2C, 0x9C, 0xFF, 0xFF, 0x34, 0x00, 0x00, 0x00, 0xA4, 0xFF, 0xFF, 0x2C, 0x9C, 0xFF, 0xFF, 0x63,
    0x3C, 0x3C, 0x3C, 0xB9, 0xFF, 0xFF, 0x2C, 0x9C, 0xFF, 0xFF, 0xFF, 0xFF, 0xFF, 0xFF, 0xFF, 0xFF,
    0xFF, 0x2C, 0x9C, 0xFF, 0xFF, 0xFF, 0xFF, 0xFF, 0xFF, 0xFF, 0xFF, 0xFF, 0x2C, 0x9C, 0xFF, 0xFF,
    0x34, 0x00, 0x00, 0x00, 0xA4, 0xFF, 0xFF, 0x2C, 0x9C, 0xFF, 0xFF, 0x34, 0x00, 0x00, 0x00, 0xA4,
    0xFF, 0xFF, 0x2C, 0x9C, 0xFF, 0xFF, 0x34, 0x00, 0x00, 0x00, 0xA4, 0xFF, 0xFF, 0x2C, 0x9C, 0xFF,
    0xFF, 0x34, 0x00, 0x00, 0x00, 0xA4, 0xFF, 0xFF, 0x2C, 0x9C, 0xFF, 0xFF, 0x34, 0x00, 0x00, 0x00,
    0xA4, 0xFF, 0xFF, 0x2C,
    // Unicode: [0x0049]
    0x18, 0xFF, 0xFF, 0xFF, 0xFF, 0xFF, 0xFF, 0x48, 0x18, 0xFF, 0xFF, 0xFF, 0xFF, 0xFF, 0xFF, 0x48,
    0x01, 0x0C, 0x58, 0xFF, 0xFF, 0x86, 0x0C, 0x03, 0x00, 0x00, 0x50, 0xFF, 0xFF, 0x80, 0x00, 0x00,
    0x00, 0x00, 0x50, 0xFF, 0xFF, 0x80, 0x00, 0x00, 0x00, 0x00, 0x50, 0xFF, 0xFF, 0x80, 0x00, 0x00,
    0x00, 0x00, 0x50, 0xFF, 0xFF, 0x80, 0x00, 0x00, 0x00, 0x00, 0x50, 0xFF, 0xFF, 0x80, 0x00, 0x00,
    0x00, 0x00, 0x50, 0xFF, 0xFF, 0x80, 0x00, 0x00, 0x01, 0x0C, 0x58, 0xFF, 0xFF, 0x86, 0x0C, 0x03,
    0x18, 0xFF, 0xFF, 0xFF, 0xFF, 0xFF, 0xFF, 0x48, 0x18, 0xFF, 0xFF, 0xFF, 0xFF, 0xFF, 0xFF, 0x48,
    // Unicode: [0x004A]
    0x00, 0x3C, 0xFF, 0xFF, 0xFF, 0xFF, 0xFF, 0x14, 0x00, 0x3C, 0xFF, 0xFF, 0xFF, 0xFF, 0xFF, 0x14,
    0x00, 0x07, 0x20, 0x20, 0xC4, 0xFF, 0xFF, 0x14, 0x00, 0x00, 0x00, 0x00, 0xBC, 0xFF, 0xFF, 0x14,
    0x00, 0x00, 0x00, 0x00, 0xBC, 0xFF, 0xFF, 0x14, 0x00, 0x00, 0x00, 0x00, 0xBC, 0xFF, 0xFF, 0x14,
    0x00, 0x00, 0x00, 0x00, 0xBC, 0xFF, 0xFF, 0x14, 0x00, 0x00, 0x00, 0x00, 0xC0, 0xFF, 0xFF, 0x14,
    0x00, 0x00, 0x00, 0x00, 0xDA, 0xFF, 0xFF, 0x0F, 0x5D, 0x4C, 0x36, 0x87, 0xFF, 0xFF, 0xE4, 0x00,
    0xB0, 0xFF, 0xFF, 0xFF, 0xFF, 0xFF, 0x5D, 0x00, 0x92, 0xF1, 0xFC, 0xF6, 0xC9, 0x4D, 0x00, 0x00,
    // Unicode: [0x004B]
    0x9C, 0xFF, 0xFF, 0x34, 0x00, 0x00, 0x45, 0xFE, 0xFF, 0xE4, 0x15, 0x9C, 0xFF, 0xFF, 0x34, 0x00,
    0x14, 0xE6, 0xFF, 0xFA, 0x3A, 0x00, 0x9C, 0xFF, 0xFF, 0x34, 0x00, 0xB1, 0xFF, 0xFF, 0x6F, 0x00,
    0x00, 0x9C, 0xFF, 0xFF, 0x34, 0x69, 0xFF, 0xFF, 0xAA, 0x00, 0x00, 0x00, 0x9C, 0xFF, 0xFF, 0x5D,
    0xF6, 0xFF, 0xD8, 0x0D, 0x00, 0x00, 0x00, 0x9C, 0xFF, 0xFF, 0xEE, 0xFF, 0xFF, 0x47, 0x00, 0x00,
    0x00, 0x00, 0x9C, 0xFF, 0xFF, 0xFF, 0xFF, 0xFF, 0xBF, 0x01, 0x00, 0x00, 0x00, 0x9C, 0xFF, 0xFF,
    0xA9, 0xE1, 0xFF, 0xFF, 0x73, 0x00, 0x00, 0x00, 0x9C, 0xFF, 0xFF, 0x34, 0x43, 0xFE, 0xFF, 0xF8,
    0x2C, 0x00, 0x00, 0x9C, 0xFF, 0xFF, 0x34, 0x00, 0x94, 0xFF, 0xFF, 0xD0, 0x06, 0x00, 0x9C, 0xFF,
    0xFF, 0x34, 0x00, 0x0A, 0xDB, 0xFF, 0xFF, 0x89, 0x00, 0x9C, 0xFF, 0xFF, 0x34, 0x00, 0x00, 0x3A,
    0xFD, 0xFF, 0xFD, 0x3D,
    // Unicode: [0x004C]
    0x9C, 0xFF, 0xFF, 0x34, 0x00, 0x00, 0x00, 0x00, 0x00, 0x9C, 0xFF, 0xFF, 0x34, 0x00, 0x00, 0x00,
    0x00, 0x00, 0x9C, 0xFF, 0xFF, 0x34, 0x00, 0x00, 0x00, 0x00, 0x00, 0x9C, 0xFF, 0xFF, 0x34, 0x00,
    0x00, 0x00, 0x00, 0x00, 0x9C, 0xFF, 0xFF, 0x34, 0x00, 0x00, 0x00, 0x00, 0x00, 0x9C, 0xFF, 0xFF,
    0x34, 0x00, 0x00, 0x00, 0x00, 0x00, 0x9C, 0xFF, 0xFF, 0x34, 0x00, 0x00, 0x00, 0x00, 0x00, 0x9C,
    0xFF, 0xFF, 0x34, 0x00, 0x00, 0x00, 0x00, 0x00, 0x9C, 0xFF, 0xFF, 0x34, 0x00, 0x00, 0x00, 0x00,
    0x00, 0x9C, 0xFF, 0xFF, 0x63, 0x3C, 0x3C, 0x3C, 0x3C, 0x0F, 0x9C, 0xFF, 0xFF, 0xFF, 0xFF, 0xFF,
    0xFF, 0xFF, 0x44, 0x9C, 0xFF, 0xFF, 0xFF, 0xFF, 0xFF, 0xFF, 0xFF, 0x44,
    // Unicode: [0x004D]
    0x9C, 0xFF, 0xFF, 0xDA, 0x01, 0x00, 0x00, 0x00, 0xA5, 0xFF, 0xFF, 0xD4, 0x9C, 0xFF, 0xFF, 0xFF,
    0x44, 0x00, 0x00, 0x14, 0xF8, 0xFF, 0xFF, 0xD4, 0x9C, 0xFF, 0xFF, 0xFF, 0xAC, 0x00, 0x00, 0x75,
    0xFF, 0xFF, 0xFF, 0xD4, 0x9C, 0xFF, 0xFF, 0xFF, 0xFB, 0x19, 0x01, 0xDC, 0xFF, 0xFF, 0xFF, 0xD4,
    0x9C, 0xFF, 0xFF, 0xCB, 0xFF, 0x7D, 0x46, 0xFF, 0xD2, 0xF8, 0xFF, 0xD4, 0x9C, 0xFF, 0xFF, 0x68,
    0xFF, 0xE2, 0xB1, 0xFF, 0x6E, 0xF8, 0xFF, 0xD4, 0x9C, 0xFF, 0xFF, 0x15, 0xF0, 0xFF, 0xFF, 0xF8,
    0x12, 0xF8, 0xFF, 0xD4, 0x9C, 0xFF, 0xFF, 0x0C, 0x96, 0xFF, 0xFF, 0xA7, 0x00, 0xF8, 0xFF, 0xD4,
    0x9C, 0xFF, 0xFF, 0x0C, 0x33, 0xFF, 0xFF, 0x43, 0x00, 0xF8, 0xFF, 0xD4, 0x9C, 0xFF, 0xFF, 0x0C,
    0x00, 0x2A, 0x2C, 0x01, 0x00, 0xF8, 0xFF, 0xD4, 0x9C, 0xFF, 0xFF, 0x0C, 0x00, 0x00, 0x00, 0x00,
    0x00, 0xF8, 0xFF, 0xD4, 0x9C, 0xFF, 0xFF, 0x0C, 0x00, 0x00, 0x00, 0x00, 0x00, 0xF8, 0xFF, 0xD4,
    // Unicode: [0x004E]
    0x9C, 0xFF, 0xFF, 0xF1, 0x17, 0x00, 0x00, 0x44, 0xFF, 0xFF, 0x50, 0x9C, 0xFF, 0xFF, 0xFF, 0x9E,
    0x00, 0x00, 0x44, 0xFF, 0xFF, 0x50, 0x9C, 0xFF, 0xFF, 0xFF, 0xFE, 0x34, 0x00, 0x44, 0xFF, 0xFF,
    0x50, 0x9C, 0xFF, 0xFE, 0xFD, 0xFF, 0xC6, 0x00, 0x44, 0xFF, 0xFF, 0x50, 0x9C, 0xFF, 0xF8, 0x9F,
    0xFF, 0xFF, 0x5B, 0x44, 0xFF, 0xFF, 0x50, 0x9C, 0xFF, 0xF8, 0x1A, 0xF4, 0xFF, 0xE4, 0x4F, 0xFF,
    0xFF, 0x50, 0x9C, 0xFF, 0xF8, 0x00, 0x7F, 0xFF, 0xFF, 0xC7, 0xFF, 0xFF, 0x50, 0x9C, 0xFF, 0xF8,
    0x00, 0x0A, 0xE4, 0xFF, 0xFF, 0xFF, 0xFF, 0x50, 0x9C, 0xFF, 0xF8, 0x00, 0x00, 0x60, 0xFF, 0xFF,
    0xFF, 0xFF, 0x50, 0x9C, 0xFF, 0xF8, 0x00, 0x00, 0x01, 0xCD, 0xFF, 0xFF, 0xFF, 0x50, 0x9C, 0xFF,
    0xF8, 0x00, 0x00, 0x00, 0x40, 0xFF, 0xFF, 0xFF, 0x50, 0x9C, 0xFF, 0xF8, 0x00, 0x00, 0x00, 0x00,
    0xB0, 0xFF, 0xFF, 0x50,
    // Unicode: [0x004F]
    0x00, 0x00, 0x00, 0x4F, 0xB8, 0xED, 0xFA, 0xE4, 0xA4, 0x2E, 0x00, 0x00, 0x00, 0x00, 0x93, 0xFF,
    0xFF, 0xFF, 0xFF, 0xFF, 0xFF, 0xFA, 0x58, 0x00, 0x00, 0x5E, 0xFF, 0xFF, 0xE9, 0x64, 0x3E, 0x81,
    0xFC, 0xFF, 0xF7, 0x26, 0x00, 0xD7, 0xFF, 0xFF, 0x3C, 0x00, 0x00, 0x00, 0x7E, 0xFF, 0xFF, 0x96,
    0x1A, 0xFF, 0xFF, 0xE0, 0x00, 0x00, 0x00, 0x00, 0x1A, 0xFF, 0xFF, 0xD9, 0x37, 0xFF, 0xFF, 0xBD,
    0x00, 0x00, 0x00, 0x00, 0x00, 0xF4, 0xFF, 0xF6, 0x37, 0xFF, 0xFF, 0xB3, 0x00, 0x00, 0x00, 0x00,
    0x01, 0xF9, 0xFF, 0xF6, 0x1A, 0xFF, 0xFF, 0xD7, 0x00, 0x00, 0x00, 0x00, 0x1F, 0xFF, 0xFF, 0xDA,
    0x00, 0xD7, 0xFF, 0xFF, 0x3A, 0x00, 0x00, 0x00, 0x87, 0xFF, 0xFF, 0x97, 0x00, 0x60, 0xFF, 0xFF,
    0xEC, 0x63, 0x3A, 0x83, 0xFD, 0xFF, 0xF8, 0x27, 0x00, 0x00, 0x97, 0xFF, 0xFF, 0xFF, 0xFF, 0xFF,
    0xFF, 0xFB, 0x5C, 0x00, 0x00, 0x00, 0x00, 0x52, 0xBA, 0xEE, 0xFA, 0xE6, 0xA6, 0x31, 0x00, 0x00,
    // Unicode: [0x0050]
    0x9C, 0xFF, 0xFF, 0xFF, 0xFF, 0xF9, 0xD6, 0x75, 0x08, 0x00, 0x9C, 0xFF, 0xFF, 0xFF, 0xFF, 0xFF,
    0xFF, 0xFF, 0xB0, 0x00, 0x9C, 0xFF, 0xFF, 0x57, 0x2D, 0x61, 0xF5, 0xFF, 0xFF, 0x31, 0x9C, 0xFF,
    0xFF, 0x34, 0x00, 0x00, 0x9E, 0xFF, 0xFF, 0x5B, 0x9C, 0xFF, 0xFF, 0x34, 0x00, 0x00, 0x9B, 0xFF,
    0xFF, 0x52, 0x9C, 0xFF, 0xFF, 0x34, 0x05, 0x45, 0xF1, 0xFF, 0xF7, 0x16, 0x9C, 0xFF, 0xFF, 0xFF,
    0xFF, 0xFF, 0xFF, 0xFF, 0x81, 0x00, 0x9C, 0xFF, 0xFF, 0xFF, 0xFF, 0xFF, 0xEE, 0x78, 0x01, 0x00,
    0x9C, 0xFF, 0xFF, 0x57, 0x2C, 0x21, 0x04, 0x00, 0x00, 0x00, 0x9C, 0xFF, 0xFF, 0x34, 0x00, 0x00,
    0x00, 0x00, 0x00, 0x00, 0x9C, 0xFF, 0xFF, 0x34, 0x00, 0x00, 0x00, 0x00, 0x00, 0x00, 0x9C, 0xFF,
    0xFF, 0x34, 0x00, 0x00, 0x00, 0x00, 0x00, 0x00,
    // Unicode: [0x0051]
    0x00, 0x00, 0x00, 0x4D, 0xB7, 0xEC, 0xF9, 0xE3, 0xA3, 0x2D, 0x00, 0x00, 0x00, 0x00, 0x8F, 0xFF,
    0xFF, 0xFF, 0xFF, 0xFF, 0xFF, 0xF9, 0x55, 0x00, 0x00, 0x59, 0xFF, 0xFF, 0xE9, 0x64, 0x3E, 0x81,
    0xFC, 0xFF, 0xF6, 0x23, 0x00, 0xD2, 0xFF, 0xFF, 0x3E, 0x00, 0x00, 0x00, 0x80, 0xFF, 0xFF, 0x93,
    0x17, 0xFF, 0xFF, 0xE2, 0x00, 0x00, 0x00, 0x00, 0x1C, 0xFF, 0xFF, 0xD7, 0x36, 0xFF, 0xFF, 0xBE,
    0x00, 0x00, 0x00, 0x00, 0x00, 0xF4, 0xFF, 0xF5, 0x39, 0xFF, 0xFF, 0xB2, 0x00, 0x00, 0x00, 0x00,
    0x00, 0xF2, 0xFF, 0xF2, 0x21, 0xFF, 0xFF, 0xD4, 0x00, 0x00, 0x00, 0x00, 0x16, 0xFF, 0xFF, 0xD5,
    0x00, 0xE4, 0xFF, 0xFF, 0x38, 0x00, 0x00, 0x00, 0x7D, 0xFF, 0xFF, 0x91, 0x00, 0x79, 0xFF, 0xFF,
    0xE1, 0x4B, 0x22, 0x6B, 0xF7, 0xFF, 0xF9, 0x27, 0x00, 0x05, 0xBC, 0xFF, 0xFF, 0xFF, 0xFF, 0xFF,
    0xFF, 0xFE, 0x5F, 0x00, 0x00, 0x00, 0x06, 0x74, 0xD1, 0xF6, 0xFF, 0xFF, 0xD4, 0x33, 0x00, 0x00,
    0x00, 0x00, 0x00, 0x00, 0x00, 0x02, 0xF4, 0xFF, 0xD1, 0x1A, 0x0B, 0x28, 0x00, 0x00, 0x00, 0x00,
    0x00, 0x00, 0xA0, 0xFF, 0xFF, 0xFF, 0xFF, 0xC8, 0x00, 0x00, 0x00, 0x00, 0x00, 0x00, 0x0C, 0x8D,
    0xDF, 0xFB, 0xF4, 0xA5,
    // Unicode: [0x0052]
    0x9C, 0xFF, 0xFF, 0xFF, 0xFF, 0xFB, 0xE4, 0x9C, 0x12, 0x00, 0x00, 0x9C, 0xFF, 0xFF, 0xFF, 0xFF,
    0xFF, 0xFF, 0xFF, 0xC2, 0x04, 0x00, 0x9C, 0xFF, 0xFF, 0x50, 0x28, 0x46, 0xEA, 0xFF, 0xFF, 0x47,
    0x00, 0x9C, 0xFF, 0xFF, 0x30, 0x00, 0x00, 0x91, 0xFF, 0xFF, 0x65, 0x00, 0x9C, 0xFF, 0xFF, 0x30,
    0x00, 0x00, 0x9C, 0xFF, 0xFF, 0x4D, 0x00, 0x9C, 0xFF, 0xFF, 0x43, 0x1F, 0x59, 0xF6, 0xFF, 0xEE,
    0x0B, 0x00, 0x9C, 0xFF, 0xFF, 0xFF, 0xFF, 0xFF, 0xFF, 0xF3, 0x45, 0x00, 0x00, 0x9C, 0xFF, 0xFF,
    0xFF, 0xFF, 0xFF, 0xFF, 0x80, 0x00, 0x00, 0x00, 0x9C, 0xFF, 0xFF, 0x30, 0x2E, 0xF7, 0xFF, 0xF9,
    0x36, 0x00, 0x00, 0x9C, 0xFF, 0xFF, 0x30, 0x00, 0x68, 0xFF, 0xFF, 0xE1, 0x13, 0x00, 0x9C, 0xFF,
    0xFF, 0x30, 0x00, 0x00, 0xA9, 0xFF, 0xFF, 0xB8, 0x02, 0x9C, 0xFF, 0xFF, 0x30, 0x00, 0x00, 0x0E,
    0xDC, 0xFF, 0xFF, 0x81,
    // Unicode: [0x0053]
    0x00, 0x00, 0x29, 0x9F, 0xE1, 0xFA, 0xEA, 0xCD, 0x9A, 0x3C, 0x00, 0x00, 0x49, 0xF8, 0xFF, 0xFF,
    0xFF, 0xFF, 0xFF, 0xFF, 0xB0, 0x00, 0x03, 0xE4, 0xFF, 0xF9, 0x68, 0x28, 0x32, 0x70, 0xDA, 0xB0,
    0x00, 0x1C, 0xFF, 0xFF, 0xD8, 0x01, 0x00, 0x00, 0x00, 0x05, 0x3F, 0x00, 0x08, 0xFB, 0xFF, 0xFF,
    0xD6, 0x8B, 0x50, 0x0D, 0x00, 0x00, 0x00, 0x00, 0x98, 0xFF, 0xFF, 0xFF, 0xFF, 0xFF, 0xF8, 0x94,
    0x09, 0x00, 0x00, 0x04, 0x83, 0xF1, 0xFF, 0xFF, 0xFF, 0xFF, 0xFF, 0xA8, 0x00, 0x00, 0x00, 0x00,
    0x08, 0x43, 0x7F, 0xCD, 0xFF, 0xFF, 0xFE, 0x09, 0x22, 0x60, 0x00, 0x00, 0x00, 0x00, 0x02, 0xDC,
    0xFF, 0xFF, 0x15, 0x34, 0xFF, 0xC8, 0x64, 0x2F, 0x27, 0x62, 0xF9, 0xFF, 0xD7, 0x00, 0x34, 0xFF,
    0xFF, 0xFF, 0xFF, 0xFF, 0xFF, 0xFF, 0xF3, 0x3B, 0x00, 0x07, 0x5A, 0xAE, 0xE3, 0xF9, 0xF9, 0xDD,
    0x98, 0x21, 0x00, 0x00,
    // Unicode: [0x0054]
    0xB4, 0xFF, 0xFF, 0xFF, 0xFF, 0xFF, 0xFF, 0xFF, 0xFF, 0xEC, 0xB4, 0xFF, 0xFF, 0xFF, 0xFF, 0xFF,
    0xFF, 0xFF, 0xFF, 0xEC, 0x2A, 0x3C, 0x3C, 0x76, 0xFF, 0xFF, 0xA1, 0x3C, 0x3C, 0x37, 0x00, 0x00,
    0x00, 0x4C, 0xFF, 0xFF, 0x84, 0x00, 0x00, 0x00, 0x00, 0x00, 0x00, 0x4C, 0xFF, 0xFF, 0x84, 0x00,
    0x00, 0x00, 0x00, 0x00, 0x00, 0x4C, 0xFF, 0xFF, 0x84, 0x00, 0x00, 0x00, 0x00, 0x00, 0x00, 0x4C,
    0xFF, 0xFF, 0x84, 0x00, 0x00, 0x00, 0x00, 0x00, 0x00, 0x4C, 0xFF, 0xFF, 0x84, 0x00, 0x00, 0x00,
    0x00, 0x00, 0x00, 0x4C, 0xFF, 0xFF, 0x84, 0x00, 0x00, 0x00, 0x00, 0x00, 0x00, 0x4C, 0xFF, 0xFF,
    0x84, 0x00, 0x00, 0x00, 0x00, 0x00, 0x00, 0x4C, 0xFF, 0xFF, 0x84, 0x00, 0x00, 0x00, 0x00, 0x00,
    0x00, 0x4C, 0xFF, 0xFF, 0x84, 0x00, 0x00, 0x00,
    // Unicode: [0x0055]
    0xC4, 0xFF, 0xFF, 0x10, 0x00, 0x00, 0x00, 0xE4, 0xFF, 0xF0, 0xC4, 0xFF, 0xFF, 0x10, 0x00, 0x00,
    0x00, 0xE4, 0xFF, 0xF0, 0xC4, 0xFF, 0xFF, 0x10, 0x00, 0x00, 0x00, 0xE4, 0xFF, 0xF0, 0xC4, 0xFF,
    0xFF, 0x10, 0x00, 0x00, 0x00, 0xE4, 0xFF, 0xF0, 0xC4, 0xFF, 0xFF, 0x10, 0x00, 0x00, 0x00, 0xE4,
    0xFF, 0xF0, 0xC4, 0xFF, 0xFF, 0x10, 0x00, 0x00, 0x00, 0xE4, 0xFF, 0xF0, 0xC4, 0xFF, 0xFF, 0x10,
    0x00, 0x00, 0x00, 0xE4, 0xFF, 0xF0, 0xC1, 0xFF, 0xFF, 0x15, 0x00, 0x00, 0x00, 0xE9, 0xFF, 0xED,
    0xAC, 0xFF, 0xFF, 0x3D, 0x00, 0x00, 0x13, 0xFE, 0xFF, 0xD6, 0x67, 0xFF, 0xFF, 0xD1, 0x4D, 0x44,
    0xB7, 0xFF, 0xFF, 0x91, 0x07, 0xC9, 0xFF, 0xFF, 0xFF, 0xFF, 0xFF, 0xFF, 0xE2, 0x17, 0x00, 0x0A,
    0x80, 0xD4, 0xF7, 0xF9, 0xDC, 0x93, 0x17, 0x00,
    // Unicode: [0x0056]
    0xAA, 0xFF, 0xFF, 0x47, 0x00, 0x00, 0x00, 0x00, 0xC1, 0xFF, 0xFE, 0x1E, 0x55, 0xFF, 0xFF, 0x98,
    0x00, 0x00, 0x00, 0x13, 0xFC, 0xFF, 0xC7, 0x00, 0x0A, 0xF5, 0xFF, 0xE6, 0x01, 0x00, 0x00, 0x61,
    0xFF, 0xFF, 0x72, 0x00, 0x00, 0xAB, 0xFF, 0xFF, 0x38, 0x00, 0x00, 0xB1, 0xFF, 0xFF, 0x1E, 0x00,
    0x00, 0x56, 0xFF, 0xFF, 0x88, 0x00, 0x0A, 0xF6, 0xFF, 0xC8, 0x00, 0x00, 0x00, 0x0B, 0xF5, 0xFF,
    0xD8, 0x00, 0x51, 0xFF, 0xFF, 0x73, 0x00, 0x00, 0x00, 0x00, 0xAC, 0xFF, 0xFF, 0x28, 0xA1, 0xFF,
    0xFF, 0x1F, 0x00, 0x00, 0x00, 0x00, 0x57, 0xFF, 0xFF, 0x7B, 0xEC, 0xFF, 0xC9, 0x00, 0x00, 0x00,
    0x00, 0x00, 0x0B, 0xF6, 0xFF, 0xF0, 0xFF, 0xFF, 0x74, 0x00, 0x00, 0x00, 0x00, 0x00, 0x00, 0xAD,
    0xFF, 0xFF, 0xFF, 0xFF, 0x20, 0x00, 0x00, 0x00, 0x00, 0x00, 0x00, 0x58, 0xFF, 0xFF, 0xFF, 0xCA,
    0x00, 0x00, 0x00, 0x00, 0x00, 0x00, 0x00, 0x0C, 0xF6, 0xFF, 0xFF, 0x76, 0x00, 0x00, 0x00, 0x00,
    // Unicode: [0x0057]
    0x65, 0xFF, 0xFF, 0x85, 0x00, 0x00, 0x09, 0xF9, 0xFF, 0xFA, 0x0A, 0x00, 0x00, 0x88, 0xFF, 0xFF,
    0x50, 0x26, 0xFF, 0xFF, 0xB9, 0x00, 0x00, 0x42, 0xFF, 0xFF, 0xFF, 0x41, 0x00, 0x00, 0xBE, 0xFF,
    0xFE, 0x13, 0x00, 0xE7, 0xFF, 0xEC, 0x00, 0x00, 0x80, 0xFF, 0xFF, 0xFF, 0x7C, 0x00, 0x01, 0xF1,
    0xFF, 0xD2, 0x00, 0x00, 0xA9, 0xFF, 0xFF, 0x21, 0x00, 0xBF, 0xFF, 0xFF, 0xFF, 0xB8, 0x00, 0x2A,
    0xFF, 0xFF, 0x94, 0x00, 0x00, 0x6A, 0xFF, 0xFF, 0x54, 0x06, 0xF6, 0xFF, 0xD6, 0xFF, 0xF1, 0x02,
    0x60, 0xFF, 0xFF, 0x55, 0x00, 0x00, 0x2C, 0xFF, 0xFF, 0x88, 0x3C, 0xFF, 0xFF, 0x5B, 0xFF, 0xFF,
    0x2F, 0x97, 0xFF, 0xFF, 0x17, 0x00, 0x00, 0x01, 0xEB, 0xFF, 0xBC, 0x7A, 0xFF, 0xDF, 0x06, 0xF6,
    0xFF, 0x6A, 0xCD, 0xFF, 0xD8, 0x00, 0x00, 0x00, 0x00, 0xAE, 0xFF, 0xEF, 0xB9, 0xFF, 0xA0, 0x00,
    0xBD, 0xFF, 0xAE, 0xFA, 0xFF, 0x99, 0x00, 0x00, 0x00, 0x00, 0x70, 0xFF, 0xFF, 0xFC, 0xFF, 0x62,
    0x00, 0x7D, 0xFF, 0xFC, 0xFF, 0xFF, 0x5A, 0x00, 0x00, 0x00, 0x00, 0x31, 0xFF, 0xFF, 0xFF, 0xFF,
    0x23, 0x00, 0x3D, 0xFF, 0xFF, 0xFF, 0xFF, 0x1C, 0x00, 0x00, 0x00, 0x00, 0x02, 0xEF, 0xFF, 0xFF,
    0xE5, 0x00, 0x00, 0x06, 0xF6, 0xFF, 0xFF, 0xDD, 0x00, 0x00, 0x00, 0x00, 0x00, 0x00, 0xB3, 0xFF,
    0xFF, 0xA7, 0x00, 0x00, 0x00, 0xBC, 0xFF, 0xFF, 0x9F, 0x00, 0x00, 0x00,
    // Unicode: [0x0058]
    0x6F, 0xFF, 0xFF, 0xCA, 0x02, 0x00, 0x00, 0x36, 0xFD, 0xFF, 0xDA, 0x09, 0x02, 0xC9, 0xFF, 0xFF,
    0x68, 0x00, 0x04, 0xD0, 0xFF, 0xFE, 0x3E, 0x00, 0x00, 0x2D, 0xFA, 0xFF, 0xEE, 0x15, 0x76, 0xFF,
    0xFF, 0x95, 0x00, 0x00, 0x00, 0x00, 0x85, 0xFF, 0xFF, 0xB4, 0xF5, 0xFF, 0xE1, 0x0C, 0x00, 0x00,
    0x00, 0x00, 0x07, 0xD9, 0xFF, 0xFF, 0xFF, 0xFF, 0x46, 0x00, 0x00, 0x00, 0x00, 0x00, 0x00, 0x3F,
    0xFF, 0xFF, 0xFF, 0xA3, 0x00, 0x00, 0x00, 0x00, 0x00, 0x00, 0x00, 0x4D, 0xFF, 0xFF, 0xFF, 0xCF,
    0x04, 0x00, 0x00, 0x00, 0x00, 0x00, 0x0D, 0xE3, 0xFF, 0xFF, 0xFF, 0xFF, 0x74, 0x00, 0x00, 0x00,
    0x00, 0x00, 0x96, 0xFF, 0xFF, 0x80, 0xF3, 0xFF, 0xF5, 0x1F, 0x00, 0x00, 0x00, 0x3B, 0xFE, 0xFF,
    0xC8, 0x01, 0x76, 0xFF, 0xFF, 0xB5, 0x00, 0x00, 0x06, 0xD6, 0xFF, 0xFD, 0x32, 0x00, 0x05, 0xD7,
    0xFF, 0xFF, 0x56, 0x00, 0x82, 0xFF, 0xFF, 0x95, 0x00, 0x00, 0x00, 0x44, 0xFF, 0xFF, 0xE7, 0x10,
    // Unicode: [0x0059]
    0xAB, 0xFF, 0xFF, 0x84, 0x00, 0x00, 0x00, 0x5B, 0xFF, 0xFF, 0xB5, 0x24, 0xFA, 0xFF, 0xF3, 0x13,
    0x00, 0x01, 0xD5, 0xFF, 0xFD, 0x2D, 0x00, 0x93, 0xFF, 0xFF, 0x89, 0x00, 0x54, 0xFF, 0xFF, 0x9E,
    0x00, 0x00, 0x15, 0xF2, 0xFF, 0xF4, 0x17, 0xD0, 0xFF, 0xF6, 0x1C, 0x00, 0x00, 0x00, 0x7C, 0xFF,
    0xFF, 0xCB, 0xFF, 0xFF, 0x87, 0x00, 0x00, 0x00, 0x00, 0x0A, 0xE5, 0xFF, 0xFF, 0xFF, 0xEC, 0x0F,
    0x00, 0x00, 0x00, 0x00, 0x00, 0x64, 0xFF, 0xFF, 0xFF, 0x6F, 0x00, 0x00, 0x00, 0x00, 0x00, 0x00,
    0x03, 0xE6, 0xFF, 0xFA, 0x06, 0x00, 0x00, 0x00, 0x00, 0x00, 0x00, 0x00, 0xD8, 0xFF, 0xF8, 0x00,
    0x00, 0x00, 0x00, 0x00, 0x00, 0x00, 0x00, 0xD8, 0xFF, 0xF8, 0x00, 0x00, 0x00, 0x00, 0x00, 0x00,
    0x00, 0x00, 0xD8, 0xFF, 0xF8, 0x00, 0x00, 0x00, 0x00, 0x00, 0x00, 0x00, 0x00, 0xD8, 0xFF, 0xF8,
    0x00, 0x00, 0x00, 0x00,
    // Unicode: [0x005A]
    0x14, 0xFF, 0xFF, 0xFF, 0xFF, 0xFF, 0xFF, 0xFF, 0xFF, 0x88, 0x14, 0xFF, 0xFF, 0xFF, 0xFF, 0xFF,
    0xFF, 0xFF, 0xFF, 0x88, 0x04, 0x3C, 0x3C, 0x3C, 0x3C, 0x61, 0xFE, 0xFF, 0xFF, 0x4E, 0x00, 0x00,
    0x00, 0x00, 0x05, 0xCA, 0xFF, 0xFF, 0x99, 0x00, 0x00, 0x00, 0x00, 0x00, 0x87, 0xFF, 0xFF, 0xD7,
    0x0A, 0x00, 0x00, 0x00, 0x00, 0x41, 0xFD, 0xFF, 0xF9, 0x31, 0x00, 0x00, 0x00, 0x00, 0x12, 0xE3,
    0xFF, 0xFF, 0x73, 0x00, 0x00, 0x00, 0x00, 0x00, 0xAD, 0xFF, 0xFF, 0xBA, 0x01, 0x00, 0x00, 0x00,
    0x00, 0x65, 0xFF, 0xFF, 0xEB, 0x19, 0x00, 0x00, 0x00, 0x00, 0x24, 0xF4, 0xFF, 0xFF, 0x87, 0x3C,
    0x3C, 0x3C, 0x3C, 0x31, 0x58, 0xFF, 0xFF, 0xFF, 0xFF, 0xFF, 0xFF, 0xFF, 0xFF, 0xD4, 0x58, 0xFF,
    0xFF, 0xFF, 0xFF, 0xFF, 0xFF, 0xFF, 0xFF, 0xD4,
    // Unicode: [0x005B]
    0x30, 0xFF, 0xFF, 0xFF, 0xFF, 0xB4, 0x30, 0xFF, 0xFF, 0xE3, 0xE0, 0x9D, 0x30, 0xFF, 0xFF, 0x1C,
    0x00, 0x00, 0x30, 0xFF, 0xFF, 0x1C, 0x00, 0x00, 0x30, 0xFF, 0xFF, 0x1C, 0x00, 0x00, 0x30, 0xFF,
    0xFF, 0x1C, 0x00, 0x00, 0x30, 0xFF, 0xFF, 0x1C, 0x00, 0x00, 0x30, 0xFF, 0xFF, 0x1C, 0x00, 0x00,
    0x30, 0xFF, 0xFF, 0x1C, 0x00, 0x00, 0x30, 0xFF, 0xFF, 0x1C, 0x00, 0x00, 0x30, 0xFF, 0xFF, 0x1C,
    0x00, 0x00, 0x30, 0xFF, 0xFF, 0x1C, 0x00, 0x00, 0x30, 0xFF, 0xFF, 0x1C, 0x00, 0x00, 0x30, 0xFF,
    0xFF, 0xDF, 0xDC, 0x9A, 0x30, 0xFF, 0xFF, 0xFF, 0xFF, 0xB4,
    // Unicode: [0x005C]
    0x69, 0xFF, 0xD9, 0x00, 0x00, 0x00, 0x00, 0x00, 0x00, 0x0E, 0xF4, 0xFF, 0x41, 0x00, 0x00, 0x00,
    0x00, 0x00, 0x00, 0x9C, 0xFF, 0xA7, 0x00, 0x00, 0x00, 0x00, 0x00, 0x00, 0x36, 0xFF, 0xF8, 0x14,
    0x00, 0x00, 0x00, 0x00, 0x00, 0x00, 0xCF, 0xFF, 0x73, 0x00, 0x00, 0x00, 0x00, 0x00, 0x00, 0x69,
    0xFF, 0xD8, 0x00, 0x00, 0x00, 0x00, 0x00, 0x00, 0x0E, 0xF4, 0xFF, 0x3F, 0x00, 0x00, 0x00, 0x00,
    0x00, 0x00, 0x9D, 0xFF, 0xA5, 0x00, 0x00, 0x00, 0x00, 0x00, 0x00, 0x36, 0xFF, 0xF8, 0x13, 0x00,
    0x00, 0x00, 0x00, 0x00, 0x00, 0xD0, 0xFF, 0x71, 0x00, 0x00, 0x00, 0x00, 0x00, 0x00, 0x6A, 0xFF,
    0xD6, 0x00, 0x00, 0x00, 0x00, 0x00, 0x00, 0x0E, 0xF4, 0xFF, 0x3D, 0x00, 0x00, 0x00, 0x00, 0x00,
    0x00, 0x9D, 0xFF, 0xA3, 0x00, 0x00, 0x00, 0x00, 0x00, 0x00, 0x37, 0xFF, 0xF7, 0x11, 0x00, 0x00,
    0x00, 0x00, 0x00, 0x00, 0x74, 0x80, 0x2B,
    // Unicode: [0x005D]
    0x8C, 0xFF, 0xFF, 0xFF, 0xFF, 0x58, 0x7A, 0xE0, 0xE0, 0xFE, 0xFF, 0x58, 0x00, 0x00, 0x00, 0xF4,
    0xFF, 0x58, 0x00, 0x00, 0x00, 0xF4, 0xFF, 0x58, 0x00, 0x00, 0x00, 0xF4, 0xFF, 0x58, 0x00, 0x00,
    0x00, 0xF4, 0xFF, 0x58, 0x00, 0x00, 0x00, 0xF4, 0xFF, 0x58, 0x00, 0x00, 0x00, 0xF4, 0xFF, 0x58,
    0x00, 0x00, 0x00, 0xF4, 0xFF, 0x58, 0x00, 0x00, 0x00, 0xF4, 0xFF, 0x58, 0x00, 0x00, 0x00, 0xF4,
    0xFF, 0x58, 0x00, 0x00, 0x00, 0xF4, 0xFF, 0x58, 0x00, 0x00, 0x00, 0xF4, 0xFF, 0x58, 0x78, 0xDC,
    0xDC, 0xFE, 0xFF, 0x58, 0x8C, 0xFF, 0xFF, 0xFF, 0xFF, 0x58,
    // Unicode: [0x005E]
    0x00, 0x00, 0x00, 0x00, 0x58, 0x80, 0x3B, 0x00, 0x00, 0x00, 0x00, 0x00, 0x00, 0x00, 0x2C, 0xFA,
    0xFF, 0xE4, 0x0F, 0x00, 0x00, 0x00, 0x00, 0x00, 0x01, 0xC4, 0xFF, 0xEC, 0xFF, 0x9C, 0x00, 0x00,
    0x00, 0x00, 0x00, 0x64, 0xFF, 0xDA, 0x24, 0xF1, 0xFF, 0x46, 0x00, 0x00, 0x00, 0x15, 0xED, 0xFF,
    0x47, 0x00, 0x67, 0xFF, 0xE1, 0x0D, 0x00, 0x00, 0xA2, 0xFF, 0xAB, 0x00, 0x00, 0x01, 0xBE, 0xFF,
    0x96, 0x00, 0x41, 0xFF, 0xF4, 0x1C, 0x00, 0x00, 0x00, 0x22, 0xF5, 0xFE, 0x40,
    // Unicode: [0x005F]
    0x14, 0xA4, 0xA4, 0xA4, 0xA4, 0xA4, 0xA4, 0xA4, 0xA4, 0xA4, 0xA4, 0x80, 0x20, 0xFF, 0xFF, 0xFF,
    0xFF, 0xFF, 0xFF, 0xFF, 0xFF, 0xFF, 0xFF, 0xC8,
    // Unicode: [0x0060]
    0x14, 0xDD, 0xFF, 0x9C, 0x00, 0x00, 0x00, 0x23, 0xE9, 0xFE, 0x39, 0x00, 0x00, 0x00, 0x32, 0xF2,
    0xCE, 0x03,
    // Unicode: [0x0061]
    0x00, 0x6B, 0xCC, 0xE8, 0xFB, 0xF3, 0xCD, 0x70, 0x00, 0x00, 0xA8, 0xFF, 0xFC, 0xF4, 0xFF, 0xFF,
    0xFF, 0x6B, 0x00, 0x4F, 0x36, 0x07, 0x00, 0x2E, 0xEF, 0xFF, 0xBD, 0x00, 0x00, 0x40, 0x87, 0xA8,
    0xB8, 0xF2, 0xFF, 0xD7, 0x01, 0xA8, 0xFF, 0xFF, 0xFA, 0xDC, 0xF4, 0xFF, 0xD8, 0x3D, 0xFF, 0xFF,
    0x9F, 0x07, 0x00, 0xC8, 0xFF, 0xD8, 0x53, 0xFF, 0xFF, 0x6D, 0x00, 0x13, 0xDD, 0xFF, 0xD8, 0x1A,
    0xF4, 0xFF, 0xFD, 0xDF, 0xF9, 0xFD, 0xFF, 0xD8, 0x00, 0x45, 0xD2, 0xF7, 0xD5, 0x66, 0xC8, 0xFF,
    0xD8,
    // Unicode: [0x0062]
    0xC0, 0xFF, 0xE0, 0x00, 0x00, 0x00, 0x00, 0x00, 0x00, 0xC0, 0xFF, 0xE0, 0x00, 0x00, 0x00, 0x00,
    0x00, 0x00, 0xC0, 0xFF, 0xE0, 0x00, 0x00, 0x00, 0x00, 0x00, 0x00, 0xC0, 0xFF, 0xE0, 0x48, 0xD0,
    0xF9, 0xD9, 0x4F, 0x00, 0xC0, 0xFF, 0xFC, 0xFF, 0xFF, 0xFF, 0xFF, 0xFB, 0x22, 0xC0, 0xFF, 0xF1,
    0x4F, 0x28, 0x90, 0xFF, 0xFF, 0x8C, 0xC0, 0xFF, 0xE0, 0x00, 0x00, 0x09, 0xFA, 0xFF, 0xB8, 0xC0,
    0xFF, 0xE0, 0x00, 0x00, 0x00, 0xEB, 0xFF, 0xCE, 0xC0, 0xFF, 0xE0, 0x00, 0x00, 0x0D, 0xFD, 0xFF,
    0xB8, 0xC0, 0xFF, 0xE4, 0x08, 0x11, 0x9C, 0xFF, 0xFF, 0x72, 0xC0, 0xFF, 0xFF, 0xFF, 0xFF, 0xFF,
    0xFF, 0xDA, 0x0B, 0xC0, 0xFF, 0xE4, 0xAC, 0xED, 0xF4, 0xAC, 0x1B, 0x00,
    // Unicode: [0x0063]
    0x00, 0x00, 0x39, 0xAD, 0xDD, 0xF6, 0xDC, 0x9B, 0x1E, 0x00, 0x53, 0xFD, 0xFF, 0xFF, 0xFF, 0xFF,
    0xFF, 0x54, 0x08, 0xEC, 0xFF, 0xF3, 0x4E, 0x0A, 0x2C, 0xB1, 0x54, 0x40, 0xFF, 0xFF, 0x8F, 0x00,
    0x00, 0x00, 0x00, 0x03, 0x56, 0xFF, 0xFF, 0x68, 0x00, 0x00, 0x00, 0x00, 0x00, 0x42, 0xFF, 0xFF,
    0x8A, 0x00, 0x00, 0x00, 0x00, 0x01, 0x0A, 0xEF, 0xFF, 0xF1, 0x49, 0x09, 0x25, 0xA5, 0x54, 0x00,
    0x5C, 0xFE, 0xFF, 0xFF, 0xFF, 0xFF, 0xFF, 0x54, 0x00, 0x00, 0x3D, 0xB0, 0xEA, 0xFA, 0xE4, 0xA5,
    0x20,
    // Unicode: [0x0064]
    0x00, 0x00, 0x00, 0x00, 0x00, 0x00, 0x64, 0xFF, 0xFF, 0x40, 0x00, 0x00, 0x00, 0x00, 0x00, 0x00,
    0x64, 0xFF, 0xFF, 0x40, 0x00, 0x00, 0x00, 0x00, 0x00, 0x00, 0x64, 0xFF, 0xFF, 0x40, 0x00, 0x00,
    0x60, 0xD7, 0xFA, 0xD7, 0xB7, 0xFF, 0xFF, 0x40, 0x00, 0x5E, 0xFF, 0xFF, 0xFF, 0xFF, 0xFF, 0xFF,
    0xFF, 0x40, 0x08, 0xE8, 0xFF, 0xF3, 0x52, 0x15, 0x82, 0xFF, 0xFF, 0x40, 0x3D, 0xFF, 0xFF, 0x91,
    0x00, 0x00, 0x64, 0xFF, 0xFF, 0x40, 0x52, 0xFF, 0xFF, 0x67, 0x00, 0x00, 0x64, 0xFF, 0xFF, 0x40,
    0x3B, 0xFF, 0xFF, 0x76, 0x00, 0x00, 0x64, 0xFF, 0xFF, 0x40, 0x11, 0xF7, 0xFF, 0xD0, 0x0F, 0x02,
    0x8B, 0xFF, 0xFF, 0x40, 0x00, 0x92, 0xFF, 0xFF, 0xFA, 0xF4, 0xFF, 0xFF, 0xFF, 0x40, 0x00, 0x08,
    0x99, 0xF1, 0xEA, 0xAB, 0x8C, 0xFF, 0xFF, 0x40,
    // Unicode: [0x0065]
    0x00, 0x00, 0x3B, 0xB5, 0xEE, 0xFA, 0xDE, 0x86, 0x07, 0x00, 0x00, 0x53, 0xFC, 0xFF, 0xDD, 0xD0,
    0xFF, 0xFF, 0xA6, 0x00, 0x07, 0xE9, 0xFF, 0x9C, 0x00, 0x00, 0x85, 0xFF, 0xFF, 0x1F, 0x3F, 0xFF,
    0xFF, 0xC3, 0xA4, 0xA4, 0xC0, 0xFF, 0xFF, 0x4D, 0x56, 0xFF, 0xFF, 0xFF, 0xFF, 0xFF, 0xFF, 0xFF,
    0xFF, 0x57, 0x44, 0xFF, 0xFF, 0x6F, 0x00, 0x00, 0x00, 0x00, 0x00, 0x00, 0x0B, 0xF0, 0xFF, 0xE9,
    0x47, 0x07, 0x05, 0x3E, 0xB2, 0x2D, 0x00, 0x5D, 0xFD, 0xFF, 0xFF, 0xFF, 0xFE, 0xFF, 0xFF, 0x30,
    0x00, 0x00, 0x3A, 0xAB, 0xE6, 0xFB, 0xED, 0xCD, 0x81, 0x0F,
    // Unicode: [0x0066]
    0x00, 0x00, 0x68, 0xD7, 0xF7, 0xF5, 0x82, 0x00, 0x44, 0xFF, 0xFF, 0xFF, 0xFF, 0x94, 0x00, 0x83,
    0xFF, 0xFF, 0x4C, 0x24, 0x14, 0xB0, 0xFF, 0xFF, 0xFF, 0xFF, 0xFF, 0x08, 0xA2, 0xF7, 0xFF, 0xFF,
    0xED, 0xEC, 0x07, 0x00, 0x90, 0xFF, 0xFF, 0x14, 0x00, 0x00, 0x00, 0x90, 0xFF, 0xFF, 0x14, 0x00,
    0x00, 0x00, 0x90, 0xFF, 0xFF, 0x14, 0x00, 0x00, 0x00, 0x90, 0xFF, 0xFF, 0x14, 0x00, 0x00, 0x00,
    0x90, 0xFF, 0xFF, 0x14, 0x00, 0x00, 0x00, 0x90, 0xFF, 0xFF, 0x14, 0x00, 0x00, 0x00, 0x90, 0xFF,
    0xFF, 0x14, 0x00, 0x00,
    // Unicode: [0x0067]
    0x00, 0x00, 0x5E, 0xDB, 0xF6, 0xD0, 0xAE, 0xFF, 0xFF, 0x40, 0x00, 0x6D, 0xFF, 0xFF, 0xFF, 0xFF,
    0xFF, 0xFF, 0xFF, 0x40, 0x0D, 0xEF, 0xFF, 0xF0, 0x4E, 0x15, 0x80, 0xFF, 0xFF, 0x40, 0x42, 0xFF,
    0xFF, 0x8B, 0x00, 0x00, 0x64, 0xFF, 0xFF, 0x40, 0x54, 0xFF, 0xFF, 0x66, 0x00, 0x00, 0x64, 0xFF,
    0xFF, 0x40, 0x46, 0xFF, 0xFF, 0x7E, 0x00, 0x00, 0x64, 0xFF, 0xFF, 0x40, 0x16, 0xFD, 0xFF, 0xE5,
    0x48, 0x36, 0xAF, 0xFF, 0xFF, 0x40, 0x00, 0xA5, 0xFF, 0xFF, 0xFF, 0xFF, 0xFF, 0xFF, 0xFF, 0x3F,
    0x00, 0x0A, 0x95, 0xEA, 0xF2, 0xBB, 0x9D, 0xFF, 0xFF, 0x2F, 0x00, 0x2E, 0x3E, 0x15, 0x07, 0x2D,
    0xCF, 0xFF, 0xF3, 0x06, 0x00, 0x78, 0xFF, 0xFF, 0xFF, 0xFF, 0xFF, 0xFF, 0x7B, 0x00, 0x00, 0x50,
    0xCE, 0xED, 0xFA, 0xE9, 0xC6, 0x63, 0x00, 0x00,
    // Unicode: [0x0068]
    0xC0, 0xFF, 0xE0, 0x00, 0x00, 0x00, 0x00, 0x00, 0x00, 0xC0, 0xFF, 0xE0, 0x00, 0x00, 0x00, 0x00,
    0x00, 0x00, 0xC0, 0xFF, 0xE0, 0x00, 0x00, 0x00, 0x00, 0x00, 0x00, 0xC0, 0xFF, 0xE0, 0x3D, 0xC3,
    0xF7, 0xD9, 0x54, 0x00, 0xC0, 0xFF, 0xFA, 0xFD, 0xFF, 0xFF, 0xFF, 0xFA, 0x22, 0xC0, 0xFF, 0xF8,
    0x82, 0x53, 0xB7, 0xFF, 0xFF, 0x64, 0xC0, 0xFF, 0xE0, 0x00, 0x00, 0x3A, 0xFF, 0xFF, 0x7E, 0xC0,
    0xFF, 0xE0, 0x00, 0x00, 0x27, 0xFF, 0xFF, 0x80, 0xC0, 0xFF, 0xE0, 0x00, 0x00, 0x24, 0xFF, 0xFF,
    0x80, 0xC0, 0xFF, 0xE0, 0x00, 0x00, 0x24, 0xFF, 0xFF, 0x80, 0xC0, 0xFF, 0xE0, 0x00, 0x00, 0x24,
    0xFF, 0xFF, 0x80, 0xC0, 0xFF, 0xE0, 0x00, 0x00, 0x24, 0xFF, 0xFF, 0x80,
    // Unicode: [0x0069]
    0xD4, 0xFF, 0xF4, 0xD4, 0xFF, 0xF4, 0x1A, 0x20, 0x1E, 0xC0, 0xFF, 0xE0, 0xC0, 0xFF, 0xE0, 0xC0,
    0xFF, 0xE0, 0xC0, 0xFF, 0xE0, 0xC0, 0xFF, 0xE0, 0xC0, 0xFF, 0xE0, 0xC0, 0xFF, 0xE0, 0xC0, 0xFF,
    0xE0, 0xC0, 0xFF, 0xE0,
    // Unicode: [0x006A]
    0x00, 0x00, 0x00, 0xFF, 0xFF, 0xD0, 0x00, 0x00, 0x00, 0xFF, 0xFF, 0xD0, 0x00, 0x00, 0x00, 0x20,
    0x20, 0x1A, 0x00, 0x64, 0xFF, 0xFF, 0xFF, 0xD0, 0x00, 0x59, 0xE4, 0xFB, 0xFF, 0xD0, 0x00, 0x00,
    0x00, 0xD4, 0xFF, 0xD0, 0x00, 0x00, 0x00, 0xD4, 0xFF, 0xD0, 0x00, 0x00, 0x00, 0xD4, 0xFF, 0xD0,
    0x00, 0x00, 0x00, 0xD4, 0xFF, 0xD0, 0x00, 0x00, 0x00, 0xD4, 0xFF, 0xD0, 0x00, 0x00, 0x00, 0xD4,
    0xFF, 0xD0, 0x00, 0x00, 0x00, 0xE5, 0xFF, 0xCF, 0x15, 0x34, 0x6C, 0xFF, 0xFF, 0xB5, 0x6C, 0xFF,
    0xFF, 0xFF, 0xFF, 0x61, 0x5A, 0xEE, 0xFB, 0xDF, 0x75, 0x00,
    // Unicode: [0x006B]
    0xC0, 0xFF, 0xE0, 0x00, 0x00, 0x00, 0x00, 0x00, 0x00, 0xC0, 0xFF, 0xE0, 0x00, 0x00, 0x00, 0x00,
    0x00, 0x00, 0xC0, 0xFF, 0xE0, 0x00, 0x00, 0x00, 0x00, 0x00, 0x00, 0xC0, 0xFF, 0xE0, 0x00, 0x00,
    0xA4, 0xFF, 0xFF, 0x61, 0xC0, 0xFF, 0xE0, 0x00, 0x5B, 0xFF, 0xFF, 0x9D, 0x00, 0xC0, 0xFF, 0xE0,
    0x21, 0xF1, 0xFF, 0xD0, 0x08, 0x00, 0xC0, 0xFF, 0xE3, 0xC6, 0xFF, 0xF3, 0x24, 0x00, 0x00, 0xC0,
    0xFF, 0xFF, 0xFF, 0xFF, 0xFC, 0x31, 0x00, 0x00, 0xC0, 0xFF, 0xFE, 0x73, 0xFB, 0xFF, 0xCA, 0x02,
    0x00, 0xC0, 0xFF, 0xE0, 0x00, 0x91, 0xFF, 0xFF, 0x6B, 0x00, 0xC0, 0xFF, 0xE0, 0x00, 0x10, 0xEA,
    0xFF, 0xF0, 0x19, 0xC0, 0xFF, 0xE0, 0x00, 0x00, 0x63, 0xFF, 0xFF, 0xA8,
    // Unicode: [0x006C]
    0xC0, 0xFF, 0xE0, 0xC0, 0xFF, 0xE0, 0xC0, 0xFF, 0xE0, 0xC0, 0xFF, 0xE0, 0xC0, 0xFF, 0xE0, 0xC0,
    0xFF, 0xE0, 0xC0, 0xFF, 0xE0, 0xC0, 0xFF, 0xE0, 0xC0, 0xFF, 0xE0, 0xC0, 0xFF, 0xE0, 0xC0, 0xFF,
    0xE0, 0xC0, 0xFF, 0xE0,
    // Unicode: [0x006D]
    0xC0, 0xFF, 0xE1, 0x5B, 0xD2, 0xF9, 0xD6, 0x48, 0x1C, 0x9D, 0xEF, 0xE6, 0x82, 0x01, 0xC0, 0xFF,
    0xFF, 0xFF, 0xFF, 0xFF, 0xFF, 0xF4, 0xF0, 0xFF, 0xFF, 0xFF, 0xFF, 0x50, 0xC0, 0xFF, 0xF2, 0x4D,
    0x22, 0xB6, 0xFF, 0xFF, 0x95, 0x22, 0x60, 0xFF, 0xFF, 0x96, 0xC0, 0xFF, 0xE0, 0x00, 0x00, 0x66,
    0xFF, 0xFF, 0x48, 0x00, 0x02, 0xFC, 0xFF, 0xAE, 0xC0, 0xFF, 0xE0, 0x00, 0x00, 0x5D, 0xFF, 0xFF,
    0x48, 0x00, 0x00, 0xF5, 0xFF, 0xB0, 0xC0, 0xFF, 0xE0, 0x00, 0x00, 0x5C, 0xFF, 0xFF, 0x48, 0x00,
    0x00, 0xF4, 0xFF, 0xB0, 0xC0, 0xFF, 0xE0, 0x00, 0x00, 0x5C, 0xFF, 0xFF, 0x48, 0x00, 0x00, 0xF4,
    0xFF, 0xB0, 0xC0, 0xFF, 0xE0, 0x00, 0x00, 0x5C, 0xFF, 0xFF, 0x48, 0x00, 0x00, 0xF4, 0xFF, 0xB0,
    0xC0, 0xFF, 0xE0, 0x00, 0x00, 0x5C, 0xFF, 0xFF, 0x48, 0x00, 0x00, 0xF4, 0xFF, 0xB0,
    // Unicode: [0x006E]
    0xC0, 0xFF, 0xE1, 0x59, 0xCF, 0xF8, 0xD9, 0x54, 0x00, 0xC0, 0xFF, 0xFF, 0xFF, 0xFF, 0xFF, 0xFF,
    0xFA, 0x22, 0xC0, 0xFF, 0xF2, 0x4F, 0x1F, 0x93, 0xFF, 0xFF, 0x64, 0xC0, 0xFF, 0xE0, 0x00, 0x00,
    0x35, 0xFF, 0xFF, 0x7E, 0xC0, 0xFF, 0xE0, 0x00, 0x00, 0x26, 0xFF, 0xFF, 0x80, 0xC0, 0xFF, 0xE0,
    0x00, 0x00, 0x24, 0xFF, 0xFF, 0x80, 0xC0, 0xFF, 0xE0, 0x00, 0x00, 0x24, 0xFF, 0xFF, 0x80, 0xC0,
    0xFF, 0xE0, 0x00, 0x00, 0x24, 0xFF, 0xFF, 0x80, 0xC0, 0xFF, 0xE0, 0x00, 0x00, 0x24, 0xFF, 0xFF,
    0x80,
    // Unicode: [0x006F]
    0x00, 0x00, 0x4B, 0xC0, 0xF2, 0xF8, 0xD5, 0x79, 0x04, 0x00, 0x00, 0x65, 0xFF, 0xFF, 0xFF, 0xFD,
    0xFF, 0xFF, 0xAF, 0x00, 0x0B, 0xF0, 0xFF, 0xE0, 0x1F, 0x09, 0xAA, 0xFF, 0xFF, 0x47, 0x43, 0xFF,
    0xFF, 0x80, 0x00, 0x00, 0x36, 0xFF, 0xFF, 0x8E, 0x57, 0xFF, 0xFF, 0x66, 0x00, 0x00, 0x19, 0xFF,
    0xFF, 0xA3, 0x43, 0xFF, 0xFF, 0x7E, 0x00, 0x00, 0x2B, 0xFF, 0xFF, 0x8F, 0x0B, 0xF1, 0xFF, 0xDF,
    0x1B, 0x06, 0xA6, 0xFF, 0xFF, 0x49, 0x00, 0x68, 0xFF, 0xFF, 0xFF, 0xFB, 0xFF, 0xFF, 0xB3, 0x01,
    0x00, 0x00, 0x4E, 0xC1, 0xF3, 0xF9, 0xD7, 0x7A, 0x05, 0x00,
    // Unicode: [0x0070]
    0xC0, 0xFF, 0xE4, 0x6D, 0xD0, 0xF5, 0xD8, 0x4C, 0x00, 0xC0, 0xFF, 0xFF, 0xFC, 0xE8, 0xFF, 0xFF,
    0xFA, 0x20, 0xC0, 0xFF, 0xEA, 0x16, 0x00, 0x5C, 0xFF, 0xFF, 0x8B, 0xC0, 0xFF, 0xE0, 0x00, 0x00,
    0x02, 0xF7, 0xFF, 0xB8, 0xC0, 0xFF, 0xE0, 0x00, 0x00, 0x00, 0xEB, 0xFF, 0xCD, 0xC0, 0xFF, 0xE0,
    0x00, 0x00, 0x11, 0xFE, 0xFF, 0xB7, 0xC0, 0xFF, 0xE4, 0x0B, 0x15, 0xA1, 0xFF, 0xFF, 0x70, 0xC0,
    0xFF, 0xFF, 0xFF, 0xFF, 0xFF, 0xFF, 0xD9, 0x0B, 0xC0, 0xFF, 0xED, 0xAC, 0xED, 0xF4, 0xAB, 0x1A,
    0x00, 0xC0, 0xFF, 0xE0, 0x00, 0x00, 0x00, 0x00, 0x00, 0x00, 0xC0, 0xFF, 0xE0, 0x00, 0x00, 0x00,
    0x00, 0x00, 0x00, 0xC0, 0xFF, 0xE0, 0x00, 0x00, 0x00, 0x00, 0x00, 0x00,
    // Unicode: [0x0071]
    0x00, 0x00, 0x60, 0xD7, 0xF7, 0xD0, 0xAE, 0xFF, 0xFF, 0x40, 0x00, 0x5E, 0xFF, 0xFF, 0xFF, 0xFF,
    0xFF, 0xFF, 0xFF, 0x40, 0x08, 0xE8, 0xFF, 0xF0, 0x4E, 0x15, 0x80, 0xFF, 0xFF, 0x40, 0x3D, 0xFF,
    0xFF, 0x8B, 0x00, 0x00, 0x64, 0xFF, 0xFF, 0x40, 0x52, 0xFF, 0xFF, 0x66, 0x00, 0x00, 0x64, 0xFF,
    0xFF, 0x40, 0x3B, 0xFF, 0xFF, 0x7F, 0x00, 0x00, 0x64, 0xFF, 0xFF, 0x40, 0x12, 0xF8, 0xFF, 0xE4,
    0x44, 0x30, 0xAC, 0xFF, 0xFF, 0x40, 0x00, 0x95, 0xFF, 0xFF, 0xFF, 0xFF, 0xFE, 0xFF, 0xFF, 0x40,
    0x00, 0x09, 0x9B, 0xF1, 0xF1, 0xA3, 0x7B, 0xFF, 0xFF, 0x40, 0x00, 0x00, 0x00, 0x00, 0x00, 0x00,
    0x64, 0xFF, 0xFF, 0x40, 0x00, 0x00, 0x00, 0x00, 0x00, 0x00, 0x64, 0xFF, 0xFF, 0x40, 0x00, 0x00,
    0x00, 0x00, 0x00, 0x00, 0x64, 0xFF, 0xFF, 0x40,
    // Unicode: [0x0072]
    0xC0, 0xFF, 0xE0, 0x39, 0xBF, 0xF6, 0x34, 0xC0, 0xFF, 0xF8, 0xFA, 0xFF, 0xFF, 0x34, 0xC0, 0xFF,
    0xFC, 0xC7, 0xAD, 0xA8, 0x22, 0xC0, 0xFF, 0xE0, 0x00, 0x00, 0x00, 0x00, 0xC0, 0xFF, 0xE0, 0x00,
    0x00, 0x00, 0x00, 0xC0, 0xFF, 0xE0, 0x00, 0x00, 0x00, 0x00, 0xC0, 0xFF, 0xE0, 0x00, 0x00, 0x00,
    0x00, 0xC0, 0xFF, 0xE0, 0x00, 0x00, 0x00, 0x00, 0xC0, 0xFF, 0xE0, 0x00, 0x00, 0x00, 0x00,
    // Unicode: [0x0073]
    0x00, 0x0D, 0x7A, 0xD3, 0xF3, 0xEE, 0xCF, 0x8F, 0x01, 0x02, 0xC8, 0xFF, 0xFF, 0xF1, 0xEE, 0xFF,
    0xFF, 0x04, 0x35, 0xFF, 0xFF, 0x90, 0x00, 0x00, 0x30, 0xA4, 0x03, 0x27, 0xFF, 0xFF, 0xF4, 0xB0,
    0x7A, 0x39, 0x00, 0x00, 0x00, 0x97, 0xFF, 0xFF, 0xFF, 0xFF, 0xFF, 0xB5, 0x03, 0x00, 0x00, 0x34,
    0x80, 0xB5, 0xF2, 0xFF, 0xFF, 0x49, 0x48, 0x97, 0x28, 0x00, 0x00, 0x6C, 0xFF, 0xFF, 0x54, 0x4C,
    0xFF, 0xFF, 0xEC, 0xE2, 0xFE, 0xFF, 0xDE, 0x0C, 0x1B, 0x98, 0xD2, 0xEF, 0xF4, 0xD8, 0x89, 0x16,
    0x00,
    // Unicode: [0x0074]
    0x00, 0x98, 0xFF, 0xFF, 0x08, 0x00, 0x00, 0x00, 0x98, 0xFF, 0xFF, 0x08, 0x00, 0x00, 0x00, 0x98,
    0xFF, 0xFF, 0x08, 0x00, 0x00, 0xB0, 0xFF, 0xFF, 0xFF, 0xFF, 0xFF, 0x80, 0x9C, 0xF4, 0xFF, 0xFF,
    0xE4, 0xE4, 0x72, 0x00, 0x98, 0xFF, 0xFF, 0x08, 0x00, 0x00, 0x00, 0x98, 0xFF, 0xFF, 0x08, 0x00,
    0x00, 0x00, 0x98, 0xFF, 0xFF, 0x08, 0x00, 0x00, 0x00, 0x98, 0xFF, 0xFF, 0x08, 0x00, 0x00, 0x00,
    0x88, 0xFF, 0xFF, 0x3E, 0x01, 0x12, 0x00, 0x50, 0xFF, 0xFF, 0xFF, 0xF4, 0x80, 0x00, 0x00, 0x7F,
    0xE1, 0xFA, 0xEE, 0x66,
    // Unicode: [0x0075]
    0xD4, 0xFF, 0xD4, 0x00, 0x00, 0x34, 0xFF, 0xFF, 0x70, 0xD4, 0xFF, 0xD4, 0x00, 0x00, 0x34, 0xFF,
    0xFF, 0x70, 0xD4, 0xFF, 0xD4, 0x00, 0x00, 0x34, 0xFF, 0xFF, 0x70, 0xD4, 0xFF, 0xD4, 0x00, 0x00,
    0x34, 0xFF, 0xFF, 0x70, 0xD4, 0xFF, 0xD4, 0x00, 0x00, 0x34, 0xFF, 0xFF, 0x70, 0xD2, 0xFF, 0xDE,
    0x00, 0x00, 0x34, 0xFF, 0xFF, 0x70, 0xBA, 0xFF, 0xFE, 0x43, 0x12, 0x7C, 0xFF, 0xFF, 0x70, 0x72,
    0xFF, 0xFF, 0xFF, 0xFF, 0xFF, 0xFF, 0xFF, 0x70, 0x06, 0x92, 0xEA, 0xEC, 0xB4, 0x67, 0xFF, 0xFF,
    0x70,
    // Unicode: [0x0076]
    0x9C, 0xFF, 0xFF, 0x2A, 0x00, 0x00, 0x5B, 0xFF, 0xFF, 0x5A, 0x42, 0xFF, 0xFF, 0x79, 0x00, 0x00,
    0xA9, 0xFF, 0xF4, 0x0B, 0x02, 0xE5, 0xFF, 0xC8, 0x00, 0x05, 0xF0, 0xFF, 0xA6, 0x00, 0x00, 0x8E,
    0xFF, 0xFE, 0x19, 0x44, 0xFF, 0xFF, 0x4C, 0x00, 0x00, 0x34, 0xFF, 0xFF, 0x66, 0x91, 0xFF, 0xEC,
    0x05, 0x00, 0x00, 0x00, 0xDA, 0xFF, 0xB5, 0xDE, 0xFF, 0x97, 0x00, 0x00, 0x00, 0x00, 0x81, 0xFF,
    0xFD, 0xFF, 0xFF, 0x3D, 0x00, 0x00, 0x00, 0x00, 0x27, 0xFF, 0xFF, 0xFF, 0xE1, 0x01, 0x00, 0x00,
    0x00, 0x00, 0x00, 0xCD, 0xFF, 0xFF, 0x89, 0x00, 0x00, 0x00,
    // Unicode: [0x0077]
    0x89, 0xFF, 0xFF, 0x34, 0x00, 0x00, 0xE0, 0xFF, 0xB9, 0x00, 0x00, 0x75, 0xFF, 0xFF, 0x37, 0x41,
    0xFF, 0xFF, 0x6F, 0x00, 0x29, 0xFF, 0xFF, 0xF6, 0x08, 0x00, 0xAE, 0xFF, 0xEC, 0x02, 0x05, 0xF2,
    0xFF, 0xA9, 0x00, 0x72, 0xFF, 0xFF, 0xFF, 0x43, 0x00, 0xE7, 0xFF, 0xA6, 0x00, 0x00, 0xB1, 0xFF,
    0xE3, 0x00, 0xBB, 0xFF, 0xB0, 0xFF, 0x88, 0x21, 0xFF, 0xFF, 0x5E, 0x00, 0x00, 0x69, 0xFF, 0xFF,
    0x28, 0xF8, 0xE9, 0x3B, 0xFF, 0xCD, 0x5A, 0xFF, 0xFE, 0x17, 0x00, 0x00, 0x20, 0xFF, 0xFF, 0xA4,
    0xFF, 0xA4, 0x03, 0xEF, 0xFE, 0xA8, 0xFF, 0xCD, 0x00, 0x00, 0x00, 0x00, 0xD9, 0xFF, 0xFD, 0xFF,
    0x5E, 0x00, 0xAD, 0xFF, 0xFD, 0xFF, 0x84, 0x00, 0x00, 0x00, 0x00, 0x91, 0xFF, 0xFF, 0xFF, 0x19,
    0x00, 0x66, 0xFF, 0xFF, 0xFF, 0x3C, 0x00, 0x00, 0x00, 0x00, 0x48, 0xFF, 0xFF, 0xD2, 0x00, 0x00,
    0x1F, 0xFF, 0xFF, 0xF0, 0x04, 0x00, 0x00,
    // Unicode: [0x0078]
    0x69, 0xFF, 0xFF, 0xA3, 0x00, 0x00, 0x8D, 0xFF, 0xFF, 0x73, 0x00, 0xB2, 0xFF, 0xFF, 0x4C, 0x37,
    0xFD, 0xFF, 0xB9, 0x01, 0x00, 0x15, 0xE7, 0xFF, 0xE4, 0xD6, 0xFF, 0xE9, 0x18, 0x00, 0x00, 0x00,
    0x47, 0xFE, 0xFF, 0xFF, 0xFE, 0x4A, 0x00, 0x00, 0x00, 0x00, 0x00, 0xBE, 0xFF, 0xFF, 0xCA, 0x00,
    0x00, 0x00, 0x00, 0x00, 0x49, 0xFE, 0xFF, 0xFF, 0xFF, 0x5C, 0x00, 0x00, 0x00, 0x18, 0xE9, 0xFF,
    0xD9, 0xD6, 0xFF, 0xF1, 0x20, 0x00, 0x01, 0xB9, 0xFF, 0xFD, 0x39, 0x39, 0xFD, 0xFF, 0xC4, 0x03,
    0x74, 0xFF, 0xFF, 0x8A, 0x00, 0x00, 0x8F, 0xFF, 0xFF, 0x7D,
    // Unicode: [0x0079]
    0x99, 0xFF, 0xFF, 0x28, 0x00, 0x00, 0x57, 0xFF, 0xFF, 0x5A, 0x3B, 0xFF, 0xFF, 0x81, 0x00, 0x00,
    0xAC, 0xFF, 0xF0, 0x09, 0x00, 0xDC, 0xFF, 0xDA, 0x00, 0x0B, 0xF5, 0xFF, 0x97, 0x00, 0x00, 0x7F,
    0xFF, 0xFF, 0x34, 0x56, 0xFF, 0xFF, 0x35, 0x00, 0x00, 0x22, 0xFE, 0xFF, 0x8D, 0xAB, 0xFF, 0xD4,
    0x00, 0x00, 0x00, 0x00, 0xC3, 0xFF, 0xE6, 0xF5, 0xFF, 0x72, 0x00, 0x00, 0x00, 0x00, 0x65, 0xFF,
    0xFF, 0xFF, 0xFA, 0x15, 0x00, 0x00, 0x00, 0x00, 0x0F, 0xF7, 0xFF, 0xFF, 0xAF, 0x00, 0x00, 0x00,
    0x00, 0x00, 0x00, 0xB0, 0xFF, 0xFF, 0x4D, 0x00, 0x00, 0x00, 0x00, 0x00, 0x02, 0xE1, 0xFF, 0xE7,
    0x04, 0x00, 0x00, 0x00, 0x00, 0x00, 0x4B, 0xFF, 0xFF, 0x8A, 0x00, 0x00, 0x00, 0x00, 0x00, 0x00,
    0xB1, 0xFF, 0xFF, 0x29, 0x00, 0x00, 0x00, 0x00,
    // Unicode: [0x007A]
    0x34, 0xFF, 0xFF, 0xFF, 0xFF, 0xFF, 0xFF, 0xFF, 0x44, 0x34, 0xFF, 0xFF, 0xFF, 0xFF, 0xFF, 0xFF,
    0xFF, 0x3D, 0x01, 0x08, 0x08, 0x08, 0x78, 0xFF, 0xFF, 0xA4, 0x00, 0x00, 0x00, 0x00, 0x4A, 0xFD,
    0xFF, 0xC9, 0x08, 0x00, 0x00, 0x00, 0x2C, 0xF2, 0xFF, 0xE4, 0x19, 0x00, 0x00, 0x00, 0x16, 0xDF,
    0xFF, 0xF6, 0x33, 0x00, 0x00, 0x00, 0x07, 0xC5, 0xFF, 0xFF, 0x6A, 0x14, 0x14, 0x14, 0x06, 0x5F,
    0xFF, 0xFF, 0xFF, 0xFF, 0xFF, 0xFF, 0xFF, 0x58, 0x64, 0xFF, 0xFF, 0xFF, 0xFF, 0xFF, 0xFF, 0xFF,
    0x58,
    // Unicode: [0x007B]
    0x00, 0x00, 0x00, 0x0E, 0x9A, 0xE7, 0xFF, 0xFF, 0x30, 0x00, 0x00, 0x00, 0x9C, 0xFF, 0xFF, 0xDD,
    0xC1, 0x24, 0x00, 0x00, 0x00, 0xDE, 0xFF, 0xB2, 0x00, 0x00, 0x00, 0x00, 0x00, 0x00, 0xEC, 0xFF,
    0x7B, 0x00, 0x00, 0x00, 0x00, 0x00, 0x06, 0xFD, 0xFF, 0x6C, 0x00, 0x00, 0x00, 0x00, 0x09, 0x88,
    0xFF, 0xF8, 0x23, 0x00, 0x00, 0x00, 0xD4, 0xFE, 0xFF, 0xD1, 0x3C, 0x00, 0x00, 0x00, 0x00, 0xE4,
    0xFF, 0xFF, 0xBE, 0x21, 0x00, 0x00, 0x00, 0x00, 0x02, 0x20, 0xAB, 0xFF, 0xE2, 0x0B, 0x00, 0x00,
    0x00, 0x00, 0x00, 0x14, 0xFF, 0xFF, 0x59, 0x00, 0x00, 0x00, 0x00, 0x00, 0x00, 0xF1, 0xFF, 0x76,
    0x00, 0x00, 0x00, 0x00, 0x00, 0x00, 0xEB, 0xFF, 0x81, 0x00, 0x00, 0x00, 0x00, 0x00, 0x00, 0xD1,
    0xFF, 0xBF, 0x02, 0x00, 0x00, 0x00, 0x00, 0x00, 0x81, 0xFF, 0xFF, 0xDF, 0xBD, 0x23, 0x00, 0x00,
    0x00, 0x07, 0x8B, 0xE4, 0xFF, 0xFF, 0x30,
    // Unicode: [0x007C]
    0xFC, 0xFF, 0x24, 0xFC, 0xFF, 0x24, 0xFC, 0xFF, 0x24, 0xFC, 0xFF, 0x24, 0xFC, 0xFF, 0x24, 0xFC,
    0xFF, 0x24, 0xFC, 0xFF, 0x24, 0xFC, 0xFF, 0x24, 0xFC, 0xFF, 0x24, 0xFC, 0xFF, 0x24, 0xFC, 0xFF,
    0x24, 0xFC, 0xFF, 0x24, 0xFC, 0xFF, 0x24, 0xFC, 0xFF, 0x24, 0xFC, 0xFF, 0x24,
    // Unicode: [0x007D]
    0x88, 0xFF, 0xFB, 0xD8, 0x67, 0x00, 0x00, 0x00, 0x00, 0x66, 0xC5, 0xEF, 0xFF, 0xFF, 0x47, 0x00,
    0x00, 0x00, 0x00, 0x00, 0x14, 0xF3, 0xFF, 0x8A, 0x00, 0x00, 0x00, 0x00, 0x00, 0x00, 0xCF, 0xFF,
    0x98, 0x00, 0x00, 0x00, 0x00, 0x00, 0x00, 0xC0, 0xFF, 0xAF, 0x00, 0x00, 0x00, 0x00, 0x00, 0x00,
    0x72, 0xFF, 0xF7, 0x43, 0x01, 0x00, 0x00, 0x00, 0x00, 0x01, 0x75, 0xEF, 0xFF, 0xF9, 0x81, 0x00,
    0x00, 0x00, 0x00, 0x52, 0xE6, 0xFF, 0xFF, 0x8C, 0x00, 0x00, 0x00, 0x46, 0xFE, 0xFF, 0x68, 0x12,
    0x00, 0x00, 0x00, 0x00, 0xAE, 0xFF, 0xBF, 0x00, 0x00, 0x00, 0x00, 0x00, 0x00, 0xCA, 0xFF, 0x9D,
    0x00, 0x00, 0x00, 0x00, 0x00, 0x00, 0xD5, 0xFF, 0x97, 0x00, 0x00, 0x00, 0x00, 0x00, 0x1D, 0xF7,
    0xFF, 0x7C, 0x00, 0x00, 0x00, 0x63, 0xC1, 0xF2, 0xFF, 0xFC, 0x30, 0x00, 0x00, 0x00, 0x88, 0xFF,
    0xFA, 0xD3, 0x53, 0x00, 0x00, 0x00, 0x00,
    // Unicode: [0x007E]
    0x00, 0x00, 0x09, 0x18, 0x00, 0x00, 0x00, 0x00, 0x03, 0x24, 0x1F, 0x00, 0x6C, 0xF5, 0xFF, 0xDB,
    0x38, 0x00, 0x00, 0x20, 0xFF, 0xDB, 0x31, 0xFE, 0xFF, 0xFF, 0xFF, 0xF2, 0x2A, 0x00, 0x39, 0xFF,
    0xC3, 0x8E, 0xFF, 0x97, 0x18, 0xC3, 0xFF, 0xDE, 0x39, 0xA6, 0xFF, 0x8D, 0xBF, 0xFF, 0x3B, 0x00,
    0x15, 0xDF, 0xFF, 0xFF, 0xFF, 0xFB, 0x29, 0xD3, 0xFF, 0x25, 0x00, 0x00, 0x20, 0xBC, 0xF7, 0xDF,
    0x57, 0x00,
    // Unicode: [0x00A0]
    // (Has no glyph data)
    // Unicode: [0x00A1]
    0x78, 0xFF, 0xFF, 0x80, 0x78, 0xFF, 0xFF, 0x80, 0x05, 0x0C, 0x0C, 0x06, 0x0A, 0x3C, 0x3C, 0x0D,
    0x34, 0xFF, 0xFF, 0x3F, 0x3F, 0xFF, 0xFF, 0x49, 0x49, 0xFF, 0xFF, 0x53, 0x54, 0xFF, 0xFF, 0x5D,
    0x5F, 0xFF, 0xFF, 0x68, 0x69, 0xFF, 0xFF, 0x72, 0x74, 0xFF, 0xFF, 0x7C, 0x7F, 0xFF, 0xFF, 0x86,
    // Unicode: [0x00A2]
    0x00, 0x00, 0x00, 0x00, 0x38, 0xFF, 0x10, 0x00, 0x00, 0x00, 0x00, 0x00, 0x00, 0x38, 0xFF, 0x10,
    0x00, 0x00, 0x00, 0x00, 0x00, 0x00, 0x38, 0xFF, 0x10, 0x00, 0x00, 0x00, 0x01, 0x68, 0xCF, 0xF9,
    0xFF, 0xE5, 0xA6, 0x21, 0x00, 0x9C, 0xFF, 0xFF, 0xFE, 0xFF, 0xFE, 0xFF, 0x50, 0x3A, 0xFF, 0xFF,
    0xC3, 0x44, 0xFF, 0x26, 0x9A, 0x49, 0x85, 0xFF, 0xFF, 0x36, 0x30, 0xFF, 0x08, 0x00, 0x00, 0x9A,
    0xFF, 0xFF, 0x0F, 0x30, 0xFF, 0x08, 0x00, 0x00, 0x88, 0xFF, 0xFF, 0x30, 0x30, 0xFF, 0x08, 0x00,
    0x00, 0x41, 0xFF, 0xFF, 0xBC, 0x41, 0xFF, 0x19, 0x89, 0x46, 0x00, 0xA5, 0xFF, 0xFF, 0xFD, 0xFF,
    0xFB, 0xFF, 0x50, 0x00, 0x01, 0x64, 0xD4, 0xF9, 0xFF, 0xE9, 0xAD, 0x23, 0x00, 0x00, 0x00, 0x00,
    0x38, 0xFF, 0x10, 0x00, 0x00, 0x00, 0x00, 0x00, 0x00, 0x38, 0xFF, 0x10, 0x00, 0x00, 0x00, 0x00,
    0x00, 0x00, 0x0E, 0x44, 0x04, 0x00, 0x00,
    // Unicode: [0x00A3]
    0x00, 0x00, 0x08, 0x7B, 0xD6, 0xF8, 0xF3, 0xCD, 0x2F, 0x00, 0x00, 0xBA, 0xFF, 0xFF, 0xFF, 0xFF,
    0xFF, 0x48, 0x00, 0x37, 0xFF, 0xFF, 0xD1, 0x39, 0x37, 0x91, 0x38, 0x00, 0x56, 0xFF, 0xFF, 0x5A,
    0x00, 0x00, 0x00, 0x00, 0x00, 0x58, 0xFF, 0xFF, 0x4C, 0x00, 0x00, 0x00, 0x00, 0x70, 0xCB, 0xFF,
    0xFF, 0xC7, 0xB0, 0xB0, 0x58, 0x00, 0xA4, 0xFF, 0xFF, 0xFF, 0xFF, 0xFF, 0xFF, 0x80, 0x00, 0x00,
    0x62, 0xFF, 0xFF, 0x3B, 0x00, 0x00, 0x00, 0x00, 0x00, 0x8B, 0xFF, 0xEB, 0x07, 0x00, 0x00, 0x00,
    0x00, 0x5C, 0xF6, 0xFF, 0x91, 0x40, 0x40, 0x40, 0x40, 0x2D, 0xE0, 0xFF, 0xFF, 0xFF, 0xFF, 0xFF,
    0xFF, 0xFF, 0xB4, 0xE0, 0xFF, 0xFF, 0xFF, 0xFF, 0xFF, 0xFF, 0xFF, 0xB4,
    // Unicode: [0x00A4]
    0x00, 0x11, 0x00, 0x00, 0x00, 0x00, 0x00, 0x10, 0x00, 0x4B, 0xEE, 0x37, 0x00, 0x00, 0x00, 0x86,
    0xD7, 0x16, 0x3B, 0xF5, 0xEE, 0xD8, 0xF6, 0xCE, 0xFF, 0xD4, 0x13, 0x00, 0x61, 0xFF, 0xF2, 0xCD,
    0xFF, 0xF7, 0x19, 0x00, 0x00, 0x7B, 0xFF, 0x3C, 0x00, 0x9C, 0xFF, 0x26, 0x00, 0x00, 0x7C, 0xFF,
    0x3F, 0x00, 0x9F, 0xFF, 0x25, 0x00, 0x00, 0x6F, 0xFF, 0xF5, 0xD4, 0xFF, 0xF8, 0x1D, 0x00, 0x50,
    0xFB, 0xEC, 0xD8, 0xF7, 0xC7, 0xFF, 0xD8, 0x16, 0x4C, 0xEC, 0x33, 0x00, 0x00, 0x00, 0x79, 0xD4,
    0x13, 0x00, 0x0F, 0x00, 0x00, 0x00, 0x00, 0x00, 0x0D, 0x00,
    // Unicode: [0x00A5]
    0x5B, 0xFF, 0xFF, 0xA9, 0x00, 0x00, 0x04, 0xE1, 0xFF, 0xEF, 0x12, 0x01, 0xCD, 0xFF, 0xFC, 0x20,
    0x00, 0x59, 0xFF, 0xFF, 0x76, 0x00, 0x00, 0x44, 0xFF, 0xFF, 0x91, 0x00, 0xCB, 0xFF, 0xE1, 0x08,
    0x00, 0x00, 0x00, 0xB9, 0xFF, 0xF3, 0x50, 0xFF, 0xFF, 0x5E, 0x00, 0x00, 0x00, 0x00, 0x30, 0xFE,
    0xFF, 0xF4, 0xFF, 0xD0, 0x02, 0x00, 0x00, 0x00, 0x00, 0x00, 0xA3, 0xFF, 0xFF, 0xFF, 0x47, 0x00,
    0x00, 0x00, 0x00, 0x00, 0x00, 0x20, 0xFF, 0xFF, 0xC4, 0x00, 0x00, 0x00, 0x00, 0x00, 0x50, 0xFF,
    0xFF, 0xFF, 0xFF, 0xFF, 0xFF, 0xF8, 0x00, 0x00, 0x00, 0x37, 0xB0, 0xB1, 0xFF, 0xFF, 0xE5, 0xB0,
    0xAA, 0x00, 0x00, 0x00, 0x37, 0xB0, 0xB1, 0xFF, 0xFF, 0xE5, 0xB0, 0xAA, 0x00, 0x00, 0x00, 0x50,
    0xFF, 0xFF, 0xFF, 0xFF, 0xFF, 0xFF, 0xF8, 0x00, 0x00, 0x00, 0x00, 0x00, 0x04, 0xFF, 0xFF, 0xAC,
    0x00, 0x00, 0x00, 0x00,
    // Unicode: [0x00A6]
    0xFC, 0xFF, 0x24, 0xFC, 0xFF, 0x24, 0xFC, 0xFF, 0x24, 0xFC, 0xFF, 0x24, 0xFC, 0xFF, 0x24, 0xFC,
    0xFF, 0x24, 0x33, 0x34, 0x07, 0x00, 0x00, 0x00, 0x33, 0x34, 0x07, 0xFC, 0xFF, 0x24, 0xFC, 0xFF,
    0x24, 0xFC, 0xFF, 0x24, 0xFC, 0xFF, 0x24, 0xFC, 0xFF, 0x24, 0xFC, 0xFF, 0x24,
    // Unicode: [0x00A7]
    0x00, 0x21, 0x93, 0xD9, 0xF6, 0xF2, 0xDB, 0xA1, 0x00, 0x2E, 0xF2, 0xFF, 0xFF, 0xFF, 0xFD, 0xFF,
    0xEC, 0x00, 0x9E, 0xFF, 0xFF, 0x9A, 0x0E, 0x02, 0x35, 0x8B, 0x00, 0x9A, 0xFF, 0xFF, 0xB1, 0x1D,
    0x00, 0x00, 0x00, 0x00, 0x2E, 0xF1, 0xFF, 0xFF, 0xFD, 0xC1, 0x5D, 0x04, 0x00, 0x04, 0xAC, 0xFF,
    0xFF, 0xFF, 0xFF, 0xFF, 0xC4, 0x09, 0x83, 0xFF, 0xF7, 0x37, 0x58, 0xD7, 0xFF, 0xFF, 0x6C, 0xD7,
    0xFF, 0xCE, 0x00, 0x00, 0x27, 0xFF, 0xFF, 0x82, 0xC3, 0xFF, 0xFF, 0xA7, 0x36, 0x74, 0xFF, 0xFB,
    0x2F, 0x3C, 0xF0, 0xFF, 0xFF, 0xFF, 0xFF, 0xFF, 0x5D, 0x00, 0x00, 0x19, 0x82, 0xDD, 0xFF, 0xFF,
    0xFF, 0xC2, 0x03, 0x00, 0x00, 0x00, 0x00, 0x3F, 0xE8, 0xFF, 0xFF, 0x40, 0x41, 0x68, 0x1F, 0x01,
    0x19, 0xD6, 0xFF, 0xFF, 0x3E, 0x5C, 0xFF, 0xFF, 0xFD, 0xFF, 0xFF, 0xFF, 0xC2, 0x03, 0x38, 0xC4,
    0xE6, 0xF9, 0xED, 0xCC, 0x70, 0x09, 0x00,
    // Unicode: [0x00A8]
    0x17, 0x20, 0x0E, 0x00, 0x19, 0x20, 0x0C, 0xB8, 0xFF, 0x74, 0x00, 0xC8, 0xFF, 0x64, 0xB8, 0xFF,
    0x74, 0x00, 0xC8, 0xFF, 0x64,
    // Unicode: [0x00A9]
    0x00, 0x00, 0x00, 0x00, 0x00, 0x00, 0x0D, 0x17, 0x02, 0x00, 0x00, 0x00, 0x00, 0x00, 0x00, 0x00,
    0x00, 0x06, 0x74, 0xDA, 0xFF, 0xFF, 0xF5, 0xAA, 0x29, 0x00, 0x00, 0x00, 0x00, 0x00, 0x13, 0xC7,
    0xFD, 0xAA, 0x64, 0x58, 0x81, 0xE2, 0xF8, 0x56, 0x00, 0x00, 0x00, 0x03, 0xC0, 0xED, 0x3C, 0x00,
    0x01, 0x10, 0x00, 0x0A, 0xAC, 0xFA, 0x3C, 0x00, 0x00, 0x62, 0xFF, 0x44, 0x00, 0x6B, 0xEA, 0xFF,
    0xEF, 0x73, 0x05, 0xCA, 0xD2, 0x01, 0x00, 0xC8, 0xB7, 0x00, 0x4D, 0xFF, 0xBA, 0x56, 0x87, 0xA2,
    0x00, 0x41, 0xFF, 0x3B, 0x05, 0xFD, 0x6B, 0x00, 0xBD, 0xFE, 0x15, 0x00, 0x00, 0x06, 0x00, 0x02,
    0xF2, 0x75, 0x16, 0xFF, 0x51, 0x00, 0xE1, 0xEF, 0x00, 0x00, 0x00, 0x00, 0x00, 0x00, 0xDA, 0x89,
    0x08, 0xFF, 0x62, 0x00, 0xC9, 0xFD, 0x0B, 0x00, 0x00, 0x00, 0x00, 0x00, 0xEB, 0x7B, 0x00, 0xD6,
    0xA3, 0x00, 0x72, 0xFF, 0x96, 0x1F, 0x49, 0x86, 0x00, 0x2D, 0xFF, 0x49, 0x00, 0x79, 0xFA, 0x27,
    0x04, 0x98, 0xFF, 0xFF, 0xFF, 0x91, 0x00, 0xAC, 0xE5, 0x07, 0x00, 0x0C, 0xDB, 0xD6, 0x1A, 0x00,
    0x15, 0x39, 0x1E, 0x00, 0x7D, 0xFF, 0x5A, 0x00, 0x00, 0x00, 0x29, 0xE4, 0xEC, 0x78, 0x33, 0x27,
    0x50, 0xBA, 0xFF, 0x81, 0x00, 0x00, 0x00, 0x00, 0x00, 0x1A, 0xA4, 0xFA, 0xFF, 0xFF, 0xFF, 0xDA,
    0x53, 0x00, 0x00, 0x00, 0x00, 0x00, 0x00, 0x00, 0x00, 0x10, 0x3E, 0x48, 0x29, 0x00, 0x00, 0x00,
    0x00, 0x00,
    // Unicode: [0x00AA]
    0x3A, 0xD4, 0xF1, 0xF6, 0xD9, 0x78, 0x00, 0x4D, 0xB8, 0x82, 0x8C, 0xF1, 0xFF, 0x53, 0x00, 0x16,
    0x54, 0x6C, 0xCB, 0xFF, 0x84, 0x5A, 0xF8, 0xFF, 0xEA, 0xEC, 0xFF, 0x88, 0xD4, 0xFF, 0x51, 0x00,
    0x90, 0xFF, 0x88, 0xC5, 0xFF, 0x80, 0x54, 0xD5, 0xFF, 0x88, 0x34, 0xD5, 0xF9, 0xC6, 0xBE, 0xFF,
    0x88,
    // Unicode: [0x00AB]
    0x00, 0x00, 0x00, 0x00, 0x08, 0x00, 0x00, 0x00, 0x00, 0x08, 0x00, 0x00, 0x00, 0x1B, 0xCB, 0x00,
    0x00, 0x00, 0x58, 0x8E, 0x00, 0x00, 0x39, 0xE7, 0xFF, 0x00, 0x02, 0x86, 0xFF, 0x98, 0x00, 0x61,
    0xF8, 0xFF, 0x8D, 0x0E, 0xB3, 0xFF, 0xE8, 0x3B, 0x53, 0xFF, 0xF7, 0x54, 0x00, 0xBB, 0xFF, 0xC9,
    0x1A, 0x00, 0x3B, 0xF5, 0xFF, 0x8C, 0x03, 0x98, 0xFF, 0xE8, 0x3E, 0x00, 0x00, 0x30, 0xE0, 0xFF,
    0xBF, 0x00, 0x7A, 0xFD, 0xFB, 0x5C, 0x00, 0x00, 0x15, 0xC1, 0xFF, 0x00, 0x00, 0x4D, 0xF2, 0x98,
    0x00, 0x00, 0x00, 0x05, 0x98, 0x00, 0x00, 0x00, 0x2A, 0x73,
    // Unicode: [0x00AC]
    0x0A, 0x18, 0x18, 0x18, 0x18, 0x18, 0x18, 0x18, 0x18, 0x18, 0x07, 0x6C, 0xFF, 0xFF, 0xFF, 0xFF,
    0xFF, 0xFF, 0xFF, 0xFF, 0xFF, 0x50, 0x6C, 0xFF, 0xFF, 0xFF, 0xFF, 0xFF, 0xFF, 0xFF, 0xFF, 0xFF,
    0x50, 0x00, 0x00, 0x00, 0x00, 0x00, 0x00, 0x00, 0x00, 0xC4, 0xFF, 0x50, 0x00, 0x00, 0x00, 0x00,
    0x00, 0x00, 0x00, 0x00, 0xC4, 0xFF, 0x50, 0x00, 0x00, 0x00, 0x00, 0x00, 0x00, 0x00, 0x00, 0xC4,
    0xFF, 0x50, 0x00, 0x00, 0x00, 0x00, 0x00, 0x00, 0x00, 0x00, 0xC4, 0xFF, 0x50,
    // Unicode: [0x00AD]
    0x0B, 0x3C, 0x3C, 0x3C, 0x3C, 0x3C, 0x17, 0x30, 0xFF, 0xFF, 0xFF, 0xFF, 0xFF, 0x64, 0x30, 0xFF,
    0xFF, 0xFF, 0xFF, 0xFF, 0x64,
    // Unicode: [0x00AE]
    0x00, 0x00, 0x00, 0x00, 0x00, 0x00, 0x0D, 0x17, 0x02, 0x00, 0x00, 0x00, 0x00, 0x00, 0x00, 0x00,
    0x00, 0x06, 0x74, 0xDA, 0xFF, 0xFF, 0xF5, 0xAA, 0x29, 0x00, 0x00, 0x00, 0x00, 0x00, 0x13, 0xC7,
    0xFD, 0xAA, 0x64, 0x58, 0x81, 0xE2, 0xF8, 0x56, 0x00, 0x00, 0x00, 0x03, 0xC0, 0xED, 0x3C, 0x00,
    0x00, 0x00, 0x00, 0x0A, 0xAC, 0xFA, 0x3C, 0x00, 0x00, 0x62, 0xFF, 0x44, 0x4A, 0xFC, 0xFC, 0xF5,
    0xCE, 0x33, 0x05, 0xCA, 0xD2, 0x01, 0x00, 0xC8, 0xB7, 0x00, 0x4C, 0xFF, 0x64, 0x4F, 0xFC, 0xBA,
    0x00, 0x41, 0xFF, 0x3B, 0x05, 0xFD, 0x6B, 0x00, 0x4C, 0xFF, 0x45, 0x2C, 0xFC, 0xAA, 0x00, 0x02,
    0xF2, 0x75, 0x16, 0xFF, 0x51, 0x00, 0x4C, 0xFF, 0xFF, 0xFF, 0xC1, 0x14, 0x00, 0x00, 0xDA, 0x89,
    0x08, 0xFF, 0x62, 0x00, 0x4C, 0xFF, 0x69, 0xD5, 0xE5, 0x19, 0x00, 0x00, 0xEB, 0x7B, 0x00, 0xD6,
    0xA3, 0x00, 0x4C, 0xFF, 0x44, 0x2A, 0xF5, 0xC6, 0x06, 0x2D, 0xFF, 0x49, 0x00, 0x79, 0xFA, 0x27,
    0x36, 0xB8, 0x30, 0x00, 0x57, 0xB8, 0x5A, 0xAC, 0xE5, 0x07, 0x00, 0x0C, 0xDB, 0xD6, 0x1A, 0x00,
    0x00, 0x00, 0x00, 0x00, 0x7D, 0xFF, 0x5A, 0x00, 0x00, 0x00, 0x29, 0xE4, 0xEC, 0x78, 0x33, 0x27,
    0x50, 0xBA, 0xFF, 0x81, 0x00, 0x00, 0x00, 0x00, 0x00, 0x1A, 0xA4, 0xFA, 0xFF, 0xFF, 0xFF, 0xDA,
    0x53, 0x00, 0x00, 0x00, 0x00, 0x00, 0x00, 0x00, 0x00, 0x10, 0x3E, 0x48, 0x29, 0x00, 0x00, 0x00,
    0x00, 0x00,
    // Unicode: [0x00AF]
    0x14, 0xA0, 0xA0, 0xA0, 0xA0, 0xA0, 0xA0, 0xA0, 0xA0, 0xA0, 0xA0, 0x7D, 0x20, 0xFF, 0xFF, 0xFF,
    0xFF, 0xFF, 0xFF, 0xFF, 0xFF, 0xFF, 0xFF, 0xC8,
    // Unicode: [0x00B0]
    0x00, 0x10, 0x81, 0xA6, 0x70, 0x04, 0x00, 0x0C, 0xDB, 0xFF, 0xFF, 0xFF, 0xB6, 0x00, 0x76, 0xFF,
    0x78, 0x0E, 0xA3, 0xFF, 0x45, 0xA4, 0xFF, 0x07, 0x00, 0x37, 0xFF, 0x73, 0x8A, 0xFF, 0x3D, 0x00,
    0x6D, 0xFF, 0x59, 0x27, 0xF9, 0xF4, 0xC6, 0xFC, 0xE1, 0x0B, 0x00, 0x41, 0xCE, 0xF2, 0xBC, 0x26,
    0x00,
    // Unicode: [0x00B1]
    0x00, 0x00, 0x00, 0x00, 0x80, 0xFF, 0x80, 0x00, 0x00, 0x00, 0x00, 0x00, 0x00, 0x00, 0x00, 0x80,
    0xFF, 0x80, 0x00, 0x00, 0x00, 0x00, 0x00, 0x00, 0x00, 0x00, 0x80, 0xFF, 0x80, 0x00, 0x00, 0x00,
    0x00, 0x00, 0x00, 0x00, 0x00, 0x80, 0xFF, 0x80, 0x00, 0x00, 0x00, 0x00, 0x08, 0x14, 0x14, 0x14,
    0x8A, 0xFF, 0x8A, 0x14, 0x14, 0x14, 0x08, 0x68, 0xFF, 0xFF, 0xFF, 0xFF, 0xFF, 0xFF, 0xFF, 0xFF,
    0xFF, 0x68, 0x68, 0xFF, 0xFF, 0xFF, 0xFF, 0xFF, 0xFF, 0xFF, 0xFF, 0xFF, 0x68, 0x00, 0x00, 0x00,
    0x00, 0x7C, 0xFF, 0x80, 0x00, 0x00, 0x00, 0x00, 0x00, 0x00, 0x00, 0x00, 0x7C, 0xFF, 0x80, 0x00,
    0x00, 0x00, 0x00, 0x08, 0x14, 0x14, 0x14, 0x86, 0xFF, 0x8A, 0x14, 0x14, 0x14, 0x08, 0x68, 0xFF,
    0xFF, 0xFF, 0xFF, 0xFF, 0xFF, 0xFF, 0xFF, 0xFF, 0x68, 0x68, 0xFF, 0xFF, 0xFF, 0xFF, 0xFF, 0xFF,
    0xFF, 0xFF, 0xFF, 0x68,
    // Unicode: [0x00B2]
    0x27, 0xC0, 0xEA, 0xF7, 0xD3, 0x4F, 0x00, 0x44, 0xE5, 0xA6, 0xCF, 0xFF, 0xF8, 0x09, 0x0C, 0x05,
    0x00, 0x2B, 0xFF, 0xFF, 0x15, 0x00, 0x00, 0x00, 0x84, 0xFF, 0xAF, 0x00, 0x00, 0x08, 0x93, 0xFF,
    0xBC, 0x0C, 0x00, 0x26, 0xDB, 0xFF, 0xE9, 0x87, 0x84, 0x4E, 0x50, 0xFF, 0xFF, 0xFF, 0xFF, 0xFF,
    0x98,
    // Unicode: [0x00B3]
    0x25, 0xC1, 0xEA, 0xF9, 0xDD, 0x74, 0x00, 0x3F, 0xCB, 0x90, 0x9A, 0xFE, 0xFF, 0x2B, 0x01, 0x00,
    0x1C, 0x33, 0xF7, 0xF7, 0x19, 0x00, 0x04, 0xFF, 0xFF, 0xFF, 0x6E, 0x00, 0x00, 0x01, 0x4C, 0x55,
    0xE4, 0xFF, 0x40, 0x54, 0xB4, 0x8A, 0x90, 0xF3, 0xFF, 0x4A, 0x3A, 0xD1, 0xF7, 0xF9, 0xDE, 0x7D,
    0x01,
    // Unicode: [0x00B4]
    0x00, 0x0C, 0xE4, 0xFF, 0x9D, 0x00, 0x8C, 0xFF, 0xB3, 0x04, 0x2B, 0xFB, 0xC6, 0x0A, 0x00,
    // Unicode: [0x00B5]
    0xC0, 0xFF, 0xE0, 0x00, 0x00, 0x10, 0xFF, 0xFF, 0x94, 0xC0, 0xFF, 0xE0, 0x00, 0x00, 0x10, 0xFF,
    0xFF, 0x94, 0xC0, 0xFF, 0xE0, 0x00, 0x00, 0x10, 0xFF, 0xFF, 0x94, 0xC0, 0xFF, 0xE0, 0x00, 0x00,
    0x10, 0xFF, 0xFF, 0x94, 0xC0, 0xFF, 0xE0, 0x00, 0x00, 0x10, 0xFF, 0xFF, 0x94, 0xC0, 0xFF, 0xE0,
    0x00, 0x00, 0x10, 0xFF, 0xFF, 0x94, 0xC0, 0xFF, 0xEF, 0x34, 0x09, 0x54, 0xFF, 0xFF, 0x94, 0xC0,
    0xFF, 0xFF, 0xFF, 0xFF, 0xFF, 0xFF, 0xFF, 0x94, 0xC0, 0xFF, 0xEF, 0xC4, 0xF3, 0xB2, 0xE3, 0xFF,
    0x94, 0xC0, 0xFF, 0xE0, 0x00, 0x00, 0x00, 0x00, 0x00, 0x00, 0xC0, 0xFF, 0xE0, 0x00, 0x00, 0x00,
    0x00, 0x00, 0x00, 0xC0, 0xFF, 0xE0, 0x00, 0x00, 0x00, 0x00, 0x00, 0x00,
    // Unicode: [0x00B6]
    0x00, 0x45, 0xBC, 0xE8, 0xFF, 0xFF, 0xFF, 0xFF, 0x2C, 0x62, 0xFF, 0xFF, 0xFF, 0xFF, 0xBE, 0x94,
    0xFF, 0x2C, 0xDD, 0xFF, 0xFF, 0xFF, 0xFF, 0x94, 0x50, 0xFF, 0x2C, 0xFE, 0xFF, 0xFF, 0xFF, 0xFF,
    0x94, 0x50, 0xFF, 0x2C, 0xE6, 0xFF, 0xFF, 0xFF, 0xFF, 0x94, 0x50, 0xFF, 0x2C, 0x85, 0xFF, 0xFF,
    0xFF, 0xFF, 0x94, 0x50, 0xFF, 0x2C, 0x05, 0x83, 0xF6, 0xFF, 0xFF, 0x94, 0x50, 0xFF, 0x2C, 0x00,
    0x00, 0x03, 0x21, 0xF9, 0x94, 0x50, 0xFF, 0x2C, 0x00, 0x00, 0x00, 0x00, 0xF8, 0x94, 0x50, 0xFF,
    0x2C, 0x00, 0x00, 0x00, 0x00, 0xF8, 0x94, 0x50, 0xFF, 0x2C, 0x00, 0x00, 0x00, 0x00, 0xF8, 0x94,
    0x50, 0xFF, 0x2C, 0x00, 0x00, 0x00, 0x00, 0xF8, 0x94, 0x50, 0xFF, 0x2C, 0x00, 0x00, 0x00, 0x00,
    0xF8, 0x94, 0x50, 0xFF, 0x2C, 0x00, 0x00, 0x00, 0x00, 0xF8, 0x94, 0x50, 0xFF, 0x2C, 0x00, 0x00,
    0x00, 0x00, 0xF8, 0x94, 0x50, 0xFF, 0x2C,
    // Unicode: [0x00B7]
    0x07, 0x0C, 0x0C, 0x00, 0xA8, 0xFF, 0xFF, 0x14, 0xA8, 0xFF, 0xFF, 0x14, 0xA8, 0xFF, 0xFF, 0x14,
    // Unicode: [0x00B8]
    0x00, 0x00, 0x0D, 0x2C, 0x0E, 0x00, 0x00, 0x4D, 0xFF, 0x5B, 0x21, 0x29, 0xA9, 0xFF, 0x3A, 0xD4,
    0xFF, 0xFF, 0xAA, 0x00, 0x2E, 0x4F, 0x32, 0x00, 0x00,
    // Unicode: [0x00B9]
    0x18, 0x6C, 0xFF, 0xB4, 0x00, 0x00, 0xF4, 0xFF, 0xFF, 0xB4, 0x00, 0x00, 0x3D, 0x79, 0xFF, 0xB4,
    0x00, 0x00, 0x00, 0x4C, 0xFF, 0xB4, 0x00, 0x00, 0x00, 0x4C, 0xFF, 0xB4, 0x00, 0x00, 0x55, 0x8F,
    0xFF, 0xD0, 0x60, 0x15, 0xE4, 0xFF, 0xFF, 0xFF, 0xFF, 0x38,
    // Unicode: [0x00BA]
    0x00, 0x03, 0x74, 0xD8, 0xF5, 0xD7, 0x71, 0x02, 0x00, 0x00, 0x7C, 0xFF, 0xDA, 0x84, 0xDE, 0xFF,
    0x75, 0x00, 0x00, 0xE6, 0xFF, 0x41, 0x00, 0x4A, 0xFF, 0xDE, 0x00, 0x06, 0xFF, 0xFF, 0x1E, 0x00,
    0x28, 0xFF, 0xFC, 0x01, 0x00, 0xE7, 0xFF, 0x3D, 0x00, 0x45, 0xFF, 0xDE, 0x00, 0x00, 0x7E, 0xFF,
    0xDA, 0x85, 0xDC, 0xFF, 0x73, 0x00, 0x00, 0x04, 0x76, 0xD9, 0xF6, 0xD7, 0x70, 0x02, 0x00,
    // Unicode: [0x00BB]
    0x08, 0x00, 0x00, 0x00, 0x08, 0x00, 0x00, 0x00, 0x00, 0x00, 0xB7, 0x2E, 0x00, 0x00, 0x40, 0x9F,
    0x07, 0x00, 0x00, 0x00, 0xD8, 0xF4, 0x53, 0x00, 0x40, 0xFF, 0xC7, 0x18, 0x00, 0x00, 0x69, 0xFA,
    0xFE, 0x81, 0x11, 0xBC, 0xFF, 0xE4, 0x35, 0x00, 0x00, 0x3C, 0xEA, 0xFF, 0x7B, 0x03, 0x8B, 0xFF,
    0xF7, 0x1C, 0x00, 0x6E, 0xFB, 0xFD, 0x5B, 0x14, 0xBC, 0xFF, 0xDD, 0x12, 0x98, 0xFF, 0xF0, 0x48,
    0x1E, 0xE2, 0xFF, 0xBD, 0x13, 0x00, 0xD8, 0xD8, 0x26, 0x00, 0x40, 0xFF, 0x93, 0x04, 0x00, 0x00,
    0x8D, 0x0F, 0x00, 0x00, 0x39, 0x63, 0x00, 0x00, 0x00, 0x00,
    // Unicode: [0x00BC]
    0x12, 0x40, 0xD9, 0xFF, 0x34, 0x00, 0x00, 0x00, 0x01, 0xD4, 0xFC, 0x24, 0x00, 0x00, 0x00, 0x00,
    0x8C, 0xFF, 0xFF, 0xFF, 0x34, 0x00, 0x00, 0x00, 0x53, 0xFF, 0xA4, 0x00, 0x00, 0x00, 0x00, 0x00,
    0x29, 0x4C, 0xE1, 0xFF, 0x34, 0x00, 0x00, 0x00, 0xCF, 0xFE, 0x2A, 0x00, 0x00, 0x00, 0x00, 0x00,
    0x00, 0x00, 0xD4, 0xFF, 0x34, 0x00, 0x00, 0x4C, 0xFF, 0xAB, 0x00, 0x00, 0x00, 0x00, 0x00, 0x00,
    0x00, 0x00, 0xD4, 0xFF, 0x34, 0x00, 0x00, 0xC8, 0xFF, 0x30, 0x00, 0x1A, 0xD0, 0xE0, 0x4D, 0x00,
    0x00, 0x00, 0xD4, 0xFF, 0x34, 0x00, 0x46, 0xFF, 0xB2, 0x00, 0x08, 0xCA, 0xFF, 0xFF, 0x58, 0x00,
    0x00, 0x00, 0xD4, 0xFF, 0x34, 0x00, 0xC2, 0xFF, 0x36, 0x00, 0xA6, 0xE5, 0xA5, 0xFF, 0x58, 0x00,
    0x00, 0x00, 0x35, 0x40, 0x0D, 0x3F, 0xFF, 0xB9, 0x00, 0x7B, 0xF8, 0x36, 0x8C, 0xFF, 0x58, 0x00,
    0x00, 0x00, 0x00, 0x00, 0x00, 0xBB, 0xFF, 0x3C, 0x0A, 0xFE, 0x7D, 0x20, 0x9A, 0xFF, 0x6D, 0x12,
    0x00, 0x00, 0x00, 0x00, 0x38, 0xFF, 0xBF, 0x00, 0x0C, 0xFF, 0xFF, 0xFF, 0xFF, 0xFF, 0xFF, 0x90,
    0x00, 0x00, 0x00, 0x00, 0xB5, 0xFF, 0x43, 0x00, 0x03, 0x50, 0x50, 0x50, 0xB5, 0xFF, 0x8C, 0x2D,
    0x00, 0x00, 0x00, 0x1E, 0xCF, 0xAB, 0x00, 0x00, 0x00, 0x00, 0x00, 0x00, 0x78, 0xD0, 0x47, 0x00,
    // Unicode: [0x00BD]
    0x00, 0x00, 0x31, 0x40, 0x03, 0x00, 0x00, 0x00, 0x00, 0x3B, 0x3F, 0x03, 0x00, 0x00, 0x00, 0x00,
    0x18, 0x5B, 0xF5, 0xFF, 0x0C, 0x00, 0x00, 0x00, 0x3E, 0xFF, 0xB9, 0x00, 0x00, 0x00, 0x00, 0x00,
    0xB0, 0xFF, 0xFF, 0xFF, 0x0C, 0x00, 0x00, 0x00, 0xC1, 0xFF, 0x37, 0x00, 0x00, 0x00, 0x00, 0x00,
    0x34, 0x4C, 0xFA, 0xFF, 0x0C, 0x00, 0x00, 0x44, 0xFF, 0xB3, 0x00, 0x00, 0x00, 0x00, 0x00, 0x00,
    0x00, 0x00, 0xF8, 0xFF, 0x0C, 0x00, 0x00, 0xC6, 0xFE, 0x3A, 0x63, 0x95, 0xA8, 0x87, 0x1E, 0x00,
    0x00, 0x00, 0xF8, 0xFF, 0x0C, 0x00, 0x4A, 0xFF, 0xAE, 0x24, 0xFF, 0xFF, 0xFF, 0xFF, 0xE3, 0x0B,
    0x00, 0x00, 0xF8, 0xFF, 0x0C, 0x00, 0xCB, 0xFE, 0x2D, 0x24, 0xC1, 0x1C, 0x36, 0xFF, 0xFF, 0x38,
    0x00, 0x00, 0xF8, 0xFF, 0x0C, 0x4F, 0xFF, 0xA8, 0x00, 0x09, 0x0A, 0x00, 0x19, 0xFF, 0xFF, 0x1F,
    0x00, 0x00, 0x00, 0x00, 0x01, 0xD0, 0xFD, 0x28, 0x00, 0x00, 0x00, 0x02, 0xA7, 0xFF, 0x9D, 0x00,
    0x00, 0x00, 0x00, 0x00, 0x55, 0xFF, 0xA2, 0x00, 0x00, 0x00, 0x12, 0xB6, 0xFF, 0xAE, 0x06, 0x00,
    0x00, 0x00, 0x00, 0x02, 0xD5, 0xFB, 0x24, 0x00, 0x00, 0x19, 0xE3, 0xFF, 0xF1, 0x99, 0x98, 0x6D,
    0x00, 0x00, 0x00, 0x5B, 0xFF, 0x9D, 0x00, 0x00, 0x00, 0x30, 0xFF, 0xFF, 0xFF, 0xFF, 0xFF, 0xB8,
    // Unicode: [0x00BE]
    0x5D, 0xD1, 0xF1, 0xF3, 0xC4, 0x35, 0x00, 0x00, 0x00, 0x28, 0xFD, 0xD0, 0x00, 0x00, 0x00, 0x00,
    0x96, 0xC6, 0x9C, 0xD2, 0xFF, 0xD0, 0x00, 0x00, 0x00, 0xA3, 0xFF, 0x54, 0x00, 0x00, 0x00, 0x00,
    0x09, 0x00, 0x01, 0x66, 0xFF, 0xC3, 0x00, 0x00, 0x23, 0xFC, 0xD6, 0x02, 0x00, 0x00, 0x00, 0x00,
    0x00, 0x5C, 0xFF, 0xFF, 0xE7, 0x22, 0x00, 0x00, 0x9C, 0xFF, 0x5B, 0x00, 0x00, 0x00, 0x00, 0x00,
    0x00, 0x2F, 0x84, 0xB1, 0xFF, 0xC6, 0x00, 0x1E, 0xFA, 0xDB, 0x03, 0x00, 0x49, 0x84, 0x5C, 0x00,
    0x4F, 0x28, 0x06, 0x42, 0xFF, 0xFD, 0x05, 0x96, 0xFF, 0x62, 0x00, 0x41, 0xF9, 0xFF, 0xB4, 0x00,
    0xB4, 0xFF, 0xFF, 0xFF, 0xFF, 0xAF, 0x19, 0xF8, 0xE0, 0x05, 0x2D, 0xF0, 0xB4, 0xFF, 0xB4, 0x00,
    0x29, 0x74, 0x8F, 0x86, 0x57, 0x06, 0x8F, 0xFF, 0x69, 0x1D, 0xE4, 0xA3, 0x31, 0xFF, 0xB4, 0x00,
    0x00, 0x00, 0x00, 0x00, 0x00, 0x15, 0xF5, 0xE5, 0x07, 0xA8, 0xD0, 0x25, 0x4A, 0xFF, 0xBD, 0x1D,
    0x00, 0x00, 0x00, 0x00, 0x00, 0x88, 0xFF, 0x6F, 0x00, 0xB0, 0xFF, 0xFF, 0xFF, 0xFF, 0xFF, 0xEC,
    0x00, 0x00, 0x00, 0x00, 0x11, 0xF2, 0xE9, 0x09, 0x00, 0x37, 0x50, 0x50, 0x76, 0xFF, 0xCB, 0x49,
    0x00, 0x00, 0x00, 0x00, 0x5F, 0xD0, 0x6A, 0x00, 0x00, 0x00, 0x00, 0x00, 0x2D, 0xD0, 0x92, 0x00,
    // Unicode: [0x00BF]
    0x00, 0x00, 0x00, 0x5C, 0xFF, 0xFF, 0x98, 0x00, 0x00, 0x00, 0x00, 0x00, 0x5C, 0xFF, 0xFF, 0x98,
    0x00, 0x00, 0x00, 0x00, 0x00, 0x04, 0x0C, 0x0C, 0x07, 0x00, 0x00, 0x00, 0x00, 0x00, 0x28, 0xFF,
    0xFF, 0x6C, 0x00, 0x00, 0x00, 0x00, 0x00, 0x2E, 0xFF, 0xFF, 0x6C, 0x00, 0x00, 0x00, 0x00, 0x64,
    0xEB, 0xFF, 0xFA, 0x57, 0x00, 0x00, 0x00, 0x6F, 0xFF, 0xFF, 0xB3, 0x18, 0x00, 0x00, 0x00, 0x02,
    0xF0, 0xFF, 0xE3, 0x07, 0x00, 0x00, 0x00, 0x00, 0x1F, 0xFF, 0xFF, 0xB9, 0x00, 0x00, 0x00, 0x05,
    0x04, 0x15, 0xFE, 0xFF, 0xF7, 0x60, 0x36, 0x68, 0xDC, 0x2C, 0x00, 0xA7, 0xFF, 0xFF, 0xFF, 0xFF,
    0xFF, 0xFF, 0x2C, 0x00, 0x07, 0x74, 0xD4, 0xF5, 0xEB, 0xCC, 0x8F, 0x0F,
    // Unicode: [0x00C0]
    0x00, 0x00, 0x00, 0x81, 0xFF, 0xF2, 0x1A, 0x00, 0x00, 0x00, 0x00, 0x00, 0x00, 0x00, 0x00, 0x00,
    0x9C, 0xFF, 0xA7, 0x00, 0x00, 0x00, 0x00, 0x00, 0x00, 0x00, 0x00, 0x00, 0x03, 0xB0, 0xFF, 0x42,
    0x00, 0x00, 0x00, 0x00, 0x00, 0x00, 0x00, 0x00, 0x00, 0x00, 0x00, 0x00, 0x00, 0x00, 0x00, 0x00,
    0x00, 0x00, 0x00, 0x06, 0xF0, 0xFF, 0xFF, 0x9A, 0x00, 0x00, 0x00, 0x00, 0x00, 0x00, 0x00, 0x4E,
    0xFF, 0xFF, 0xFF, 0xEC, 0x04, 0x00, 0x00, 0x00, 0x00, 0x00, 0x00, 0xA4, 0xFF, 0xFF, 0xFF, 0xFF,
    0x46, 0x00, 0x00, 0x00, 0x00, 0x00, 0x07, 0xF1, 0xFF, 0xD9, 0xFF, 0xFF, 0x9C, 0x00, 0x00, 0x00,
    0x00, 0x00, 0x50, 0xFF, 0xFF, 0x6D, 0xDD, 0xFF, 0xED, 0x05, 0x00, 0x00, 0x00, 0x00, 0xA6, 0xFF,
    0xFF, 0x24, 0x93, 0xFF, 0xFF, 0x48, 0x00, 0x00, 0x00, 0x08, 0xF2, 0xFF, 0xDA, 0x00, 0x48, 0xFF,
    0xFF, 0x9E, 0x00, 0x00, 0x00, 0x52, 0xFF, 0xFF, 0xA0, 0x1C, 0x24, 0xF9, 0xFF, 0xEE, 0x05, 0x00,
    0x00, 0xA8, 0xFF, 0xFF, 0xFF, 0xFF, 0xFF, 0xFF, 0xFF, 0xFF, 0x4A, 0x00, 0x09, 0xF3, 0xFF, 0xFF,
    0xFF, 0xFF, 0xFF, 0xFF, 0xFF, 0xFF, 0xA0, 0x00, 0x54, 0xFF, 0xFF, 0x93, 0x00, 0x00, 0x00, 0x0C,
    0xF4, 0xFF, 0xEF, 0x06, 0xA9, 0xFF, 0xFF, 0x33, 0x00, 0x00, 0x00, 0x00, 0xA0, 0xFF, 0xFF, 0x4C,
    // Unicode: [0x00C1]
    0x00, 0x00, 0x00, 0x00, 0x00, 0x92, 0xFF, 0xE1, 0x18, 0x00, 0x00, 0x00, 0x00, 0x00, 0x00, 0x00,
    0x2F, 0xFC, 0xEC, 0x28, 0x00, 0x00, 0x00, 0x00, 0x00, 0x00, 0x00, 0x01, 0xC5, 0xF4, 0x37, 0x00,
    0x00, 0x00, 0x00, 0x00, 0x00, 0x00, 0x00, 0x00, 0x00, 0x00, 0x00, 0x00, 0x00, 0x00, 0x00, 0x00,
    0x00, 0x00, 0x00, 0x06, 0xF0, 0xFF, 0xFF, 0x9A, 0x00, 0x00, 0x00, 0x00, 0x00, 0x00, 0x00, 0x4E,
    0xFF, 0xFF, 0xFF, 0xEC, 0x04, 0x00, 0x00, 0x00, 0x00, 0x00, 0x00, 0xA4, 0xFF, 0xFF, 0xFF, 0xFF,
    0x46, 0x00, 0x00, 0x00, 0x00, 0x00, 0x07, 0xF1, 0xFF, 0xD9, 0xFF, 0xFF, 0x9C, 0x00, 0x00, 0x00,
    0x00, 0x00, 0x50, 0xFF, 0xFF, 0x6D, 0xDD, 0xFF, 0xED, 0x05, 0x00, 0x00, 0x00, 0x00, 0xA6, 0xFF,
    0xFF, 0x24, 0x93, 0xFF, 0xFF, 0x48, 0x00, 0x00, 0x00, 0x08, 0xF2, 0xFF, 0xDA, 0x00, 0x48, 0xFF,
    0xFF, 0x9E, 0x00, 0x00, 0x00, 0x52, 0xFF, 0xFF, 0xA0, 0x1C, 0x24, 0xF9, 0xFF, 0xEE, 0x05, 0x00,
    0x00, 0xA8, 0xFF, 0xFF, 0xFF, 0xFF, 0xFF, 0xFF, 0xFF, 0xFF, 0x4A, 0x00, 0x09, 0xF3, 0xFF, 0xFF,
    0xFF, 0xFF, 0xFF, 0xFF, 0xFF, 0xFF, 0xA0, 0x00, 0x54, 0xFF, 0xFF, 0x93, 0x00, 0x00, 0x00, 0x0C,
    0xF4, 0xFF, 0xEF, 0x06, 0xA9, 0xFF, 0xFF, 0x33, 0x00, 0x00, 0x00, 0x00, 0xA0, 0xFF, 0xFF, 0x4C,
    // Unicode: [0x00C2]
    0x00, 0x00, 0x00, 0x00, 0x7D, 0xFF, 0xF5, 0x2D, 0x00, 0x00, 0x00, 0x00, 0x00, 0x00, 0x00, 0x46,
    0xFD, 0xB6, 0xEC, 0xDB, 0x0F, 0x00, 0x00, 0x00, 0x00, 0x00, 0x1F, 0xEC, 0xD0, 0x0B, 0x43, 0xFC,
    0xB1, 0x01, 0x00, 0x00, 0x00, 0x00, 0x00, 0x00, 0x00, 0x00, 0x00, 0x00, 0x00, 0x00, 0x00, 0x00,
    0x00, 0x00, 0x00, 0x06, 0xF0, 0xFF, 0xFF, 0x9A, 0x00, 0x00, 0x00, 0x00, 0x00, 0x00, 0x00, 0x4E,
    0xFF, 0xFF, 0xFF, 0xEC, 0x04, 0x00, 0x00, 0x00, 0x00, 0x00, 0x00, 0xA4, 0xFF, 0xFF, 0xFF, 0xFF,
    0x46, 0x00, 0x00, 0x00, 0x00, 0x00, 0x07, 0xF1, 0xFF, 0xD9, 0xFF, 0xFF, 0x9C, 0x00, 0x00, 0x00,
    0x00, 0x00, 0x50, 0xFF, 0xFF, 0x6D, 0xDD, 0xFF, 0xED, 0x05, 0x00, 0x00, 0x00, 0x00, 0xA6, 0xFF,
    0xFF, 0x24, 0x93, 0xFF, 0xFF, 0x48, 0x00, 0x00, 0x00, 0x08, 0xF2, 0xFF, 0xDA, 0x00, 0x48, 0xFF,
    0xFF, 0x9E, 0x00, 0x00, 0x00, 0x52, 0xFF, 0xFF, 0xA0, 0x1C, 0x24, 0xF9, 0xFF, 0xEE, 0x05, 0x00,
    0x00, 0xA8, 0xFF, 0xFF, 0xFF, 0xFF, 0xFF, 0xFF, 0xFF, 0xFF, 0x4A, 0x00, 0x09, 0xF3, 0xFF, 0xFF,
    0xFF, 0xFF, 0xFF, 0xFF, 0xFF, 0xFF, 0xA0, 0x00, 0x54, 0xFF, 0xFF, 0x93, 0x00, 0x00, 0x00, 0x0C,
    0xF4, 0xFF, 0xEF, 0x06, 0xA9, 0xFF, 0xFF, 0x33, 0x00, 0x00, 0x00, 0x00, 0xA0, 0xFF, 0xFF, 0x4C,
    // Unicode: [0x00C3]
    0x00, 0x00, 0x00, 0x58, 0x8F, 0x34, 0x00, 0x8E, 0x74, 0x00, 0x00, 0x00, 0x00, 0x00, 0x50, 0xFF,
    0xFF, 0xFD, 0xBE, 0xFF, 0x8F, 0x00, 0x00, 0x00, 0x00, 0x00, 0xA3, 0xF8, 0x18, 0x84, 0xEF, 0xC9,
    0x1B, 0x00, 0x00, 0x00, 0x00, 0x00, 0x00, 0x00, 0x00, 0x00, 0x00, 0x00, 0x00, 0x00, 0x00, 0x00,
    0x00, 0x00, 0x00, 0x06, 0xF0, 0xFF, 0xFF, 0x9A, 0x00, 0x00, 0x00, 0x00, 0x00, 0x00, 0x00, 0x4E,
    0xFF, 0xFF, 0xFF, 0xEC, 0x04, 0x00, 0x00, 0x00, 0x00, 0x00, 0x00, 0xA4, 0xFF, 0xFF, 0xFF, 0xFF,
    0x46, 0x00, 0x00, 0x00, 0x00, 0x00, 0x07, 0xF1, 0xFF, 0xD9, 0xFF, 0xFF, 0x9C, 0x00, 0x00, 0x00,
    0x00, 0x00, 0x50, 0xFF, 0xFF, 0x6D, 0xDD, 0xFF, 0xED, 0x05, 0x00, 0x00, 0x00, 0x00, 0xA6, 0xFF,
    0xFF, 0x24, 0x93, 0xFF, 0xFF, 0x48, 0x00, 0x00, 0x00, 0x08, 0xF2, 0xFF, 0xDA, 0x00, 0x48, 0xFF,
    0xFF, 0x9E, 0x00, 0x00, 0x00, 0x52, 0xFF, 0xFF, 0xA0, 0x1C, 0x24, 0xF9, 0xFF, 0xEE, 0x05, 0x00,
    0x00, 0xA8, 0xFF, 0xFF, 0xFF, 0xFF, 0xFF, 0xFF, 0xFF, 0xFF, 0x4A, 0x00, 0x09, 0xF3, 0xFF, 0xFF,
    0xFF, 0xFF, 0xFF, 0xFF, 0xFF, 0xFF, 0xA0, 0x00, 0x54, 0xFF, 0xFF, 0x93, 0x00, 0x00, 0x00, 0x0C,
    0xF4, 0xFF, 0xEF, 0x06, 0xA9, 0xFF, 0xFF, 0x33, 0x00, 0x00, 0x00, 0x00, 0xA0, 0xFF, 0xFF, 0x4C,
    // Unicode: [0x00C4]
    0x00, 0x00, 0x38, 0xFF, 0xF4, 0x00, 0x48, 0xFF, 0xE4, 0x00, 0x00, 0x00, 0x00, 0x00, 0x38, 0xFF,
    0xF4, 0x00, 0x48, 0xFF, 0xE4, 0x00, 0x00, 0x00, 0x00, 0x00, 0x07, 0x20, 0x1E, 0x00, 0x09, 0x20,
    0x1C, 0x00, 0x00, 0x00, 0x00, 0x00, 0x00, 0x06, 0xF0, 0xFF, 0xFF, 0x9A, 0x00, 0x00, 0x00, 0x00,
    0x00, 0x00, 0x00, 0x4E, 0xFF, 0xFF, 0xFF, 0xEC, 0x04, 0x00, 0x00, 0x00, 0x00, 0x00, 0x00, 0xA4,
    0xFF, 0xFF, 0xFF, 0xFF, 0x46, 0x00, 0x00, 0x00, 0x00, 0x00, 0x07, 0xF1, 0xFF, 0xD9, 0xFF, 0xFF,
    0x9C, 0x00, 0x00, 0x00, 0x00, 0x00, 0x50, 0xFF, 0xFF, 0x6D, 0xDD, 0xFF, 0xED, 0x05, 0x00, 0x00,
    0x00, 0x00, 0xA6, 0xFF, 0xFF, 0x24, 0x93, 0xFF, 0xFF, 0x48, 0x00, 0x00, 0x00, 0x08, 0xF2, 0xFF,
    0xDA, 0x00, 0x48, 0xFF, 0xFF, 0x9E, 0x00, 0x00, 0x00, 0x52, 0xFF, 0xFF, 0xA0, 0x1C, 0x24, 0xF9,
    0xFF, 0xEE, 0x05, 0x00, 0x00, 0xA8, 0xFF, 0xFF, 0xFF, 0xFF, 0xFF, 0xFF, 0xFF, 0xFF, 0x4A, 0x00,
    0x09, 0xF3, 0xFF, 0xFF, 0xFF, 0xFF, 0xFF, 0xFF, 0xFF, 0xFF, 0xA0, 0x00, 0x54, 0xFF, 0xFF, 0x93,
    0x00, 0x00, 0x00, 0x0C, 0xF4, 0xFF, 0xEF, 0x06, 0xA9, 0xFF, 0xFF, 0x33, 0x00, 0x00, 0x00, 0x00,
    0xA0, 0xFF, 0xFF, 0x4C,
    // Unicode: [0x00C5]
    0x00, 0x00, 0x00, 0x04, 0x93, 0xEE, 0xDC, 0x4F, 0x00, 0x00, 0x00, 0x00, 0x00, 0x00, 0x00, 0x72,
    0xF5, 0x4B, 0x8A, 0xF8, 0x1D, 0x00, 0x00, 0x00, 0x00, 0x00, 0x00, 0xA2, 0xEE, 0x1B, 0x63, 0xFF,
    0x45, 0x00, 0x00, 0x00, 0x00, 0x00, 0x00, 0x52, 0xFF, 0xFF, 0xFF, 0xE5, 0x0E, 0x00, 0x00, 0x00,
    0x00, 0x00, 0x00, 0x2A, 0xFF, 0xFF, 0xFF, 0xCD, 0x00, 0x00, 0x00, 0x00, 0x00, 0x00, 0x00, 0x84,
    0xFF, 0xFF, 0xFF, 0xFF, 0x27, 0x00, 0x00, 0x00, 0x00, 0x00, 0x00, 0xDC, 0xFF, 0xD9, 0xFF, 0xFF,
    0x80, 0x00, 0x00, 0x00, 0x00, 0x00, 0x36, 0xFF, 0xFF, 0x6D, 0xDD, 0xFF, 0xD9, 0x00, 0x00, 0x00,
    0x00, 0x00, 0x90, 0xFF, 0xFF, 0x24, 0x93, 0xFF, 0xFF, 0x33, 0x00, 0x00, 0x00, 0x02, 0xE6, 0xFF,
    0xDA, 0x00, 0x48, 0xFF, 0xFF, 0x8C, 0x00, 0x00, 0x00, 0x42, 0xFF, 0xFF, 0xA0, 0x1C, 0x24, 0xF9,
    0xFF, 0xE3, 0x01, 0x00, 0x00, 0x9C, 0xFF, 0xFF, 0xFF, 0xFF, 0xFF, 0xFF, 0xFF, 0xFF, 0x3F, 0x00,
    0x06, 0xEE, 0xFF, 0xFF, 0xFF, 0xFF, 0xFF, 0xFF, 0xFF, 0xFF, 0x98, 0x00, 0x4E, 0xFF, 0xFF, 0x93,
    0x00, 0x00, 0x00, 0x0C, 0xF4, 0xFF, 0xEC, 0x05, 0xA7, 0xFF, 0xFF, 0x33, 0x00, 0x00, 0x00, 0x00,
    0xA0, 0xFF, 0xFF, 0x4B,
    // Unicode: [0x00C6]
    0x00, 0x00, 0x00, 0x00, 0xB0, 0xFF, 0xFF, 0xFF, 0xFF, 0xFF, 0xFF, 0xFF, 0xFF, 0xFF, 0xFF, 0x70,
    0x00, 0x00, 0x00, 0x14, 0xFA, 0xFF, 0xFF, 0xFF, 0xFF, 0xFF, 0xFF, 0xFF, 0xFF, 0xFF, 0xFF, 0x70,
    0x00, 0x00, 0x00, 0x6F, 0xFF, 0xFF, 0x72, 0x7E, 0xFF, 0xFF, 0x6D, 0x20, 0x20, 0x20, 0x20, 0x0E,
    0x00, 0x00, 0x00, 0xCE, 0xFF, 0xFB, 0x13, 0x6C, 0xFF, 0xFF, 0x58, 0x00, 0x00, 0x00, 0x00, 0x00,
    0x00, 0x00, 0x2D, 0xFF, 0xFF, 0xBA, 0x00, 0x6C, 0xFF, 0xFF, 0x7F, 0x3C, 0x3C, 0x3C, 0x3C, 0x04,
    0x00, 0x00, 0x8D, 0xFF, 0xFF, 0x65, 0x00, 0x6C, 0xFF, 0xFF, 0xFF, 0xFF, 0xFF, 0xFF, 0xFF, 0x14,
    0x00, 0x03, 0xE8, 0xFF, 0xFF, 0x48, 0x34, 0x8A, 0xFF, 0xFF, 0xFF, 0xFF, 0xFF, 0xFF, 0xFF, 0x14,
    0x00, 0x4B, 0xFF, 0xFF, 0xFF, 0xFF, 0xFF, 0xFF, 0xFF, 0xFF, 0x58, 0x00, 0x00, 0x00, 0x00, 0x00,
    0x00, 0xAB, 0xFF, 0xFF, 0xFF, 0xFF, 0xFF, 0xFF, 0xFF, 0xFF, 0x58, 0x00, 0x00, 0x00, 0x00, 0x00,
    0x11, 0xF8, 0xFF, 0xEA, 0x06, 0x00, 0x00, 0x6C, 0xFF, 0xFF, 0x7F, 0x3C, 0x3C, 0x3C, 0x3C, 0x1A,
    0x69, 0xFF, 0xFF, 0x8B, 0x00, 0x00, 0x00, 0x6C, 0xFF, 0xFF, 0xFF, 0xFF, 0xFF, 0xFF, 0xFF, 0x70,
    0xC8, 0xFF, 0xFF, 0x27, 0x00, 0x00, 0x00, 0x6C, 0xFF, 0xFF, 0xFF, 0xFF, 0xFF, 0xFF, 0xFF, 0x70,
    // Unicode: [0x00C7]
    0x00, 0x00, 0x00, 0x4B, 0xB6, 0xEC, 0xF9, 0xE5, 0xB4, 0x56, 0x03, 0x00, 0x00, 0x92, 0xFF, 0xFF,
    0xFF, 0xFF, 0xFF, 0xFF, 0xFF, 0x30, 0x00, 0x5A, 0xFF, 0xFF, 0xF9, 0x86, 0x4A, 0x5E, 0xC5, 0xFF,
    0x30, 0x00, 0xD2, 0xFF, 0xFF, 0x5B, 0x00, 0x00, 0x00, 0x01, 0x75, 0x24, 0x17, 0xFF, 0xFF, 0xE1,
    0x01, 0x00, 0x00, 0x00, 0x00, 0x00, 0x00, 0x36, 0xFF, 0xFF, 0xB5, 0x00, 0x00, 0x00, 0x00, 0x00,
    0x00, 0x00, 0x37, 0xFF, 0xFF, 0xB4, 0x00, 0x00, 0x00, 0x00, 0x00, 0x00, 0x00, 0x1D, 0xFF, 0xFF,
    0xDC, 0x00, 0x00, 0x00, 0x00, 0x00, 0x00, 0x00, 0x00, 0xDD, 0xFF, 0xFF, 0x51, 0x00, 0x00, 0x00,
    0x00, 0x65, 0x23, 0x00, 0x6A, 0xFF, 0xFF, 0xF8, 0x86, 0x42, 0x52, 0xB7, 0xFF, 0x30, 0x00, 0x01,
    0xA4, 0xFF, 0xFF, 0xFF, 0xFF, 0xFF, 0xFF, 0xFF, 0x30, 0x00, 0x00, 0x00, 0x5A, 0xBE, 0xF0, 0xFF,
    0xFD, 0xB1, 0x56, 0x03, 0x00, 0x00, 0x00, 0x00, 0x00, 0x00, 0xC0, 0xEC, 0x00, 0x00, 0x00, 0x00,
    0x00, 0x00, 0x2A, 0x8F, 0x8F, 0xFC, 0xB8, 0x00, 0x00, 0x00, 0x00, 0x00, 0x00, 0x32, 0xF0, 0xF6,
    0xBC, 0x21, 0x00, 0x00, 0x00,
    // Unicode: [0x00C8]
    0x00, 0x0E, 0xD3, 0xFF, 0xA8, 0x00, 0x00, 0x00, 0x00, 0x00, 0x00, 0x1B, 0xE1, 0xFF, 0x43, 0x00,
    0x00, 0x00, 0x00, 0x00, 0x00, 0x28, 0xEC, 0xD8, 0x06, 0x00, 0x00, 0x00, 0x00, 0x00, 0x00, 0x00,
    0x00, 0x00, 0x00, 0x00, 0x9C, 0xFF, 0xFF, 0xFF, 0xFF, 0xFF, 0xFF, 0xFF, 0x48, 0x9C, 0xFF, 0xFF,
    0xFF, 0xFF, 0xFF, 0xFF, 0xFF, 0x48, 0x9C, 0xFF, 0xFF, 0x60, 0x3C, 0x3C, 0x3C, 0x3C, 0x10, 0x9C,
    0xFF, 0xFF, 0x30, 0x00, 0x00, 0x00, 0x00, 0x00, 0x9C, 0xFF, 0xFF, 0x60, 0x3C, 0x3C, 0x3C, 0x36,
    0x00, 0x9C, 0xFF, 0xFF, 0xFF, 0xFF, 0xFF, 0xFF, 0xE8, 0x00, 0x9C, 0xFF, 0xFF, 0xFF, 0xFF, 0xFF,
    0xFF, 0xE8, 0x00, 0x9C, 0xFF, 0xFF, 0x30, 0x00, 0x00, 0x00, 0x00, 0x00, 0x9C, 0xFF, 0xFF, 0x30,
    0x00, 0x00, 0x00, 0x00, 0x00, 0x9C, 0xFF, 0xFF, 0x60, 0x3C, 0x3C, 0x3C, 0x3C, 0x10, 0x9C, 0xFF,
    0xFF, 0xFF, 0xFF, 0xFF, 0xFF, 0xFF, 0x48, 0x9C, 0xFF, 0xFF, 0xFF, 0xFF, 0xFF, 0xFF, 0xFF, 0x48,
    // Unicode: [0x00C9]
    0x00, 0x00, 0x00, 0x03, 0xCE, 0xFF, 0xB7, 0x02, 0x00, 0x00, 0x00, 0x00, 0x6C, 0xFF, 0xC9, 0x0B,
    0x00, 0x00, 0x00, 0x00, 0x16, 0xF0, 0xD8, 0x13, 0x00, 0x00, 0x00, 0x00, 0x00, 0x00, 0x00, 0x00,
    0x00, 0x00, 0x00, 0x00, 0x9C, 0xFF, 0xFF, 0xFF, 0xFF, 0xFF, 0xFF, 0xFF, 0x48, 0x9C, 0xFF, 0xFF,
    0xFF, 0xFF, 0xFF, 0xFF, 0xFF, 0x48, 0x9C, 0xFF, 0xFF, 0x60, 0x3C, 0x3C, 0x3C, 0x3C, 0x10, 0x9C,
    0xFF, 0xFF, 0x30, 0x00, 0x00, 0x00, 0x00, 0x00, 0x9C, 0xFF, 0xFF, 0x60, 0x3C, 0x3C, 0x3C, 0x36,
    0x00, 0x9C, 0xFF, 0xFF, 0xFF, 0xFF, 0xFF, 0xFF, 0xE8, 0x00, 0x9C, 0xFF, 0xFF, 0xFF, 0xFF, 0xFF,
    0xFF, 0xE8, 0x00, 0x9C, 0xFF, 0xFF, 0x30, 0x00, 0x00, 0x00, 0x00, 0x00, 0x9C, 0xFF, 0xFF, 0x30,
    0x00, 0x00, 0x00, 0x00, 0x00, 0x9C, 0xFF, 0xFF, 0x60, 0x3C, 0x3C, 0x3C, 0x3C, 0x10, 0x9C, 0xFF,
    0xFF, 0xFF, 0xFF, 0xFF, 0xFF, 0xFF, 0x48, 0x9C, 0xFF, 0xFF, 0xFF, 0xFF, 0xFF, 0xFF, 0xFF, 0x48,
    // Unicode: [0x00CA]
    0x00, 0x00, 0x15, 0xE3, 0xFF, 0xA3, 0x00, 0x00, 0x00, 0x00, 0x03, 0xBE, 0xF7, 0xAB, 0xFF, 0x6D,
    0x00, 0x00, 0x00, 0x8B, 0xFF, 0x5F, 0x03, 0xB9, 0xFA, 0x3C, 0x00, 0x00, 0x00, 0x00, 0x00, 0x00,
    0x00, 0x00, 0x00, 0x00, 0x9C, 0xFF, 0xFF, 0xFF, 0xFF, 0xFF, 0xFF, 0xFF, 0x48, 0x9C, 0xFF, 0xFF,
    0xFF, 0xFF, 0xFF, 0xFF, 0xFF, 0x48, 0x9C, 0xFF, 0xFF, 0x60, 0x3C, 0x3C, 0x3C, 0x3C, 0x10, 0x9C,
    0xFF, 0xFF, 0x30, 0x00, 0x00, 0x00, 0x00, 0x00, 0x9C, 0xFF, 0xFF, 0x60, 0x3C, 0x3C, 0x3C, 0x36,
    0x00, 0x9C, 0xFF, 0xFF, 0xFF, 0xFF, 0xFF, 0xFF, 0xE8, 0x00, 0x9C, 0xFF, 0xFF, 0xFF, 0xFF, 0xFF,
    0xFF, 0xE8, 0x00, 0x9C, 0xFF, 0xFF, 0x30, 0x00, 0x00, 0x00, 0x00, 0x00, 0x9C, 0xFF, 0xFF, 0x30,
    0x00, 0x00, 0x00, 0x00, 0x00, 0x9C, 0xFF, 0xFF, 0x60, 0x3C, 0x3C, 0x3C, 0x3C, 0x10, 0x9C, 0xFF,
    0xFF, 0xFF, 0xFF, 0xFF, 0xFF, 0xFF, 0x48, 0x9C, 0xFF, 0xFF, 0xFF, 0xFF, 0xFF, 0xFF, 0xFF, 0x48,
    // Unicode: [0x00CB]
    0x00, 0xB8, 0xFF, 0x74, 0x00, 0xC8, 0xFF, 0x64, 0x00, 0x00, 0xB8, 0xFF, 0x74, 0x00, 0xC8, 0xFF,
    0x64, 0x00, 0x00, 0x17, 0x20, 0x0E, 0x00, 0x19, 0x20, 0x0C, 0x00, 0x9C, 0xFF, 0xFF, 0xFF, 0xFF,
    0xFF, 0xFF, 0xFF, 0x48, 0x9C, 0xFF, 0xFF, 0xFF, 0xFF, 0xFF, 0xFF, 0xFF, 0x48, 0x9C, 0xFF, 0xFF,
    0x60, 0x3C, 0x3C, 0x3C, 0x3C, 0x10, 0x9C, 0xFF, 0xFF, 0x30, 0x00, 0x00, 0x00, 0x00, 0x00, 0x9C,
    0xFF, 0xFF, 0x60, 0x3C, 0x3C, 0x3C, 0x36, 0x00, 0x9C, 0xFF, 0xFF, 0xFF, 0xFF, 0xFF, 0xFF, 0xE8,
    0x00, 0x9C, 0xFF, 0xFF, 0xFF, 0xFF, 0xFF, 0xFF, 0xE8, 0x00, 0x9C, 0xFF, 0xFF, 0x30, 0x00, 0x00,
    0x00, 0x00, 0x00, 0x9C, 0xFF, 0xFF, 0x30, 0x00, 0x00, 0x00, 0x00, 0x00, 0x9C, 0xFF, 0xFF, 0x60,
    0x3C, 0x3C, 0x3C, 0x3C, 0x10, 0x9C, 0xFF, 0xFF, 0xFF, 0xFF, 0xFF, 0xFF, 0xFF, 0x48, 0x9C, 0xFF,
    0xFF, 0xFF, 0xFF, 0xFF, 0xFF, 0xFF, 0x48,
    // Unicode: [0x00CC]
    0x00, 0x46, 0xFB, 0xFF, 0x48, 0x00, 0x00, 0x00, 0x00, 0x00, 0x5D, 0xFE, 0xDB, 0x07, 0x00, 0x00,
    0x00, 0x00, 0x00, 0x74, 0xFF, 0x7E, 0x00, 0x00, 0x00, 0x00, 0x00, 0x00, 0x00, 0x00, 0x00, 0x00,
    0x18, 0xFF, 0xFF, 0xFF, 0xFF, 0xFF, 0xFF, 0x48, 0x18, 0xFF, 0xFF, 0xFF, 0xFF, 0xFF, 0xFF, 0x48,
    0x01, 0x0C, 0x58, 0xFF, 0xFF, 0x86, 0x0C, 0x03, 0x00, 0x00, 0x50, 0xFF, 0xFF, 0x80, 0x00, 0x00,
    0x00, 0x00, 0x50, 0xFF, 0xFF, 0x80, 0x00, 0x00, 0x00, 0x00, 0x50, 0xFF, 0xFF, 0x80, 0x00, 0x00,
    0x00, 0x00, 0x50, 0xFF, 0xFF, 0x80, 0x00, 0x00, 0x00, 0x00, 0x50, 0xFF, 0xFF, 0x80, 0x00, 0x00,
    0x00, 0x00, 0x50, 0xFF, 0xFF, 0x80, 0x00, 0x00, 0x01, 0x0C, 0x58, 0xFF, 0xFF, 0x86, 0x0C, 0x03,
    0x18, 0xFF, 0xFF, 0xFF, 0xFF, 0xFF, 0xFF, 0x48, 0x18, 0xFF, 0xFF, 0xFF, 0xFF, 0xFF, 0xFF, 0x48,
    // Unicode: [0x00CD]
    0x00, 0x00, 0x00, 0x33, 0xFD, 0xFF, 0x5E, 0x00, 0x00, 0x00, 0x01, 0xC8, 0xFF, 0x78, 0x00, 0x00,
    0x00, 0x00, 0x63, 0xFF, 0x90, 0x00, 0x00, 0x00, 0x00, 0x00, 0x00, 0x00, 0x00, 0x00, 0x00, 0x00,
    0x18, 0xFF, 0xFF, 0xFF, 0xFF, 0xFF, 0xFF, 0x48, 0x18, 0xFF, 0xFF, 0xFF, 0xFF, 0xFF, 0xFF, 0x48,
    0x01, 0x0C, 0x58, 0xFF, 0xFF, 0x86, 0x0C, 0x03, 0x00, 0x00, 0x50, 0xFF, 0xFF, 0x80, 0x00, 0x00,
    0x00, 0x00, 0x50, 0xFF, 0xFF, 0x80, 0x00, 0x00, 0x00, 0x00, 0x50, 0xFF, 0xFF, 0x80, 0x00, 0x00,
    0x00, 0x00, 0x50, 0xFF, 0xFF, 0x80, 0x00, 0x00, 0x00, 0x00, 0x50, 0xFF, 0xFF, 0x80, 0x00, 0x00,
    0x00, 0x00, 0x50, 0xFF, 0xFF, 0x80, 0x00, 0x00, 0x01, 0x0C, 0x58, 0xFF, 0xFF, 0x86, 0x0C, 0x03,
    0x18, 0xFF, 0xFF, 0xFF, 0xFF, 0xFF, 0xFF, 0x48, 0x18, 0xFF, 0xFF, 0xFF, 0xFF, 0xFF, 0xFF, 0x48,
    // Unicode: [0x00CE]
    0x00, 0x00, 0x3D, 0xFB, 0xFF, 0x68, 0x00, 0x00, 0x00, 0x19, 0xE7, 0xDD, 0xC4, 0xF9, 0x37, 0x00,
    0x04, 0xC3, 0xF4, 0x2E, 0x16, 0xE2, 0xE4, 0x16, 0x00, 0x00, 0x00, 0x00, 0x00, 0x00, 0x00, 0x00,
    0x18, 0xFF, 0xFF, 0xFF, 0xFF, 0xFF, 0xFF, 0x48, 0x18, 0xFF, 0xFF, 0xFF, 0xFF, 0xFF, 0xFF, 0x48,
    0x01, 0x0C, 0x58, 0xFF, 0xFF, 0x86, 0x0C, 0x03, 0x00, 0x00, 0x50, 0xFF, 0xFF, 0x80, 0x00, 0x00,
    0x00, 0x00, 0x50, 0xFF, 0xFF, 0x80, 0x00, 0x00, 0x00, 0x00, 0x50, 0xFF, 0xFF, 0x80, 0x00, 0x00,
    0x00, 0x00, 0x50, 0xFF, 0xFF, 0x80, 0x00, 0x00, 0x00, 0x00, 0x50, 0xFF, 0xFF, 0x80, 0x00, 0x00,
    0x00, 0x00, 0x50, 0xFF, 0xFF, 0x80, 0x00, 0x00, 0x01, 0x0C, 0x58, 0xFF, 0xFF, 0x86, 0x0C, 0x03,
    0x18, 0xFF, 0xFF, 0xFF, 0xFF, 0xFF, 0xFF, 0x48, 0x18, 0xFF, 0xFF, 0xFF, 0xFF, 0xFF, 0xFF, 0x48,
    // Unicode: [0x00CF]
    0x00, 0xF4, 0xFF, 0x38, 0x08, 0xFF, 0xFF, 0x28, 0x00, 0xF4, 0xFF, 0x38, 0x08, 0xFF, 0xFF, 0x28,
    0x00, 0x1E, 0x20, 0x07, 0x01, 0x20, 0x20, 0x05, 0x18, 0xFF, 0xFF, 0xFF, 0xFF, 0xFF, 0xFF, 0x48,
    0x18, 0xFF, 0xFF, 0xFF, 0xFF, 0xFF, 0xFF, 0x48, 0x01, 0x0C, 0x58, 0xFF, 0xFF, 0x86, 0x0C, 0x03,
    0x00, 0x00, 0x50, 0xFF, 0xFF, 0x80, 0x00, 0x00, 0x00, 0x00, 0x50, 0xFF, 0xFF, 0x80, 0x00, 0x00,
    0x00, 0x00, 0x50, 0xFF, 0xFF, 0x80, 0x00, 0x00, 0x00, 0x00, 0x50, 0xFF, 0xFF, 0x80, 0x00, 0x00,
    0x00, 0x00, 0x50, 0xFF, 0xFF, 0x80, 0x00, 0x00, 0x00, 0x00, 0x50, 0xFF, 0xFF, 0x80, 0x00, 0x00,
    0x01, 0x0C, 0x58, 0xFF, 0xFF, 0x86, 0x0C, 0x03, 0x18, 0xFF, 0xFF, 0xFF, 0xFF, 0xFF, 0xFF, 0x48,
    0x18, 0xFF, 0xFF, 0xFF, 0xFF, 0xFF, 0xFF, 0x48,
    // Unicode: [0x00D0]
    0x00, 0x9C, 0xFF, 0xFF, 0xFF, 0xFD, 0xEE, 0xC3, 0x72, 0x09, 0x00, 0x00, 0x00, 0x9C, 0xFF, 0xFF,
    0xFF, 0xFF, 0xFF, 0xFF, 0xFF, 0xCE, 0x17, 0x00, 0x00, 0x9C, 0xFF, 0xFF, 0x53, 0x2D, 0x58, 0xD0,
    0xFF, 0xFF, 0xB8, 0x00, 0x00, 0x9C, 0xFF, 0xFF, 0x34, 0x00, 0x00, 0x0A, 0xDA, 0xFF, 0xFF, 0x3A,
    0x00, 0x9C, 0xFF, 0xFF, 0x34, 0x00, 0x00, 0x00, 0x6D, 0xFF, 0xFF, 0x87, 0xCC, 0xFF, 0xFF, 0xFF,
    0xFF, 0xFF, 0x88, 0x00, 0x3F, 0xFF, 0xFF, 0xA6, 0xA2, 0xEB, 0xFF, 0xFF, 0xD6, 0xCC, 0x6C, 0x00,
    0x3F, 0xFF, 0xFF, 0xA6, 0x00, 0x9C, 0xFF, 0xFF, 0x34, 0x00, 0x00, 0x00, 0x68, 0xFF, 0xFF, 0x84,
    0x00, 0x9C, 0xFF, 0xFF, 0x34, 0x00, 0x00, 0x09, 0xD5, 0xFF, 0xFF, 0x30, 0x00, 0x9C, 0xFF, 0xFF,
    0x57, 0x30, 0x56, 0xCF, 0xFF, 0xFF, 0xAD, 0x00, 0x00, 0x9C, 0xFF, 0xFF, 0xFF, 0xFF, 0xFF, 0xFF,
    0xFF, 0xC8, 0x12, 0x00, 0x00, 0x9C, 0xFF, 0xFF, 0xFF, 0xFC, 0xEE, 0xC5, 0x6E, 0x07, 0x00, 0x00,
    // Unicode: [0x00D1]
    0x00, 0x00, 0x02, 0x6E, 0x8A, 0x21, 0x0A, 0xA0, 0x59, 0x00, 0x00, 0x00, 0x00, 0x7C, 0xFF, 0xFF,
    0xF5, 0xC4, 0xFF, 0x63, 0x00, 0x00, 0x00, 0x00, 0xCF, 0xD5, 0x1A, 0x9E, 0xF2, 0xB3, 0x08, 0x00,
    0x00, 0x00, 0x00, 0x00, 0x00, 0x00, 0x00, 0x00, 0x00, 0x00, 0x00, 0x00, 0x9C, 0xFF, 0xFF, 0xF1,
    0x17, 0x00, 0x00, 0x44, 0xFF, 0xFF, 0x50, 0x9C, 0xFF, 0xFF, 0xFF, 0x9E, 0x00, 0x00, 0x44, 0xFF,
    0xFF, 0x50, 0x9C, 0xFF, 0xFF, 0xFF, 0xFE, 0x34, 0x00, 0x44, 0xFF, 0xFF, 0x50, 0x9C, 0xFF, 0xFE,
    0xFD, 0xFF, 0xC6, 0x00, 0x44, 0xFF, 0xFF, 0x50, 0x9C, 0xFF, 0xF8, 0x9F, 0xFF, 0xFF, 0x5B, 0x44,
    0xFF, 0xFF, 0x50, 0x9C, 0xFF, 0xF8, 0x1A, 0xF4, 0xFF, 0xE4, 0x4F, 0xFF, 0xFF, 0x50, 0x9C, 0xFF,
    0xF8, 0x00, 0x7F, 0xFF, 0xFF, 0xC7, 0xFF, 0xFF, 0x50, 0x9C, 0xFF, 0xF8, 0x00, 0x0A, 0xE4, 0xFF,
    0xFF, 0xFF, 0xFF, 0x50, 0x9C, 0xFF, 0xF8, 0x00, 0x00, 0x60, 0xFF, 0xFF, 0xFF, 0xFF, 0x50, 0x9C,
    0xFF, 0xF8, 0x00, 0x00, 0x01, 0xCD, 0xFF, 0xFF, 0xFF, 0x50, 0x9C, 0xFF, 0xF8, 0x00, 0x00, 0x00,
    0x40, 0xFF, 0xFF, 0xFF, 0x50, 0x9C, 0xFF, 0xF8, 0x00, 0x00, 0x00, 0x00, 0xB0, 0xFF, 0xFF, 0x50,
    // Unicode: [0x00D2]
    0x00, 0x00, 0x00, 0x0F, 0xD6, 0xFF, 0xA8, 0x00, 0x00, 0x00, 0x00, 0x00, 0x00, 0x00, 0x00, 0x00,
    0x1D, 0xE3, 0xFF, 0x43, 0x00, 0x00, 0x00, 0x00, 0x00, 0x00, 0x00, 0x00, 0x00, 0x2A, 0xED, 0xD8,
    0x06, 0x00, 0x00, 0x00, 0x00, 0x00, 0x00, 0x00, 0x00, 0x00, 0x00, 0x00, 0x00, 0x00, 0x00, 0x00,
    0x00, 0x00, 0x00, 0x4F, 0xB8, 0xED, 0xFA, 0xE4, 0xA4, 0x2E, 0x00, 0x00, 0x00, 0x00, 0x93, 0xFF,
    0xFF, 0xFF, 0xFF, 0xFF, 0xFF, 0xFA, 0x58, 0x00, 0x00, 0x5E, 0xFF, 0xFF, 0xE9, 0x64, 0x3E, 0x81,
    0xFC, 0xFF, 0xF7, 0x26, 0x00, 0xD7, 0xFF, 0xFF, 0x3C, 0x00, 0x00, 0x00, 0x7E, 0xFF, 0xFF, 0x96,
    0x1A, 0xFF, 0xFF, 0xE0, 0x00, 0x00, 0x00, 0x00, 0x1A, 0xFF, 0xFF, 0xD9, 0x37, 0xFF, 0xFF, 0xBD,
    0x00, 0x00, 0x00, 0x00, 0x00, 0xF4, 0xFF, 0xF6, 0x37, 0xFF, 0xFF, 0xB3, 0x00, 0x00, 0x00, 0x00,
    0x01, 0xF9, 0xFF, 0xF6, 0x1A, 0xFF, 0xFF, 0xD7, 0x00, 0x00, 0x00, 0x00, 0x1F, 0xFF, 0xFF, 0xDA,
    0x00, 0xD7, 0xFF, 0xFF, 0x3A, 0x00, 0x00, 0x00, 0x87, 0xFF, 0xFF, 0x97, 0x00, 0x60, 0xFF, 0xFF,
    0xEC, 0x63, 0x3A, 0x83, 0xFD, 0xFF, 0xF8, 0x27, 0x00, 0x00, 0x97, 0xFF, 0xFF, 0xFF, 0xFF, 0xFF,
    0xFF, 0xFB, 0x5C, 0x00, 0x00, 0x00, 0x00, 0x52, 0xBA, 0xEE, 0xFA, 0xE6, 0xA6, 0x31, 0x00, 0x00,
    // Unicode: [0x00D3]
    0x00, 0x00, 0x00, 0x00, 0x00, 0x09, 0xDF, 0xFF, 0xA5, 0x00, 0x00, 0x00, 0x00, 0x00, 0x00, 0x00,
    0x00, 0x84, 0xFF, 0xBA, 0x05, 0x00, 0x00, 0x00, 0x00, 0x00, 0x00, 0x00, 0x25, 0xF8, 0xCB, 0x0C,
    0x00, 0x00, 0x00, 0x00, 0x00, 0x00, 0x00, 0x00, 0x00, 0x00, 0x00, 0x00, 0x00, 0x00, 0x00, 0x00,
    0x00, 0x00, 0x00, 0x4F, 0xB8, 0xED, 0xFA, 0xE4, 0xA4, 0x2E, 0x00, 0x00, 0x00, 0x00, 0x93, 0xFF,
    0xFF, 0xFF, 0xFF, 0xFF, 0xFF, 0xFA, 0x58, 0x00, 0x00, 0x5E, 0xFF, 0xFF, 0xE9, 0x64, 0x3E, 0x81,
    0xFC, 0xFF, 0xF7, 0x26, 0x00, 0xD7, 0xFF, 0xFF, 0x3C, 0x00, 0x00, 0x00, 0x7E, 0xFF, 0xFF, 0x96,
    0x1A, 0xFF, 0xFF, 0xE0, 0x00, 0x00, 0x00, 0x00, 0x1A, 0xFF, 0xFF, 0xD9, 0x37, 0xFF, 0xFF, 0xBD,
    0x00, 0x00, 0x00, 0x00, 0x00, 0xF4, 0xFF, 0xF6, 0x37, 0xFF, 0xFF, 0xB3, 0x00, 0x00, 0x00, 0x00,
    0x01, 0xF9, 0xFF, 0xF6, 0x1A, 0xFF, 0xFF, 0xD7, 0x00, 0x00, 0x00, 0x00, 0x1F, 0xFF, 0xFF, 0xDA,
    0x00, 0xD7, 0xFF, 0xFF, 0x3A, 0x00, 0x00, 0x00, 0x87, 0xFF, 0xFF, 0x97, 0x00, 0x60, 0xFF, 0xFF,
    0xEC, 0x63, 0x3A, 0x83, 0xFD, 0xFF, 0xF8, 0x27, 0x00, 0x00, 0x97, 0xFF, 0xFF, 0xFF, 0xFF, 0xFF,
    0xFF, 0xFB, 0x5C, 0x00, 0x00, 0x00, 0x00, 0x52, 0xBA, 0xEE, 0xFA, 0xE6, 0xA6, 0x31, 0x00, 0x00,
    // Unicode: [0x00D4]
    0x00, 0x00, 0x00, 0x00, 0x10, 0xDC, 0xFF, 0xAF, 0x01, 0x00, 0x00, 0x00, 0x00, 0x00, 0x00, 0x01,
    0xB4, 0xFA, 0xA8, 0xFF, 0x79, 0x00, 0x00, 0x00, 0x00, 0x00, 0x00, 0x7F, 0xFF, 0x6A, 0x01, 0xAE,
    0xFD, 0x45, 0x00, 0x00, 0x00, 0x00, 0x00, 0x00, 0x00, 0x00, 0x00, 0x00, 0x00, 0x00, 0x00, 0x00,
    0x00, 0x00, 0x00, 0x4F, 0xB8, 0xED, 0xFA, 0xE4, 0xA4, 0x2E, 0x00, 0x00, 0x00, 0x00, 0x93, 0xFF,
    0xFF, 0xFF, 0xFF, 0xFF, 0xFF, 0xFA, 0x58, 0x00, 0x00, 0x5E, 0xFF, 0xFF, 0xE9, 0x64, 0x3E, 0x81,
    0xFC, 0xFF, 0xF7, 0x26, 0x00, 0xD7, 0xFF, 0xFF, 0x3C, 0x00, 0x00, 0x00, 0x7E, 0xFF, 0xFF, 0x96,
    0x1A, 0xFF, 0xFF, 0xE0, 0x00, 0x00, 0x00, 0x00, 0x1A, 0xFF, 0xFF, 0xD9, 0x37, 0xFF, 0xFF, 0xBD,
    0x00, 0x00, 0x00, 0x00, 0x00, 0xF4, 0xFF, 0xF6, 0x37, 0xFF, 0xFF, 0xB3, 0x00, 0x00, 0x00, 0x00,
    0x01, 0xF9, 0xFF, 0xF6, 0x1A, 0xFF, 0xFF, 0xD7, 0x00, 0x00, 0x00, 0x00, 0x1F, 0xFF, 0xFF, 0xDA,
    0x00, 0xD7, 0xFF, 0xFF, 0x3A, 0x00, 0x00, 0x00, 0x87, 0xFF, 0xFF, 0x97, 0x00, 0x60, 0xFF, 0xFF,
    0xEC, 0x63, 0x3A, 0x83, 0xFD, 0xFF, 0xF8, 0x27, 0x00, 0x00, 0x97, 0xFF, 0xFF, 0xFF, 0xFF, 0xFF,
    0xFF, 0xFB, 0x5C, 0x00, 0x00, 0x00, 0x00, 0x52, 0xBA, 0xEE, 0xFA, 0xE6, 0xA6, 0x31, 0x00, 0x00,
    // Unicode: [0x00D5]
    0x00, 0x00, 0x00, 0x02, 0x6B, 0x8B, 0x22, 0x06, 0x9F, 0x5C, 0x00, 0x00, 0x00, 0x00, 0x00, 0x78,
    0xFF, 0xFF, 0xF7, 0xC4, 0xFF, 0x69, 0x00, 0x00, 0x00, 0x00, 0x00, 0xC8, 0xD9, 0x19, 0x9A, 0xF2,
    0xB7, 0x0B, 0x00, 0x00, 0x00, 0x00, 0x00, 0x00, 0x00, 0x00, 0x00, 0x00, 0x00, 0x00, 0x00, 0x00,
    0x00, 0x00, 0x00, 0x4F, 0xB8, 0xED, 0xFA, 0xE4, 0xA4, 0x2E, 0x00, 0x00, 0x00, 0x00, 0x93, 0xFF,
    0xFF, 0xFF, 0xFF, 0xFF, 0xFF, 0xFA, 0x58, 0x00, 0x00, 0x5E, 0xFF, 0xFF, 0xE9, 0x64, 0x3E, 0x81,
    0xFC, 0xFF, 0xF7, 0x26, 0x00, 0xD7, 0xFF, 0xFF, 0x3C, 0x00, 0x00, 0x00, 0x7E, 0xFF, 0xFF, 0x96,
    0x1A, 0xFF, 0xFF, 0xE0, 0x00, 0x00, 0x00, 0x00, 0x1A, 0xFF, 0xFF, 0xD9, 0x37, 0xFF, 0xFF, 0xBD,
    0x00, 0x00, 0x00, 0x00, 0x00, 0xF4, 0xFF, 0xF6, 0x37, 0xFF, 0xFF, 0xB3, 0x00, 0x00, 0x00, 0x00,
    0x01, 0xF9, 0xFF, 0xF6, 0x1A, 0xFF, 0xFF, 0xD7, 0x00, 0x00, 0x00, 0x00, 0x1F, 0xFF, 0xFF, 0xDA,
    0x00, 0xD7, 0xFF, 0xFF, 0x3A, 0x00, 0x00, 0x00, 0x87, 0xFF, 0xFF, 0x97, 0x00, 0x60, 0xFF, 0xFF,
    0xEC, 0x63, 0x3A, 0x83, 0xFD, 0xFF, 0xF8, 0x27, 0x00, 0x00, 0x97, 0xFF, 0xFF, 0xFF, 0xFF, 0xFF,
    0xFF, 0xFB, 0x5C, 0x00, 0x00, 0x00, 0x00, 0x52, 0xBA, 0xEE, 0xFA, 0xE6, 0xA6, 0x31, 0x00, 0x00,
    // Unicode: [0x00D6]
    0x00, 0x00, 0x00, 0x15, 0x20, 0x10, 0x00, 0x17, 0x20, 0x0E, 0x00, 0x00, 0x00, 0x00, 0x00, 0xAC,
    0xFF, 0x80, 0x00, 0xBC, 0xFF, 0x70, 0x00, 0x00, 0x00, 0x00, 0x00, 0xAC, 0xFF, 0x80, 0x00, 0xBC,
    0xFF, 0x70, 0x00, 0x00, 0x00, 0x00, 0x00, 0x00, 0x00, 0x00, 0x00, 0x00, 0x00, 0x00, 0x00, 0x00,
    0x00, 0x00, 0x00, 0x4F, 0xB8, 0xED, 0xFA, 0xE4, 0xA4, 0x2E, 0x00, 0x00, 0x00, 0x00, 0x93, 0xFF,
    0xFF, 0xFF, 0xFF, 0xFF, 0xFF, 0xFA, 0x58, 0x00, 0x00, 0x5E, 0xFF, 0xFF, 0xE9, 0x64, 0x3E, 0x81,
    0xFC, 0xFF, 0xF7, 0x26, 0x00, 0xD7, 0xFF, 0xFF, 0x3C, 0x00, 0x00, 0x00, 0x7E, 0xFF, 0xFF, 0x96,
    0x1A, 0xFF, 0xFF, 0xE0, 0x00, 0x00, 0x00, 0x00, 0x1A, 0xFF, 0xFF, 0xD9, 0x37, 0xFF, 0xFF, 0xBD,
    0x00, 0x00, 0x00, 0x00, 0x00, 0xF4, 0xFF, 0xF6, 0x37, 0xFF, 0xFF, 0xB3, 0x00, 0x00, 0x00, 0x00,
    0x01, 0xF9, 0xFF, 0xF6, 0x1A, 0xFF, 0xFF, 0xD7, 0x00, 0x00, 0x00, 0x00, 0x1F, 0xFF, 0xFF, 0xDA,
    0x00, 0xD7, 0xFF, 0xFF, 0x3A, 0x00, 0x00, 0x00, 0x87, 0xFF, 0xFF, 0x97, 0x00, 0x60, 0xFF, 0xFF,
    0xEC, 0x63, 0x3A, 0x83, 0xFD, 0xFF, 0xF8, 0x27, 0x00, 0x00, 0x97, 0xFF, 0xFF, 0xFF, 0xFF, 0xFF,
    0xFF, 0xFB, 0x5C, 0x00, 0x00, 0x00, 0x00, 0x52, 0xBA, 0xEE, 0xFA, 0xE6, 0xA6, 0x31, 0x00, 0x00,
    // Unicode: [0x00D7]
    0x00, 0x35, 0xAC, 0x06, 0x00, 0x00, 0x00, 0x07, 0xAC, 0x36, 0x00, 0x01, 0xD2, 0xFF, 0xAE, 0x03,
    0x00, 0x03, 0xAF, 0xFF, 0xD5, 0x01, 0x00, 0x2A, 0xEC, 0xFF, 0xA2, 0x03, 0xA2, 0xFF, 0xED, 0x2D,
    0x00, 0x00, 0x00, 0x33, 0xF1, 0xFF, 0xD7, 0xFF, 0xF2, 0x36, 0x00, 0x00, 0x00, 0x00, 0x00, 0x3D,
    0xFA, 0xFF, 0xFB, 0x3F, 0x00, 0x00, 0x00, 0x00, 0x00, 0x00, 0x76, 0xFF, 0xFF, 0xFF, 0x7A, 0x00,
    0x00, 0x00, 0x00, 0x00, 0x69, 0xFF, 0xFC, 0x94, 0xFD, 0xFF, 0x6C, 0x00, 0x00, 0x00, 0x5C, 0xFE,
    0xFE, 0x61, 0x00, 0x62, 0xFE, 0xFE, 0x5F, 0x00, 0x01, 0xC4, 0xFF, 0x6E, 0x00, 0x00, 0x00, 0x6F,
    0xFF, 0xC6, 0x01, 0x00, 0x11, 0x65, 0x00, 0x00, 0x00, 0x00, 0x00, 0x65, 0x12, 0x00,
    // Unicode: [0x00D8]
    0x00, 0x00, 0x00, 0x4D, 0xB7, 0xEC, 0xF8, 0xDD, 0x99, 0x7C, 0xF4, 0x49, 0x00, 0x00, 0x8F, 0xFF,
    0xFF, 0xFF, 0xFF, 0xFF, 0xFF, 0xFF, 0x88, 0x00, 0x00, 0x5B, 0xFF, 0xFF, 0xDF, 0x52, 0x2C, 0x7C,
    0xFF, 0xFF, 0xF5, 0x20, 0x00, 0xD4, 0xFF, 0xFF, 0x2F, 0x00, 0x00, 0xA0, 0xED, 0xFF, 0xFF, 0x91,
    0x18, 0xFF, 0xFF, 0xCD, 0x00, 0x00, 0x51, 0xF5, 0x34, 0xFD, 0xFF, 0xD7, 0x36, 0xFF, 0xFF, 0xA7,
    0x00, 0x17, 0xEB, 0x6B, 0x00, 0xE8, 0xFF, 0xF5, 0x37, 0xFF, 0xFF, 0xA8, 0x00, 0xB4, 0xB7, 0x00,
    0x00, 0xEC, 0xFF, 0xF6, 0x1B, 0xFF, 0xFF, 0xC6, 0x68, 0xEC, 0x19, 0x00, 0x0E, 0xFF, 0xFF, 0xDA,
    0x00, 0xD8, 0xFF, 0xFB, 0xF4, 0x54, 0x00, 0x00, 0x76, 0xFF, 0xFF, 0x97, 0x00, 0x64, 0xFF, 0xFF,
    0xF1, 0x4D, 0x29, 0x74, 0xF9, 0xFF, 0xF8, 0x27, 0x00, 0x01, 0xCA, 0xFF, 0xFF, 0xFF, 0xFF, 0xFF,
    0xFF, 0xFB, 0x5C, 0x00, 0x00, 0x3A, 0xFB, 0x75, 0xB3, 0xE6, 0xFA, 0xE6, 0xA6, 0x31, 0x00, 0x00,
    0x0C, 0xDD, 0x94, 0x00, 0x00, 0x00, 0x00, 0x00, 0x00, 0x00, 0x00, 0x00,
    // Unicode: [0x00D9]
    0x00, 0x00, 0x11, 0xD8, 0xFF, 0xA0, 0x00, 0x00, 0x00, 0x00, 0x00, 0x00, 0x00, 0x1F, 0xE5, 0xFE,
    0x3C, 0x00, 0x00, 0x00, 0x00, 0x00, 0x00, 0x00, 0x2D, 0xEF, 0xD2, 0x04, 0x00, 0x00, 0x00, 0x00,
    0x00, 0x00, 0x00, 0x00, 0x00, 0x00, 0x00, 0x00, 0xC4, 0xFF, 0xFF, 0x10, 0x00, 0x00, 0x00, 0xE4,
    0xFF, 0xF0, 0xC4, 0xFF, 0xFF, 0x10, 0x00, 0x00, 0x00, 0xE4, 0xFF, 0xF0, 0xC4, 0xFF, 0xFF, 0x10,
    0x00, 0x00, 0x00, 0xE4, 0xFF, 0xF0, 0xC4, 0xFF, 0xFF, 0x10, 0x00, 0x00, 0x00, 0xE4, 0xFF, 0xF0,
    0xC4, 0xFF, 0xFF, 0x10, 0x00, 0x00, 0x00, 0xE4, 0xFF, 0xF0, 0xC4, 0xFF, 0xFF, 0x10, 0x00, 0x00,
    0x00, 0xE4, 0xFF, 0xF0, 0xC4, 0xFF, 0xFF, 0x10, 0x00, 0x00, 0x00, 0xE4, 0xFF, 0xF0, 0xC1, 0xFF,
    0xFF, 0x15, 0x00, 0x00, 0x00, 0xE9, 0xFF, 0xED, 0xAC, 0xFF, 0xFF, 0x3D, 0x00, 0x00, 0x13, 0xFE,
    0xFF, 0xD6, 0x67, 0xFF, 0xFF, 0xD1, 0x4D, 0x44, 0xB7, 0xFF, 0xFF, 0x91, 0x07, 0xC9, 0xFF, 0xFF,
    0xFF, 0xFF, 0xFF, 0xFF, 0xE2, 0x17, 0x00, 0x0A, 0x80, 0xD4, 0xF7, 0xF9, 0xDC, 0x93, 0x17, 0x00,
    // Unicode: [0x00DA]
    0x00, 0x00, 0x00, 0x00, 0xA5, 0xFF, 0xD8, 0x11, 0x00, 0x00, 0x00, 0x00, 0x00, 0x3E, 0xFF, 0xE5,
    0x1F, 0x00, 0x00, 0x00, 0x00, 0x00, 0x04, 0xD3, 0xEF, 0x2C, 0x00, 0x00, 0x00, 0x00, 0x00, 0x00,
    0x00, 0x00, 0x00, 0x00, 0x00, 0x00, 0x00, 0x00, 0xC4, 0xFF, 0xFF, 0x10, 0x00, 0x00, 0x00, 0xE4,
    0xFF, 0xF0, 0xC4, 0xFF, 0xFF, 0x10, 0x00, 0x00, 0x00, 0xE4, 0xFF, 0xF0, 0xC4, 0xFF, 0xFF, 0x10,
    0x00, 0x00, 0x00, 0xE4, 0xFF, 0xF0, 0xC4, 0xFF, 0xFF, 0x10, 0x00, 0x00, 0x00, 0xE4, 0xFF, 0xF0,
    0xC4, 0xFF, 0xFF, 0x10, 0x00, 0x00, 0x00, 0xE4, 0xFF, 0xF0, 0xC4, 0xFF, 0xFF, 0x10, 0x00, 0x00,
    0x00, 0xE4, 0xFF, 0xF0, 0xC4, 0xFF, 0xFF, 0x10, 0x00, 0x00, 0x00, 0xE4, 0xFF, 0xF0, 0xC1, 0xFF,
    0xFF, 0x15, 0x00, 0x00, 0x00, 0xE9, 0xFF, 0xED, 0xAC, 0xFF, 0xFF, 0x3D, 0x00, 0x00, 0x13, 0xFE,
    0xFF, 0xD6, 0x67, 0xFF, 0xFF, 0xD1, 0x4D, 0x44, 0xB7, 0xFF, 0xFF, 0x91, 0x07, 0xC9, 0xFF, 0xFF,
    0xFF, 0xFF, 0xFF, 0xFF, 0xE2, 0x17, 0x00, 0x0A, 0x80, 0xD4, 0xF7, 0xF9, 0xDC, 0x93, 0x17, 0x00,
    // Unicode: [0x00DB]
    0x00, 0x00, 0x00, 0x3D, 0xFB, 0xFF, 0x68, 0x00, 0x00, 0x00, 0x00, 0x00, 0x19, 0xE7, 0xDD, 0xC4,
    0xF9, 0x37, 0x00, 0x00, 0x00, 0x04, 0xC3, 0xF4, 0x2E, 0x16, 0xE2, 0xE4, 0x16, 0x00, 0x00, 0x00,
    0x00, 0x00, 0x00, 0x00, 0x00, 0x00, 0x00, 0x00, 0xC4, 0xFF, 0xFF, 0x10, 0x00, 0x00, 0x00, 0xE4,
    0xFF, 0xF0, 0xC4, 0xFF, 0xFF, 0x10, 0x00, 0x00, 0x00, 0xE4, 0xFF, 0xF0, 0xC4, 0xFF, 0xFF, 0x10,
    0x00, 0x00, 0x00, 0xE4, 0xFF, 0xF0, 0xC4, 0xFF, 0xFF, 0x10, 0x00, 0x00, 0x00, 0xE4, 0xFF, 0xF0,
    0xC4, 0xFF, 0xFF, 0x10, 0x00, 0x00, 0x00, 0xE4, 0xFF, 0xF0, 0xC4, 0xFF, 0xFF, 0x10, 0x00, 0x00,
    0x00, 0xE4, 0xFF, 0xF0, 0xC4, 0xFF, 0xFF, 0x10, 0x00, 0x00, 0x00, 0xE4, 0xFF, 0xF0, 0xC1, 0xFF,
    0xFF, 0x15, 0x00, 0x00, 0x00, 0xE9, 0xFF, 0xED, 0xAC, 0xFF, 0xFF, 0x3D, 0x00, 0x00, 0x13, 0xFE,
    0xFF, 0xD6, 0x67, 0xFF, 0xFF, 0xD1, 0x4D, 0x44, 0xB7, 0xFF, 0xFF, 0x91, 0x07, 0xC9, 0xFF, 0xFF,
    0xFF, 0xFF, 0xFF, 0xFF, 0xE2, 0x17, 0x00, 0x0A, 0x80, 0xD4, 0xF7, 0xF9, 0xDC, 0x93, 0x17, 0x00,
    // Unicode: [0x00DC]
    0x00, 0x00, 0x1E, 0x20, 0x07, 0x01, 0x20, 0x20, 0x04, 0x00, 0x00, 0x00, 0xF4, 0xFF, 0x38, 0x08,
    0xFF, 0xFF, 0x24, 0x00, 0x00, 0x00, 0xF4, 0xFF, 0x38, 0x08, 0xFF, 0xFF, 0x24, 0x00, 0x00, 0x00,
    0x00, 0x00, 0x00, 0x00, 0x00, 0x00, 0x00, 0x00, 0xC4, 0xFF, 0xFF, 0x10, 0x00, 0x00, 0x00, 0xE4,
    0xFF, 0xF0, 0xC4, 0xFF, 0xFF, 0x10, 0x00, 0x00, 0x00, 0xE4, 0xFF, 0xF0, 0xC4, 0xFF, 0xFF, 0x10,
    0x00, 0x00, 0x00, 0xE4, 0xFF, 0xF0, 0xC4, 0xFF, 0xFF, 0x10, 0x00, 0x00, 0x00, 0xE4, 0xFF, 0xF0,
    0xC4, 0xFF, 0xFF, 0x10, 0x00, 0x00, 0x00, 0xE4, 0xFF, 0xF0, 0xC4, 0xFF, 0xFF, 0x10, 0x00, 0x00,
    0x00, 0xE4, 0xFF, 0xF0, 0xC4, 0xFF, 0xFF, 0x10, 0x00, 0x00, 0x00, 0xE4, 0xFF, 0xF0, 0xC1, 0xFF,
    0xFF, 0x15, 0x00, 0x00, 0x00, 0xE9, 0xFF, 0xED, 0xAC, 0xFF, 0xFF, 0x3D, 0x00, 0x00, 0x13, 0xFE,
    0xFF, 0xD6, 0x67, 0xFF, 0xFF, 0xD1, 0x4D, 0x44, 0xB7, 0xFF, 0xFF, 0x91, 0x07, 0xC9, 0xFF, 0xFF,
    0xFF, 0xFF, 0xFF, 0xFF, 0xE2, 0x17, 0x00, 0x0A, 0x80, 0xD4, 0xF7, 0xF9, 0xDC, 0x93, 0x17, 0x00,
    // Unicode: [0x00DD]
    0x00, 0x00, 0x00, 0x00, 0x0C, 0xD2, 0xEC, 0x8F, 0x00, 0x00, 0x00, 0x00, 0x00, 0x00, 0x00, 0x94,
    0xFF, 0xA8, 0x03, 0x00, 0x00, 0x00, 0x00, 0x00, 0x00, 0x27, 0xD2, 0x9F, 0x04, 0x00, 0x00, 0x00,
    0x00, 0x00, 0x00, 0x00, 0x00, 0x00, 0x00, 0x00, 0x00, 0x00, 0x00, 0x00, 0xAB, 0xFF, 0xFF, 0x84,
    0x00, 0x00, 0x00, 0x5B, 0xFF, 0xFF, 0xB5, 0x24, 0xFA, 0xFF, 0xF3, 0x13, 0x00, 0x01, 0xD5, 0xFF,
    0xFD, 0x2D, 0x00, 0x93, 0xFF, 0xFF, 0x89, 0x00, 0x54, 0xFF, 0xFF, 0x9E, 0x00, 0x00, 0x15, 0xF2,
    0xFF, 0xF4, 0x17, 0xD0, 0xFF, 0xF6, 0x1C, 0x00, 0x00, 0x00, 0x7C, 0xFF, 0xFF, 0xCB, 0xFF, 0xFF,
    0x87, 0x00, 0x00, 0x00, 0x00, 0x0A, 0xE5, 0xFF, 0xFF, 0xFF, 0xEC, 0x0F, 0x00, 0x00, 0x00, 0x00,
    0x00, 0x64, 0xFF, 0xFF, 0xFF, 0x6F, 0x00, 0x00, 0x00, 0x00, 0x00, 0x00, 0x03, 0xE6, 0xFF, 0xFA,
    0x06, 0x00, 0x00, 0x00, 0x00, 0x00, 0x00, 0x00, 0xD8, 0xFF, 0xF8, 0x00, 0x00, 0x00, 0x00, 0x00,
    0x00, 0x00, 0x00, 0xD8, 0xFF, 0xF8, 0x00, 0x00, 0x00, 0x00, 0x00, 0x00, 0x00, 0x00, 0xD8, 0xFF,
    0xF8, 0x00, 0x00, 0x00, 0x00, 0x00, 0x00, 0x00, 0x00, 0xD8, 0xFF, 0xF8, 0x00, 0x00, 0x00, 0x00,
    // Unicode: [0x00DE]
    0x9C, 0xFF, 0xFF, 0x34, 0x00, 0x00, 0x00, 0x00, 0x00, 0x00, 0x9C, 0xFF, 0xFF, 0x34, 0x00, 0x00,
    0x00, 0x00, 0x00, 0x00, 0x9C, 0xFF, 0xFF, 0xFF, 0xFF, 0xF7, 0xD1, 0x71, 0x07, 0x00, 0x9C, 0xFF,
    0xFF, 0xFF, 0xFF, 0xFF, 0xFF, 0xFF, 0xB1, 0x00, 0x9C, 0xFF, 0xFF, 0x5A, 0x31, 0x61, 0xF1, 0xFF,
    0xFF, 0x31, 0x9C, 0xFF, 0xFF, 0x34, 0x00, 0x00, 0x9A, 0xFF, 0xFF, 0x5C, 0x9C, 0xFF, 0xFF, 0x34,
    0x00, 0x00, 0xA0, 0xFF, 0xFF, 0x4F, 0x9C, 0xFF, 0xFF, 0x57, 0x35, 0x6E, 0xF8, 0xFF, 0xF0, 0x11,
    0x9C, 0xFF, 0xFF, 0xFF, 0xFF, 0xFF, 0xFF, 0xFF, 0x63, 0x00, 0x9C, 0xFF, 0xFF, 0xFF, 0xFF, 0xF1,
    0xBE, 0x47, 0x00, 0x00, 0x9C, 0xFF, 0xFF, 0x34, 0x00, 0x00, 0x00, 0x00, 0x00, 0x00, 0x9C, 0xFF,
    0xFF, 0x34, 0x00, 0x00, 0x00, 0x00, 0x00, 0x00,
    // Unicode: [0x00DF]
    0x00, 0x23, 0xA7, 0xEA, 0xFC, 0xEA, 0xA5, 0x26, 0x00, 0x00, 0x1B, 0xEB, 0xFF, 0xFD, 0xE9, 0xFF,
    0xFF, 0xE7, 0x0C, 0x00, 0x88, 0xFF, 0xFE, 0x36, 0x00, 0x82, 0xFF, 0xFF, 0x36, 0x00, 0xB8, 0xFF,
    0xE7, 0x00, 0x0D, 0xA7, 0xFF, 0xE7, 0x0C, 0x00, 0xC0, 0xFF, 0xE0, 0x00, 0xEC, 0xFF, 0xB6, 0x26,
    0x00, 0x00, 0xC0, 0xFF, 0xE0, 0x00, 0xEC, 0xFF, 0xFC, 0xAB, 0x11, 0x00, 0xC0, 0xFF, 0xE0, 0x00,
    0x19, 0x58, 0xF5, 0xFF, 0xAD, 0x00, 0xC0, 0xFF, 0xE0, 0x00, 0x00, 0x00, 0xA7, 0xFF, 0xFC, 0x07,
    0xC0, 0xFF, 0xE0, 0x00, 0x00, 0x00, 0xB6, 0xFF, 0xFF, 0x12, 0xC0, 0xFF, 0xE0, 0x0E, 0x38, 0x6E,
    0xFD, 0xFF, 0xE3, 0x00, 0xC0, 0xFF, 0xE0, 0x40, 0xFF, 0xFF, 0xFF, 0xFF, 0x65, 0x00, 0xC0, 0xFF,
    0xE0, 0x3A, 0xF8, 0xED, 0xC2, 0x49, 0x00, 0x00,
    // Unicode: [0x00E0]
    0x00, 0x00, 0x3B, 0x80, 0x80, 0x12, 0x00, 0x00, 0x00, 0x00, 0x00, 0x0E, 0xD9, 0xFF, 0x88, 0x00,
    0x00, 0x00, 0x00, 0x00, 0x00, 0x2C, 0xF5, 0xF5, 0x17, 0x00, 0x00, 0x00, 0x00, 0x00, 0x00, 0x5B,
    0xFF, 0x91, 0x00, 0x00, 0x00, 0x00, 0x00, 0x00, 0x00, 0x00, 0x00, 0x00, 0x00, 0x00, 0x6B, 0xCC,
    0xE8, 0xFB, 0xF3, 0xCD, 0x70, 0x00, 0x00, 0xA8, 0xFF, 0xFC, 0xF4, 0xFF, 0xFF, 0xFF, 0x6B, 0x00,
    0x4F, 0x36, 0x07, 0x00, 0x2E, 0xEF, 0xFF, 0xBD, 0x00, 0x00, 0x40, 0x87, 0xA8, 0xB8, 0xF2, 0xFF,
    0xD7, 0x01, 0xA8, 0xFF, 0xFF, 0xFA, 0xDC, 0xF4, 0xFF, 0xD8, 0x3D, 0xFF, 0xFF, 0x9F, 0x07, 0x00,
    0xC8, 0xFF, 0xD8, 0x53, 0xFF, 0xFF, 0x6D, 0x00, 0x13, 0xDD, 0xFF, 0xD8, 0x1A, 0xF4, 0xFF, 0xFD,
    0xDF, 0xF9, 0xFD, 0xFF, 0xD8, 0x00, 0x45, 0xD2, 0xF7, 0xD5, 0x66, 0xC8, 0xFF, 0xD8,
    // Unicode: [0x00E1]
    0x00, 0x00, 0x00, 0x00, 0x09, 0x7F, 0x80, 0x47, 0x00, 0x00, 0x00, 0x00, 0x00, 0x74, 0xFF, 0xE7,
    0x18, 0x00, 0x00, 0x00, 0x00, 0x0C, 0xEA, 0xFB, 0x3D, 0x00, 0x00, 0x00, 0x00, 0x00, 0x7A, 0xFF,
    0x73, 0x00, 0x00, 0x00, 0x00, 0x00, 0x00, 0x00, 0x00, 0x00, 0x00, 0x00, 0x00, 0x00, 0x6B, 0xCC,
    0xE8, 0xFB, 0xF3, 0xCD, 0x70, 0x00, 0x00, 0xA8, 0xFF, 0xFC, 0xF4, 0xFF, 0xFF, 0xFF, 0x6B, 0x00,
    0x4F, 0x36, 0x07, 0x00, 0x2E, 0xEF, 0xFF, 0xBD, 0x00, 0x00, 0x40, 0x87, 0xA8, 0xB8, 0xF2, 0xFF,
    0xD7, 0x01, 0xA8, 0xFF, 0xFF, 0xFA, 0xDC, 0xF4, 0xFF, 0xD8, 0x3D, 0xFF, 0xFF, 0x9F, 0x07, 0x00,
    0xC8, 0xFF, 0xD8, 0x53, 0xFF, 0xFF, 0x6D, 0x00, 0x13, 0xDD, 0xFF, 0xD8, 0x1A, 0xF4, 0xFF, 0xFD,
    0xDF, 0xF9, 0xFD, 0xFF, 0xD8, 0x00, 0x45, 0xD2, 0xF7, 0xD5, 0x66, 0xC8, 0xFF, 0xD8,
    // Unicode: [0x00E2]
    0x00, 0x00, 0x00, 0x21, 0x80, 0x74, 0x01, 0x00, 0x00, 0x00, 0x00, 0x02, 0xC2, 0xFF, 0xFF, 0x6B,
    0x00, 0x00, 0x00, 0x00, 0x71, 0xFF, 0x87, 0xD7, 0xF4, 0x22, 0x00, 0x00, 0x26, 0xF6, 0xC9, 0x04,
    0x34, 0xFB, 0xC0, 0x01, 0x00, 0x00, 0x00, 0x00, 0x00, 0x00, 0x00, 0x00, 0x00, 0x00, 0x6B, 0xCC,
    0xE8, 0xFB, 0xF3, 0xCD, 0x70, 0x00, 0x00, 0xA8, 0xFF, 0xFC, 0xF4, 0xFF, 0xFF, 0xFF, 0x6B, 0x00,
    0x4F, 0x36, 0x07, 0x00, 0x2E, 0xEF, 0xFF, 0xBD, 0x00, 0x00, 0x40, 0x87, 0xA8, 0xB8, 0xF2, 0xFF,
    0xD7, 0x01, 0xA8, 0xFF, 0xFF, 0xFA, 0xDC, 0xF4, 0xFF, 0xD8, 0x3D, 0xFF, 0xFF, 0x9F, 0x07, 0x00,
    0xC8, 0xFF, 0xD8, 0x53, 0xFF, 0xFF, 0x6D, 0x00, 0x13, 0xDD, 0xFF, 0xD8, 0x1A, 0xF4, 0xFF, 0xFD,
    0xDF, 0xF9, 0xFD, 0xFF, 0xD8, 0x00, 0x45, 0xD2, 0xF7, 0xD5, 0x66, 0xC8, 0xFF, 0xD8,
    // Unicode: [0x00E3]
    0x00, 0x00, 0x2E, 0x91, 0x7A, 0x20, 0x5E, 0xA0, 0x11, 0x00, 0x11, 0xEF, 0xFF, 0xFF, 0xFF, 0xFF,
    0xE1, 0x01, 0x00, 0x2E, 0xAC, 0x4B, 0x30, 0x8D, 0x99, 0x2B, 0x00, 0x00, 0x00, 0x00, 0x00, 0x00,
    0x00, 0x00, 0x00, 0x00, 0x00, 0x6B, 0xCC, 0xE8, 0xFB, 0xF3, 0xCD, 0x70, 0x00, 0x00, 0xA8, 0xFF,
    0xFC, 0xF4, 0xFF, 0xFF, 0xFF, 0x6B, 0x00, 0x4F, 0x36, 0x07, 0x00, 0x2E, 0xEF, 0xFF, 0xBD, 0x00,
    0x00, 0x40, 0x87, 0xA8, 0xB8, 0xF2, 0xFF, 0xD7, 0x01, 0xA8, 0xFF, 0xFF, 0xFA, 0xDC, 0xF4, 0xFF,
    0xD8, 0x3D, 0xFF, 0xFF, 0x9F, 0x07, 0x00, 0xC8, 0xFF, 0xD8, 0x53, 0xFF, 0xFF, 0x6D, 0x00, 0x13,
    0xDD, 0xFF, 0xD8, 0x1A, 0xF4, 0xFF, 0xFD, 0xDF, 0xF9, 0xFD, 0xFF, 0xD8, 0x00, 0x45, 0xD2, 0xF7,
    0xD5, 0x66, 0xC8, 0xFF, 0xD8,
    // Unicode: [0x00E4]
    0x00, 0x20, 0xFF, 0xFF, 0x0C, 0x30, 0xFF, 0xFC, 0x00, 0x00, 0x20, 0xFF, 0xFF, 0x0C, 0x30, 0xFF,
    0xFC, 0x00, 0x00, 0x04, 0x20, 0x20, 0x01, 0x06, 0x20, 0x1F, 0x00, 0x00, 0x6B, 0xCC, 0xE8, 0xFB,
    0xF3, 0xCD, 0x70, 0x00, 0x00, 0xA8, 0xFF, 0xFC, 0xF4, 0xFF, 0xFF, 0xFF, 0x6B, 0x00, 0x4F, 0x36,
    0x07, 0x00, 0x2E, 0xEF, 0xFF, 0xBD, 0x00, 0x00, 0x40, 0x87, 0xA8, 0xB8, 0xF2, 0xFF, 0xD7, 0x01,
    0xA8, 0xFF, 0xFF, 0xFA, 0xDC, 0xF4, 0xFF, 0xD8, 0x3D, 0xFF, 0xFF, 0x9F, 0x07, 0x00, 0xC8, 0xFF,
    0xD8, 0x53, 0xFF, 0xFF, 0x6D, 0x00, 0x13, 0xDD, 0xFF, 0xD8, 0x1A, 0xF4, 0xFF, 0xFD, 0xDF, 0xF9,
    0xFD, 0xFF, 0xD8, 0x00, 0x45, 0xD2, 0xF7, 0xD5, 0x66, 0xC8, 0xFF, 0xD8,
    // Unicode: [0x00E5]
    0x00, 0x00, 0x00, 0x5D, 0xE6, 0xE2, 0x51, 0x00, 0x00, 0x00, 0x00, 0x1F, 0xFA, 0x75, 0x85, 0xF5,
    0x14, 0x00, 0x00, 0x00, 0x52, 0xFE, 0x02, 0x11, 0xFF, 0x41, 0x00, 0x00, 0x00, 0x36, 0xFF, 0x42,
    0x52, 0xFF, 0x22, 0x00, 0x00, 0x00, 0x00, 0xA3, 0xFF, 0xFF, 0x88, 0x00, 0x00, 0x00, 0x78, 0xE2,
    0xFB, 0xFF, 0xFF, 0xD6, 0x77, 0x04, 0x00, 0xA8, 0xFF, 0xF2, 0xE4, 0xFE, 0xFF, 0xFF, 0x78, 0x00,
    0x44, 0x26, 0x00, 0x00, 0x20, 0xED, 0xFF, 0xC4, 0x00, 0x01, 0x4C, 0x93, 0xB4, 0xC4, 0xF4, 0xFF,
    0xD8, 0x01, 0xB1, 0xFF, 0xFF, 0xF5, 0xD4, 0xF2, 0xFF, 0xD8, 0x3F, 0xFF, 0xFF, 0x9A, 0x05, 0x00,
    0xC8, 0xFF, 0xD8, 0x53, 0xFF, 0xFF, 0x6F, 0x00, 0x15, 0xDE, 0xFF, 0xD8, 0x19, 0xF3, 0xFF, 0xFE,
    0xE3, 0xFB, 0xFC, 0xFF, 0xD8, 0x00, 0x43, 0xD2, 0xF7, 0xD4, 0x62, 0xC8, 0xFF, 0xD8,
    // Unicode: [0x00E6]
    0x00, 0x6B, 0xCC, 0xE8, 0xFA, 0xF0, 0xB9, 0x4D, 0x78, 0xCF, 0xF5, 0xED, 0xB0, 0x28, 0x00, 0x00,
    0xA8, 0xFF, 0xFB, 0xF3, 0xFF, 0xFF, 0xFF, 0xFF, 0xFE, 0xF2, 0xFF, 0xFF, 0xE5, 0x0D, 0x00, 0x3E,
    0x2B, 0x04, 0x00, 0x25, 0xF0, 0xFF, 0xE3, 0x1D, 0x00, 0x36, 0xFF, 0xFF, 0x6D, 0x00, 0x0A, 0x77,
    0xC1, 0xE2, 0xF3, 0xFF, 0xFF, 0xFF, 0xFF, 0xFF, 0xFF, 0xFF, 0xFF, 0x97, 0x05, 0xCF, 0xFF, 0xFF,
    0xDA, 0xAE, 0xF2, 0xFF, 0xF5, 0xD8, 0xD8, 0xD8, 0xD8, 0xD8, 0x8D, 0x47, 0xFF, 0xFF, 0x86, 0x00,
    0x00, 0xC6, 0xFF, 0xE0, 0x00, 0x00, 0x00, 0x00, 0x00, 0x00, 0x51, 0xFF, 0xFF, 0x81, 0x02, 0x2E,
    0xD3, 0xFF, 0xFF, 0x91, 0x14, 0x00, 0x23, 0x8C, 0x7C, 0x17, 0xF2, 0xFF, 0xFF, 0xFE, 0xFF, 0xEF,
    0xD0, 0xFF, 0xFF, 0xFF, 0xFD, 0xFF, 0xFF, 0x80, 0x00, 0x42, 0xD1, 0xFA, 0xE8, 0x99, 0x1C, 0x07,
    0x70, 0xC9, 0xF3, 0xF5, 0xDB, 0x9F, 0x2F,
    // Unicode: [0x00E7]
    0x00, 0x00, 0x38, 0xAD, 0xDD, 0xF6, 0xDC, 0x9B, 0x1E, 0x00, 0x51, 0xFC, 0xFF, 0xFF, 0xFF, 0xFF,
    0xFF, 0x54, 0x07, 0xEB, 0xFF, 0xF4, 0x4E, 0x0A, 0x2C, 0xB3, 0x54, 0x3F, 0xFF, 0xFF, 0x8F, 0x00,
    0x00, 0x00, 0x01, 0x05, 0x56, 0xFF, 0xFF, 0x68, 0x00, 0x00, 0x00, 0x00, 0x00, 0x44, 0xFF, 0xFF,
    0x87, 0x00, 0x00, 0x00, 0x00, 0x00, 0x0B, 0xF1, 0xFF, 0xEE, 0x41, 0x03, 0x1D, 0x9F, 0x54, 0x00,
    0x61, 0xFE, 0xFF, 0xFF, 0xFE, 0xFF, 0xFF, 0x54, 0x00, 0x00, 0x41, 0xB6, 0xEE, 0xFF, 0xFE, 0xAD,
    0x24, 0x00, 0x00, 0x00, 0x00, 0x00, 0xB8, 0xF4, 0x00, 0x00, 0x00, 0x00, 0x25, 0x90, 0x8D, 0xFB,
    0xC0, 0x00, 0x00, 0x00, 0x00, 0x2B, 0xF0, 0xF7, 0xBF, 0x24, 0x00, 0x00,
    // Unicode: [0x00E8]
    0x00, 0x00, 0x33, 0x80, 0x80, 0x1C, 0x00, 0x00, 0x00, 0x00, 0x00, 0x00, 0x08, 0xCF, 0xFF, 0x9C,
    0x00, 0x00, 0x00, 0x00, 0x00, 0x00, 0x00, 0x22, 0xEF, 0xFB, 0x24, 0x00, 0x00, 0x00, 0x00, 0x00,
    0x00, 0x00, 0x4D, 0xFE, 0xA5, 0x00, 0x00, 0x00, 0x00, 0x00, 0x00, 0x00, 0x00, 0x00, 0x00, 0x00,
    0x00, 0x00, 0x00, 0x00, 0x3B, 0xB5, 0xEE, 0xFA, 0xDE, 0x86, 0x07, 0x00, 0x00, 0x53, 0xFC, 0xFF,
    0xDD, 0xD0, 0xFF, 0xFF, 0xA6, 0x00, 0x07, 0xE9, 0xFF, 0x9C, 0x00, 0x00, 0x85, 0xFF, 0xFF, 0x1F,
    0x3F, 0xFF, 0xFF, 0xC3, 0xA4, 0xA4, 0xC0, 0xFF, 0xFF, 0x4D, 0x56, 0xFF, 0xFF, 0xFF, 0xFF, 0xFF,
    0xFF, 0xFF, 0xFF, 0x57, 0x44, 0xFF, 0xFF, 0x6F, 0x00, 0x00, 0x00, 0x00, 0x00, 0x00, 0x0B, 0xF0,
    0xFF, 0xE9, 0x47, 0x07, 0x05, 0x3E, 0xB2, 0x2D, 0x00, 0x5D, 0xFD, 0xFF, 0xFF, 0xFF, 0xFE, 0xFF,
    0xFF, 0x30, 0x00, 0x00, 0x3A, 0xAB, 0xE6, 0xFB, 0xED, 0xCD, 0x81, 0x0F,
    // Unicode: [0x00E9]
    0x00, 0x00, 0x00, 0x00, 0x00, 0x74, 0x80, 0x59, 0x00, 0x00, 0x00, 0x00, 0x00, 0x00, 0x4D, 0xFF,
    0xF5, 0x2D, 0x00, 0x00, 0x00, 0x00, 0x00, 0x01, 0xCF, 0xFF, 0x5D, 0x00, 0x00, 0x00, 0x00, 0x00,
    0x00, 0x56, 0xFF, 0x97, 0x00, 0x00, 0x00, 0x00, 0x00, 0x00, 0x00, 0x00, 0x00, 0x00, 0x00, 0x00,
    0x00, 0x00, 0x00, 0x00, 0x3B, 0xB5, 0xEE, 0xFA, 0xDE, 0x86, 0x07, 0x00, 0x00, 0x53, 0xFC, 0xFF,
    0xDD, 0xD0, 0xFF, 0xFF, 0xA6, 0x00, 0x07, 0xE9, 0xFF, 0x9C, 0x00, 0x00, 0x85, 0xFF, 0xFF, 0x1F,
    0x3F, 0xFF, 0xFF, 0xC3, 0xA4, 0xA4, 0xC0, 0xFF, 0xFF, 0x4D, 0x56, 0xFF, 0xFF, 0xFF, 0xFF, 0xFF,
    0xFF, 0xFF, 0xFF, 0x57, 0x44, 0xFF, 0xFF, 0x6F, 0x00, 0x00, 0x00, 0x00, 0x00, 0x00, 0x0B, 0xF0,
    0xFF, 0xE9, 0x47, 0x07, 0x05, 0x3E, 0xB2, 0x2D, 0x00, 0x5D, 0xFD, 0xFF, 0xFF, 0xFF, 0xFE, 0xFF,
    0xFF, 0x30, 0x00, 0x00, 0x3A, 0xAB, 0xE6, 0xFB, 0xED, 0xCD, 0x81, 0x0F,
    // Unicode: [0x00EA]
    0x00, 0x00, 0x00, 0x00, 0x6B, 0x80, 0x2B, 0x00, 0x00, 0x00, 0x00, 0x00, 0x00, 0x58, 0xFF, 0xFF,
    0xD1, 0x05, 0x00, 0x00, 0x00, 0x00, 0x16, 0xEC, 0xDE, 0x81, 0xFF, 0x82, 0x00, 0x00, 0x00, 0x00,
    0xAE, 0xFD, 0x3C, 0x02, 0xC1, 0xFB, 0x32, 0x00, 0x00, 0x00, 0x00, 0x00, 0x00, 0x00, 0x00, 0x00,
    0x00, 0x00, 0x00, 0x00, 0x3B, 0xB5, 0xEE, 0xFA, 0xDE, 0x86, 0x07, 0x00, 0x00, 0x53, 0xFC, 0xFF,
    0xDD, 0xD0, 0xFF, 0xFF, 0xA6, 0x00, 0x07, 0xE9, 0xFF, 0x9C, 0x00, 0x00, 0x85, 0xFF, 0xFF, 0x1F,
    0x3F, 0xFF, 0xFF, 0xC3, 0xA4, 0xA4, 0xC0, 0xFF, 0xFF, 0x4D, 0x56, 0xFF, 0xFF, 0xFF, 0xFF, 0xFF,
    0xFF, 0xFF, 0xFF, 0x57, 0x44, 0xFF, 0xFF, 0x6F, 0x00, 0x00, 0x00, 0x00, 0x00, 0x00, 0x0B, 0xF0,
    0xFF, 0xE9, 0x47, 0x07, 0x05, 0x3E, 0xB2, 0x2D, 0x00, 0x5D, 0xFD, 0xFF, 0xFF, 0xFF, 0xFE, 0xFF,
    0xFF, 0x30, 0x00, 0x00, 0x3A, 0xAB, 0xE6, 0xFB, 0xED, 0xCD, 0x81, 0x0F,
    // Unicode: [0x00EB]
    0x00, 0x00, 0xE0, 0xFF, 0x4C, 0x00, 0xF0, 0xFF, 0x3C, 0x00, 0x00, 0x00, 0xE0, 0xFF, 0x4C, 0x00,
    0xF0, 0xFF, 0x3C, 0x00, 0x00, 0x00, 0x1C, 0x20, 0x09, 0x00, 0x1E, 0x20, 0x07, 0x00, 0x00, 0x00,
    0x3B, 0xB5, 0xEE, 0xFA, 0xDE, 0x86, 0x07, 0x00, 0x00, 0x53, 0xFC, 0xFF, 0xDD, 0xD0, 0xFF, 0xFF,
    0xA6, 0x00, 0x07, 0xE9, 0xFF, 0x9C, 0x00, 0x00, 0x85, 0xFF, 0xFF, 0x1F, 0x3F, 0xFF, 0xFF, 0xC3,
    0xA4, 0xA4, 0xC0, 0xFF, 0xFF, 0x4D, 0x56, 0xFF, 0xFF, 0xFF, 0xFF, 0xFF, 0xFF, 0xFF, 0xFF, 0x57,
    0x44, 0xFF, 0xFF, 0x6F, 0x00, 0x00, 0x00, 0x00, 0x00, 0x00, 0x0B, 0xF0, 0xFF, 0xE9, 0x47, 0x07,
    0x05, 0x3E, 0xB2, 0x2D, 0x00, 0x5D, 0xFD, 0xFF, 0xFF, 0xFF, 0xFE, 0xFF, 0xFF, 0x30, 0x00, 0x00,
    0x3A, 0xAB, 0xE6, 0xFB, 0xED, 0xCD, 0x81, 0x0F,
    // Unicode: [0x00EC]
    0x02, 0xB7, 0xFF, 0xD0, 0x03, 0x00, 0x00, 0x0B, 0xC9, 0xFF, 0x6F, 0x00, 0x00, 0x00, 0x14, 0xD8,
    0xF1, 0x18, 0x00, 0x00, 0x00, 0x00, 0x00, 0x00, 0x00, 0x00, 0xC0, 0xFF, 0xE0, 0x00, 0x00, 0x00,
    0xC0, 0xFF, 0xE0, 0x00, 0x00, 0x00, 0xC0, 0xFF, 0xE0, 0x00, 0x00, 0x00, 0xC0, 0xFF, 0xE0, 0x00,
    0x00, 0x00, 0xC0, 0xFF, 0xE0, 0x00, 0x00, 0x00, 0xC0, 0xFF, 0xE0, 0x00, 0x00, 0x00, 0xC0, 0xFF,
    0xE0, 0x00, 0x00, 0x00, 0xC0, 0xFF, 0xE0, 0x00, 0x00, 0x00, 0xC0, 0xFF, 0xE0, 0x00,
    // Unicode: [0x00ED]
    0x00, 0x00, 0xB9, 0xFF, 0xC9, 0x08, 0x00, 0x54, 0xFF, 0xD8, 0x14, 0x00, 0x0B, 0xE3, 0xE5, 0x1F,
    0x00, 0x00, 0x00, 0x00, 0x00, 0x00, 0x00, 0x00, 0x00, 0xC0, 0xFF, 0xE0, 0x00, 0x00, 0x00, 0xC0,
    0xFF, 0xE0, 0x00, 0x00, 0x00, 0xC0, 0xFF, 0xE0, 0x00, 0x00, 0x00, 0xC0, 0xFF, 0xE0, 0x00, 0x00,
    0x00, 0xC0, 0xFF, 0xE0, 0x00, 0x00, 0x00, 0xC0, 0xFF, 0xE0, 0x00, 0x00, 0x00, 0xC0, 0xFF, 0xE0,
    0x00, 0x00, 0x00, 0xC0, 0xFF, 0xE0, 0x00, 0x00, 0x00, 0xC0, 0xFF, 0xE0, 0x00, 0x00,
    // Unicode: [0x00EE]
    0x00, 0x00, 0xA6, 0xFF, 0xC7, 0x01, 0x00, 0x00, 0x39, 0xFE, 0xC7, 0xFF, 0x5B, 0x00, 0x01, 0xC9,
    0xE2, 0x0B, 0xCE, 0xE3, 0x0A, 0x00, 0x00, 0x00, 0x00, 0x00, 0x00, 0x00, 0x00, 0x00, 0xC0, 0xFF,
    0xE0, 0x00, 0x00, 0x00, 0x00, 0xC0, 0xFF, 0xE0, 0x00, 0x00, 0x00, 0x00, 0xC0, 0xFF, 0xE0, 0x00,
    0x00, 0x00, 0x00, 0xC0, 0xFF, 0xE0, 0x00, 0x00, 0x00, 0x00, 0xC0, 0xFF, 0xE0, 0x00, 0x00, 0x00,
    0x00, 0xC0, 0xFF, 0xE0, 0x00, 0x00, 0x00, 0x00, 0xC0, 0xFF, 0xE0, 0x00, 0x00, 0x00, 0x00, 0xC0,
    0xFF, 0xE0, 0x00, 0x00, 0x00, 0x00, 0xC0, 0xFF, 0xE0, 0x00, 0x00,
    // Unicode: [0x00EF]
    0x20, 0xFF, 0xE4, 0x00, 0xC4, 0xFF, 0x44, 0x20, 0xFF, 0xE4, 0x00, 0xC4, 0xFF, 0x44, 0x04, 0x20,
    0x1C, 0x00, 0x18, 0x20, 0x08, 0x00, 0x00, 0xC0, 0xFF, 0xE0, 0x00, 0x00, 0x00, 0x00, 0xC0, 0xFF,
    0xE0, 0x00, 0x00, 0x00, 0x00, 0xC0, 0xFF, 0xE0, 0x00, 0x00, 0x00, 0x00, 0xC0, 0xFF, 0xE0, 0x00,
    0x00, 0x00, 0x00, 0xC0, 0xFF, 0xE0, 0x00, 0x00, 0x00, 0x00, 0xC0, 0xFF, 0xE0, 0x00, 0x00, 0x00,
    0x00, 0xC0, 0xFF, 0xE0, 0x00, 0x00, 0x00, 0x00, 0xC0, 0xFF, 0xE0, 0x00, 0x00, 0x00, 0x00, 0xC0,
    0xFF, 0xE0, 0x00, 0x00,
    // Unicode: [0x00F0]
    0x00, 0x00, 0x00, 0x00, 0x00, 0x00, 0x00, 0x06, 0x00, 0x00, 0x00, 0x00, 0x62, 0xEB, 0xFF, 0xE2,
    0x90, 0xEC, 0x2E, 0x00, 0x00, 0x00, 0x04, 0x6C, 0xFF, 0xFF, 0xFF, 0xC6, 0x22, 0x00, 0x00, 0x00,
    0x99, 0xFF, 0xD1, 0xCD, 0xFF, 0xF3, 0x27, 0x00, 0x00, 0x00, 0x2A, 0x3C, 0x00, 0x16, 0xEA, 0xFF,
    0xB8, 0x00, 0x00, 0x02, 0x62, 0xD4, 0xF8, 0xE0, 0xDC, 0xFF, 0xFF, 0x1E, 0x00, 0x87, 0xFF, 0xFF,
    0xF8, 0xF0, 0xFF, 0xFF, 0xFF, 0x5C, 0x20, 0xFD, 0xFF, 0xC9, 0x0D, 0x00, 0x6E, 0xFF, 0xFF, 0x77,
    0x53, 0xFF, 0xFF, 0x6F, 0x00, 0x00, 0x3B, 0xFF, 0xFF, 0x73, 0x4E, 0xFF, 0xFF, 0x7A, 0x00, 0x00,
    0x58, 0xFF, 0xFF, 0x4D, 0x17, 0xFA, 0xFF, 0xD9, 0x19, 0x0D, 0xC2, 0xFF, 0xF0, 0x0B, 0x00, 0x83,
    0xFF, 0xFF, 0xFE, 0xFC, 0xFF, 0xFF, 0x63, 0x00, 0x00, 0x00, 0x60, 0xCB, 0xF6, 0xF6, 0xC8, 0x52,
    0x00, 0x00,
    // Unicode: [0x00F1]
    0x00, 0x04, 0x6D, 0x94, 0x4D, 0x15, 0x9E, 0x61, 0x00, 0x00, 0x81, 0xFF, 0xFF, 0xFF, 0xFF, 0xFF,
    0x63, 0x00, 0x00, 0x84, 0x99, 0x13, 0x64, 0xA1, 0x70, 0x02, 0x00, 0x00, 0x00, 0x00, 0x00, 0x00,
    0x00, 0x00, 0x00, 0x00, 0xC0, 0xFF, 0xE1, 0x59, 0xCF, 0xF8, 0xD9, 0x54, 0x00, 0xC0, 0xFF, 0xFF,
    0xFF, 0xFF, 0xFF, 0xFF, 0xFA, 0x22, 0xC0, 0xFF, 0xF2, 0x4F, 0x1F, 0x93, 0xFF, 0xFF, 0x64, 0xC0,
    0xFF, 0xE0, 0x00, 0x00, 0x35, 0xFF, 0xFF, 0x7E, 0xC0, 0xFF, 0xE0, 0x00, 0x00, 0x26, 0xFF, 0xFF,
    0x80, 0xC0, 0xFF, 0xE0, 0x00, 0x00, 0x24, 0xFF, 0xFF, 0x80, 0xC0, 0xFF, 0xE0, 0x00, 0x00, 0x24,
    0xFF, 0xFF, 0x80, 0xC0, 0xFF, 0xE0, 0x00, 0x00, 0x24, 0xFF, 0xFF, 0x80, 0xC0, 0xFF, 0xE0, 0x00,
    0x00, 0x24, 0xFF, 0xFF, 0x80,
    // Unicode: [0x00F2]
    0x00, 0x00, 0x2D, 0x80, 0x80, 0x20, 0x00, 0x00, 0x00, 0x00, 0x00, 0x00, 0x05, 0xC6, 0xFF, 0xA4,
    0x00, 0x00, 0x00, 0x00, 0x00, 0x00, 0x00, 0x1B, 0xEA, 0xFD, 0x2B, 0x00, 0x00, 0x00, 0x00, 0x00,
    0x00, 0x00, 0x42, 0xFC, 0xAD, 0x00, 0x00, 0x00, 0x00, 0x00, 0x00, 0x00, 0x00, 0x00, 0x00, 0x00,
    0x00, 0x00, 0x00, 0x00, 0x4B, 0xC0, 0xF2, 0xF8, 0xD5, 0x79, 0x04, 0x00, 0x00, 0x65, 0xFF, 0xFF,
    0xFF, 0xFD, 0xFF, 0xFF, 0xAF, 0x00, 0x0B, 0xF0, 0xFF, 0xE0, 0x1F, 0x09, 0xAA, 0xFF, 0xFF, 0x47,
    0x43, 0xFF, 0xFF, 0x80, 0x00, 0x00, 0x36, 0xFF, 0xFF, 0x8E, 0x57, 0xFF, 0xFF, 0x66, 0x00, 0x00,
    0x19, 0xFF, 0xFF, 0xA3, 0x43, 0xFF, 0xFF, 0x7E, 0x00, 0x00, 0x2B, 0xFF, 0xFF, 0x8F, 0x0B, 0xF1,
    0xFF, 0xDF, 0x1B, 0x06, 0xA6, 0xFF, 0xFF, 0x49, 0x00, 0x68, 0xFF, 0xFF, 0xFF, 0xFB, 0xFF, 0xFF,
    0xB3, 0x01, 0x00, 0x00, 0x4E, 0xC1, 0xF3, 0xF9, 0xD7, 0x7A, 0x05, 0x00,
    // Unicode: [0x00F3]
    0x00, 0x00, 0x00, 0x00, 0x01, 0x78, 0x80, 0x55, 0x00, 0x00, 0x00, 0x00, 0x00, 0x00, 0x58, 0xFF,
    0xF3, 0x28, 0x00, 0x00, 0x00, 0x00, 0x00, 0x03, 0xD7, 0xFF, 0x55, 0x00, 0x00, 0x00, 0x00, 0x00,
    0x00, 0x5E, 0xFF, 0x8F, 0x00, 0x00, 0x00, 0x00, 0x00, 0x00, 0x00, 0x00, 0x00, 0x00, 0x00, 0x00,
    0x00, 0x00, 0x00, 0x00, 0x4B, 0xC0, 0xF2, 0xF8, 0xD5, 0x79, 0x04, 0x00, 0x00, 0x65, 0xFF, 0xFF,
    0xFF, 0xFD, 0xFF, 0xFF, 0xAF, 0x00, 0x0B, 0xF0, 0xFF, 0xE0, 0x1F, 0x09, 0xAA, 0xFF, 0xFF, 0x47,
    0x43, 0xFF, 0xFF, 0x80, 0x00, 0x00, 0x36, 0xFF, 0xFF, 0x8E, 0x57, 0xFF, 0xFF, 0x66, 0x00, 0x00,
    0x19, 0xFF, 0xFF, 0xA3, 0x43, 0xFF, 0xFF, 0x7E, 0x00, 0x00, 0x2B, 0xFF, 0xFF, 0x8F, 0x0B, 0xF1,
    0xFF, 0xDF, 0x1B, 0x06, 0xA6, 0xFF, 0xFF, 0x49, 0x00, 0x68, 0xFF, 0xFF, 0xFF, 0xFB, 0xFF, 0xFF,
    0xB3, 0x01, 0x00, 0x00, 0x4E, 0xC1, 0xF3, 0xF9, 0xD7, 0x7A, 0x05, 0x00,
    // Unicode: [0x00F4]
    0x00, 0x00, 0x00, 0x02, 0x75, 0x80, 0x1F, 0x00, 0x00, 0x00, 0x00, 0x00, 0x00, 0x71, 0xFF, 0xFF,
    0xBD, 0x01, 0x00, 0x00, 0x00, 0x00, 0x26, 0xF6, 0xCD, 0x91, 0xFF, 0x6A, 0x00, 0x00, 0x00, 0x02,
    0xC6, 0xF7, 0x29, 0x07, 0xD4, 0xF4, 0x21, 0x00, 0x00, 0x00, 0x00, 0x00, 0x00, 0x00, 0x00, 0x00,
    0x00, 0x00, 0x00, 0x00, 0x4B, 0xC0, 0xF2, 0xF8, 0xD5, 0x79, 0x04, 0x00, 0x00, 0x65, 0xFF, 0xFF,
    0xFF, 0xFD, 0xFF, 0xFF, 0xAF, 0x00, 0x0B, 0xF0, 0xFF, 0xE0, 0x1F, 0x09, 0xAA, 0xFF, 0xFF, 0x47,
    0x43, 0xFF, 0xFF, 0x80, 0x00, 0x00, 0x36, 0xFF, 0xFF, 0x8E, 0x57, 0xFF, 0xFF, 0x66, 0x00, 0x00,
    0x19, 0xFF, 0xFF, 0xA3, 0x43, 0xFF, 0xFF, 0x7E, 0x00, 0x00, 0x2B, 0xFF, 0xFF, 0x8F, 0x0B, 0xF1,
    0xFF, 0xDF, 0x1B, 0x06, 0xA6, 0xFF, 0xFF, 0x49, 0x00, 0x68, 0xFF, 0xFF, 0xFF, 0xFB, 0xFF, 0xFF,
    0xB3, 0x01, 0x00, 0x00, 0x4E, 0xC1, 0xF3, 0xF9, 0xD7, 0x7A, 0x05, 0x00,
    // Unicode: [0x00F5]
    0x00, 0x00, 0x15, 0x86, 0x89, 0x33, 0x3B, 0xA0, 0x37, 0x00, 0x00, 0x00, 0xC5, 0xFF, 0xFF, 0xFF,
    0xFF, 0xFB, 0x23, 0x00, 0x00, 0x06, 0xAB, 0x71, 0x1D, 0x7D, 0xA0, 0x4B, 0x00, 0x00, 0x00, 0x00,
    0x00, 0x00, 0x00, 0x00, 0x00, 0x00, 0x00, 0x00, 0x00, 0x00, 0x4B, 0xC0, 0xF2, 0xF8, 0xD5, 0x79,
    0x04, 0x00, 0x00, 0x65, 0xFF, 0xFF, 0xFF, 0xFD, 0xFF, 0xFF, 0xAF, 0x00, 0x0B, 0xF0, 0xFF, 0xE0,
    0x1F, 0x09, 0xAA, 0xFF, 0xFF, 0x47, 0x43, 0xFF, 0xFF, 0x80, 0x00, 0x00, 0x36, 0xFF, 0xFF, 0x8E,
    0x57, 0xFF, 0xFF, 0x66, 0x00, 0x00, 0x19, 0xFF, 0xFF, 0xA3, 0x43, 0xFF, 0xFF, 0x7E, 0x00, 0x00,
    0x2B, 0xFF, 0xFF, 0x8F, 0x0B, 0xF1, 0xFF, 0xDF, 0x1B, 0x06, 0xA6, 0xFF, 0xFF, 0x49, 0x00, 0x68,
    0xFF, 0xFF, 0xFF, 0xFB, 0xFF, 0xFF, 0xB3, 0x01, 0x00, 0x00, 0x4E, 0xC1, 0xF3, 0xF9, 0xD7, 0x7A,
    0x05, 0x00,
    // Unicode: [0x00F6]
    0x00, 0x00, 0xE8, 0xFF, 0x44, 0x00, 0xF8, 0xFF, 0x34, 0x00, 0x00, 0x00, 0xE8, 0xFF, 0x44, 0x00,
    0xF8, 0xFF, 0x34, 0x00, 0x00, 0x00, 0x1D, 0x20, 0x08, 0x00, 0x1F, 0x20, 0x06, 0x00, 0x00, 0x00,
    0x4B, 0xC0, 0xF2, 0xF8, 0xD5, 0x79, 0x04, 0x00, 0x00, 0x65, 0xFF, 0xFF, 0xFF, 0xFD, 0xFF, 0xFF,
    0xAF, 0x00, 0x0B, 0xF0, 0xFF, 0xE0, 0x1F, 0x09, 0xAA, 0xFF, 0xFF, 0x47, 0x43, 0xFF, 0xFF, 0x80,
    0x00, 0x00, 0x36, 0xFF, 0xFF, 0x8E, 0x57, 0xFF, 0xFF, 0x66, 0x00, 0x00, 0x19, 0xFF, 0xFF, 0xA3,
    0x43, 0xFF, 0xFF, 0x7E, 0x00, 0x00, 0x2B, 0xFF, 0xFF, 0x8F, 0x0B, 0xF1, 0xFF, 0xDF, 0x1B, 0x06,
    0xA6, 0xFF, 0xFF, 0x49, 0x00, 0x68, 0xFF, 0xFF, 0xFF, 0xFB, 0xFF, 0xFF, 0xB3, 0x01, 0x00, 0x00,
    0x4E, 0xC1, 0xF3, 0xF9, 0xD7, 0x7A, 0x05, 0x00,
    // Unicode: [0x00F7]
    0x00, 0x00, 0x00, 0x00, 0x5E, 0x80, 0x60, 0x00, 0x00, 0x00, 0x00, 0x00, 0x00, 0x00, 0x00, 0xBC,
    0xFF, 0xC0, 0x00, 0x00, 0x00, 0x00, 0x00, 0x00, 0x00, 0x00, 0xBC, 0xFF, 0xC0, 0x00, 0x00, 0x00,
    0x00, 0x00, 0x00, 0x00, 0x00, 0x00, 0x00, 0x00, 0x00, 0x00, 0x00, 0x00, 0x08, 0x14, 0x14, 0x14,
    0x14, 0x14, 0x14, 0x14, 0x14, 0x14, 0x08, 0x68, 0xFF, 0xFF, 0xFF, 0xFF, 0xFF, 0xFF, 0xFF, 0xFF,
    0xFF, 0x68, 0x68, 0xFF, 0xFF, 0xFF, 0xFF, 0xFF, 0xFF, 0xFF, 0xFF, 0xFF, 0x68, 0x00, 0x00, 0x00,
    0x00, 0x00, 0x00, 0x00, 0x00, 0x00, 0x00, 0x00, 0x00, 0x00, 0x00, 0x00, 0x60, 0x84, 0x63, 0x00,
    0x00, 0x00, 0x00, 0x00, 0x00, 0x00, 0x00, 0xBC, 0xFF, 0xC0, 0x00, 0x00, 0x00, 0x00, 0x00, 0x00,
    0x00, 0x00, 0xBC, 0xFF, 0xC0, 0x00, 0x00, 0x00, 0x00,
    // Unicode: [0x00F8]
    0x00, 0x00, 0x00, 0x00, 0x00, 0x00, 0x00, 0x09, 0xE1, 0x58, 0x00, 0x00, 0x4B, 0xC0, 0xF2, 0xF5,
    0xCD, 0xB1, 0xB9, 0x00, 0x00, 0x65, 0xFF, 0xFF, 0xFC, 0xF5, 0xFF, 0xFF, 0xA3, 0x00, 0x0B, 0xF0,
    0xFF, 0xD4, 0x15, 0x10, 0xF0, 0xFF, 0xFF, 0x3A, 0x42, 0xFF, 0xFF, 0x75, 0x00, 0x9B, 0x8D, 0xFF,
    0xFF, 0x89, 0x57, 0xFF, 0xFF, 0x5A, 0x4C, 0xC1, 0x0A, 0xFF, 0xFF, 0xA2, 0x40, 0xFF, 0xFF, 0x78,
    0xDA, 0x20, 0x20, 0xFF, 0xFF, 0x8F, 0x07, 0xEC, 0xFF, 0xFA, 0x6C, 0x02, 0x9A, 0xFF, 0xFF, 0x49,
    0x00, 0x5B, 0xFF, 0xFF, 0xF8, 0xF2, 0xFF, 0xFF, 0xB3, 0x01, 0x00, 0x49, 0xE2, 0xB7, 0xEF, 0xF9,
    0xD7, 0x7A, 0x05, 0x00, 0x16, 0xE7, 0x44, 0x00, 0x00, 0x00, 0x00, 0x00, 0x00, 0x00,
    // Unicode: [0x00F9]
    0x00, 0x0C, 0xD1, 0xFF, 0xB0, 0x00, 0x00, 0x00, 0x00, 0x00, 0x00, 0x19, 0xDF, 0xFF, 0x49, 0x00,
    0x00, 0x00, 0x00, 0x00, 0x00, 0x25, 0xEA, 0xDB, 0x07, 0x00, 0x00, 0x00, 0x00, 0x00, 0x00, 0x00,
    0x00, 0x00, 0x00, 0x00, 0xD4, 0xFF, 0xD4, 0x00, 0x00, 0x34, 0xFF, 0xFF, 0x70, 0xD4, 0xFF, 0xD4,
    0x00, 0x00, 0x34, 0xFF, 0xFF, 0x70, 0xD4, 0xFF, 0xD4, 0x00, 0x00, 0x34, 0xFF, 0xFF, 0x70, 0xD4,
    0xFF, 0xD4, 0x00, 0x00, 0x34, 0xFF, 0xFF, 0x70, 0xD4, 0xFF, 0xD4, 0x00, 0x00, 0x34, 0xFF, 0xFF,
    0x70, 0xD2, 0xFF, 0xDE, 0x00, 0x00, 0x34, 0xFF, 0xFF, 0x70, 0xBA, 0xFF, 0xFE, 0x43, 0x12, 0x7C,
    0xFF, 0xFF, 0x70, 0x72, 0xFF, 0xFF, 0xFF, 0xFF, 0xFF, 0xFF, 0xFF, 0x70, 0x06, 0x92, 0xEA, 0xEC,
    0xB4, 0x67, 0xFF, 0xFF, 0x70,
    // Unicode: [0x00FA]
    0x00, 0x00, 0x00, 0x2D, 0xFB, 0xFF, 0x65, 0x00, 0x00, 0x00, 0x00, 0x00, 0xC2, 0xFF, 0x80, 0x00,
    0x00, 0x00, 0x00, 0x00, 0x5F, 0xFF, 0x98, 0x00, 0x00, 0x00, 0x00, 0x00, 0x00, 0x00, 0x00, 0x00,
    0x00, 0x00, 0x00, 0x00, 0xD4, 0xFF, 0xD4, 0x00, 0x00, 0x34, 0xFF, 0xFF, 0x70, 0xD4, 0xFF, 0xD4,
    0x00, 0x00, 0x34, 0xFF, 0xFF, 0x70, 0xD4, 0xFF, 0xD4, 0x00, 0x00, 0x34, 0xFF, 0xFF, 0x70, 0xD4,
    0xFF, 0xD4, 0x00, 0x00, 0x34, 0xFF, 0xFF, 0x70, 0xD4, 0xFF, 0xD4, 0x00, 0x00, 0x34, 0xFF, 0xFF,
    0x70, 0xD2, 0xFF, 0xDE, 0x00, 0x00, 0x34, 0xFF, 0xFF, 0x70, 0xBA, 0xFF, 0xFE, 0x43, 0x12, 0x7C,
    0xFF, 0xFF, 0x70, 0x72, 0xFF, 0xFF, 0xFF, 0xFF, 0xFF, 0xFF, 0xFF, 0x70, 0x06, 0x92, 0xEA, 0xEC,
    0xB4, 0x67, 0xFF, 0xFF, 0x70,
    // Unicode: [0x00FB]
    0x00, 0x00, 0x13, 0xE0, 0xFF, 0xA7, 0x00, 0x00, 0x00, 0x00, 0x03, 0xBB, 0xF8, 0xAA, 0xFF, 0x71,
    0x00, 0x00, 0x00, 0x87, 0xFF, 0x62, 0x02, 0xB5, 0xFB, 0x3F, 0x00, 0x00, 0x00, 0x00, 0x00, 0x00,
    0x00, 0x00, 0x00, 0x00, 0xD4, 0xFF, 0xD4, 0x00, 0x00, 0x34, 0xFF, 0xFF, 0x70, 0xD4, 0xFF, 0xD4,
    0x00, 0x00, 0x34, 0xFF, 0xFF, 0x70, 0xD4, 0xFF, 0xD4, 0x00, 0x00, 0x34, 0xFF, 0xFF, 0x70, 0xD4,
    0xFF, 0xD4, 0x00, 0x00, 0x34, 0xFF, 0xFF, 0x70, 0xD4, 0xFF, 0xD4, 0x00, 0x00, 0x34, 0xFF, 0xFF,
    0x70, 0xD2, 0xFF, 0xDE, 0x00, 0x00, 0x34, 0xFF, 0xFF, 0x70, 0xBA, 0xFF, 0xFE, 0x43, 0x12, 0x7C,
    0xFF, 0xFF, 0x70, 0x72, 0xFF, 0xFF, 0xFF, 0xFF, 0xFF, 0xFF, 0xFF, 0x70, 0x06, 0x92, 0xEA, 0xEC,
    0xB4, 0x67, 0xFF, 0xFF, 0x70,
    // Unicode: [0x00FC]
    0x00, 0xBC, 0xFF, 0x70, 0x00, 0xCC, 0xFF, 0x60, 0x00, 0x00, 0xBC, 0xFF, 0x70, 0x00, 0xCC, 0xFF,
    0x60, 0x00, 0x00, 0x17, 0x20, 0x0E, 0x00, 0x19, 0x20, 0x0C, 0x00, 0xD4, 0xFF, 0xD4, 0x00, 0x00,
    0x34, 0xFF, 0xFF, 0x70, 0xD4, 0xFF, 0xD4, 0x00, 0x00, 0x34, 0xFF, 0xFF, 0x70, 0xD4, 0xFF, 0xD4,
    0x00, 0x00, 0x34, 0xFF, 0xFF, 0x70, 0xD4, 0xFF, 0xD4, 0x00, 0x00, 0x34, 0xFF, 0xFF, 0x70, 0xD4,
    0xFF, 0xD4, 0x00, 0x00, 0x34, 0xFF, 0xFF, 0x70, 0xD2, 0xFF, 0xDE, 0x00, 0x00, 0x34, 0xFF, 0xFF,
    0x70, 0xBA, 0xFF, 0xFE, 0x43, 0x12, 0x7C, 0xFF, 0xFF, 0x70, 0x72, 0xFF, 0xFF, 0xFF, 0xFF, 0xFF,
    0xFF, 0xFF, 0x70, 0x06, 0x92, 0xEA, 0xEC, 0xB4, 0x67, 0xFF, 0xFF, 0x70,
    // Unicode: [0x00FD]
    0x00, 0x00, 0x00, 0x00, 0x3D, 0xFF, 0xFD, 0x53, 0x00, 0x00, 0x00, 0x00, 0x00, 0x03, 0xD2, 0xFF,
    0x6C, 0x00, 0x00, 0x00, 0x00, 0x00, 0x00, 0x6F, 0xFF, 0x84, 0x00, 0x00, 0x00, 0x00, 0x00, 0x00,
    0x00, 0x00, 0x00, 0x00, 0x00, 0x00, 0x00, 0x00, 0x99, 0xFF, 0xFF, 0x28, 0x00, 0x00, 0x57, 0xFF,
    0xFF, 0x5A, 0x3B, 0xFF, 0xFF, 0x81, 0x00, 0x00, 0xAC, 0xFF, 0xF0, 0x09, 0x00, 0xDC, 0xFF, 0xDA,
    0x00, 0x0B, 0xF5, 0xFF, 0x97, 0x00, 0x00, 0x7F, 0xFF, 0xFF, 0x34, 0x56, 0xFF, 0xFF, 0x35, 0x00,
    0x00, 0x22, 0xFE, 0xFF, 0x8D, 0xAB, 0xFF, 0xD4, 0x00, 0x00, 0x00, 0x00, 0xC3, 0xFF, 0xE6, 0xF5,
    0xFF, 0x72, 0x00, 0x00, 0x00, 0x00, 0x65, 0xFF, 0xFF, 0xFF, 0xFA, 0x15, 0x00, 0x00, 0x00, 0x00,
    0x0F, 0xF7, 0xFF, 0xFF, 0xAF, 0x00, 0x00, 0x00, 0x00, 0x00, 0x00, 0xB0, 0xFF, 0xFF, 0x4D, 0x00,
    0x00, 0x00, 0x00, 0x00, 0x02, 0xE1, 0xFF, 0xE7, 0x04, 0x00, 0x00, 0x00, 0x00, 0x00, 0x4B, 0xFF,
    0xFF, 0x8A, 0x00, 0x00, 0x00, 0x00, 0x00, 0x00, 0xB1, 0xFF, 0xFF, 0x29, 0x00, 0x00, 0x00, 0x00,
    // Unicode: [0x00FE]
    0xC0, 0xFF, 0xE0, 0x00, 0x00, 0x00, 0x00, 0x00, 0x00, 0xC0, 0xFF, 0xE0, 0x00, 0x00, 0x00, 0x00,
    0x00, 0x00, 0xC0, 0xFF, 0xE0, 0x00, 0x00, 0x00, 0x00, 0x00, 0x00, 0xC0, 0xFF, 0xE0, 0x48, 0xD0,
    0xF9, 0xD8, 0x4C, 0x00, 0xC0, 0xFF, 0xFC, 0xFF, 0xFF, 0xFF, 0xFF, 0xFA, 0x20, 0xC0, 0xFF, 0xF1,
    0x4F, 0x27, 0x8F, 0xFF, 0xFF, 0x8B, 0xC0, 0xFF, 0xE0, 0x00, 0x00, 0x08, 0xFA, 0xFF, 0xB8, 0xC0,
    0xFF, 0xE0, 0x00, 0x00, 0x00, 0xEB, 0xFF, 0xCD, 0xC0, 0xFF, 0xE0, 0x00, 0x00, 0x0D, 0xFD, 0xFF,
    0xB7, 0xC0, 0xFF, 0xE4, 0x0B, 0x14, 0x9D, 0xFF, 0xFF, 0x70, 0xC0, 0xFF, 0xFF, 0xFF, 0xFF, 0xFF,
    0xFF, 0xD9, 0x0B, 0xC0, 0xFF, 0xED, 0xAC, 0xED, 0xF4, 0xAB, 0x1A, 0x00, 0xC0, 0xFF, 0xE0, 0x00,
    0x00, 0x00, 0x00, 0x00, 0x00, 0xC0, 0xFF, 0xE0, 0x00, 0x00, 0x00, 0x00, 0x00, 0x00, 0xC0, 0xFF,
    0xE0, 0x00, 0x00, 0x00, 0x00, 0x00, 0x00,
    // Unicode: [0x00FF]
    0x00, 0x18, 0xFF, 0xFF, 0x18, 0x28, 0xFF, 0xFF, 0x04, 0x00, 0x00, 0x18, 0xFF, 0xFF, 0x18, 0x28,
    0xFF, 0xFF, 0x04, 0x00, 0x00, 0x03, 0x20, 0x20, 0x03, 0x05, 0x20, 0x20, 0x00, 0x00, 0x99, 0xFF,
    0xFF, 0x28, 0x00, 0x00, 0x57, 0xFF, 0xFF, 0x5A, 0x3B, 0xFF, 0xFF, 0x81, 0x00, 0x00, 0xAC, 0xFF,
    0xF0, 0x09, 0x00, 0xDC, 0xFF, 0xDA, 0x00, 0x0B, 0xF5, 0xFF, 0x97, 0x00, 0x00, 0x7F, 0xFF, 0xFF,
    0x34, 0x56, 0xFF, 0xFF, 0x35, 0x00, 0x00, 0x22, 0xFE, 0xFF, 0x8D, 0xAB, 0xFF, 0xD4, 0x00, 0x00,
    0x00, 0x00, 0xC3, 0xFF, 0xE6, 0xF5, 0xFF, 0x72, 0x00, 0x00, 0x00, 0x00, 0x65, 0xFF, 0xFF, 0xFF,
    0xFA, 0x15, 0x00, 0x00, 0x00, 0x00, 0x0F, 0xF7, 0xFF, 0xFF, 0xAF, 0x00, 0x00, 0x00, 0x00, 0x00,
    0x00, 0xB0, 0xFF, 0xFF, 0x4D, 0x00, 0x00, 0x00, 0x00, 0x00, 0x02, 0xE1, 0xFF, 0xE7, 0x04, 0x00,
    0x00, 0x00, 0x00, 0x00, 0x4B, 0xFF, 0xFF, 0x8A, 0x00, 0x00, 0x00, 0x00, 0x00, 0x00, 0xB1, 0xFF,
    0xFF, 0x29, 0x00, 0x00, 0x00, 0x00,
    // Unicode: [0x0100]
    0x00, 0x00, 0x1C, 0xFF, 0xFF, 0xFF, 0xFF, 0xFF, 0xC4, 0x00, 0x00, 0x00, 0x00, 0x00, 0x11, 0xA0,
    0xA0, 0xA0, 0xA0, 0xA0, 0x7A, 0x00, 0x00, 0x00, 0x00, 0x00, 0x00, 0x00, 0x00, 0x00, 0x00, 0x00,
    0x00, 0x00, 0x00, 0x00, 0x00, 0x00, 0x00, 0x06, 0xF0, 0xFF, 0xFF, 0x9A, 0x00, 0x00, 0x00, 0x00,
    0x00, 0x00, 0x00, 0x4E, 0xFF, 0xFF, 0xFF, 0xEC, 0x04, 0x00, 0x00, 0x00, 0x00, 0x00, 0x00, 0xA4,
    0xFF, 0xFF, 0xFF, 0xFF, 0x46, 0x00, 0x00, 0x00, 0x00, 0x00, 0x07, 0xF1, 0xFF, 0xD9, 0xFF, 0xFF,
    0x9C, 0x00, 0x00, 0x00, 0x00, 0x00, 0x50, 0xFF, 0xFF, 0x6D, 0xDD, 0xFF, 0xED, 0x05, 0x00, 0x00,
    0x00, 0x00, 0xA6, 0xFF, 0xFF, 0x24, 0x93, 0xFF, 0xFF, 0x48, 0x00, 0x00, 0x00, 0x08, 0xF2, 0xFF,
    0xDA, 0x00, 0x48, 0xFF, 0xFF, 0x9E, 0x00, 0x00, 0x00, 0x52, 0xFF, 0xFF, 0xA0, 0x1C, 0x24, 0xF9,
    0xFF, 0xEE, 0x05, 0x00, 0x00, 0xA8, 0xFF, 0xFF, 0xFF, 0xFF, 0xFF, 0xFF, 0xFF, 0xFF, 0x4A, 0x00,
    0x09, 0xF3, 0xFF, 0xFF, 0xFF, 0xFF, 0xFF, 0xFF, 0xFF, 0xFF, 0xA0, 0x00, 0x54, 0xFF, 0xFF, 0x93,
    0x00, 0x00, 0x00, 0x0C, 0xF4, 0xFF, 0xEF, 0x06, 0xA9, 0xFF, 0xFF, 0x33, 0x00, 0x00, 0x00, 0x00,
    0xA0, 0xFF, 0xFF, 0x4C,
    // Unicode: [0x0101]
    0x00, 0x00, 0xF8, 0xFF, 0xFF, 0xFF, 0xFF, 0xE8, 0x00, 0x00, 0x00, 0x9E, 0xA4, 0xA4, 0xA4, 0xA4,
    0x94, 0x00, 0x00, 0x00, 0x00, 0x00, 0x00, 0x00, 0x00, 0x00, 0x00, 0x00, 0x6B, 0xCC, 0xE8, 0xFB,
    0xF3, 0xCD, 0x70, 0x00, 0x00, 0xA8, 0xFF, 0xFC, 0xF4, 0xFF, 0xFF, 0xFF, 0x6B, 0x00, 0x4F, 0x36,
    0x07, 0x00, 0x2E, 0xEF, 0xFF, 0xBD, 0x00, 0x00, 0x40, 0x87, 0xA8, 0xB8, 0xF2, 0xFF, 0xD7, 0x01,
    0xA8, 0xFF, 0xFF, 0xFA, 0xDC, 0xF4, 0xFF, 0xD8, 0x3D, 0xFF, 0xFF, 0x9F, 0x07, 0x00, 0xC8, 0xFF,
    0xD8, 0x53, 0xFF, 0xFF, 0x6D, 0x00, 0x13, 0xDD, 0xFF, 0xD8, 0x1A, 0xF4, 0xFF, 0xFD, 0xDF, 0xF9,
    0xFD, 0xFF, 0xD8, 0x00, 0x45, 0xD2, 0xF7, 0xD5, 0x66, 0xC8, 0xFF, 0xD8,
    // Unicode: [0x0102]
    0x00, 0x00, 0x00, 0x7D, 0x53, 0x00, 0x02, 0x7F, 0x4E, 0x00, 0x00, 0x00, 0x00, 0x00, 0x00, 0xD8,
    0xE0, 0x2C, 0x61, 0xFF, 0x77, 0x00, 0x00, 0x00, 0x00, 0x00, 0x00, 0x4D, 0xF2, 0xFF, 0xFF, 0xC9,
    0x0D, 0x00, 0x00, 0x00, 0x00, 0x00, 0x00, 0x00, 0x0F, 0x3B, 0x2E, 0x02, 0x00, 0x00, 0x00, 0x00,
    0x00, 0x00, 0x00, 0x06, 0xF0, 0xFF, 0xFF, 0x9A, 0x00, 0x00, 0x00, 0x00, 0x00, 0x00, 0x00, 0x4E,
    0xFF, 0xFF, 0xFF, 0xEC, 0x04, 0x00, 0x00, 0x00, 0x00, 0x00, 0x00, 0xA4, 0xFF, 0xFF, 0xFF, 0xFF,
    0x46, 0x00, 0x00, 0x00, 0x00, 0x00, 0x07, 0xF1, 0xFF, 0xD9, 0xFF, 0xFF, 0x9C, 0x00, 0x00, 0x00,
    0x00, 0x00, 0x50, 0xFF, 0xFF, 0x6D, 0xDD, 0xFF, 0xED, 0x05, 0x00, 0x00, 0x00, 0x00, 0xA6, 0xFF,
    0xFF, 0x24, 0x93, 0xFF, 0xFF, 0x48, 0x00, 0x00, 0x00, 0x08, 0xF2, 0xFF, 0xDA, 0x00, 0x48, 0xFF,
    0xFF, 0x9E, 0x00, 0x00, 0x00, 0x52, 0xFF, 0xFF, 0xA0, 0x1C, 0x24, 0xF9, 0xFF, 0xEE, 0x05, 0x00,
    0x00, 0xA8, 0xFF, 0xFF, 0xFF, 0xFF, 0xFF, 0xFF, 0xFF, 0xFF, 0x4A, 0x00, 0x09, 0xF3, 0xFF, 0xFF,
    0xFF, 0xFF, 0xFF, 0xFF, 0xFF, 0xFF, 0xA0, 0x00, 0x54, 0xFF, 0xFF, 0x93, 0x00, 0x00, 0x00, 0x0C,
    0xF4, 0xFF, 0xEF, 0x06, 0xA9, 0xFF, 0xFF, 0x33, 0x00, 0x00, 0x00, 0x00, 0xA0, 0xFF, 0xFF, 0x4C,
    // Unicode: [0x0103]
    0x00, 0x00, 0xD4, 0xC7, 0x00, 0x00, 0xED, 0xB1, 0x00, 0x00, 0x00, 0xA0, 0xF9, 0x40, 0x5C, 0xFF,
    0x7A, 0x00, 0x00, 0x00, 0x22, 0xDC, 0xFF, 0xFF, 0xC5, 0x0D, 0x00, 0x00, 0x00, 0x00, 0x07, 0x34,
    0x2E, 0x03, 0x00, 0x00, 0x00, 0x6B, 0xCC, 0xE8, 0xFB, 0xF3, 0xCD, 0x70, 0x00, 0x00, 0xA8, 0xFF,
    0xFC, 0xF4, 0xFF, 0xFF, 0xFF, 0x6B, 0x00, 0x4F, 0x36, 0x07, 0x00, 0x2E, 0xEF, 0xFF, 0xBD, 0x00,
    0x00, 0x40, 0x87, 0xA8, 0xB8, 0xF2, 0xFF, 0xD7, 0x01, 0xA8, 0xFF, 0xFF, 0xFA, 0xDC, 0xF4, 0xFF,
    0xD8, 0x3D, 0xFF, 0xFF, 0x9F, 0x07, 0x00, 0xC8, 0xFF, 0xD8, 0x53, 0xFF, 0xFF, 0x6D, 0x00, 0x13,
    0xDD, 0xFF, 0xD8, 0x1A, 0xF4, 0xFF, 0xFD, 0xDF, 0xF9, 0xFD, 0xFF, 0xD8, 0x00, 0x45, 0xD2, 0xF7,
    0xD5, 0x66, 0xC8, 0xFF, 0xD8,
    // Unicode: [0x0104]
    0x00, 0x00, 0x00, 0x06, 0xF0, 0xFF, 0xFF, 0x9A, 0x00, 0x00, 0x00, 0x00, 0x00, 0x00, 0x00, 0x00,
    0x4E, 0xFF, 0xFF, 0xFF, 0xEC, 0x04, 0x00, 0x00, 0x00, 0x00, 0x00, 0x00, 0x00, 0xA4, 0xFF, 0xFF,
    0xFF, 0xFF, 0x46, 0x00, 0x00, 0x00, 0x00, 0x00, 0x00, 0x07, 0xF1, 0xFF, 0xA6, 0xF8, 0xFF, 0x9C,
    0x00, 0x00, 0x00, 0x00, 0x00, 0x00, 0x50, 0xFF, 0xFF, 0x44, 0xB3, 0xFF, 0xED, 0x05, 0x00, 0x00,
    0x00, 0x00, 0x00, 0xA6, 0xFF, 0xEC, 0x04, 0x5F, 0xFF, 0xFF, 0x48, 0x00, 0x00, 0x00, 0x00, 0x08,
    0xF2, 0xFF, 0x9D, 0x00, 0x10, 0xF9, 0xFF, 0x9E, 0x00, 0x00, 0x00, 0x00, 0x52, 0xFF, 0xFF, 0xFF,
    0xFF, 0xFF, 0xFF, 0xFF, 0xEE, 0x05, 0x00, 0x00, 0x00, 0xA8, 0xFF, 0xFF, 0xFF, 0xFF, 0xFF, 0xFF,
    0xFF, 0xFF, 0x4A, 0x00, 0x00, 0x09, 0xF3, 0xFF, 0xAF, 0x1C, 0x1C, 0x1C, 0x2B, 0xFD, 0xFF, 0xA0,
    0x00, 0x00, 0x54, 0xFF, 0xFF, 0x67, 0x00, 0x00, 0x00, 0x00, 0xC5, 0xFF, 0xEF, 0x06, 0x00, 0xA9,
    0xFF, 0xFF, 0x25, 0x00, 0x00, 0x00, 0x00, 0xC2, 0xFF, 0xFF, 0x4C, 0x00, 0x00, 0x00, 0x00, 0x00,
    0x00, 0x00, 0x00, 0x00, 0xDA, 0xB6, 0x00, 0x00, 0x00, 0x00, 0x00, 0x00, 0x00, 0x00, 0x00, 0x00,
    0x00, 0xAB, 0xFB, 0x92, 0x89, 0x28, 0x00, 0x00, 0x00, 0x00, 0x00, 0x00, 0x00, 0x00, 0x20, 0xBE,
    0xF6, 0xF0, 0x32,
    // Unicode: [0x0105]
    0x00, 0x6B, 0xCC, 0xE8, 0xFB, 0xF3, 0xCD, 0x70, 0x00, 0x00, 0x00, 0x00, 0xA8, 0xFF, 0xFC, 0xF4,
    0xFF, 0xFF, 0xFF, 0x6B, 0x00, 0x00, 0x00, 0x4F, 0x36, 0x07, 0x00, 0x2E, 0xEF, 0xFF, 0xBD, 0x00,
    0x00, 0x00, 0x00, 0x3F, 0x84, 0xA5, 0xB6, 0xF2, 0xFF, 0xD7, 0x00, 0x00, 0x01, 0xA8, 0xFF, 0xFF,
    0xFA, 0xDC, 0xF4, 0xFF, 0xD8, 0x00, 0x00, 0x3D, 0xFF, 0xFF, 0x9F, 0x07, 0x00, 0xC8, 0xFF, 0xD8,
    0x00, 0x00, 0x53, 0xFF, 0xFF, 0x6D, 0x00, 0x13, 0xDD, 0xFF, 0xD8, 0x00, 0x00, 0x1A, 0xF4, 0xFF,
    0xFD, 0xDF, 0xF9, 0xFD, 0xFF, 0xD8, 0x00, 0x00, 0x00, 0x45, 0xD2, 0xF7, 0xD5, 0x66, 0xCF, 0xFF,
    0xD8, 0x00, 0x00, 0x00, 0x00, 0x00, 0x00, 0x00, 0x00, 0xCF, 0xC6, 0x00, 0x00, 0x00, 0x00, 0x00,
    0x00, 0x00, 0x00, 0x00, 0xA4, 0xFE, 0x98, 0x89, 0x35, 0x00, 0x00, 0x00, 0x00, 0x00, 0x00, 0x1E,
    0xBC, 0xF5, 0xF3, 0x3F,
    // Unicode: [0x0106]
    0x00, 0x00, 0x00, 0x00, 0x00, 0x33, 0xFD, 0xFE, 0x5A, 0x00, 0x00, 0x00, 0x00, 0x00, 0x00, 0x02,
    0xC9, 0xFF, 0x74, 0x00, 0x00, 0x00, 0x00, 0x00, 0x00, 0x00, 0x67, 0xFF, 0x8C, 0x00, 0x00, 0x00,
    0x00, 0x00, 0x00, 0x00, 0x00, 0x00, 0x00, 0x00, 0x00, 0x00, 0x00, 0x00, 0x00, 0x00, 0x00, 0x4B,
    0xB6, 0xEC, 0xF9, 0xE5, 0xB4, 0x56, 0x03, 0x00, 0x00, 0x92, 0xFF, 0xFF, 0xFF, 0xFF, 0xFF, 0xFF,
    0xFF, 0x30, 0x00, 0x5A, 0xFF, 0xFF, 0xF9, 0x86, 0x4A, 0x5E, 0xC5, 0xFF, 0x30, 0x00, 0xD2, 0xFF,
    0xFF, 0x5B, 0x00, 0x00, 0x00, 0x01, 0x75, 0x24, 0x17, 0xFF, 0xFF, 0xE1, 0x01, 0x00, 0x00, 0x00,
    0x00, 0x00, 0x00, 0x36, 0xFF, 0xFF, 0xB5, 0x00, 0x00, 0x00, 0x00, 0x00, 0x00, 0x00, 0x37, 0xFF,
    0xFF, 0xB4, 0x00, 0x00, 0x00, 0x00, 0x00, 0x00, 0x00, 0x1C, 0xFF, 0xFF, 0xDD, 0x00, 0x00, 0x00,
    0x00, 0x00, 0x00, 0x00, 0x00, 0xDB, 0xFF, 0xFF, 0x54, 0x00, 0x00, 0x00, 0x00, 0x69, 0x24, 0x00,
    0x66, 0xFF, 0xFF, 0xF9, 0x8A, 0x46, 0x56, 0xBB, 0xFF, 0x30, 0x00, 0x00, 0x9D, 0xFF, 0xFF, 0xFF,
    0xFF, 0xFF, 0xFF, 0xFF, 0x30, 0x00, 0x00, 0x00, 0x56, 0xBC, 0xEE, 0xFD, 0xEC, 0xB0, 0x52, 0x02,
    // Unicode: [0x0107]
    0x00, 0x00, 0x00, 0x00, 0x01, 0x77, 0x80, 0x57, 0x00, 0x00, 0x00, 0x00, 0x00, 0x54, 0xFF, 0xF4,
    0x2B, 0x00, 0x00, 0x00, 0x00, 0x02, 0xD4, 0xFF, 0x59, 0x00, 0x00, 0x00, 0x00, 0x00, 0x5A, 0xFF,
    0x93, 0x00, 0x00, 0x00, 0x00, 0x00, 0x00, 0x00, 0x00, 0x00, 0x00, 0x00, 0x00, 0x00, 0x00, 0x39,
    0xAD, 0xDD, 0xF6, 0xDC, 0x9B, 0x1E, 0x00, 0x53, 0xFD, 0xFF, 0xFF, 0xFF, 0xFF, 0xFF, 0x54, 0x08,
    0xEC, 0xFF, 0xF3, 0x4E, 0x0A, 0x2C, 0xB1, 0x54, 0x40, 0xFF, 0xFF, 0x8F, 0x00, 0x00, 0x00, 0x00,
    0x03, 0x56, 0xFF, 0xFF, 0x68, 0x00, 0x00, 0x00, 0x00, 0x00, 0x42, 0xFF, 0xFF, 0x8A, 0x00, 0x00,
    0x00, 0x00, 0x01, 0x0A, 0xEF, 0xFF, 0xF1, 0x49, 0x09, 0x25, 0xA5, 0x54, 0x00, 0x5C, 0xFE, 0xFF,
    0xFF, 0xFF, 0xFF, 0xFF, 0x54, 0x00, 0x00, 0x3D, 0xB0, 0xEA, 0xFA, 0xE4, 0xA5, 0x20,
    // Unicode: [0x0108]
    0x00, 0x00, 0x00, 0x00, 0x31, 0xF7, 0xFF, 0x77, 0x00, 0x00, 0x00, 0x00, 0x00, 0x00, 0x11, 0xDE,
    0xE6, 0xBC, 0xFC, 0x42, 0x00, 0x00, 0x00, 0x00, 0x01, 0xB6, 0xF9, 0x39, 0x0F, 0xD8, 0xEA, 0x1D,
    0x00, 0x00, 0x00, 0x00, 0x00, 0x00, 0x00, 0x00, 0x00, 0x00, 0x00, 0x00, 0x00, 0x00, 0x00, 0x4B,
    0xB6, 0xEC, 0xF9, 0xE5, 0xB4, 0x56, 0x03, 0x00, 0x00, 0x92, 0xFF, 0xFF, 0xFF, 0xFF, 0xFF, 0xFF,
    0xFF, 0x30, 0x00, 0x5A, 0xFF, 0xFF, 0xF9, 0x86, 0x4A, 0x5E, 0xC5, 0xFF, 0x30, 0x00, 0xD2, 0xFF,
    0xFF, 0x5B, 0x00, 0x00, 0x00, 0x01, 0x75, 0x24, 0x17, 0xFF, 0xFF, 0xE1, 0x01, 0x00, 0x00, 0x00,
    0x00, 0x00, 0x00, 0x36, 0xFF, 0xFF, 0xB5, 0x00, 0x00, 0x00, 0x00, 0x00, 0x00, 0x00, 0x37, 0xFF,
    0xFF, 0xB4, 0x00, 0x00, 0x00, 0x00, 0x00, 0x00, 0x00, 0x1C, 0xFF, 0xFF, 0xDD, 0x00, 0x00, 0x00,
    0x00, 0x00, 0x00, 0x00, 0x00, 0xDB, 0xFF, 0xFF, 0x54, 0x00, 0x00, 0x00, 0x00, 0x69, 0x24, 0x00,
    0x66, 0xFF, 0xFF, 0xF9, 0x8A, 0x46, 0x56, 0xBB, 0xFF, 0x30, 0x00, 0x00, 0x9D, 0xFF, 0xFF, 0xFF,
    0xFF, 0xFF, 0xFF, 0xFF, 0x30, 0x00, 0x00, 0x00, 0x56, 0xBC, 0xEE, 0xFD, 0xEC, 0xB0, 0x52, 0x02,
    // Unicode: [0x0109]
    0x00, 0x00, 0x00, 0x06, 0x7B, 0x7F, 0x13, 0x00, 0x00, 0x00, 0x00, 0x00, 0x85, 0xFF, 0xFF, 0xA8,
    0x00, 0x00, 0x00, 0x00, 0x35, 0xFB, 0xBB, 0xA4, 0xFF, 0x54, 0x00, 0x00, 0x07, 0xD6, 0xEF, 0x1C,
    0x0F, 0xE1, 0xEB, 0x16, 0x00, 0x00, 0x00, 0x00, 0x00, 0x00, 0x00, 0x00, 0x00, 0x00, 0x00, 0x39,
    0xAD, 0xDD, 0xF6, 0xDC, 0x9B, 0x1E, 0x00, 0x53, 0xFD, 0xFF, 0xFF, 0xFF, 0xFF, 0xFF, 0x54, 0x08,
    0xEC, 0xFF, 0xF3, 0x4E, 0x0A, 0x2C, 0xB1, 0x54, 0x40, 0xFF, 0xFF, 0x8F, 0x00, 0x00, 0x00, 0x00,
    0x03, 0x56, 0xFF, 0xFF, 0x68, 0x00, 0x00, 0x00, 0x00, 0x00, 0x42, 0xFF, 0xFF, 0x8A, 0x00, 0x00,
    0x00, 0x00, 0x01, 0x0A, 0xEF, 0xFF, 0xF1, 0x49, 0x09, 0x25, 0xA5, 0x54, 0x00, 0x5C, 0xFE, 0xFF,
    0xFF, 0xFF, 0xFF, 0xFF, 0x54, 0x00, 0x00, 0x3D, 0xB0, 0xEA, 0xFA, 0xE4, 0xA5, 0x20,
    // Unicode: [0x010A]
    0x00, 0x00, 0x00, 0x00, 0x05, 0x20, 0x20, 0x12, 0x00, 0x00, 0x00, 0x00, 0x00, 0x00, 0x00, 0x28,
    0xFF, 0xFF, 0x90, 0x00, 0x00, 0x00, 0x00, 0x00, 0x00, 0x00, 0x28, 0xFF, 0xFF, 0x90, 0x00, 0x00,
    0x00, 0x00, 0x00, 0x00, 0x00, 0x00, 0x00, 0x00, 0x00, 0x00, 0x00, 0x00, 0x00, 0x00, 0x00, 0x4B,
    0xB6, 0xEC, 0xF9, 0xE5, 0xB4, 0x56, 0x03, 0x00, 0x00, 0x92, 0xFF, 0xFF, 0xFF, 0xFF, 0xFF, 0xFF,
    0xFF, 0x30, 0x00, 0x5A, 0xFF, 0xFF, 0xF9, 0x86, 0x4A, 0x5E, 0xC5, 0xFF, 0x30, 0x00, 0xD2, 0xFF,
    0xFF, 0x5B, 0x00, 0x00, 0x00, 0x01, 0x75, 0x24, 0x17, 0xFF, 0xFF, 0xE1, 0x01, 0x00, 0x00, 0x00,
    0x00, 0x00, 0x00, 0x36, 0xFF, 0xFF, 0xB5, 0x00, 0x00, 0x00, 0x00, 0x00, 0x00, 0x00, 0x37, 0xFF,
    0xFF, 0xB4, 0x00, 0x00, 0x00, 0x00, 0x00, 0x00, 0x00, 0x1C, 0xFF, 0xFF, 0xDD, 0x00, 0x00, 0x00,
    0x00, 0x00, 0x00, 0x00, 0x00, 0xDB, 0xFF, 0xFF, 0x54, 0x00, 0x00, 0x00, 0x00, 0x69, 0x24, 0x00,
    0x66, 0xFF, 0xFF, 0xF9, 0x8A, 0x46, 0x56, 0xBB, 0xFF, 0x30, 0x00, 0x00, 0x9D, 0xFF, 0xFF, 0xFF,
    0xFF, 0xFF, 0xFF, 0xFF, 0x30, 0x00, 0x00, 0x00, 0x56, 0xBC, 0xEE, 0xFD, 0xEC, 0xB0, 0x52, 0x02,
    // Unicode: [0x010B]
    0x00, 0x00, 0x00, 0x48, 0xFF, 0xFF, 0x6C, 0x00, 0x00, 0x00, 0x00, 0x00, 0x48, 0xFF, 0xFF, 0x6C,
    0x00, 0x00, 0x00, 0x00, 0x00, 0x09, 0x20, 0x20, 0x0D, 0x00, 0x00, 0x00, 0x00, 0x39, 0xAD, 0xDD,
    0xF6, 0xDC, 0x9B, 0x1E, 0x00, 0x53, 0xFD, 0xFF, 0xFF, 0xFF, 0xFF, 0xFF, 0x54, 0x08, 0xEC, 0xFF,
    0xF3, 0x4E, 0x0A, 0x2C, 0xB1, 0x54, 0x40, 0xFF, 0xFF, 0x8F, 0x00, 0x00, 0x00, 0x00, 0x03, 0x56,
    0xFF, 0xFF, 0x68, 0x00, 0x00, 0x00, 0x00, 0x00, 0x42, 0xFF, 0xFF, 0x8A, 0x00, 0x00, 0x00, 0x00,
    0x01, 0x0A, 0xEF, 0xFF, 0xF1, 0x49, 0x09, 0x25, 0xA5, 0x54, 0x00, 0x5C, 0xFE, 0xFF, 0xFF, 0xFF,
    0xFF, 0xFF, 0x54, 0x00, 0x00, 0x3D, 0xB0, 0xEA, 0xFA, 0xE4, 0xA5, 0x20,
    // Unicode: [0x010C]
    0x00, 0x00, 0x01, 0xAE, 0xFC, 0x43, 0x07, 0xCC, 0xEF, 0x23, 0x00, 0x00, 0x00, 0x00, 0x0D, 0xD8,
    0xEA, 0xA9, 0xFE, 0x4B, 0x00, 0x00, 0x00, 0x00, 0x00, 0x00, 0x29, 0xF3, 0xFF, 0x80, 0x00, 0x00,
    0x00, 0x00, 0x00, 0x00, 0x00, 0x00, 0x00, 0x00, 0x00, 0x00, 0x00, 0x00, 0x00, 0x00, 0x00, 0x4B,
    0xB6, 0xEC, 0xF9, 0xE5, 0xB4, 0x56, 0x03, 0x00, 0x00, 0x92, 0xFF, 0xFF, 0xFF, 0xFF, 0xFF, 0xFF,
    0xFF, 0x30, 0x00, 0x5A, 0xFF, 0xFF, 0xF9, 0x86, 0x4A, 0x5E, 0xC5, 0xFF, 0x30, 0x00, 0xD2, 0xFF,
    0xFF, 0x5B, 0x00, 0x00, 0x00, 0x01, 0x75, 0x24, 0x17, 0xFF, 0xFF, 0xE1, 0x01, 0x00, 0x00, 0x00,
    0x00, 0x00, 0x00, 0x36, 0xFF, 0xFF, 0xB5, 0x00, 0x00, 0x00, 0x00, 0x00, 0x00, 0x00, 0x37, 0xFF,
    0xFF, 0xB4, 0x00, 0x00, 0x00, 0x00, 0x00, 0x00, 0x00, 0x1C, 0xFF, 0xFF, 0xDD, 0x00, 0x00, 0x00,
    0x00, 0x00, 0x00, 0x00, 0x00, 0xDB, 0xFF, 0xFF, 0x54, 0x00, 0x00, 0x00, 0x00, 0x69, 0x24, 0x00,
    0x66, 0xFF, 0xFF, 0xF9, 0x8A, 0x46, 0x56, 0xBB, 0xFF, 0x30, 0x00, 0x00, 0x9D, 0xFF, 0xFF, 0xFF,
    0xFF, 0xFF, 0xFF, 0xFF, 0x30, 0x00, 0x00, 0x00, 0x56, 0xBC, 0xEE, 0xFD, 0xEC, 0xB0, 0x52, 0x02,
    // Unicode: [0x010D]
    0x00, 0x08, 0x24, 0x19, 0x00, 0x00, 0x18, 0x24, 0x07, 0x00, 0x05, 0xC7, 0xF6, 0x2C, 0x28, 0xF4,
    0xC3, 0x04, 0x00, 0x00, 0x1E, 0xED, 0xD6, 0xD2, 0xEB, 0x1B, 0x00, 0x00, 0x00, 0x00, 0x4B, 0xFA,
    0xFA, 0x47, 0x00, 0x00, 0x00, 0x00, 0x00, 0x00, 0x00, 0x00, 0x00, 0x00, 0x00, 0x00, 0x00, 0x39,
    0xAD, 0xDD, 0xF6, 0xDC, 0x9B, 0x1E, 0x00, 0x53, 0xFD, 0xFF, 0xFF, 0xFF, 0xFF, 0xFF, 0x54, 0x08,
    0xEC, 0xFF, 0xF3, 0x4E, 0x0A, 0x2B, 0xAA, 0x54, 0x40, 0xFF, 0xFF, 0x8F, 0x00, 0x00, 0x00, 0x00,
    0x00, 0x56, 0xFF, 0xFF, 0x68, 0x00, 0x00, 0x00, 0x00, 0x00, 0x42, 0xFF, 0xFF, 0x8A, 0x00, 0x00,
    0x00, 0x00, 0x02, 0x0A, 0xEF, 0xFF, 0xF1, 0x49, 0x09, 0x25, 0xA7, 0x54, 0x00, 0x5C, 0xFE, 0xFF,
    0xFF, 0xFF, 0xFF, 0xFF, 0x54, 0x00, 0x00, 0x3D, 0xB0, 0xEA, 0xFA, 0xE4, 0xA5, 0x20,
    // Unicode: [0x010E]
    0x00, 0x0B, 0xD4, 0xEE, 0x21, 0x1A, 0xE8, 0xD6, 0x0C, 0x00, 0x00, 0x00, 0x00, 0x25, 0xF0, 0xCF,
    0xC5, 0xF2, 0x27, 0x00, 0x00, 0x00, 0x00, 0x00, 0x00, 0x4E, 0xFE, 0xFF, 0x51, 0x00, 0x00, 0x00,
    0x00, 0x00, 0x00, 0x00, 0x00, 0x00, 0x00, 0x00, 0x00, 0x00, 0x00, 0x00, 0x9C, 0xFF, 0xFF, 0xFF,
    0xFD, 0xEE, 0xC3, 0x72, 0x09, 0x00, 0x00, 0x9C, 0xFF, 0xFF, 0xFF, 0xFF, 0xFF, 0xFF, 0xFF, 0xCE,
    0x17, 0x00, 0x9C, 0xFF, 0xFF, 0x53, 0x2D, 0x58, 0xD0, 0xFF, 0xFF, 0xB8, 0x00, 0x9C, 0xFF, 0xFF,
    0x34, 0x00, 0x00, 0x0A, 0xDA, 0xFF, 0xFF, 0x3A, 0x9C, 0xFF, 0xFF, 0x34, 0x00, 0x00, 0x00, 0x6D,
    0xFF, 0xFF, 0x87, 0x9C, 0xFF, 0xFF, 0x34, 0x00, 0x00, 0x00, 0x3F, 0xFF, 0xFF, 0xA6, 0x9C, 0xFF,
    0xFF, 0x34, 0x00, 0x00, 0x00, 0x3F, 0xFF, 0xFF, 0xA6, 0x9C, 0xFF, 0xFF, 0x34, 0x00, 0x00, 0x00,
    0x68, 0xFF, 0xFF, 0x84, 0x9C, 0xFF, 0xFF, 0x34, 0x00, 0x00, 0x09, 0xD5, 0xFF, 0xFF, 0x30, 0x9C,
    0xFF, 0xFF, 0x57, 0x30, 0x56, 0xCF, 0xFF, 0xFF, 0xAD, 0x00, 0x9C, 0xFF, 0xFF, 0xFF, 0xFF, 0xFF,
    0xFF, 0xFF, 0xC8, 0x12, 0x00, 0x9C, 0xFF, 0xFF, 0xFF, 0xFC, 0xEE, 0xC5, 0x6E, 0x07, 0x00, 0x00,
    // Unicode: [0x010F]
    0x00, 0x00, 0x00, 0x00, 0x00, 0x00, 0x64, 0xFF, 0xFF, 0x40, 0x00, 0xE4, 0xFF, 0xB0, 0x00, 0x00,
    0x00, 0x00, 0x00, 0x00, 0x64, 0xFF, 0xFF, 0x40, 0x25, 0xFF, 0xFF, 0x39, 0x00, 0x00, 0x00, 0x00,
    0x00, 0x00, 0x64, 0xFF, 0xFF, 0x40, 0x66, 0xFF, 0xC2, 0x00, 0x00, 0x00, 0x60, 0xD7, 0xFA, 0xD4,
    0xB1, 0xFF, 0xFF, 0x40, 0xA6, 0xFF, 0x4B, 0x00, 0x00, 0x5E, 0xFF, 0xFF, 0xFF, 0xFF, 0xFF, 0xFF,
    0xFF, 0x40, 0x7D, 0x88, 0x01, 0x00, 0x08, 0xE8, 0xFF, 0xF3, 0x52, 0x15, 0x82, 0xFF, 0xFF, 0x40,
    0x00, 0x00, 0x00, 0x00, 0x3D, 0xFF, 0xFF, 0x91, 0x00, 0x00, 0x64, 0xFF, 0xFF, 0x40, 0x00, 0x00,
    0x00, 0x00, 0x52, 0xFF, 0xFF, 0x67, 0x00, 0x00, 0x64, 0xFF, 0xFF, 0x40, 0x00, 0x00, 0x00, 0x00,
    0x3B, 0xFF, 0xFF, 0x76, 0x00, 0x00, 0x64, 0xFF, 0xFF, 0x40, 0x00, 0x00, 0x00, 0x00, 0x11, 0xF7,
    0xFF, 0xD0, 0x0F, 0x02, 0x8B, 0xFF, 0xFF, 0x40, 0x00, 0x00, 0x00, 0x00, 0x00, 0x92, 0xFF, 0xFF,
    0xFA, 0xF4, 0xFF, 0xFF, 0xFF, 0x40, 0x00, 0x00, 0x00, 0x00, 0x00, 0x08, 0x99, 0xF1, 0xEA, 0xAB,
    0x8C, 0xFF, 0xFF, 0x40, 0x00, 0x00, 0x00, 0x00,
    // Unicode: [0x0110]
    0x00, 0x9C, 0xFF, 0xFF, 0xFF, 0xFD, 0xEE, 0xC3, 0x72, 0x09, 0x00, 0x00, 0x00, 0x9C, 0xFF, 0xFF,
    0xFF, 0xFF, 0xFF, 0xFF, 0xFF, 0xCE, 0x17, 0x00, 0x00, 0x9C, 0xFF, 0xFF, 0x53, 0x2D, 0x58, 0xD0,
    0xFF, 0xFF, 0xB8, 0x00, 0x00, 0x9C, 0xFF, 0xFF, 0x34, 0x00, 0x00, 0x0A, 0xDA, 0xFF, 0xFF, 0x3A,
    0x00, 0x9C, 0xFF, 0xFF, 0x34, 0x00, 0x00, 0x00, 0x6D, 0xFF, 0xFF, 0x87, 0xCC, 0xFF, 0xFF, 0xFF,
    0xFF, 0xFF, 0x88, 0x00, 0x3F, 0xFF, 0xFF, 0xA6, 0xA2, 0xEB, 0xFF, 0xFF, 0xD6, 0xCC, 0x6C, 0x00,
    0x3F, 0xFF, 0xFF, 0xA6, 0x00, 0x9C, 0xFF, 0xFF, 0x34, 0x00, 0x00, 0x00, 0x68, 0xFF, 0xFF, 0x84,
    0x00, 0x9C, 0xFF, 0xFF, 0x34, 0x00, 0x00, 0x09, 0xD5, 0xFF, 0xFF, 0x30, 0x00, 0x9C, 0xFF, 0xFF,
    0x57, 0x30, 0x56, 0xCF, 0xFF, 0xFF, 0xAD, 0x00, 0x00, 0x9C, 0xFF, 0xFF, 0xFF, 0xFF, 0xFF, 0xFF,
    0xFF, 0xC8, 0x12, 0x00, 0x00, 0x9C, 0xFF, 0xFF, 0xFF, 0xFC, 0xEE, 0xC5, 0x6E, 0x07, 0x00, 0x00,
    // Unicode: [0x0111]
    0x00, 0x00, 0x00, 0x00, 0xC8, 0xFF, 0xFF, 0xFF, 0xFF, 0xFF, 0x30, 0x00, 0x00, 0x00, 0x00, 0x79,
    0x9C, 0xC3, 0xFF, 0xFF, 0xB5, 0x1D, 0x00, 0x00, 0x00, 0x00, 0x00, 0x00, 0x64, 0xFF, 0xFF, 0x40,
    0x00, 0x00, 0x00, 0x60, 0xD7, 0xFA, 0xD7, 0xB7, 0xFF, 0xFF, 0x40, 0x00, 0x00, 0x5E, 0xFF, 0xFF,
    0xFF, 0xFF, 0xFF, 0xFF, 0xFF, 0x40, 0x00, 0x08, 0xE8, 0xFF, 0xF3, 0x52, 0x15, 0x82, 0xFF, 0xFF,
    0x40, 0x00, 0x3D, 0xFF, 0xFF, 0x91, 0x00, 0x00, 0x64, 0xFF, 0xFF, 0x40, 0x00, 0x52, 0xFF, 0xFF,
    0x67, 0x00, 0x00, 0x64, 0xFF, 0xFF, 0x40, 0x00, 0x3B, 0xFF, 0xFF, 0x76, 0x00, 0x00, 0x64, 0xFF,
    0xFF, 0x40, 0x00, 0x11, 0xF7, 0xFF, 0xD0, 0x0F, 0x02, 0x8B, 0xFF, 0xFF, 0x40, 0x00, 0x00, 0x92,
    0xFF, 0xFF, 0xFA, 0xF4, 0xFF, 0xFF, 0xFF, 0x40, 0x00, 0x00, 0x08, 0x99, 0xF1, 0xEA, 0xAB, 0x8C,
    0xFF, 0xFF, 0x40, 0x00,
    // Unicode: [0x0112]
    0x00, 0xA0, 0xFF, 0xFF, 0xFF, 0xFF, 0xFF, 0x40, 0x00, 0x00, 0x64, 0xA0, 0xA0, 0xA0, 0xA0, 0xA0,
    0x28, 0x00, 0x00, 0x00, 0x00, 0x00, 0x00, 0x00, 0x00, 0x00, 0x00, 0x9C, 0xFF, 0xFF, 0xFF, 0xFF,
    0xFF, 0xFF, 0xFF, 0x48, 0x9C, 0xFF, 0xFF, 0xFF, 0xFF, 0xFF, 0xFF, 0xFF, 0x48, 0x9C, 0xFF, 0xFF,
    0x60, 0x3C, 0x3C, 0x3C, 0x3C, 0x10, 0x9C, 0xFF, 0xFF, 0x30, 0x00, 0x00, 0x00, 0x00, 0x00, 0x9C,
    0xFF, 0xFF, 0x60, 0x3C, 0x3C, 0x3C, 0x36, 0x00, 0x9C, 0xFF, 0xFF, 0xFF, 0xFF, 0xFF, 0xFF, 0xE8,
    0x00, 0x9C, 0xFF, 0xFF, 0xFF, 0xFF, 0xFF, 0xFF, 0xE8, 0x00, 0x9C, 0xFF, 0xFF, 0x30, 0x00, 0x00,
    0x00, 0x00, 0x00, 0x9C, 0xFF, 0xFF, 0x30, 0x00, 0x00, 0x00, 0x00, 0x00, 0x9C, 0xFF, 0xFF, 0x60,
    0x3C, 0x3C, 0x3C, 0x3C, 0x10, 0x9C, 0xFF, 0xFF, 0xFF, 0xFF, 0xFF, 0xFF, 0xFF, 0x48, 0x9C, 0xFF,
    0xFF, 0xFF, 0xFF, 0xFF, 0xFF, 0xFF, 0x48,
    // Unicode: [0x0113]
    0x00, 0x00, 0xC4, 0xFF, 0xFF, 0xFF, 0xFF, 0xFF, 0x1C, 0x00, 0x00, 0x00, 0x7D, 0xA4, 0xA4, 0xA4,
    0xA4, 0xA4, 0x11, 0x00, 0x00, 0x00, 0x00, 0x00, 0x00, 0x00, 0x00, 0x00, 0x00, 0x00, 0x00, 0x00,
    0x3B, 0xB5, 0xEE, 0xFA, 0xDE, 0x86, 0x07, 0x00, 0x00, 0x53, 0xFC, 0xFF, 0xDD, 0xD0, 0xFF, 0xFF,
    0xA6, 0x00, 0x07, 0xE9, 0xFF, 0x9C, 0x00, 0x00, 0x85, 0xFF, 0xFF, 0x1F, 0x3F, 0xFF, 0xFF, 0xC3,
    0xA4, 0xA4, 0xC0, 0xFF, 0xFF, 0x4D, 0x56, 0xFF, 0xFF, 0xFF, 0xFF, 0xFF, 0xFF, 0xFF, 0xFF, 0x57,
    0x44, 0xFF, 0xFF, 0x6F, 0x00, 0x00, 0x00, 0x00, 0x00, 0x00, 0x0B, 0xF0, 0xFF, 0xE9, 0x47, 0x07,
    0x05, 0x3E, 0xB2, 0x2D, 0x00, 0x5D, 0xFD, 0xFF, 0xFF, 0xFF, 0xFE, 0xFF, 0xFF, 0x30, 0x00, 0x00,
    0x3A, 0xAB, 0xE6, 0xFB, 0xED, 0xCD, 0x81, 0x0F,
    // Unicode: [0x0114]
    0x00, 0x35, 0x80, 0x19, 0x00, 0x3C, 0x80, 0x14, 0x00, 0x00, 0x48, 0xFF, 0x88, 0x24, 0xC1, 0xF8,
    0x0B, 0x00, 0x00, 0x01, 0xAD, 0xFF, 0xFF, 0xFA, 0x68, 0x00, 0x00, 0x00, 0x00, 0x00, 0x26, 0x3E,
    0x16, 0x00, 0x00, 0x00, 0x9C, 0xFF, 0xFF, 0xFF, 0xFF, 0xFF, 0xFF, 0xFF, 0x48, 0x9C, 0xFF, 0xFF,
    0xFF, 0xFF, 0xFF, 0xFF, 0xFF, 0x48, 0x9C, 0xFF, 0xFF, 0x60, 0x3C, 0x3C, 0x3C, 0x3C, 0x10, 0x9C,
    0xFF, 0xFF, 0x30, 0x00, 0x00, 0x00, 0x00, 0x00, 0x9C, 0xFF, 0xFF, 0x60, 0x3C, 0x3C, 0x3C, 0x36,
    0x00, 0x9C, 0xFF, 0xFF, 0xFF, 0xFF, 0xFF, 0xFF, 0xE8, 0x00, 0x9C, 0xFF, 0xFF, 0xFF, 0xFF, 0xFF,
    0xFF, 0xE8, 0x00, 0x9C, 0xFF, 0xFF, 0x30, 0x00, 0x00, 0x00, 0x00, 0x00, 0x9C, 0xFF, 0xFF, 0x30,
    0x00, 0x00, 0x00, 0x00, 0x00, 0x9C, 0xFF, 0xFF, 0x60, 0x3C, 0x3C, 0x3C, 0x3C, 0x10, 0x9C, 0xFF,
    0xFF, 0xFF, 0xFF, 0xFF, 0xFF, 0xFF, 0x48, 0x9C, 0xFF, 0xFF, 0xFF, 0xFF, 0xFF, 0xFF, 0xFF, 0x48,
    // Unicode: [0x0115]
    0x00, 0x00, 0x7C, 0xFF, 0x1F, 0x00, 0x95, 0xFF, 0x0A, 0x00, 0x00, 0x00, 0x48, 0xFF, 0x87, 0x2D,
    0xE1, 0xD2, 0x00, 0x00, 0x00, 0x00, 0x00, 0xA6, 0xFF, 0xFF, 0xED, 0x3D, 0x00, 0x00, 0x00, 0x00,
    0x00, 0x00, 0x25, 0x3A, 0x0D, 0x00, 0x00, 0x00, 0x00, 0x00, 0x3B, 0xB5, 0xEE, 0xFA, 0xDE, 0x86,
    0x07, 0x00, 0x00, 0x53, 0xFC, 0xFF, 0xDD, 0xD0, 0xFF, 0xFF, 0xA6, 0x00, 0x07, 0xE9, 0xFF, 0x9C,
    0x00, 0x00, 0x85, 0xFF, 0xFF, 0x1F, 0x3F, 0xFF, 0xFF, 0xC3, 0xA4, 0xA4, 0xC0, 0xFF, 0xFF, 0x4D,
    0x56, 0xFF, 0xFF, 0xFF, 0xFF, 0xFF, 0xFF, 0xFF, 0xFF, 0x57, 0x44, 0xFF, 0xFF, 0x6F, 0x00, 0x00,
    0x00, 0x00, 0x00, 0x00, 0x0B, 0xF0, 0xFF, 0xE9, 0x47, 0x07, 0x05, 0x3E, 0xB2, 0x2D, 0x00, 0x5D,
    0xFD, 0xFF, 0xFF, 0xFF, 0xFE, 0xFF, 0xFF, 0x30, 0x00, 0x00, 0x3A, 0xAB, 0xE6, 0xFB, 0xED, 0xCD,
    0x81, 0x0F,
    // Unicode: [0x0116]
    0x00, 0x00, 0x00, 0xF0, 0xFF, 0xC8, 0x00, 0x00, 0x00, 0x00, 0x00, 0x00, 0xF0, 0xFF, 0xC8, 0x00,
    0x00, 0x00, 0x00, 0x00, 0x00, 0x1E, 0x20, 0x19, 0x00, 0x00, 0x00, 0x9C, 0xFF, 0xFF, 0xFF, 0xFF,
    0xFF, 0xFF, 0xFF, 0x48, 0x9C, 0xFF, 0xFF, 0xFF, 0xFF, 0xFF, 0xFF, 0xFF, 0x48, 0x9C, 0xFF, 0xFF,
    0x60, 0x3C, 0x3C, 0x3C, 0x3C, 0x10, 0x9C, 0xFF, 0xFF, 0x30, 0x00, 0x00, 0x00, 0x00, 0x00, 0x9C,
    0xFF, 0xFF, 0x60, 0x3C, 0x3C, 0x3C, 0x36, 0x00, 0x9C, 0xFF, 0xFF, 0xFF, 0xFF, 0xFF, 0xFF, 0xE8,
    0x00, 0x9C, 0xFF, 0xFF, 0xFF, 0xFF, 0xFF, 0xFF, 0xE8, 0x00, 0x9C, 0xFF, 0xFF, 0x30, 0x00, 0x00,
    0x00, 0x00, 0x00, 0x9C, 0xFF, 0xFF, 0x30, 0x00, 0x00, 0x00, 0x00, 0x00, 0x9C, 0xFF, 0xFF, 0x60,
    0x3C, 0x3C, 0x3C, 0x3C, 0x10, 0x9C, 0xFF, 0xFF, 0xFF, 0xFF, 0xFF, 0xFF, 0xFF, 0x48, 0x9C, 0xFF,
    0xFF, 0xFF, 0xFF, 0xFF, 0xFF, 0xFF, 0x48,
    // Unicode: [0x0117]
    0x00, 0x00, 0x00, 0x28, 0xFF, 0xFF, 0x8C, 0x00, 0x00, 0x00, 0x00, 0x00, 0x00, 0x28, 0xFF, 0xFF,
    0x8C, 0x00, 0x00, 0x00, 0x00, 0x00, 0x00, 0x05, 0x20, 0x20, 0x11, 0x00, 0x00, 0x00, 0x00, 0x00,
    0x3B, 0xB5, 0xEE, 0xFA, 0xDE, 0x86, 0x07, 0x00, 0x00, 0x53, 0xFC, 0xFF, 0xDD, 0xD0, 0xFF, 0xFF,
    0xA6, 0x00, 0x07, 0xE9, 0xFF, 0x9C, 0x00, 0x00, 0x85, 0xFF, 0xFF, 0x1F, 0x3F, 0xFF, 0xFF, 0xC3,
    0xA4, 0xA4, 0xC0, 0xFF, 0xFF, 0x4D, 0x56, 0xFF, 0xFF, 0xFF, 0xFF, 0xFF, 0xFF, 0xFF, 0xFF, 0x57,
    0x44, 0xFF, 0xFF, 0x6F, 0x00, 0x00, 0x00, 0x00, 0x00, 0x00, 0x0B, 0xF0, 0xFF, 0xE9, 0x47, 0x07,
    0x05, 0x3E, 0xB2, 0x2D, 0x00, 0x5D, 0xFD, 0xFF, 0xFF, 0xFF, 0xFE, 0xFF, 0xFF, 0x30, 0x00, 0x00,
    0x3A, 0xAB, 0xE6, 0xFB, 0xED, 0xCD, 0x81, 0x0F,
    // Unicode: [0x0118]
    0x9C, 0xFF, 0xFF, 0xFF, 0xFF, 0xFF, 0xFF, 0xFF, 0x48, 0x9C, 0xFF, 0xFF, 0xFF, 0xFF, 0xFF, 0xFF,
    0xFF, 0x48, 0x9C, 0xFF, 0xFF, 0x60, 0x3C, 0x3C, 0x3C, 0x3C, 0x10, 0x9C, 0xFF, 0xFF, 0x30, 0x00,
    0x00, 0x00, 0x00, 0x00, 0x9C, 0xFF, 0xFF, 0x60, 0x3C, 0x3C, 0x3C, 0x36, 0x00, 0x9C, 0xFF, 0xFF,
    0xFF, 0xFF, 0xFF, 0xFF, 0xE8, 0x00, 0x9C, 0xFF, 0xFF, 0xFF, 0xFF, 0xFF, 0xFF, 0xE8, 0x00, 0x9C,
    0xFF, 0xFF, 0x30, 0x00, 0x00, 0x00, 0x00, 0x00, 0x9C, 0xFF, 0xFF, 0x30, 0x00, 0x00, 0x00, 0x00,
    0x00, 0x9C, 0xFF, 0xFF, 0x6D, 0x4C, 0x4C, 0x4C, 0x4C, 0x15, 0x9C, 0xFF, 0xFF, 0xFF, 0xFF, 0xFF,
    0xFF, 0xFF, 0x48, 0x9C, 0xFF, 0xFF, 0xFF, 0xFF, 0xFF, 0xFF, 0xFF, 0x48, 0x00, 0x00, 0x00, 0x00,
    0x3A, 0xFF, 0x5E, 0x00, 0x00, 0x00, 0x00, 0x00, 0x00, 0x17, 0xFB, 0xDF, 0x81, 0x87, 0x00, 0x00,
    0x00, 0x00, 0x00, 0x5E, 0xDF, 0xFB, 0xCC,
    // Unicode: [0x0119]
    0x00, 0x00, 0x3A, 0xB4, 0xEE, 0xFA, 0xDE, 0x86, 0x07, 0x00, 0x00, 0x50, 0xFB, 0xFF, 0xDD, 0xD0,
    0xFF, 0xFF, 0xA6, 0x00, 0x07, 0xE8, 0xFF, 0x9C, 0x00, 0x00, 0x85, 0xFF, 0xFF, 0x1F, 0x3E, 0xFF,
    0xFF, 0xC3, 0xA4, 0xA4, 0xC0, 0xFF, 0xFF, 0x4D, 0x57, 0xFF, 0xFF, 0xFF, 0xFF, 0xFF, 0xFF, 0xFF,
    0xFF, 0x57, 0x46, 0xFF, 0xFF, 0x6F, 0x00, 0x00, 0x00, 0x00, 0x00, 0x00, 0x0D, 0xF2, 0xFF, 0xE7,
    0x3D, 0x01, 0x00, 0x32, 0xA7, 0x2B, 0x00, 0x64, 0xFC, 0xFF, 0xFF, 0xF9, 0xF6, 0xFF, 0xFF, 0x30,
    0x00, 0x00, 0x35, 0xB0, 0xE8, 0xFF, 0xFC, 0xD6, 0x8E, 0x10, 0x00, 0x00, 0x00, 0x00, 0x00, 0xEC,
    0xAD, 0x00, 0x00, 0x00, 0x00, 0x00, 0x00, 0x00, 0x00, 0xC1, 0xFA, 0x91, 0x8E, 0x22, 0x00, 0x00,
    0x00, 0x00, 0x00, 0x2C, 0xC7, 0xF8, 0xEF, 0x27,
    // Unicode: [0x011A]
    0x00, 0x81, 0xFF, 0x6E, 0x00, 0xA4, 0xFD, 0x45, 0x00, 0x00, 0x02, 0xB6, 0xFA, 0x99, 0xFF, 0x79,
    0x00, 0x00, 0x00, 0x00, 0x11, 0xDE, 0xFF, 0xAF, 0x01, 0x00, 0x00, 0x00, 0x00, 0x00, 0x00, 0x00,
    0x00, 0x00, 0x00, 0x00, 0x9C, 0xFF, 0xFF, 0xFF, 0xFF, 0xFF, 0xFF, 0xFF, 0x48, 0x9C, 0xFF, 0xFF,
    0xFF, 0xFF, 0xFF, 0xFF, 0xFF, 0x48, 0x9C, 0xFF, 0xFF, 0x60, 0x3C, 0x3C, 0x3C, 0x3C, 0x10, 0x9C,
    0xFF, 0xFF, 0x30, 0x00, 0x00, 0x00, 0x00, 0x00, 0x9C, 0xFF, 0xFF, 0x60, 0x3C, 0x3C, 0x3C, 0x36,
    0x00, 0x9C, 0xFF, 0xFF, 0xFF, 0xFF, 0xFF, 0xFF, 0xE8, 0x00, 0x9C, 0xFF, 0xFF, 0xFF, 0xFF, 0xFF,
    0xFF, 0xE8, 0x00, 0x9C, 0xFF, 0xFF, 0x30, 0x00, 0x00, 0x00, 0x00, 0x00, 0x9C, 0xFF, 0xFF, 0x30,
    0x00, 0x00, 0x00, 0x00, 0x00, 0x9C, 0xFF, 0xFF, 0x60, 0x3C, 0x3C, 0x3C, 0x3C, 0x10, 0x9C, 0xFF,
    0xFF, 0xFF, 0xFF, 0xFF, 0xFF, 0xFF, 0x48, 0x9C, 0xFF, 0xFF, 0xFF, 0xFF, 0xFF, 0xFF, 0xFF, 0x48,
    // Unicode: [0x011B]
    0x00, 0x00, 0x6E, 0x7D, 0x09, 0x00, 0x49, 0x80, 0x2A, 0x00, 0x00, 0x00, 0x5D, 0xFF, 0x90, 0x1F,
    0xF2, 0xCF, 0x05, 0x00, 0x00, 0x00, 0x00, 0xB1, 0xFE, 0xD4, 0xFA, 0x2E, 0x00, 0x00, 0x00, 0x00,
    0x00, 0x18, 0xED, 0xFF, 0x7D, 0x00, 0x00, 0x00, 0x00, 0x00, 0x00, 0x00, 0x00, 0x00, 0x00, 0x00,
    0x00, 0x00, 0x00, 0x00, 0x3B, 0xB5, 0xEE, 0xFA, 0xDE, 0x86, 0x07, 0x00, 0x00, 0x53, 0xFC, 0xFF,
    0xDD, 0xD0, 0xFF, 0xFF, 0xA6, 0x00, 0x07, 0xE9, 0xFF, 0x9C, 0x00, 0x00, 0x85, 0xFF, 0xFF, 0x1F,
    0x3F, 0xFF, 0xFF, 0xC3, 0xA4, 0xA4, 0xC0, 0xFF, 0xFF, 0x4D, 0x56, 0xFF, 0xFF, 0xFF, 0xFF, 0xFF,
    0xFF, 0xFF, 0xFF, 0x57, 0x44, 0xFF, 0xFF, 0x6F, 0x00, 0x00, 0x00, 0x00, 0x00, 0x00, 0x0B, 0xF0,
    0xFF, 0xE9, 0x47, 0x07, 0x05, 0x3E, 0xB2, 0x2D, 0x00, 0x5D, 0xFD, 0xFF, 0xFF, 0xFF, 0xFE, 0xFF,
    0xFF, 0x30, 0x00, 0x00, 0x3A, 0xAB, 0xE6, 0xFB, 0xED, 0xCD, 0x81, 0x0F,
    // Unicode: [0x011C]
    0x00, 0x00, 0x00, 0x00, 0x04, 0xC0, 0xFF, 0xD1, 0x0A, 0x00, 0x00, 0x00, 0x00, 0x00, 0x00, 0x00,
    0x8D, 0xFF, 0xA3, 0xFF, 0xA5, 0x00, 0x00, 0x00, 0x00, 0x00, 0x00, 0x54, 0xFF, 0x96, 0x00, 0x84,
    0xFF, 0x6F, 0x00, 0x00, 0x00, 0x00, 0x00, 0x00, 0x00, 0x00, 0x00, 0x00, 0x00, 0x00, 0x00, 0x00,
    0x00, 0x00, 0x00, 0x35, 0xA4, 0xE1, 0xF9, 0xEC, 0xCF, 0x94, 0x30, 0x00, 0x00, 0x00, 0x73, 0xFD,
    0xFF, 0xFF, 0xFF, 0xFF, 0xFF, 0xFF, 0xFF, 0x00, 0x00, 0x4B, 0xFF, 0xFF, 0xFD, 0x94, 0x44, 0x35,
    0x65, 0xCD, 0xFF, 0x00, 0x00, 0xCD, 0xFF, 0xFF, 0x6F, 0x00, 0x00, 0x00, 0x00, 0x02, 0x62, 0x00,
    0x17, 0xFF, 0xFF, 0xE3, 0x02, 0x00, 0x00, 0x00, 0x00, 0x00, 0x00, 0x00, 0x36, 0xFF, 0xFF, 0xB4,
    0x00, 0x00, 0xFF, 0xFF, 0xFF, 0xFF, 0xFF, 0x08, 0x37, 0xFF, 0xFF, 0xC0, 0x00, 0x00, 0xFF, 0xFF,
    0xFF, 0xFF, 0xFF, 0x08, 0x19, 0xFF, 0xFF, 0xE8, 0x03, 0x00, 0x30, 0x30, 0xD9, 0xFF, 0xFF, 0x08,
    0x00, 0xD4, 0xFF, 0xFF, 0x6A, 0x00, 0x00, 0x00, 0xD0, 0xFF, 0xFF, 0x08, 0x00, 0x58, 0xFF, 0xFF,
    0xFD, 0x95, 0x45, 0x24, 0xD7, 0xFF, 0xFF, 0x08, 0x00, 0x00, 0x85, 0xFF, 0xFF, 0xFF, 0xFF, 0xFF,
    0xFF, 0xFF, 0xFF, 0x08, 0x00, 0x00, 0x00, 0x40, 0xAC, 0xE6, 0xFA, 0xF3, 0xD0, 0x98, 0x4B, 0x00,
    // Unicode: [0x011D]
    0x00, 0x00, 0x00, 0x00, 0x63, 0x80, 0x3A, 0x00, 0x00, 0x00, 0x00, 0x00, 0x00, 0x5C, 0xFF, 0xF9,
    0xEC, 0x1F, 0x00, 0x00, 0x00, 0x00, 0x2E, 0xF5, 0xC3, 0x32, 0xF3, 0xCB, 0x07, 0x00, 0x00, 0x00,
    0x5D, 0x7F, 0x17, 0x00, 0x42, 0x80, 0x34, 0x00, 0x00, 0x00, 0x00, 0x00, 0x00, 0x00, 0x00, 0x00,
    0x00, 0x00, 0x00, 0x00, 0x5E, 0xDB, 0xF6, 0xD0, 0xAE, 0xFF, 0xFF, 0x40, 0x00, 0x6D, 0xFF, 0xFF,
    0xFF, 0xFF, 0xFF, 0xFF, 0xFF, 0x40, 0x0D, 0xEF, 0xFF, 0xF0, 0x4E, 0x15, 0x80, 0xFF, 0xFF, 0x40,
    0x42, 0xFF, 0xFF, 0x8B, 0x00, 0x00, 0x64, 0xFF, 0xFF, 0x40, 0x54, 0xFF, 0xFF, 0x66, 0x00, 0x00,
    0x64, 0xFF, 0xFF, 0x40, 0x46, 0xFF, 0xFF, 0x7E, 0x00, 0x00, 0x64, 0xFF, 0xFF, 0x40, 0x16, 0xFD,
    0xFF, 0xE5, 0x48, 0x36, 0xAF, 0xFF, 0xFF, 0x40, 0x00, 0xA5, 0xFF, 0xFF, 0xFF, 0xFF, 0xFF, 0xFF,
    0xFF, 0x3F, 0x00, 0x0A, 0x95, 0xEA, 0xF2, 0xBB, 0x9D, 0xFF, 0xFF, 0x2F, 0x00, 0x2E, 0x3E, 0x15,
    0x07, 0x2D, 0xCF, 0xFF, 0xF3, 0x06, 0x00, 0x78, 0xFF, 0xFF, 0xFF, 0xFF, 0xFF, 0xFF, 0x7B, 0x00,
    0x00, 0x50, 0xCE, 0xED, 0xFA, 0xE9, 0xC6, 0x63, 0x00, 0x00,
    // Unicode: [0x011E]
    0x00, 0x00, 0x00, 0x4C, 0xFF, 0x53, 0x00, 0x61, 0xFF, 0x3E, 0x00, 0x00, 0x00, 0x00, 0x00, 0x1C,
    0xFB, 0xB2, 0x26, 0xBE, 0xF5, 0x12, 0x00, 0x00, 0x00, 0x00, 0x00, 0x00, 0x76, 0xFD, 0xFF, 0xFA,
    0x66, 0x00, 0x00, 0x00, 0x00, 0x00, 0x00, 0x00, 0x00, 0x19, 0x3C, 0x17, 0x00, 0x00, 0x00, 0x00,
    0x00, 0x00, 0x00, 0x35, 0xA4, 0xE1, 0xF9, 0xEC, 0xCF, 0x94, 0x30, 0x00, 0x00, 0x00, 0x73, 0xFD,
    0xFF, 0xFF, 0xFF, 0xFF, 0xFF, 0xFF, 0xFF, 0x00, 0x00, 0x4B, 0xFF, 0xFF, 0xFD, 0x94, 0x44, 0x35,
    0x65, 0xCD, 0xFF, 0x00, 0x00, 0xCD, 0xFF, 0xFF, 0x6F, 0x00, 0x00, 0x00, 0x00, 0x02, 0x62, 0x00,
    0x17, 0xFF, 0xFF, 0xE3, 0x02, 0x00, 0x00, 0x00, 0x00, 0x00, 0x00, 0x00, 0x36, 0xFF, 0xFF, 0xB4,
    0x00, 0x00, 0xFF, 0xFF, 0xFF, 0xFF, 0xFF, 0x08, 0x37, 0xFF, 0xFF, 0xC0, 0x00, 0x00, 0xFF, 0xFF,
    0xFF, 0xFF, 0xFF, 0x08, 0x19, 0xFF, 0xFF, 0xE8, 0x03, 0x00, 0x30, 0x30, 0xD9, 0xFF, 0xFF, 0x08,
    0x00, 0xD4, 0xFF, 0xFF, 0x6A, 0x00, 0x00, 0x00, 0xD0, 0xFF, 0xFF, 0x08, 0x00, 0x58, 0xFF, 0xFF,
    0xFD, 0x95, 0x45, 0x24, 0xD7, 0xFF, 0xFF, 0x08, 0x00, 0x00, 0x85, 0xFF, 0xFF, 0xFF, 0xFF, 0xFF,
    0xFF, 0xFF, 0xFF, 0x08, 0x00, 0x00, 0x00, 0x40, 0xAC, 0xE6, 0xFA, 0xF3, 0xD0, 0x98, 0x4B, 0x00,
    // Unicode: [0x011F]
    0x00, 0x00, 0x74, 0xFF, 0x27, 0x00, 0x89, 0xFF, 0x12, 0x00, 0x00, 0x00, 0x40, 0xFF, 0x8E, 0x2B,
    0xDA, 0xDC, 0x00, 0x00, 0x00, 0x00, 0x00, 0x9E, 0xFF, 0xFF, 0xF0, 0x45, 0x00, 0x00, 0x00, 0x00,
    0x00, 0x00, 0x23, 0x3B, 0x0F, 0x00, 0x00, 0x00, 0x00, 0x00, 0x5E, 0xDB, 0xF6, 0xD0, 0xAE, 0xFF,
    0xFF, 0x40, 0x00, 0x6D, 0xFF, 0xFF, 0xFF, 0xFF, 0xFF, 0xFF, 0xFF, 0x40, 0x0D, 0xEF, 0xFF, 0xF0,
    0x4E, 0x15, 0x80, 0xFF, 0xFF, 0x40, 0x42, 0xFF, 0xFF, 0x8B, 0x00, 0x00, 0x64, 0xFF, 0xFF, 0x40,
    0x54, 0xFF, 0xFF, 0x66, 0x00, 0x00, 0x64, 0xFF, 0xFF, 0x40, 0x46, 0xFF, 0xFF, 0x7E, 0x00, 0x00,
    0x64, 0xFF, 0xFF, 0x40, 0x16, 0xFD, 0xFF, 0xE5, 0x48, 0x36, 0xAF, 0xFF, 0xFF, 0x40, 0x00, 0xA5,
    0xFF, 0xFF, 0xFF, 0xFF, 0xFF, 0xFF, 0xFF, 0x3F, 0x00, 0x0A, 0x95, 0xEA, 0xF2, 0xBB, 0x9D, 0xFF,
    0xFF, 0x2F, 0x00, 0x2E, 0x3E, 0x15, 0x07, 0x2D, 0xCF, 0xFF, 0xF3, 0x06, 0x00, 0x78, 0xFF, 0xFF,
    0xFF, 0xFF, 0xFF, 0xFF, 0x7B, 0x00, 0x00, 0x50, 0xCE, 0xED, 0xFA, 0xE9, 0xC6, 0x63, 0x00, 0x00,
    // Unicode: [0x0120]
    0x00, 0x00, 0x00, 0x00, 0x00, 0x1B, 0x20, 0x1B, 0x00, 0x00, 0x00, 0x00, 0x00, 0x00, 0x00, 0x00,
    0x00, 0xD8, 0xFF, 0xDC, 0x00, 0x00, 0x00, 0x00, 0x00, 0x00, 0x00, 0x00, 0x00, 0xD8, 0xFF, 0xDC,
    0x00, 0x00, 0x00, 0x00, 0x00, 0x00, 0x00, 0x00, 0x00, 0x00, 0x00, 0x00, 0x00, 0x00, 0x00, 0x00,
    0x00, 0x00, 0x00, 0x35, 0xA4, 0xE1, 0xF9, 0xEC, 0xCF, 0x94, 0x30, 0x00, 0x00, 0x00, 0x73, 0xFD,
    0xFF, 0xFF, 0xFF, 0xFF, 0xFF, 0xFF, 0xFF, 0x00, 0x00, 0x4B, 0xFF, 0xFF, 0xFD, 0x94, 0x44, 0x35,
    0x65, 0xCD, 0xFF, 0x00, 0x00, 0xCD, 0xFF, 0xFF, 0x6F, 0x00, 0x00, 0x00, 0x00, 0x02, 0x62, 0x00,
    0x17, 0xFF, 0xFF, 0xE3, 0x02, 0x00, 0x00, 0x00, 0x00, 0x00, 0x00, 0x00, 0x36, 0xFF, 0xFF, 0xB4,
    0x00, 0x00, 0xFF, 0xFF, 0xFF, 0xFF, 0xFF, 0x08, 0x37, 0xFF, 0xFF, 0xC0, 0x00, 0x00, 0xFF, 0xFF,
    0xFF, 0xFF, 0xFF, 0x08, 0x19, 0xFF, 0xFF, 0xE8, 0x03, 0x00, 0x30, 0x30, 0xD9, 0xFF, 0xFF, 0x08,
    0x00, 0xD4, 0xFF, 0xFF, 0x6A, 0x00, 0x00, 0x00, 0xD0, 0xFF, 0xFF, 0x08, 0x00, 0x58, 0xFF, 0xFF,
    0xFD, 0x95, 0x45, 0x24, 0xD7, 0xFF, 0xFF, 0x08, 0x00, 0x00, 0x85, 0xFF, 0xFF, 0xFF, 0xFF, 0xFF,
    0xFF, 0xFF, 0xFF, 0x08, 0x00, 0x00, 0x00, 0x40, 0xAC, 0xE6, 0xFA, 0xF3, 0xD0, 0x98, 0x4B, 0x00,
    // Unicode: [0x0121]
    0x00, 0x00, 0x00, 0x04, 0xFF, 0xFF, 0xB4, 0x00, 0x00, 0x00, 0x00, 0x00, 0x00, 0x04, 0xFF, 0xFF,
    0xB4, 0x00, 0x00, 0x00, 0x00, 0x00, 0x00, 0x00, 0x20, 0x20, 0x16, 0x00, 0x00, 0x00, 0x00, 0x00,
    0x5E, 0xDB, 0xF6, 0xD0, 0xAE, 0xFF, 0xFF, 0x40, 0x00, 0x6D, 0xFF, 0xFF, 0xFF, 0xFF, 0xFF, 0xFF,
    0xFF, 0x40, 0x0D, 0xEF, 0xFF, 0xF0, 0x4E, 0x15, 0x80, 0xFF, 0xFF, 0x40, 0x42, 0xFF, 0xFF, 0x8B,
    0x00, 0x00, 0x64, 0xFF, 0xFF, 0x40, 0x54, 0xFF, 0xFF, 0x66, 0x00, 0x00, 0x64, 0xFF, 0xFF, 0x40,
    0x46, 0xFF, 0xFF, 0x7E, 0x00, 0x00, 0x64, 0xFF, 0xFF, 0x40, 0x16, 0xFD, 0xFF, 0xE5, 0x48, 0x36,
    0xAF, 0xFF, 0xFF, 0x40, 0x00, 0xA5, 0xFF, 0xFF, 0xFF, 0xFF, 0xFF, 0xFF, 0xFF, 0x3F, 0x00, 0x0A,
    0x95, 0xEA, 0xF2, 0xBB, 0x9D, 0xFF, 0xFF, 0x2F, 0x00, 0x2E, 0x3E, 0x15, 0x07, 0x2D, 0xCF, 0xFF,
    0xF3, 0x06, 0x00, 0x78, 0xFF, 0xFF, 0xFF, 0xFF, 0xFF, 0xFF, 0x7B, 0x00, 0x00, 0x50, 0xCE, 0xED,
    0xFA, 0xE9, 0xC6, 0x63, 0x00, 0x00,
    // Unicode: [0x0122]
    0x00, 0x00, 0x00, 0x35, 0xA4, 0xE1, 0xF9, 0xEC, 0xCF, 0x94, 0x30, 0x00, 0x00, 0x00, 0x72, 0xFD,
    0xFF, 0xFF, 0xFF, 0xFF, 0xFF, 0xFF, 0xFF, 0x00, 0x00, 0x4A, 0xFF, 0xFF, 0xFD, 0x94, 0x44, 0x35,
    0x65, 0xCD, 0xFF, 0x00, 0x00, 0xCC, 0xFF, 0xFF, 0x6F, 0x00, 0x00, 0x00, 0x00, 0x02, 0x62, 0x00,
    0x17, 0xFF, 0xFF, 0xE3, 0x02, 0x00, 0x00, 0x00, 0x00, 0x00, 0x00, 0x00, 0x36, 0xFF, 0xFF, 0xB4,
    0x00, 0x00, 0xFF, 0xFF, 0xFF, 0xFF, 0xFF, 0x08, 0x37, 0xFF, 0xFF, 0xBF, 0x00, 0x00, 0xFF, 0xFF,
    0xFF, 0xFF, 0xFF, 0x08, 0x19, 0xFF, 0xFF, 0xE7, 0x03, 0x00, 0x30, 0x30, 0xD9, 0xFF, 0xFF, 0x08,
    0x00, 0xD4, 0xFF, 0xFF, 0x69, 0x00, 0x00, 0x00, 0xD0, 0xFF, 0xFF, 0x08, 0x00, 0x58, 0xFF, 0xFF,
    0xFA, 0x86, 0x35, 0x1E, 0xD6, 0xFF, 0xFF, 0x08, 0x00, 0x00, 0x85, 0xFF, 0xFF, 0xFF, 0xFF, 0xFF,
    0xFF, 0xFF, 0xFF, 0x08, 0x00, 0x00, 0x00, 0x40, 0xAC, 0xE6, 0xFB, 0xFF, 0xDB, 0x9A, 0x4E, 0x01,
    0x00, 0x00, 0x00, 0x00, 0x00, 0x00, 0x55, 0xFF, 0x53, 0x00, 0x00, 0x00, 0x00, 0x00, 0x00, 0x00,
    0x86, 0x80, 0xD8, 0xFB, 0x22, 0x00, 0x00, 0x00, 0x00, 0x00, 0x00, 0x00, 0xBD, 0xFC, 0xDE, 0x5C,
    0x00, 0x00, 0x00, 0x00,
    // Unicode: [0x0123]
    0x00, 0x00, 0x00, 0x00, 0x00, 0x02, 0x0C, 0x06, 0x00, 0x00, 0x00, 0x00, 0x00, 0x00, 0x01, 0xAC,
    0xFF, 0x47, 0x00, 0x00, 0x00, 0x00, 0x00, 0x00, 0x86, 0xFF, 0xBC, 0x00, 0x00, 0x00, 0x00, 0x00,
    0x00, 0x5B, 0xFF, 0xFE, 0x33, 0x00, 0x00, 0x00, 0x00, 0x00, 0x00, 0x00, 0x00, 0x00, 0x00, 0x00,
    0x00, 0x00, 0x00, 0x00, 0x5E, 0xDB, 0xF6, 0xD0, 0xAE, 0xFF, 0xFF, 0x40, 0x00, 0x6D, 0xFF, 0xFF,
    0xFF, 0xFF, 0xFF, 0xFF, 0xFF, 0x40, 0x0D, 0xEF, 0xFF, 0xF0, 0x4E, 0x15, 0x80, 0xFF, 0xFF, 0x40,
    0x42, 0xFF, 0xFF, 0x8B, 0x00, 0x00, 0x64, 0xFF, 0xFF, 0x40, 0x54, 0xFF, 0xFF, 0x66, 0x00, 0x00,
    0x64, 0xFF, 0xFF, 0x40, 0x46, 0xFF, 0xFF, 0x7E, 0x00, 0x00, 0x64, 0xFF, 0xFF, 0x40, 0x16, 0xFD,
    0xFF, 0xE5, 0x48, 0x36, 0xAF, 0xFF, 0xFF, 0x40, 0x00, 0xA5, 0xFF, 0xFF, 0xFF, 0xFF, 0xFF, 0xFF,
    0xFF, 0x3F, 0x00, 0x0A, 0x95, 0xEA, 0xF2, 0xBB, 0x9D, 0xFF, 0xFF, 0x2F, 0x00, 0x2E, 0x3E, 0x15,
    0x07, 0x2D, 0xCF, 0xFF, 0xF3, 0x06, 0x00, 0x78, 0xFF, 0xFF, 0xFF, 0xFF, 0xFF, 0xFF, 0x7B, 0x00,
    0x00, 0x50, 0xCE, 0xED, 0xFA, 0xE9, 0xC6, 0x63, 0x00, 0x00,
    // Unicode: [0x0124]
    0x00, 0x00, 0x00, 0x1D, 0xEB, 0xFF, 0x97, 0x00, 0x00, 0x00, 0x00, 0x00, 0x00, 0x06, 0xC9, 0xF3,
    0xAE, 0xFF, 0x5F, 0x00, 0x00, 0x00, 0x00, 0x00, 0x98, 0xFF, 0x53, 0x05, 0xC2, 0xF6, 0x30, 0x00,
    0x00, 0x00, 0x00, 0x00, 0x00, 0x00, 0x00, 0x00, 0x00, 0x00, 0x00, 0x00, 0x9C, 0xFF, 0xFF, 0x34,
    0x00, 0x00, 0x00, 0xA4, 0xFF, 0xFF, 0x2C, 0x9C, 0xFF, 0xFF, 0x34, 0x00, 0x00, 0x00, 0xA4, 0xFF,
    0xFF, 0x2C, 0x9C, 0xFF, 0xFF, 0x34, 0x00, 0x00, 0x00, 0xA4, 0xFF, 0xFF, 0x2C, 0x9C, 0xFF, 0xFF,
    0x34, 0x00, 0x00, 0x00, 0xA4, 0xFF, 0xFF, 0x2C, 0x9C, 0xFF, 0xFF, 0x63, 0x3C, 0x3C, 0x3C, 0xB9,
    0xFF, 0xFF, 0x2C, 0x9C, 0xFF, 0xFF, 0xFF, 0xFF, 0xFF, 0xFF, 0xFF, 0xFF, 0xFF, 0x2C, 0x9C, 0xFF,
    0xFF, 0xFF, 0xFF, 0xFF, 0xFF, 0xFF, 0xFF, 0xFF, 0x2C, 0x9C, 0xFF, 0xFF, 0x34, 0x00, 0x00, 0x00,
    0xA4, 0xFF, 0xFF, 0x2C, 0x9C, 0xFF, 0xFF, 0x34, 0x00, 0x00, 0x00, 0xA4, 0xFF, 0xFF, 0x2C, 0x9C,
    0xFF, 0xFF, 0x34, 0x00, 0x00, 0x00, 0xA4, 0xFF, 0xFF, 0x2C, 0x9C, 0xFF, 0xFF, 0x34, 0x00, 0x00,
    0x00, 0xA4, 0xFF, 0xFF, 0x2C, 0x9C, 0xFF, 0xFF, 0x34, 0x00, 0x00, 0x00, 0xA4, 0xFF, 0xFF, 0x2C,
    // Unicode: [0x0125]
    0x00, 0x00, 0x02, 0xBF, 0xFF, 0xCB, 0x05, 0x00, 0x00, 0x00, 0x00, 0x7D, 0xFF, 0xBF, 0xFF, 0x8C,
    0x00, 0x00, 0x00, 0x3B, 0xFC, 0xB2, 0x01, 0xA9, 0xFE, 0x48, 0x00, 0x00, 0x22, 0x34, 0x0C, 0x00,
    0x0A, 0x34, 0x25, 0x00, 0xC0, 0xFF, 0xE0, 0x00, 0x00, 0x00, 0x00, 0x00, 0x00, 0xC0, 0xFF, 0xE0,
    0x00, 0x00, 0x00, 0x00, 0x00, 0x00, 0xC0, 0xFF, 0xE0, 0x00, 0x00, 0x00, 0x00, 0x00, 0x00, 0xC0,
    0xFF, 0xE0, 0x43, 0xC6, 0xF7, 0xD9, 0x54, 0x00, 0xC0, 0xFF, 0xFB, 0xFE, 0xFF, 0xFF, 0xFF, 0xFA,
    0x22, 0xC0, 0xFF, 0xF7, 0x73, 0x43, 0xAC, 0xFF, 0xFF, 0x64, 0xC0, 0xFF, 0xE0, 0x00, 0x00, 0x38,
    0xFF, 0xFF, 0x7E, 0xC0, 0xFF, 0xE0, 0x00, 0x00, 0x27, 0xFF, 0xFF, 0x80, 0xC0, 0xFF, 0xE0, 0x00,
    0x00, 0x24, 0xFF, 0xFF, 0x80, 0xC0, 0xFF, 0xE0, 0x00, 0x00, 0x24, 0xFF, 0xFF, 0x80, 0xC0, 0xFF,
    0xE0, 0x00, 0x00, 0x24, 0xFF, 0xFF, 0x80, 0xC0, 0xFF, 0xE0, 0x00, 0x00, 0x24, 0xFF, 0xFF, 0x80,
    // Unicode: [0x0126]
    0x00, 0x9C, 0xFF, 0xFF, 0x34, 0x00, 0x00, 0x00, 0xA4, 0xFF, 0xFF, 0x2C, 0x00, 0x00, 0x9C, 0xFF,
    0xFF, 0x34, 0x00, 0x00, 0x00, 0xA4, 0xFF, 0xFF, 0x2C, 0x00, 0x94, 0xFF, 0xFF, 0xFF, 0xFF, 0xFF,
    0xFF, 0xFF, 0xFF, 0xFF, 0xFF, 0xFF, 0x2C, 0x63, 0xDF, 0xFF, 0xFF, 0xBD, 0xAC, 0xAC, 0xAC, 0xE1,
    0xFF, 0xFF, 0xBA, 0x1D, 0x00, 0x9C, 0xFF, 0xFF, 0x63, 0x3C, 0x3C, 0x3C, 0xB9, 0xFF, 0xFF, 0x2C,
    0x00, 0x00, 0x9C, 0xFF, 0xFF, 0xFF, 0xFF, 0xFF, 0xFF, 0xFF, 0xFF, 0xFF, 0x2C, 0x00, 0x00, 0x9C,
    0xFF, 0xFF, 0xFF, 0xFF, 0xFF, 0xFF, 0xFF, 0xFF, 0xFF, 0x2C, 0x00, 0x00, 0x9C, 0xFF, 0xFF, 0x34,
    0x00, 0x00, 0x00, 0xA4, 0xFF, 0xFF, 0x2C, 0x00, 0x00, 0x9C, 0xFF, 0xFF, 0x34, 0x00, 0x00, 0x00,
    0xA4, 0xFF, 0xFF, 0x2C, 0x00, 0x00, 0x9C, 0xFF, 0xFF, 0x34, 0x00, 0x00, 0x00, 0xA4, 0xFF, 0xFF,
    0x2C, 0x00, 0x00, 0x9C, 0xFF, 0xFF, 0x34, 0x00, 0x00, 0x00, 0xA4, 0xFF, 0xFF, 0x2C, 0x00, 0x00,
    0x9C, 0xFF, 0xFF, 0x34, 0x00, 0x00, 0x00, 0xA4, 0xFF, 0xFF, 0x2C, 0x00,
    // Unicode: [0x0127]
    0xB4, 0xFF, 0xFF, 0xFF, 0xFF, 0xFF, 0x44, 0x00, 0x00, 0x00, 0x6D, 0xE7, 0xFF, 0xF3, 0x9C, 0x9C,
    0x29, 0x00, 0x00, 0x00, 0x00, 0xC0, 0xFF, 0xE0, 0x00, 0x00, 0x00, 0x00, 0x00, 0x00, 0x00, 0xC0,
    0xFF, 0xE0, 0x3D, 0xC3, 0xF7, 0xD9, 0x54, 0x00, 0x00, 0xC0, 0xFF, 0xFA, 0xFD, 0xFF, 0xFF, 0xFF,
    0xFA, 0x22, 0x00, 0xC0, 0xFF, 0xF8, 0x82, 0x53, 0xB7, 0xFF, 0xFF, 0x64, 0x00, 0xC0, 0xFF, 0xE0,
    0x00, 0x00, 0x3A, 0xFF, 0xFF, 0x7E, 0x00, 0xC0, 0xFF, 0xE0, 0x00, 0x00, 0x27, 0xFF, 0xFF, 0x80,
    0x00, 0xC0, 0xFF, 0xE0, 0x00, 0x00, 0x24, 0xFF, 0xFF, 0x80, 0x00, 0xC0, 0xFF, 0xE0, 0x00, 0x00,
    0x24, 0xFF, 0xFF, 0x80, 0x00, 0xC0, 0xFF, 0xE0, 0x00, 0x00, 0x24, 0xFF, 0xFF, 0x80, 0x00, 0xC0,
    0xFF, 0xE0, 0x00, 0x00, 0x24, 0xFF, 0xFF, 0x80,
    // Unicode: [0x0128]
    0x00, 0x12, 0x85, 0x77, 0x0D, 0x32, 0xA0, 0x31, 0x00, 0xBD, 0xFF, 0xFF, 0xE5, 0xD5, 0xFE, 0x24,
    0x0F, 0xFF, 0x98, 0x2F, 0xBF, 0xF1, 0x83, 0x00, 0x00, 0x00, 0x00, 0x00, 0x00, 0x00, 0x00, 0x00,
    0x18, 0xFF, 0xFF, 0xFF, 0xFF, 0xFF, 0xFF, 0x48, 0x18, 0xFF, 0xFF, 0xFF, 0xFF, 0xFF, 0xFF, 0x48,
    0x01, 0x0C, 0x58, 0xFF, 0xFF, 0x86, 0x0C, 0x03, 0x00, 0x00, 0x50, 0xFF, 0xFF, 0x80, 0x00, 0x00,
    0x00, 0x00, 0x50, 0xFF, 0xFF, 0x80, 0x00, 0x00, 0x00, 0x00, 0x50, 0xFF, 0xFF, 0x80, 0x00, 0x00,
    0x00, 0x00, 0x50, 0xFF, 0xFF, 0x80, 0x00, 0x00, 0x00, 0x00, 0x50, 0xFF, 0xFF, 0x80, 0x00, 0x00,
    0x00, 0x00, 0x50, 0xFF, 0xFF, 0x80, 0x00, 0x00, 0x01, 0x0C, 0x58, 0xFF, 0xFF, 0x86, 0x0C, 0x03,
    0x18, 0xFF, 0xFF, 0xFF, 0xFF, 0xFF, 0xFF, 0x48, 0x18, 0xFF, 0xFF, 0xFF, 0xFF, 0xFF, 0xFF, 0x48,
    // Unicode: [0x0129]
    0x00, 0x96, 0xF8, 0xFF, 0xFF, 0xFC, 0x19, 0x03, 0x7F, 0x7B, 0x7D, 0x7C, 0x42, 0x00, 0x00, 0x00,
    0x00, 0x00, 0x00, 0x00, 0x00, 0x00, 0x00, 0xC0, 0xFF, 0xE0, 0x00, 0x00, 0x00, 0x00, 0xC0, 0xFF,
    0xE0, 0x00, 0x00, 0x00, 0x00, 0xC0, 0xFF, 0xE0, 0x00, 0x00, 0x00, 0x00, 0xC0, 0xFF, 0xE0, 0x00,
    0x00, 0x00, 0x00, 0xC0, 0xFF, 0xE0, 0x00, 0x00, 0x00, 0x00, 0xC0, 0xFF, 0xE0, 0x00, 0x00, 0x00,
    0x00, 0xC0, 0xFF, 0xE0, 0x00, 0x00, 0x00, 0x00, 0xC0, 0xFF, 0xE0, 0x00, 0x00, 0x00, 0x00, 0xC0,
    0xFF, 0xE0, 0x00, 0x00,
    // Unicode: [0x012A]
    0x00, 0xD8, 0xFF, 0xFF, 0xFF, 0xFF, 0xFF, 0x08, 0x00, 0x87, 0xA0, 0xA0, 0xA0, 0xA0, 0xA0, 0x05,
    0x00, 0x00, 0x00, 0x00, 0x00, 0x00, 0x00, 0x00, 0x18, 0xFF, 0xFF, 0xFF, 0xFF, 0xFF, 0xFF, 0x48,
    0x18, 0xFF, 0xFF, 0xFF, 0xFF, 0xFF, 0xFF, 0x48, 0x01, 0x0C, 0x58, 0xFF, 0xFF, 0x86, 0x0C, 0x03,
    0x00, 0x00, 0x50, 0xFF, 0xFF, 0x80, 0x00, 0x00, 0x00, 0x00, 0x50, 0xFF, 0xFF, 0x80, 0x00, 0x00,
    0x00, 0x00, 0x50, 0xFF, 0xFF, 0x80, 0x00, 0x00, 0x00, 0x00, 0x50, 0xFF, 0xFF, 0x80, 0x00, 0x00,
    0x00, 0x00, 0x50, 0xFF, 0xFF, 0x80, 0x00, 0x00, 0x00, 0x00, 0x50, 0xFF, 0xFF, 0x80, 0x00, 0x00,
    0x01, 0x0C, 0x58, 0xFF, 0xFF, 0x86, 0x0C, 0x03, 0x18, 0xFF, 0xFF, 0xFF, 0xFF, 0xFF, 0xFF, 0x48,
    0x18, 0xFF, 0xFF, 0xFF, 0xFF, 0xFF, 0xFF, 0x48,
    // Unicode: [0x012B]
    0xAC, 0xFF, 0xFF, 0xFF, 0xCC, 0x6E, 0xA4, 0xA4, 0xA4, 0x82, 0x00, 0x00, 0x00, 0x00, 0x00, 0x00,
    0xC0, 0xFF, 0xE0, 0x00, 0x00, 0xC0, 0xFF, 0xE0, 0x00, 0x00, 0xC0, 0xFF, 0xE0, 0x00, 0x00, 0xC0,
    0xFF, 0xE0, 0x00, 0x00, 0xC0, 0xFF, 0xE0, 0x00, 0x00, 0xC0, 0xFF, 0xE0, 0x00, 0x00, 0xC0, 0xFF,
    0xE0, 0x00, 0x00, 0xC0, 0xFF, 0xE0, 0x00, 0x00, 0xC0, 0xFF, 0xE0, 0x00,
    // Unicode: [0x012C]
    0x00, 0x57, 0x79, 0x00, 0x00, 0x5C, 0x72, 0x00, 0x00, 0x8C, 0xFF, 0x50, 0x32, 0xEB, 0xC1, 0x00,
    0x00, 0x1A, 0xD9, 0xFF, 0xFF, 0xE9, 0x37, 0x00, 0x00, 0x00, 0x05, 0x31, 0x38, 0x0B, 0x00, 0x00,
    0x18, 0xFF, 0xFF, 0xFF, 0xFF, 0xFF, 0xFF, 0x48, 0x18, 0xFF, 0xFF, 0xFF, 0xFF, 0xFF, 0xFF, 0x48,
    0x01, 0x0C, 0x58, 0xFF, 0xFF, 0x86, 0x0C, 0x03, 0x00, 0x00, 0x50, 0xFF, 0xFF, 0x80, 0x00, 0x00,
    0x00, 0x00, 0x50, 0xFF, 0xFF, 0x80, 0x00, 0x00, 0x00, 0x00, 0x50, 0xFF, 0xFF, 0x80, 0x00, 0x00,
    0x00, 0x00, 0x50, 0xFF, 0xFF, 0x80, 0x00, 0x00, 0x00, 0x00, 0x50, 0xFF, 0xFF, 0x80, 0x00, 0x00,
    0x00, 0x00, 0x50, 0xFF, 0xFF, 0x80, 0x00, 0x00, 0x01, 0x0C, 0x58, 0xFF, 0xFF, 0x86, 0x0C, 0x03,
    0x18, 0xFF, 0xFF, 0xFF, 0xFF, 0xFF, 0xFF, 0x48, 0x18, 0xFF, 0xFF, 0xFF, 0xFF, 0xFF, 0xFF, 0x48,
    // Unicode: [0x012D]
    0x62, 0x4A, 0x00, 0x3B, 0x71, 0xA5, 0xC9, 0x12, 0xB1, 0xC3, 0x30, 0xEA, 0xFF, 0xF2, 0x41, 0x00,
    0x08, 0x29, 0x0B, 0x00, 0x00, 0xC0, 0xFF, 0xE0, 0x00, 0x00, 0xC0, 0xFF, 0xE0, 0x00, 0x00, 0xC0,
    0xFF, 0xE0, 0x00, 0x00, 0xC0, 0xFF, 0xE0, 0x00, 0x00, 0xC0, 0xFF, 0xE0, 0x00, 0x00, 0xC0, 0xFF,
    0xE0, 0x00, 0x00, 0xC0, 0xFF, 0xE0, 0x00, 0x00, 0xC0, 0xFF, 0xE0, 0x00, 0x00, 0xC0, 0xFF, 0xE0,
    0x00,
    // Unicode: [0x012E]
    0x18, 0xFF, 0xFF, 0xFF, 0xFF, 0xFF, 0xFF, 0x48, 0x18, 0xFF, 0xFF, 0xFF, 0xFF, 0xFF, 0xFF, 0x48,
    0x01, 0x0C, 0x58, 0xFF, 0xFF, 0x86, 0x0C, 0x03, 0x00, 0x00, 0x50, 0xFF, 0xFF, 0x80, 0x00, 0x00,
    0x00, 0x00, 0x50, 0xFF, 0xFF, 0x80, 0x00, 0x00, 0x00, 0x00, 0x50, 0xFF, 0xFF, 0x80, 0x00, 0x00,
    0x00, 0x00, 0x50, 0xFF, 0xFF, 0x80, 0x00, 0x00, 0x00, 0x00, 0x50, 0xFF, 0xFF, 0x80, 0x00, 0x00,
    0x00, 0x00, 0x50, 0xFF, 0xFF, 0x80, 0x00, 0x00, 0x02, 0x1C, 0x63, 0xFF, 0xFF, 0x8E, 0x1C, 0x07,
    0x18, 0xFF, 0xFF, 0xFF, 0xFF, 0xFF, 0xFF, 0x48, 0x18, 0xFF, 0xFF, 0xFF, 0xFF, 0xFF, 0xFF, 0x48,
    0x00, 0x00, 0x00, 0x52, 0xFF, 0x46, 0x00, 0x00, 0x00, 0x00, 0x00, 0x2B, 0xFF, 0xD4, 0x80, 0x7B,
    0x00, 0x00, 0x00, 0x00, 0x70, 0xE4, 0xFB, 0xB5,
    // Unicode: [0x012F]
    0xD4, 0xFF, 0xF4, 0x00, 0x00, 0xD4, 0xFF, 0xF4, 0x00, 0x00, 0x1A, 0x20, 0x1E, 0x00, 0x00, 0xC0,
    0xFF, 0xE0, 0x00, 0x00, 0xC0, 0xFF, 0xE0, 0x00, 0x00, 0xC0, 0xFF, 0xE0, 0x00, 0x00, 0xC0, 0xFF,
    0xE0, 0x00, 0x00, 0xC0, 0xFF, 0xE0, 0x00, 0x00, 0xC0, 0xFF, 0xE0, 0x00, 0x00, 0xC0, 0xFF, 0xE0,
    0x00, 0x00, 0xC0, 0xFF, 0xE0, 0x00, 0x00, 0xC9, 0xFF, 0xE0, 0x00, 0x00, 0xCE, 0xC6, 0x00, 0x00,
    0x00, 0xA3, 0xFD, 0x93, 0x8A, 0x1E, 0x1E, 0xBD, 0xF6, 0xEF, 0x24,
    // Unicode: [0x0130]
    0x00, 0x00, 0x44, 0xFF, 0xFF, 0x70, 0x00, 0x00, 0x00, 0x00, 0x44, 0xFF, 0xFF, 0x70, 0x00, 0x00,
    0x00, 0x00, 0x08, 0x20, 0x20, 0x0E, 0x00, 0x00, 0x18, 0xFF, 0xFF, 0xFF, 0xFF, 0xFF, 0xFF, 0x48,
    0x18, 0xFF, 0xFF, 0xFF, 0xFF, 0xFF, 0xFF, 0x48, 0x01, 0x0C, 0x58, 0xFF, 0xFF, 0x86, 0x0C, 0x03,
    0x00, 0x00, 0x50, 0xFF, 0xFF, 0x80, 0x00, 0x00, 0x00, 0x00, 0x50, 0xFF, 0xFF, 0x80, 0x00, 0x00,
    0x00, 0x00, 0x50, 0xFF, 0xFF, 0x80, 0x00, 0x00, 0x00, 0x00, 0x50, 0xFF, 0xFF, 0x80, 0x00, 0x00,
    0x00, 0x00, 0x50, 0xFF, 0xFF, 0x80, 0x00, 0x00, 0x00, 0x00, 0x50, 0xFF, 0xFF, 0x80, 0x00, 0x00,
    0x01, 0x0C, 0x58, 0xFF, 0xFF, 0x86, 0x0C, 0x03, 0x18, 0xFF, 0xFF, 0xFF, 0xFF, 0xFF, 0xFF, 0x48,
    0x18, 0xFF, 0xFF, 0xFF, 0xFF, 0xFF, 0xFF, 0x48,
    // Unicode: [0x0131]
    0xC0, 0xFF, 0xE0, 0xC0, 0xFF, 0xE0, 0xC0, 0xFF, 0xE0, 0xC0, 0xFF, 0xE0, 0xC0, 0xFF, 0xE0, 0xC0,
    0xFF, 0xE0, 0xC0, 0xFF, 0xE0, 0xC0, 0xFF, 0xE0, 0xC0, 0xFF, 0xE0,
    // Unicode: [0x0132]
    0x18, 0xFF, 0xFF, 0xFF, 0xFF, 0xFF, 0xFF, 0x48, 0x18, 0xFF, 0xFF, 0xFF, 0xFF, 0xDC, 0x18, 0xFF,
    0xFF, 0xFF, 0xFF, 0xFF, 0xFF, 0x48, 0x18, 0xFF, 0xFF, 0xFF, 0xFF, 0xDC, 0x01, 0x0C, 0x58, 0xFF,
    0xFF, 0x86, 0x0C, 0x03, 0x01, 0x0C, 0x0C, 0xF4, 0xFF, 0xDC, 0x00, 0x00, 0x50, 0xFF, 0xFF, 0x80,
    0x00, 0x00, 0x00, 0x00, 0x00, 0xF4, 0xFF, 0xDC, 0x00, 0x00, 0x50, 0xFF, 0xFF, 0x80, 0x00, 0x00,
    0x00, 0x00, 0x00, 0xF4, 0xFF, 0xDC, 0x00, 0x00, 0x50, 0xFF, 0xFF, 0x80, 0x00, 0x00, 0x00, 0x00,
    0x00, 0xF4, 0xFF, 0xDC, 0x00, 0x00, 0x50, 0xFF, 0xFF, 0x80, 0x00, 0x00, 0x00, 0x00, 0x00, 0xF4,
    0xFF, 0xDC, 0x00, 0x00, 0x50, 0xFF, 0xFF, 0x80, 0x00, 0x00, 0x00, 0x00, 0x00, 0xF8, 0xFF, 0xDC,
    0x00, 0x00, 0x50, 0xFF, 0xFF, 0x80, 0x00, 0x00, 0x00, 0x00, 0x11, 0xFF, 0xFF, 0xD3, 0x01, 0x0C,
    0x58, 0xFF, 0xFF, 0x86, 0x0C, 0x03, 0x37, 0x15, 0x84, 0xFF, 0xFF, 0xAD, 0x18, 0xFF, 0xFF, 0xFF,
    0xFF, 0xFF, 0xFF, 0x48, 0xEC, 0xFF, 0xFF, 0xFF, 0xFF, 0x3F, 0x18, 0xFF, 0xFF, 0xFF, 0xFF, 0xFF,
    0xFF, 0x48, 0xE6, 0xFF, 0xFA, 0xD3, 0x4C, 0x00,
    // Unicode: [0x0133]
    0xD4, 0xFF, 0xF4, 0x00, 0x00, 0x20, 0xFF, 0xFF, 0xAC, 0xD4, 0xFF, 0xF4, 0x00, 0x00, 0x20, 0xFF,
    0xFF, 0xAC, 0x1A, 0x20, 0x1E, 0x00, 0x00, 0x04, 0x20, 0x20, 0x15, 0xC0, 0xFF, 0xE0, 0x00, 0x84,
    0xFF, 0xFF, 0xFF, 0xAC, 0xC0, 0xFF, 0xE0, 0x00, 0x75, 0xE4, 0xFF, 0xFF, 0xAC, 0xC0, 0xFF, 0xE0,
    0x00, 0x00, 0x00, 0xF8, 0xFF, 0xAC, 0xC0, 0xFF, 0xE0, 0x00, 0x00, 0x00, 0xF8, 0xFF, 0xAC, 0xC0,
    0xFF, 0xE0, 0x00, 0x00, 0x00, 0xF8, 0xFF, 0xAC, 0xC0, 0xFF, 0xE0, 0x00, 0x00, 0x00, 0xF8, 0xFF,
    0xAC, 0xC0, 0xFF, 0xE0, 0x00, 0x00, 0x00, 0xF8, 0xFF, 0xAC, 0xC0, 0xFF, 0xE0, 0x00, 0x00, 0x00,
    0xF8, 0xFF, 0xAC, 0xC0, 0xFF, 0xE0, 0x00, 0x00, 0x09, 0xFF, 0xFF, 0xAB, 0x00, 0x00, 0x00, 0x1C,
    0x35, 0x87, 0xFF, 0xFF, 0x91, 0x00, 0x00, 0x00, 0x8C, 0xFF, 0xFF, 0xFF, 0xFE, 0x3F, 0x00, 0x00,
    0x00, 0x77, 0xF1, 0xFA, 0xD8, 0x5C, 0x00,
    // Unicode: [0x0134]
    0x00, 0x00, 0x0A, 0xD1, 0xFF, 0xBF, 0x04, 0x00, 0x00, 0x00, 0xA4, 0xFE, 0xA4, 0xFF, 0x8D, 0x00,
    0x00, 0x6C, 0xFF, 0x7E, 0x00, 0x9C, 0xFF, 0x57, 0x00, 0x00, 0x00, 0x00, 0x00, 0x00, 0x00, 0x00,
    0x00, 0x3C, 0xFF, 0xFF, 0xFF, 0xFF, 0xFF, 0x14, 0x00, 0x3C, 0xFF, 0xFF, 0xFF, 0xFF, 0xFF, 0x14,
    0x00, 0x07, 0x20, 0x20, 0xC4, 0xFF, 0xFF, 0x14, 0x00, 0x00, 0x00, 0x00, 0xBC, 0xFF, 0xFF, 0x14,
    0x00, 0x00, 0x00, 0x00, 0xBC, 0xFF, 0xFF, 0x14, 0x00, 0x00, 0x00, 0x00, 0xBC, 0xFF, 0xFF, 0x14,
    0x00, 0x00, 0x00, 0x00, 0xBC, 0xFF, 0xFF, 0x14, 0x00, 0x00, 0x00, 0x00, 0xC0, 0xFF, 0xFF, 0x14,
    0x00, 0x00, 0x00, 0x00, 0xDA, 0xFF, 0xFF, 0x0F, 0x5D, 0x4C, 0x36, 0x87, 0xFF, 0xFF, 0xE4, 0x00,
    0xB0, 0xFF, 0xFF, 0xFF, 0xFF, 0xFF, 0x5D, 0x00, 0x92, 0xF1, 0xFC, 0xF6, 0xC9, 0x4D, 0x00, 0x00,
    // Unicode: [0x0135]
    0x00, 0x00, 0x20, 0x80, 0x76, 0x01, 0x00, 0x00, 0x00, 0xB6, 0xFD, 0xFF, 0x66, 0x00, 0x00, 0x56,
    0xFF, 0x6C, 0xC2, 0xEE, 0x16, 0x00, 0x66, 0x75, 0x01, 0x23, 0x80, 0x3E, 0x00, 0x00, 0x00, 0x00,
    0x00, 0x00, 0x00, 0x00, 0x64, 0xFF, 0xFF, 0xFF, 0xD0, 0x00, 0x00, 0x59, 0xE4, 0xFB, 0xFF, 0xD0,
    0x00, 0x00, 0x00, 0x00, 0xD4, 0xFF, 0xD0, 0x00, 0x00, 0x00, 0x00, 0xD4, 0xFF, 0xD0, 0x00, 0x00,
    0x00, 0x00, 0xD4, 0xFF, 0xD0, 0x00, 0x00, 0x00, 0x00, 0xD4, 0xFF, 0xD0, 0x00, 0x00, 0x00, 0x00,
    0xD4, 0xFF, 0xD0, 0x00, 0x00, 0x00, 0x00, 0xD4, 0xFF, 0xD0, 0x00, 0x00, 0x00, 0x00, 0xE5, 0xFF,
    0xCF, 0x00, 0x15, 0x34, 0x6C, 0xFF, 0xFF, 0xB5, 0x00, 0x6C, 0xFF, 0xFF, 0xFF, 0xFF, 0x61, 0x00,
    0x5A, 0xEE, 0xFB, 0xDF, 0x75, 0x00, 0x00,
    // Unicode: [0x0136]
    0x9C, 0xFF, 0xFF, 0x34, 0x00, 0x00, 0x45, 0xFE, 0xFF, 0xE4, 0x15, 0x9C, 0xFF, 0xFF, 0x34, 0x00,
    0x14, 0xE6, 0xFF, 0xFA, 0x3A, 0x00, 0x9C, 0xFF, 0xFF, 0x34, 0x00, 0xB1, 0xFF, 0xFF, 0x6F, 0x00,
    0x00, 0x9C, 0xFF, 0xFF, 0x34, 0x69, 0xFF, 0xFF, 0xAA, 0x00, 0x00, 0x00, 0x9C, 0xFF, 0xFF, 0x5D,
    0xF6, 0xFF, 0xD8, 0x0D, 0x00, 0x00, 0x00, 0x9C, 0xFF, 0xFF, 0xEE, 0xFF, 0xFF, 0x47, 0x00, 0x00,
    0x00, 0x00, 0x9C, 0xFF, 0xFF, 0xFF, 0xFF, 0xFF, 0xBF, 0x01, 0x00, 0x00, 0x00, 0x9C, 0xFF, 0xFF,
    0xA9, 0xE1, 0xFF, 0xFF, 0x73, 0x00, 0x00, 0x00, 0x9C, 0xFF, 0xFF, 0x34, 0x43, 0xFE, 0xFF, 0xF8,
    0x2C, 0x00, 0x00, 0x9C, 0xFF, 0xFF, 0x34, 0x00, 0x94, 0xFF, 0xFF, 0xD0, 0x06, 0x00, 0x9C, 0xFF,
    0xFF, 0x34, 0x00, 0x0A, 0xDB, 0xFF, 0xFF, 0x89, 0x00, 0x9C, 0xFF, 0xFF, 0x34, 0x11, 0x1C, 0x3B,
    0xFD, 0xFF, 0xFD, 0x3D, 0x00, 0x00, 0x00, 0x00, 0xA0, 0xFF, 0x0A, 0x00, 0x00, 0x00, 0x00, 0x00,
    0x16, 0x93, 0x87, 0xF3, 0xDE, 0x00, 0x00, 0x00, 0x00, 0x00, 0x00, 0x1A, 0xED, 0xF9, 0xCC, 0x36,
    0x00, 0x00, 0x00, 0x00, 0x00,
    // Unicode: [0x0137]
    0xC0, 0xFF, 0xE0, 0x00, 0x00, 0x00, 0x00, 0x00, 0x00, 0xC0, 0xFF, 0xE0, 0x00, 0x00, 0x00, 0x00,
    0x00, 0x00, 0xC0, 0xFF, 0xE0, 0x00, 0x00, 0x00, 0x00, 0x00, 0x00, 0xC0, 0xFF, 0xE0, 0x00, 0x00,
    0xA4, 0xFF, 0xFF, 0x61, 0xC0, 0xFF, 0xE0, 0x00, 0x5B, 0xFF, 0xFF, 0x9D, 0x00, 0xC0, 0xFF, 0xE0,
    0x21, 0xF1, 0xFF, 0xD0, 0x08, 0x00, 0xC0, 0xFF, 0xE3, 0xC6, 0xFF, 0xF3, 0x24, 0x00, 0x00, 0xC0,
    0xFF, 0xFF, 0xFF, 0xFF, 0xFC, 0x31, 0x00, 0x00, 0xC0, 0xFF, 0xFE, 0x73, 0xFB, 0xFF, 0xCA, 0x02,
    0x00, 0xC0, 0xFF, 0xE0, 0x00, 0x91, 0xFF, 0xFF, 0x6B, 0x00, 0xC0, 0xFF, 0xE0, 0x00, 0x10, 0xEA,
    0xFF, 0xF0, 0x19, 0xC0, 0xFF, 0xE0, 0x09, 0x1C, 0x6B, 0xFF, 0xFF, 0xA8, 0x00, 0x00, 0x00, 0x5C,
    0xFF, 0x4E, 0x00, 0x00, 0x00, 0x00, 0x86, 0x80, 0xDA, 0xFD, 0x24, 0x00, 0x00, 0x00, 0x00, 0xC4,
    0xFC, 0xE0, 0x62, 0x00, 0x00, 0x00, 0x00,
    // Unicode: [0x0138]
    0xC0, 0xFF, 0xE0, 0x00, 0x00, 0xA4, 0xFF, 0xFF, 0x61, 0xC0, 0xFF, 0xE0, 0x00, 0x5B, 0xFF, 0xFF,
    0x9D, 0x00, 0xC0, 0xFF, 0xE0, 0x21, 0xF1, 0xFF, 0xD0, 0x08, 0x00, 0xC0, 0xFF, 0xE3, 0xC6, 0xFF,
    0xF3, 0x24, 0x00, 0x00, 0xC0, 0xFF, 0xFF, 0xFF, 0xFF, 0xFC, 0x31, 0x00, 0x00, 0xC0, 0xFF, 0xFE,
    0x73, 0xFB, 0xFF, 0xCA, 0x02, 0x00, 0xC0, 0xFF, 0xE0, 0x00, 0x91, 0xFF, 0xFF, 0x6B, 0x00, 0xC0,
    0xFF, 0xE0, 0x00, 0x10, 0xEA, 0xFF, 0xF0, 0x19, 0xC0, 0xFF, 0xE0, 0x00, 0x00, 0x63, 0xFF, 0xFF,
    0xA8,
    // Unicode: [0x0139]
    0x00, 0x00, 0x18, 0xF1, 0xFF, 0x81, 0x00, 0x00, 0x00, 0x00, 0x00, 0xA4, 0xFF, 0x9B, 0x00, 0x00,
    0x00, 0x00, 0x00, 0x3F, 0xFF, 0xB0, 0x03, 0x00, 0x00, 0x00, 0x00, 0x00, 0x00, 0x00, 0x00, 0x00,
    0x00, 0x00, 0x00, 0x00, 0x9C, 0xFF, 0xFF, 0x34, 0x00, 0x00, 0x00, 0x00, 0x00, 0x9C, 0xFF, 0xFF,
    0x34, 0x00, 0x00, 0x00, 0x00, 0x00, 0x9C, 0xFF, 0xFF, 0x34, 0x00, 0x00, 0x00, 0x00, 0x00, 0x9C,
    0xFF, 0xFF, 0x34, 0x00, 0x00, 0x00, 0x00, 0x00, 0x9C, 0xFF, 0xFF, 0x34, 0x00, 0x00, 0x00, 0x00,
    0x00, 0x9C, 0xFF, 0xFF, 0x34, 0x00, 0x00, 0x00, 0x00, 0x00, 0x9C, 0xFF, 0xFF, 0x34, 0x00, 0x00,
    0x00, 0x00, 0x00, 0x9C, 0xFF, 0xFF, 0x34, 0x00, 0x00, 0x00, 0x00, 0x00, 0x9C, 0xFF, 0xFF, 0x34,
    0x00, 0x00, 0x00, 0x00, 0x00, 0x9C, 0xFF, 0xFF, 0x63, 0x3C, 0x3C, 0x3C, 0x3C, 0x0F, 0x9C, 0xFF,
    0xFF, 0xFF, 0xFF, 0xFF, 0xFF, 0xFF, 0x44, 0x9C, 0xFF, 0xFF, 0xFF, 0xFF, 0xFF, 0xFF, 0xFF, 0x44,
    // Unicode: [0x013A]
    0x00, 0x00, 0x9A, 0xFF, 0xDD, 0x14, 0x00, 0x36, 0xFD, 0xE8, 0x23, 0x00, 0x02, 0xCC, 0xF2, 0x31,
    0x00, 0x00, 0x00, 0x00, 0x00, 0x00, 0x00, 0x00, 0x00, 0xC0, 0xFF, 0xE0, 0x00, 0x00, 0x00, 0xC0,
    0xFF, 0xE0, 0x00, 0x00, 0x00, 0xC0, 0xFF, 0xE0, 0x00, 0x00, 0x00, 0xC0, 0xFF, 0xE0, 0x00, 0x00,
    0x00, 0xC0, 0xFF, 0xE0, 0x00, 0x00, 0x00, 0xC0, 0xFF, 0xE0, 0x00, 0x00, 0x00, 0xC0, 0xFF, 0xE0,
    0x00, 0x00, 0x00, 0xC0, 0xFF, 0xE0, 0x00, 0x00, 0x00, 0xC0, 0xFF, 0xE0, 0x00, 0x00, 0x00, 0xC0,
    0xFF, 0xE0, 0x00, 0x00, 0x00, 0xC0, 0xFF, 0xE0, 0x00, 0x00, 0x00, 0xC0, 0xFF, 0xE0, 0x00, 0x00,
    // Unicode: [0x013B]
    0x9C, 0xFF, 0xFF, 0x34, 0x00, 0x00, 0x00, 0x00, 0x00, 0x9C, 0xFF, 0xFF, 0x34, 0x00, 0x00, 0x00,
    0x00, 0x00, 0x9C, 0xFF, 0xFF, 0x34, 0x00, 0x00, 0x00, 0x00, 0x00, 0x9C, 0xFF, 0xFF, 0x34, 0x00,
    0x00, 0x00, 0x00, 0x00, 0x9C, 0xFF, 0xFF, 0x34, 0x00, 0x00, 0x00, 0x00, 0x00, 0x9C, 0xFF, 0xFF,
    0x34, 0x00, 0x00, 0x00, 0x00, 0x00, 0x9C, 0xFF, 0xFF, 0x34, 0x00, 0x00, 0x00, 0x00, 0x00, 0x9C,
    0xFF, 0xFF, 0x34, 0x00, 0x00, 0x00, 0x00, 0x00, 0x9C, 0xFF, 0xFF, 0x34, 0x00, 0x00, 0x00, 0x00,
    0x00, 0x9C, 0xFF, 0xFF, 0x6D, 0x48, 0x48, 0x48, 0x48, 0x13, 0x9C, 0xFF, 0xFF, 0xFF, 0xFF, 0xFF,
    0xFF, 0xFF, 0x44, 0x9C, 0xFF, 0xFF, 0xFF, 0xFF, 0xFF, 0xFF, 0xFF, 0x44, 0x00, 0x00, 0x00, 0x00,
    0x97, 0xFF, 0x11, 0x00, 0x00, 0x00, 0x10, 0x96, 0x86, 0xF1, 0xE4, 0x00, 0x00, 0x00, 0x00, 0x13,
    0xEB, 0xF9, 0xCD, 0x38, 0x00, 0x00, 0x00,
    // Unicode: [0x013C]
    0x00, 0xC0, 0xFF, 0xE0, 0x00, 0x00, 0xC0, 0xFF, 0xE0, 0x00, 0x00, 0xC0, 0xFF, 0xE0, 0x00, 0x00,
    0xC0, 0xFF, 0xE0, 0x00, 0x00, 0xC0, 0xFF, 0xE0, 0x00, 0x00, 0xC0, 0xFF, 0xE0, 0x00, 0x00, 0xC0,
    0xFF, 0xE0, 0x00, 0x00, 0xC0, 0xFF, 0xE0, 0x00, 0x00, 0xC0, 0xFF, 0xE0, 0x00, 0x00, 0xC0, 0xFF,
    0xE0, 0x00, 0x00, 0xC0, 0xFF, 0xE0, 0x00, 0x00, 0xC0, 0xFF, 0xE7, 0x1E, 0x00, 0x00, 0x1C, 0xFF,
    0x8D, 0x68, 0x81, 0xBC, 0xFF, 0x5E, 0x8B, 0xFA, 0xEB, 0x8E, 0x02,
    // Unicode: [0x013D]
    0x9C, 0xFF, 0xFF, 0x34, 0x00, 0x5D, 0xFF, 0xFF, 0x38, 0x9C, 0xFF, 0xFF, 0x34, 0x00, 0x9D, 0xFF,
    0xC1, 0x00, 0x9C, 0xFF, 0xFF, 0x34, 0x00, 0xDE, 0xFF, 0x4A, 0x00, 0x9C, 0xFF, 0xFF, 0x34, 0x1E,
    0xFF, 0xD2, 0x00, 0x00, 0x9C, 0xFF, 0xFF, 0x34, 0x2F, 0x94, 0x44, 0x00, 0x00, 0x9C, 0xFF, 0xFF,
    0x34, 0x00, 0x00, 0x00, 0x00, 0x00, 0x9C, 0xFF, 0xFF, 0x34, 0x00, 0x00, 0x00, 0x00, 0x00, 0x9C,
    0xFF, 0xFF, 0x34, 0x00, 0x00, 0x00, 0x00, 0x00, 0x9C, 0xFF, 0xFF, 0x34, 0x00, 0x00, 0x00, 0x00,
    0x00, 0x9C, 0xFF, 0xFF, 0x63, 0x3C, 0x3C, 0x3C, 0x3C, 0x0F, 0x9C, 0xFF, 0xFF, 0xFF, 0xFF, 0xFF,
    0xFF, 0xFF, 0x44, 0x9C, 0xFF, 0xFF, 0xFF, 0xFF, 0xFF, 0xFF, 0xFF, 0x44,
    // Unicode: [0x013E]
    0xC0, 0xFF, 0xE0, 0x00, 0x44, 0xFF, 0xFF, 0x54, 0xC0, 0xFF, 0xE0, 0x00, 0x84, 0xFF, 0xDB, 0x02,
    0xC0, 0xFF, 0xE0, 0x00, 0xC4, 0xFF, 0x66, 0x00, 0xC0, 0xFF, 0xE0, 0x09, 0xF9, 0xE7, 0x07, 0x00,
    0xC0, 0xFF, 0xE0, 0x1F, 0x94, 0x54, 0x00, 0x00, 0xC0, 0xFF, 0xE0, 0x00, 0x00, 0x00, 0x00, 0x00,
    0xC0, 0xFF, 0xE0, 0x00, 0x00, 0x00, 0x00, 0x00, 0xC0, 0xFF, 0xE0, 0x00, 0x00, 0x00, 0x00, 0x00,
    0xC0, 0xFF, 0xE0, 0x00, 0x00, 0x00, 0x00, 0x00, 0xC0, 0xFF, 0xE0, 0x00, 0x00, 0x00, 0x00, 0x00,
    0xC0, 0xFF, 0xE0, 0x00, 0x00, 0x00, 0x00, 0x00, 0xC0, 0xFF, 0xE0, 0x00, 0x00, 0x00, 0x00, 0x00,
    // Unicode: [0x013F]
    0x9C, 0xFF, 0xFF, 0x34, 0x00, 0x00, 0x00, 0x00, 0x00, 0x9C, 0xFF, 0xFF, 0x34, 0x00, 0x00, 0x00,
    0x00, 0x00, 0x9C, 0xFF, 0xFF, 0x34, 0x00, 0x00, 0x00, 0x00, 0x00, 0x9C, 0xFF, 0xFF, 0x34, 0x00,
    0x00, 0x00, 0x00, 0x00, 0x9C, 0xFF, 0xFF, 0x34, 0x00, 0xC8, 0xFF, 0xF4, 0x00, 0x9C, 0xFF, 0xFF,
    0x34, 0x00, 0xC8, 0xFF, 0xF4, 0x00, 0x9C, 0xFF, 0xFF, 0x34, 0x00, 0xC8, 0xFF, 0xF4, 0x00, 0x9C,
    0xFF, 0xFF, 0x34, 0x00, 0x0C, 0x10, 0x0F, 0x00, 0x9C, 0xFF, 0xFF, 0x34, 0x00, 0x00, 0x00, 0x00,
    0x00, 0x9C, 0xFF, 0xFF, 0x63, 0x3C, 0x3C, 0x3C, 0x3C, 0x0F, 0x9C, 0xFF, 0xFF, 0xFF, 0xFF, 0xFF,
    0xFF, 0xFF, 0x44, 0x9C, 0xFF, 0xFF, 0xFF, 0xFF, 0xFF, 0xFF, 0xFF, 0x44,
    // Unicode: [0x0140]
    0xC0, 0xFF, 0xE0, 0x00, 0x00, 0x00, 0x00, 0x00, 0xC0, 0xFF, 0xE0, 0x00, 0x00, 0x00, 0x00, 0x00,
    0xC0, 0xFF, 0xE0, 0x00, 0x00, 0x00, 0x00, 0x00, 0xC0, 0xFF, 0xE0, 0x00, 0x00, 0x00, 0x00, 0x00,
    0xC0, 0xFF, 0xE0, 0x00, 0x98, 0xFF, 0xFF, 0x14, 0xC0, 0xFF, 0xE0, 0x00, 0x98, 0xFF, 0xFF, 0x14,
    0xC0, 0xFF, 0xE0, 0x00, 0x98, 0xFF, 0xFF, 0x14, 0xC0, 0xFF, 0xE0, 0x00, 0x09, 0x10, 0x10, 0x01,
    0xC0, 0xFF, 0xE0, 0x00, 0x00, 0x00, 0x00, 0x00, 0xC0, 0xFF, 0xE0, 0x00, 0x00, 0x00, 0x00, 0x00,
    0xC0, 0xFF, 0xE0, 0x00, 0x00, 0x00, 0x00, 0x00, 0xC0, 0xFF, 0xE0, 0x00, 0x00, 0x00, 0x00, 0x00,
    // Unicode: [0x0141]
    0x00, 0x94, 0xFF, 0xFF, 0x3C, 0x00, 0x00, 0x00, 0x00, 0x00, 0x00, 0x94, 0xFF, 0xFF, 0x3C, 0x00,
    0x0C, 0x00, 0x00, 0x00, 0x00, 0x94, 0xFF, 0xFF, 0x3C, 0x38, 0xAB, 0x00, 0x00, 0x00, 0x00, 0x94,
    0xFF, 0xFF, 0x88, 0xF5, 0xB9, 0x00, 0x00, 0x00, 0x00, 0x94, 0xFF, 0xFF, 0xFF, 0xD3, 0x1C, 0x00,
    0x00, 0x00, 0x00, 0x94, 0xFF, 0xFF, 0xBE, 0x0F, 0x00, 0x00, 0x00, 0x00, 0x19, 0xD5, 0xFF, 0xFF,
    0x3C, 0x00, 0x00, 0x00, 0x00, 0x00, 0xC5, 0xFF, 0xFF, 0xFF, 0x3C, 0x00, 0x00, 0x00, 0x00, 0x00,
    0xC1, 0xC3, 0xFF, 0xFF, 0x3C, 0x00, 0x00, 0x00, 0x00, 0x00, 0x15, 0x94, 0xFF, 0xFF, 0x69, 0x3C,
    0x3C, 0x3C, 0x3C, 0x11, 0x00, 0x94, 0xFF, 0xFF, 0xFF, 0xFF, 0xFF, 0xFF, 0xFF, 0x4C, 0x00, 0x94,
    0xFF, 0xFF, 0xFF, 0xFF, 0xFF, 0xFF, 0xFF, 0x4C,
    // Unicode: [0x0142]
    0x00, 0xB0, 0xFF, 0xF4, 0x00, 0x00, 0x00, 0xB0, 0xFF, 0xF4, 0x00, 0x00, 0x00, 0xB0, 0xFF, 0xF4,
    0x00, 0x00, 0x00, 0xB0, 0xFF, 0xF4, 0x25, 0x0F, 0x00, 0xB0, 0xFF, 0xFB, 0xED, 0x1C, 0x00, 0xB0,
    0xFF, 0xFF, 0xB4, 0x07, 0x56, 0xF6, 0xFF, 0xF5, 0x02, 0x00, 0xD4, 0xF7, 0xFF, 0xF4, 0x00, 0x00,
    0x51, 0xB0, 0xFF, 0xF4, 0x00, 0x00, 0x00, 0xB0, 0xFF, 0xF4, 0x00, 0x00, 0x00, 0xB0, 0xFF, 0xF4,
    0x00, 0x00, 0x00, 0xB0, 0xFF, 0xF4, 0x00, 0x00,
    // Unicode: [0x0143]
    0x00, 0x00, 0x00, 0x00, 0x00, 0xB5, 0xFF, 0xCB, 0x09, 0x00, 0x00, 0x00, 0x00, 0x00, 0x00, 0x50,
    0xFF, 0xDA, 0x15, 0x00, 0x00, 0x00, 0x00, 0x00, 0x00, 0x0A, 0xE0, 0xE6, 0x21, 0x00, 0x00, 0x00,
    0x00, 0x00, 0x00, 0x00, 0x00, 0x00, 0x00, 0x00, 0x00, 0x00, 0x00, 0x00, 0x9C, 0xFF, 0xFF, 0xF1,
    0x17, 0x00, 0x00, 0x44, 0xFF, 0xFF, 0x50, 0x9C, 0xFF, 0xFF, 0xFF, 0x9E, 0x00, 0x00, 0x44, 0xFF,
    0xFF, 0x50, 0x9C, 0xFF, 0xFF, 0xFF, 0xFE, 0x34, 0x00, 0x44, 0xFF, 0xFF, 0x50, 0x9C, 0xFF, 0xFE,
    0xFD, 0xFF, 0xC6, 0x00, 0x44, 0xFF, 0xFF, 0x50, 0x9C, 0xFF, 0xF8, 0x9F, 0xFF, 0xFF, 0x5B, 0x44,
    0xFF, 0xFF, 0x50, 0x9C, 0xFF, 0xF8, 0x1A, 0xF4, 0xFF, 0xE4, 0x4F, 0xFF, 0xFF, 0x50, 0x9C, 0xFF,
    0xF8, 0x00, 0x7F, 0xFF, 0xFF, 0xC7, 0xFF, 0xFF, 0x50, 0x9C, 0xFF, 0xF8, 0x00, 0x0A, 0xE4, 0xFF,
    0xFF, 0xFF, 0xFF, 0x50, 0x9C, 0xFF, 0xF8, 0x00, 0x00, 0x60, 0xFF, 0xFF, 0xFF, 0xFF, 0x50, 0x9C,
    0xFF, 0xF8, 0x00, 0x00, 0x01, 0xCD, 0xFF, 0xFF, 0xFF, 0x50, 0x9C, 0xFF, 0xF8, 0x00, 0x00, 0x00,
    0x40, 0xFF, 0xFF, 0xFF, 0x50, 0x9C, 0xFF, 0xF8, 0x00, 0x00, 0x00, 0x00, 0xB0, 0xFF, 0xFF, 0x50,
    // Unicode: [0x0144]
    0x00, 0x00, 0x00, 0x04, 0xD1, 0xFF, 0xAF, 0x01, 0x00, 0x00, 0x00, 0x00, 0x79, 0xFF, 0xB9, 0x06,
    0x00, 0x00, 0x00, 0x00, 0x15, 0xCF, 0xB2, 0x0A, 0x00, 0x00, 0x00, 0x00, 0x00, 0x00, 0x00, 0x00,
    0x00, 0x00, 0x00, 0x00, 0xC0, 0xFF, 0xE0, 0x45, 0xC9, 0xF7, 0xD9, 0x54, 0x00, 0xC0, 0xFF, 0xFD,
    0xFF, 0xFF, 0xFF, 0xFF, 0xFA, 0x22, 0xC0, 0xFF, 0xF9, 0x8A, 0x5B, 0xBC, 0xFF, 0xFF, 0x64, 0xC0,
    0xFF, 0xE0, 0x00, 0x00, 0x3B, 0xFF, 0xFF, 0x7E, 0xC0, 0xFF, 0xE0, 0x00, 0x00, 0x27, 0xFF, 0xFF,
    0x80, 0xC0, 0xFF, 0xE0, 0x00, 0x00, 0x24, 0xFF, 0xFF, 0x80, 0xC0, 0xFF, 0xE0, 0x00, 0x00, 0x24,
    0xFF, 0xFF, 0x80, 0xC0, 0xFF, 0xE0, 0x00, 0x00, 0x24, 0xFF, 0xFF, 0x80, 0xC0, 0xFF, 0xE0, 0x00,
    0x00, 0x24, 0xFF, 0xFF, 0x80,
    // Unicode: [0x0145]
    0x9C, 0xFF, 0xFF, 0xF1, 0x17, 0x00, 0x00, 0x44, 0xFF, 0xFF, 0x50, 0x9C, 0xFF, 0xFF, 0xFF, 0x9E,
    0x00, 0x00, 0x44, 0xFF, 0xFF, 0x50, 0x9C, 0xFF, 0xFF, 0xFF, 0xFE, 0x34, 0x00, 0x44, 0xFF, 0xFF,
    0x50, 0x9C, 0xFF, 0xFE, 0xFD, 0xFF, 0xC6, 0x00, 0x44, 0xFF, 0xFF, 0x50, 0x9C, 0xFF, 0xF8, 0x9F,
    0xFF, 0xFF, 0x5B, 0x44, 0xFF, 0xFF, 0x50, 0x9C, 0xFF, 0xF8, 0x1A, 0xF4, 0xFF, 0xE4, 0x4F, 0xFF,
    0xFF, 0x50, 0x9C, 0xFF, 0xF8, 0x00, 0x7F, 0xFF, 0xFF, 0xC7, 0xFF, 0xFF, 0x50, 0x9C, 0xFF, 0xF8,
    0x00, 0x0A, 0xE4, 0xFF, 0xFF, 0xFF, 0xFF, 0x50, 0x9C, 0xFF, 0xF8, 0x00, 0x00, 0x60, 0xFF, 0xFF,
    0xFF, 0xFF, 0x50, 0x9C, 0xFF, 0xF8, 0x00, 0x00, 0x01, 0xCD, 0xFF, 0xFF, 0xFF, 0x50, 0x9C, 0xFF,
    0xF8, 0x00, 0x00, 0x00, 0x40, 0xFF, 0xFF, 0xFF, 0x50, 0x9C, 0xFF, 0xF8, 0x00, 0x09, 0x1C, 0x08,
    0xB0, 0xFF, 0xFF, 0x50, 0x00, 0x00, 0x00, 0x00, 0x5C, 0xFF, 0x4E, 0x00, 0x00, 0x00, 0x00, 0x00,
    0x00, 0x86, 0x80, 0xDA, 0xFD, 0x24, 0x00, 0x00, 0x00, 0x00, 0x00, 0x00, 0xC4, 0xFC, 0xE0, 0x62,
    0x00, 0x00, 0x00, 0x00, 0x00,
    // Unicode: [0x0146]
    0xC0, 0xFF, 0xE1, 0x59, 0xCF, 0xF8, 0xD9, 0x54, 0x00, 0xC0, 0xFF, 0xFF, 0xFF, 0xFF, 0xFF, 0xFF,
    0xFA, 0x22, 0xC0, 0xFF, 0xF2, 0x4F, 0x1F, 0x93, 0xFF, 0xFF, 0x64, 0xC0, 0xFF, 0xE0, 0x00, 0x00,
    0x35, 0xFF, 0xFF, 0x7E, 0xC0, 0xFF, 0xE0, 0x00, 0x00, 0x26, 0xFF, 0xFF, 0x80, 0xC0, 0xFF, 0xE0,
    0x00, 0x00, 0x24, 0xFF, 0xFF, 0x80, 0xC0, 0xFF, 0xE0, 0x00, 0x00, 0x24, 0xFF, 0xFF, 0x80, 0xC0,
    0xFF, 0xE0, 0x00, 0x00, 0x24, 0xFF, 0xFF, 0x80, 0xC0, 0xFF, 0xE0, 0x09, 0x1C, 0x2C, 0xFF, 0xFF,
    0x80, 0x00, 0x00, 0x00, 0x58, 0xFF, 0x4E, 0x00, 0x00, 0x00, 0x00, 0x87, 0x80, 0xD8, 0xFD, 0x24,
    0x00, 0x00, 0x00, 0x00, 0xC4, 0xFC, 0xE0, 0x62, 0x00, 0x00, 0x00, 0x00,
    // Unicode: [0x0147]
    0x00, 0x00, 0x64, 0xFF, 0x8B, 0x00, 0x88, 0xFF, 0x5F, 0x00, 0x00, 0x00, 0x00, 0x00, 0x9A, 0xFF,
    0x96, 0xFE, 0x95, 0x00, 0x00, 0x00, 0x00, 0x00, 0x00, 0x07, 0xC9, 0xFF, 0xC6, 0x06, 0x00, 0x00,
    0x00, 0x00, 0x00, 0x00, 0x00, 0x00, 0x00, 0x00, 0x00, 0x00, 0x00, 0x00, 0x9C, 0xFF, 0xFF, 0xF1,
    0x17, 0x00, 0x00, 0x44, 0xFF, 0xFF, 0x50, 0x9C, 0xFF, 0xFF, 0xFF, 0x9E, 0x00, 0x00, 0x44, 0xFF,
    0xFF, 0x50, 0x9C, 0xFF, 0xFF, 0xFF, 0xFE, 0x34, 0x00, 0x44, 0xFF, 0xFF, 0x50, 0x9C, 0xFF, 0xFE,
    0xFD, 0xFF, 0xC6, 0x00, 0x44, 0xFF, 0xFF, 0x50, 0x9C, 0xFF, 0xF8, 0x9F, 0xFF, 0xFF, 0x5B, 0x44,
    0xFF, 0xFF, 0x50, 0x9C, 0xFF, 0xF8, 0x1A, 0xF4, 0xFF, 0xE4, 0x4F, 0xFF, 0xFF, 0x50, 0x9C, 0xFF,
    0xF8, 0x00, 0x7F, 0xFF, 0xFF, 0xC7, 0xFF, 0xFF, 0x50, 0x9C, 0xFF, 0xF8, 0x00, 0x0A, 0xE4, 0xFF,
    0xFF, 0xFF, 0xFF, 0x50, 0x9C, 0xFF, 0xF8, 0x00, 0x00, 0x60, 0xFF, 0xFF, 0xFF, 0xFF, 0x50, 0x9C,
    0xFF, 0xF8, 0x00, 0x00, 0x01, 0xCD, 0xFF, 0xFF, 0xFF, 0x50, 0x9C, 0xFF, 0xF8, 0x00, 0x00, 0x00,
    0x40, 0xFF, 0xFF, 0xFF, 0x50, 0x9C, 0xFF, 0xF8, 0x00, 0x00, 0x00, 0x00, 0xB0, 0xFF, 0xFF, 0x50,
    // Unicode: [0x0148]
    0x00, 0x71, 0xFF, 0x7E, 0x00, 0x98, 0xFE, 0x50, 0x00, 0x00, 0x00, 0xA8, 0xFD, 0x96, 0xFF, 0x87,
    0x00, 0x00, 0x00, 0x00, 0x0B, 0xD4, 0xFF, 0xBD, 0x03, 0x00, 0x00, 0x00, 0x00, 0x00, 0x00, 0x00,
    0x00, 0x00, 0x00, 0x00, 0xC0, 0xFF, 0xE1, 0x59, 0xCF, 0xF8, 0xD9, 0x54, 0x00, 0xC0, 0xFF, 0xFF,
    0xFF, 0xFF, 0xFF, 0xFF, 0xFA, 0x22, 0xC0, 0xFF, 0xF2, 0x4F, 0x1F, 0x93, 0xFF, 0xFF, 0x64, 0xC0,
    0xFF, 0xE0, 0x00, 0x00, 0x35, 0xFF, 0xFF, 0x7E, 0xC0, 0xFF, 0xE0, 0x00, 0x00, 0x26, 0xFF, 0xFF,
    0x80, 0xC0, 0xFF, 0xE0, 0x00, 0x00, 0x24, 0xFF, 0xFF, 0x80, 0xC0, 0xFF, 0xE0, 0x00, 0x00, 0x24,
    0xFF, 0xFF, 0x80, 0xC0, 0xFF, 0xE0, 0x00, 0x00, 0x24, 0xFF, 0xFF, 0x80, 0xC0, 0xFF, 0xE0, 0x00,
    0x00, 0x24, 0xFF, 0xFF, 0x80,
    // Unicode: [0x0149]
    0x00, 0x2D, 0xFF, 0xFF, 0x68, 0x00, 0x00, 0x00, 0x00, 0x00, 0x00, 0x00, 0x00, 0x00, 0x6D, 0xFF,
    0xE9, 0x08, 0x00, 0x00, 0x00, 0x00, 0x00, 0x00, 0x00, 0x00, 0x00, 0xAE, 0xFF, 0x7A, 0x00, 0x00,
    0x00, 0x00, 0x00, 0x00, 0x00, 0x00, 0x00, 0x01, 0xEC, 0xF2, 0x20, 0xFF, 0xFF, 0x94, 0x69, 0xDB,
    0xF4, 0xC0, 0x28, 0x00, 0x13, 0x94, 0x5F, 0x10, 0xFF, 0xFF, 0xF5, 0xFF, 0xFF, 0xFF, 0xFF, 0xCF,
    0x00, 0x00, 0x00, 0x00, 0x10, 0xFF, 0xFF, 0xE9, 0x80, 0x73, 0xEC, 0xFF, 0xFF, 0x18, 0x00, 0x00,
    0x00, 0x10, 0xFF, 0xFF, 0x94, 0x00, 0x00, 0x8C, 0xFF, 0xFF, 0x32, 0x00, 0x00, 0x00, 0x10, 0xFF,
    0xFF, 0x94, 0x00, 0x00, 0x78, 0xFF, 0xFF, 0x34, 0x00, 0x00, 0x00, 0x10, 0xFF, 0xFF, 0x94, 0x00,
    0x00, 0x74, 0xFF, 0xFF, 0x34, 0x00, 0x00, 0x00, 0x10, 0xFF, 0xFF, 0x94, 0x00, 0x00, 0x74, 0xFF,
    0xFF, 0x34, 0x00, 0x00, 0x00, 0x10, 0xFF, 0xFF, 0x94, 0x00, 0x00, 0x74, 0xFF, 0xFF, 0x34, 0x00,
    0x00, 0x00, 0x10, 0xFF, 0xFF, 0x94, 0x00, 0x00, 0x74, 0xFF, 0xFF, 0x34,
    // Unicode: [0x014A]
    0x9C, 0xFF, 0xFF, 0xF2, 0x18, 0x00, 0x00, 0x44, 0xFF, 0xFF, 0x50, 0x9C, 0xFF, 0xFF, 0xFF, 0xA1,
    0x00, 0x00, 0x44, 0xFF, 0xFF, 0x50, 0x9C, 0xFF, 0xFF, 0xFF, 0xFE, 0x39, 0x00, 0x44, 0xFF, 0xFF,
    0x50, 0x9C, 0xFF, 0xFE, 0xFD, 0xFF, 0xCB, 0x02, 0x44, 0xFF, 0xFF, 0x50, 0x9C, 0xFF, 0xF8, 0x9C,
    0xFF, 0xFF, 0x64, 0x44, 0xFF, 0xFF, 0x50, 0x9C, 0xFF, 0xF8, 0x16, 0xF1, 0xFF, 0xEA, 0x54, 0xFF,
    0xFF, 0x50, 0x9C, 0xFF, 0xF8, 0x00, 0x75, 0xFF, 0xFF, 0xD1, 0xFF, 0xFF, 0x50, 0x9C, 0xFF, 0xF8,
    0x00, 0x06, 0xDA, 0xFF, 0xFF, 0xFF, 0xFF, 0x50, 0x9C, 0xFF, 0xF8, 0x00, 0x00, 0x4D, 0xFF, 0xFF,
    0xFF, 0xFF, 0x50, 0x9C, 0xFF, 0xF8, 0x00, 0x00, 0x00, 0xB9, 0xFF, 0xFF, 0xFF, 0x50, 0x9C, 0xFF,
    0xF8, 0x00, 0x00, 0x00, 0x2A, 0xFB, 0xFF, 0xFF, 0x50, 0x9C, 0xFF, 0xF8, 0x00, 0x00, 0x00, 0x00,
    0x93, 0xFF, 0xFF, 0x4F, 0x00, 0x00, 0x00, 0x00, 0x00, 0x3B, 0x41, 0xA2, 0xFF, 0xFF, 0x32, 0x00,
    0x00, 0x00, 0x00, 0x00, 0xEC, 0xFF, 0xFF, 0xFF, 0xD5, 0x05, 0x00, 0x00, 0x00, 0x00, 0x00, 0xD0,
    0xF8, 0xF2, 0xB6, 0x23, 0x00,
    // Unicode: [0x014B]
    0xC0, 0xFF, 0xE1, 0x59, 0xCF, 0xF8, 0xD9, 0x57, 0x00, 0xC0, 0xFF, 0xFF, 0xFF, 0xFF, 0xFF, 0xFF,
    0xFA, 0x24, 0xC0, 0xFF, 0xF2, 0x4F, 0x1F, 0x90, 0xFF, 0xFF, 0x66, 0xC0, 0xFF, 0xE0, 0x00, 0x00,
    0x34, 0xFF, 0xFF, 0x7F, 0xC0, 0xFF, 0xE0, 0x00, 0x00, 0x25, 0xFF, 0xFF, 0x80, 0xC0, 0xFF, 0xE0,
    0x00, 0x00, 0x24, 0xFF, 0xFF, 0x80, 0xC0, 0xFF, 0xE0, 0x00, 0x00, 0x24, 0xFF, 0xFF, 0x80, 0xC0,
    0xFF, 0xE0, 0x00, 0x00, 0x24, 0xFF, 0xFF, 0x80, 0xC0, 0xFF, 0xE0, 0x00, 0x00, 0x33, 0xFF, 0xFF,
    0x7E, 0x00, 0x00, 0x00, 0x1C, 0x30, 0x9F, 0xFF, 0xFF, 0x5F, 0x00, 0x00, 0x00, 0xA4, 0xFF, 0xFF,
    0xFF, 0xEE, 0x15, 0x00, 0x00, 0x00, 0x8E, 0xF4, 0xF8, 0xC8, 0x37, 0x00,
    // Unicode: [0x014C]
    0x00, 0x00, 0x00, 0x90, 0xFF, 0xFF, 0xFF, 0xFF, 0xFF, 0x50, 0x00, 0x00, 0x00, 0x00, 0x00, 0x5A,
    0xA0, 0xA0, 0xA0, 0xA0, 0xA0, 0x32, 0x00, 0x00, 0x00, 0x00, 0x00, 0x00, 0x00, 0x00, 0x00, 0x00,
    0x00, 0x00, 0x00, 0x00, 0x00, 0x00, 0x00, 0x4F, 0xB8, 0xED, 0xFA, 0xE4, 0xA4, 0x2E, 0x00, 0x00,
    0x00, 0x00, 0x93, 0xFF, 0xFF, 0xFF, 0xFF, 0xFF, 0xFF, 0xFA, 0x58, 0x00, 0x00, 0x5E, 0xFF, 0xFF,
    0xE9, 0x64, 0x3E, 0x81, 0xFC, 0xFF, 0xF7, 0x26, 0x00, 0xD7, 0xFF, 0xFF, 0x3C, 0x00, 0x00, 0x00,
    0x7E, 0xFF, 0xFF, 0x96, 0x1A, 0xFF, 0xFF, 0xE0, 0x00, 0x00, 0x00, 0x00, 0x1A, 0xFF, 0xFF, 0xD9,
    0x37, 0xFF, 0xFF, 0xBD, 0x00, 0x00, 0x00, 0x00, 0x00, 0xF4, 0xFF, 0xF6, 0x37, 0xFF, 0xFF, 0xB3,
    0x00, 0x00, 0x00, 0x00, 0x01, 0xF9, 0xFF, 0xF6, 0x1A, 0xFF, 0xFF, 0xD7, 0x00, 0x00, 0x00, 0x00,
    0x1F, 0xFF, 0xFF, 0xDA, 0x00, 0xD7, 0xFF, 0xFF, 0x3A, 0x00, 0x00, 0x00, 0x87, 0xFF, 0xFF, 0x97,
    0x00, 0x60, 0xFF, 0xFF, 0xEC, 0x63, 0x3A, 0x83, 0xFD, 0xFF, 0xF8, 0x27, 0x00, 0x00, 0x97, 0xFF,
    0xFF, 0xFF, 0xFF, 0xFF, 0xFF, 0xFB, 0x5C, 0x00, 0x00, 0x00, 0x00, 0x52, 0xBA, 0xEE, 0xFA, 0xE6,
    0xA6, 0x31, 0x00, 0x00,
    // Unicode: [0x014D]
    0x00, 0x00, 0xC8, 0xFF, 0xFF, 0xFF, 0xFF, 0xFF, 0x18, 0x00, 0x00, 0x00, 0x80, 0xA4, 0xA4, 0xA4,
    0xA4, 0xA4, 0x0F, 0x00, 0x00, 0x00, 0x00, 0x00, 0x00, 0x00, 0x00, 0x00, 0x00, 0x00, 0x00, 0x00,
    0x4B, 0xC0, 0xF2, 0xF8, 0xD5, 0x79, 0x04, 0x00, 0x00, 0x65, 0xFF, 0xFF, 0xFF, 0xFD, 0xFF, 0xFF,
    0xAF, 0x00, 0x0B, 0xF0, 0xFF, 0xE0, 0x1F, 0x09, 0xAA, 0xFF, 0xFF, 0x47, 0x43, 0xFF, 0xFF, 0x80,
    0x00, 0x00, 0x36, 0xFF, 0xFF, 0x8E, 0x57, 0xFF, 0xFF, 0x66, 0x00, 0x00, 0x19, 0xFF, 0xFF, 0xA3,
    0x43, 0xFF, 0xFF, 0x7E, 0x00, 0x00, 0x2B, 0xFF, 0xFF, 0x8F, 0x0B, 0xF1, 0xFF, 0xDF, 0x1B, 0x06,
    0xA6, 0xFF, 0xFF, 0x49, 0x00, 0x68, 0xFF, 0xFF, 0xFF, 0xFB, 0xFF, 0xFF, 0xB3, 0x01, 0x00, 0x00,
    0x4E, 0xC1, 0xF3, 0xF9, 0xD7, 0x7A, 0x05, 0x00,
    // Unicode: [0x014E]
    0x00, 0x00, 0x00, 0x68, 0xFF, 0x37, 0x00, 0x7D, 0xFF, 0x22, 0x00, 0x00, 0x00, 0x00, 0x00, 0x34,
    0xFF, 0x9B, 0x29, 0xD2, 0xE7, 0x04, 0x00, 0x00, 0x00, 0x00, 0x00, 0x00, 0x8F, 0xFF, 0xFF, 0xF5,
    0x50, 0x00, 0x00, 0x00, 0x00, 0x00, 0x00, 0x00, 0x00, 0x1F, 0x3C, 0x12, 0x00, 0x00, 0x00, 0x00,
    0x00, 0x00, 0x00, 0x4F, 0xB8, 0xED, 0xFA, 0xE4, 0xA4, 0x2E, 0x00, 0x00, 0x00, 0x00, 0x93, 0xFF,
    0xFF, 0xFF, 0xFF, 0xFF, 0xFF, 0xFA, 0x58, 0x00, 0x00, 0x5E, 0xFF, 0xFF, 0xE9, 0x64, 0x3E, 0x81,
    0xFC, 0xFF, 0xF7, 0x26, 0x00, 0xD7, 0xFF, 0xFF, 0x3C, 0x00, 0x00, 0x00, 0x7E, 0xFF, 0xFF, 0x96,
    0x1A, 0xFF, 0xFF, 0xE0, 0x00, 0x00, 0x00, 0x00, 0x1A, 0xFF, 0xFF, 0xD9, 0x37, 0xFF, 0xFF, 0xBD,
    0x00, 0x00, 0x00, 0x00, 0x00, 0xF4, 0xFF, 0xF6, 0x37, 0xFF, 0xFF, 0xB3, 0x00, 0x00, 0x00, 0x00,
    0x01, 0xF9, 0xFF, 0xF6, 0x1A, 0xFF, 0xFF, 0xD7, 0x00, 0x00, 0x00, 0x00, 0x1F, 0xFF, 0xFF, 0xDA,
    0x00, 0xD7, 0xFF, 0xFF, 0x3A, 0x00, 0x00, 0x00, 0x87, 0xFF, 0xFF, 0x97, 0x00, 0x60, 0xFF, 0xFF,
    0xEC, 0x63, 0x3A, 0x83, 0xFD, 0xFF, 0xF8, 0x27, 0x00, 0x00, 0x97, 0xFF, 0xFF, 0xFF, 0xFF, 0xFF,
    0xFF, 0xFB, 0x5C, 0x00, 0x00, 0x00, 0x00, 0x52, 0xBA, 0xEE, 0xFA, 0xE6, 0xA6, 0x31, 0x00, 0x00,
    // Unicode: [0x014F]
    0x00, 0x00, 0xA0, 0xFC, 0x03, 0x00, 0xB5, 0xE6, 0x00, 0x00, 0x00, 0x00, 0x6C, 0xFF, 0x6B, 0x38,
    0xF2, 0xAF, 0x00, 0x00, 0x00, 0x00, 0x09, 0xC1, 0xFF, 0xFF, 0xE1, 0x28, 0x00, 0x00, 0x00, 0x00,
    0x00, 0x02, 0x2C, 0x37, 0x09, 0x00, 0x00, 0x00, 0x00, 0x00, 0x4B, 0xC0, 0xF2, 0xF8, 0xD5, 0x79,
    0x04, 0x00, 0x00, 0x65, 0xFF, 0xFF, 0xFF, 0xFD, 0xFF, 0xFF, 0xAF, 0x00, 0x0B, 0xF0, 0xFF, 0xE0,
    0x1F, 0x09, 0xAA, 0xFF, 0xFF, 0x47, 0x43, 0xFF, 0xFF, 0x80, 0x00, 0x00, 0x36, 0xFF, 0xFF, 0x8E,
    0x57, 0xFF, 0xFF, 0x66, 0x00, 0x00, 0x19, 0xFF, 0xFF, 0xA3, 0x43, 0xFF, 0xFF, 0x7E, 0x00, 0x00,
    0x2B, 0xFF, 0xFF, 0x8F, 0x0B, 0xF1, 0xFF, 0xDF, 0x1B, 0x06, 0xA6, 0xFF, 0xFF, 0x49, 0x00, 0x68,
    0xFF, 0xFF, 0xFF, 0xFB, 0xFF, 0xFF, 0xB3, 0x01, 0x00, 0x00, 0x4E, 0xC1, 0xF3, 0xF9, 0xD7, 0x7A,
    0x05, 0x00,
    // Unicode: [0x0150]
    0x00, 0x00, 0x00, 0x00, 0x02, 0x10, 0x10, 0x02, 0x10, 0x10, 0x03, 0x00, 0x00, 0x00, 0x00, 0x00,
    0x62, 0xFF, 0xBE, 0x46, 0xFF, 0xD5, 0x06, 0x00, 0x00, 0x00, 0x00, 0x00, 0xCF, 0xF7, 0x25, 0xB4,
    0xFD, 0x39, 0x00, 0x00, 0x00, 0x00, 0x00, 0x3D, 0xFF, 0x79, 0x23, 0xFD, 0x92, 0x00, 0x00, 0x00,
    0x00, 0x00, 0x00, 0x00, 0x00, 0x00, 0x00, 0x00, 0x00, 0x00, 0x00, 0x00, 0x00, 0x00, 0x00, 0x4F,
    0xB8, 0xED, 0xFA, 0xE4, 0xA4, 0x2E, 0x00, 0x00, 0x00, 0x00, 0x93, 0xFF, 0xFF, 0xFF, 0xFF, 0xFF,
    0xFF, 0xFA, 0x58, 0x00, 0x00, 0x5E, 0xFF, 0xFF, 0xE9, 0x64, 0x3E, 0x81, 0xFC, 0xFF, 0xF7, 0x26,
    0x00, 0xD7, 0xFF, 0xFF, 0x3C, 0x00, 0x00, 0x00, 0x7E, 0xFF, 0xFF, 0x96, 0x1A, 0xFF, 0xFF, 0xE0,
    0x00, 0x00, 0x00, 0x00, 0x1A, 0xFF, 0xFF, 0xD9, 0x37, 0xFF, 0xFF, 0xBD, 0x00, 0x00, 0x00, 0x00,
    0x00, 0xF4, 0xFF, 0xF6, 0x37, 0xFF, 0xFF, 0xB3, 0x00, 0x00, 0x00, 0x00, 0x01, 0xF9, 0xFF, 0xF6,
    0x1A, 0xFF, 0xFF, 0xD7, 0x00, 0x00, 0x00, 0x00, 0x1F, 0xFF, 0xFF, 0xDA, 0x00, 0xD7, 0xFF, 0xFF,
    0x3A, 0x00, 0x00, 0x00, 0x87, 0xFF, 0xFF, 0x97, 0x00, 0x60, 0xFF, 0xFF, 0xEC, 0x63, 0x3A, 0x83,
    0xFD, 0xFF, 0xF8, 0x27, 0x00, 0x00, 0x97, 0xFF, 0xFF, 0xFF, 0xFF, 0xFF, 0xFF, 0xFB, 0x5C, 0x00,
    0x00, 0x00, 0x00, 0x52, 0xBA, 0xEE, 0xFA, 0xE6, 0xA6, 0x31, 0x00, 0x00,
    // Unicode: [0x0151]
    0x00, 0x00, 0x00, 0x04, 0x0C, 0x0B, 0x02, 0x0C, 0x0C, 0x00, 0x00, 0x00, 0x00, 0x91, 0xFF, 0x95,
    0x75, 0xFF, 0xAE, 0x00, 0x00, 0x00, 0x0D, 0xF1, 0xE2, 0x10, 0xDF, 0xF0, 0x19, 0x00, 0x00, 0x00,
    0x6D, 0xFF, 0x4A, 0x51, 0xFF, 0x66, 0x00, 0x00, 0x00, 0x00, 0x00, 0x00, 0x00, 0x00, 0x00, 0x00,
    0x00, 0x00, 0x00, 0x00, 0x4B, 0xC0, 0xF2, 0xF8, 0xD5, 0x79, 0x04, 0x00, 0x00, 0x65, 0xFF, 0xFF,
    0xFF, 0xFD, 0xFF, 0xFF, 0xAF, 0x00, 0x0B, 0xF0, 0xFF, 0xE0, 0x1F, 0x09, 0xAA, 0xFF, 0xFF, 0x47,
    0x43, 0xFF, 0xFF, 0x80, 0x00, 0x00, 0x36, 0xFF, 0xFF, 0x8E, 0x57, 0xFF, 0xFF, 0x66, 0x00, 0x00,
    0x19, 0xFF, 0xFF, 0xA3, 0x43, 0xFF, 0xFF, 0x7E, 0x00, 0x00, 0x2B, 0xFF, 0xFF, 0x8F, 0x0B, 0xF1,
    0xFF, 0xDF, 0x1B, 0x06, 0xA6, 0xFF, 0xFF, 0x49, 0x00, 0x68, 0xFF, 0xFF, 0xFF, 0xFB, 0xFF, 0xFF,
    0xB3, 0x01, 0x00, 0x00, 0x4E, 0xC1, 0xF3, 0xF9, 0xD7, 0x7A, 0x05, 0x00,
    // Unicode: [0x0152]
    0x00, 0x00, 0x00, 0x2A, 0x98, 0xDD, 0xF7, 0xFF, 0xFF, 0xFF, 0xFF, 0xFF, 0xFF, 0xFF, 0xFF, 0xFF,
    0x10, 0x00, 0x00, 0x63, 0xFC, 0xFF, 0xFF, 0xFF, 0xFF, 0xFF, 0xFF, 0xFF, 0xFF, 0xFF, 0xFF, 0xFF,
    0xFF, 0x10, 0x00, 0x38, 0xFD, 0xFF, 0xFC, 0x91, 0x4C, 0x3C, 0xDB, 0xFF, 0xF9, 0x3C, 0x3C, 0x3C,
    0x3C, 0x3C, 0x03, 0x00, 0xBE, 0xFF, 0xFF, 0x63, 0x00, 0x00, 0x00, 0xD0, 0xFF, 0xF8, 0x00, 0x00,
    0x00, 0x00, 0x00, 0x00, 0x12, 0xFD, 0xFF, 0xE2, 0x00, 0x00, 0x00, 0x00, 0xD0, 0xFF, 0xF9, 0x3C,
    0x3C, 0x3C, 0x3C, 0x29, 0x00, 0x32, 0xFF, 0xFF, 0xB3, 0x00, 0x00, 0x00, 0x00, 0xD0, 0xFF, 0xFF,
    0xFF, 0xFF, 0xFF, 0xFF, 0xB0, 0x00, 0x33, 0xFF, 0xFF, 0xB2, 0x00, 0x00, 0x00, 0x00, 0xD0, 0xFF,
    0xFF, 0xFF, 0xFF, 0xFF, 0xFF, 0xB0, 0x00, 0x15, 0xFF, 0xFF, 0xDC, 0x00, 0x00, 0x00, 0x00, 0xD0,
    0xFF, 0xF8, 0x00, 0x00, 0x00, 0x00, 0x00, 0x00, 0x00, 0xC7, 0xFF, 0xFF, 0x55, 0x00, 0x00, 0x00,
    0xD0, 0xFF, 0xF8, 0x00, 0x00, 0x00, 0x00, 0x00, 0x00, 0x00, 0x44, 0xFE, 0xFF, 0xFA, 0x85, 0x42,
    0x3C, 0xDB, 0xFF, 0xF9, 0x3C, 0x3C, 0x3C, 0x3C, 0x3C, 0x03, 0x00, 0x00, 0x6F, 0xFE, 0xFF, 0xFF,
    0xFF, 0xFF, 0xFF, 0xFF, 0xFF, 0xFF, 0xFF, 0xFF, 0xFF, 0xFF, 0x10, 0x00, 0x00, 0x00, 0x37, 0xA3,
    0xD9, 0xED, 0xFD, 0xFF, 0xFF, 0xFF, 0xFF, 0xFF, 0xFF, 0xFF, 0xFF, 0x10,
    // Unicode: [0x0153]
    0x00, 0x00, 0x4B, 0xC0, 0xF2, 0xF7, 0xCD, 0x66, 0x14, 0x91, 0xE4, 0xFA, 0xE3, 0x92, 0x0C, 0x00,
    0x00, 0x65, 0xFF, 0xFF, 0xE3, 0xD4, 0xFF, 0xFF, 0xF9, 0xFF, 0xE4, 0xCD, 0xFE, 0xFF, 0xAB, 0x00,
    0x0B, 0xF0, 0xFF, 0xCE, 0x07, 0x00, 0x8A, 0xFF, 0xFF, 0xBE, 0x04, 0x00, 0x77, 0xFF, 0xFF, 0x28,
    0x43, 0xFF, 0xFF, 0x73, 0x00, 0x00, 0x2E, 0xFF, 0xFF, 0xD1, 0xA4, 0xA4, 0xBA, 0xFF, 0xFF, 0x53,
    0x57, 0xFF, 0xFF, 0x65, 0x00, 0x00, 0x18, 0xFF, 0xFF, 0xFF, 0xFF, 0xFF, 0xFF, 0xFF, 0xFF, 0x67,
    0x43, 0xFF, 0xFF, 0x82, 0x00, 0x00, 0x30, 0xFF, 0xFF, 0x98, 0x00, 0x00, 0x00, 0x00, 0x00, 0x00,
    0x0B, 0xF1, 0xFF, 0xE3, 0x26, 0x0B, 0xAE, 0xFF, 0xFF, 0xF6, 0x5B, 0x08, 0x03, 0x34, 0xA8, 0x3C,
    0x00, 0x68, 0xFF, 0xFF, 0xFF, 0xFE, 0xFF, 0xFF, 0xFA, 0xFF, 0xFF, 0xFF, 0xFD, 0xFF, 0xFF, 0x40,
    0x00, 0x00, 0x4E, 0xC1, 0xF3, 0xF9, 0xD2, 0x5F, 0x11, 0x86, 0xDB, 0xF9, 0xF8, 0xD6, 0x89, 0x14,
    // Unicode: [0x0154]
    0x00, 0x00, 0x00, 0x00, 0x5A, 0xFF, 0xF7, 0x3A, 0x00, 0x00, 0x00, 0x00, 0x00, 0x00, 0x0D, 0xE6,
    0xFC, 0x4F, 0x00, 0x00, 0x00, 0x00, 0x00, 0x00, 0x00, 0x8F, 0xFF, 0x64, 0x00, 0x00, 0x00, 0x00,
    0x00, 0x00, 0x00, 0x00, 0x00, 0x00, 0x00, 0x00, 0x00, 0x00, 0x00, 0x00, 0x9C, 0xFF, 0xFF, 0xFF,
    0xFF, 0xFB, 0xE4, 0x9C, 0x12, 0x00, 0x00, 0x9C, 0xFF, 0xFF, 0xFF, 0xFF, 0xFF, 0xFF, 0xFF, 0xC2,
    0x04, 0x00, 0x9C, 0xFF, 0xFF, 0x50, 0x28, 0x46, 0xEA, 0xFF, 0xFF, 0x47, 0x00, 0x9C, 0xFF, 0xFF,
    0x30, 0x00, 0x00, 0x91, 0xFF, 0xFF, 0x65, 0x00, 0x9C, 0xFF, 0xFF, 0x30, 0x00, 0x00, 0x9C, 0xFF,
    0xFF, 0x4D, 0x00, 0x9C, 0xFF, 0xFF, 0x43, 0x1F, 0x59, 0xF6, 0xFF, 0xEE, 0x0B, 0x00, 0x9C, 0xFF,
    0xFF, 0xFF, 0xFF, 0xFF, 0xFF, 0xF3, 0x45, 0x00, 0x00, 0x9C, 0xFF, 0xFF, 0xFF, 0xFF, 0xFF, 0xFF,
    0x80, 0x00, 0x00, 0x00, 0x9C, 0xFF, 0xFF, 0x30, 0x2E, 0xF7, 0xFF, 0xF9, 0x36, 0x00, 0x00, 0x9C,
    0xFF, 0xFF, 0x30, 0x00, 0x68, 0xFF, 0xFF, 0xE1, 0x13, 0x00, 0x9C, 0xFF, 0xFF, 0x30, 0x00, 0x00,
    0xA9, 0xFF, 0xFF, 0xB8, 0x02, 0x9C, 0xFF, 0xFF, 0x30, 0x00, 0x00, 0x0E, 0xDC, 0xFF, 0xFF, 0x81,
    // Unicode: [0x0155]
    0x00, 0x00, 0x00, 0x44, 0x4C, 0x37, 0x00, 0x00, 0x00, 0x49, 0xFF, 0xF6, 0x3A, 0x00, 0x00, 0x06,
    0xDA, 0xFD, 0x50, 0x00, 0x00, 0x00, 0x4D, 0xC0, 0x64, 0x00, 0x00, 0x00, 0x00, 0x00, 0x00, 0x00,
    0x00, 0x00, 0x00, 0xC0, 0xFF, 0xE0, 0x39, 0xBF, 0xF6, 0x34, 0xC0, 0xFF, 0xF8, 0xFA, 0xFF, 0xFF,
    0x34, 0xC0, 0xFF, 0xFC, 0xC7, 0xAD, 0xA8, 0x22, 0xC0, 0xFF, 0xE0, 0x00, 0x00, 0x00, 0x00, 0xC0,
    0xFF, 0xE0, 0x00, 0x00, 0x00, 0x00, 0xC0, 0xFF, 0xE0, 0x00, 0x00, 0x00, 0x00, 0xC0, 0xFF, 0xE0,
    0x00, 0x00, 0x00, 0x00, 0xC0, 0xFF, 0xE0, 0x00, 0x00, 0x00, 0x00, 0xC0, 0xFF, 0xE0, 0x00, 0x00,
    0x00, 0x00,
    // Unicode: [0x0156]
    0x9C, 0xFF, 0xFF, 0xFF, 0xFF, 0xFC, 0xEA, 0xAA, 0x1D, 0x00, 0x00, 0x9C, 0xFF, 0xFF, 0xFF, 0xFF,
    0xFF, 0xFF, 0xFF, 0xDD, 0x0F, 0x00, 0x9C, 0xFF, 0xFF, 0x50, 0x28, 0x3E, 0xDD, 0xFF, 0xFF, 0x59,
    0x00, 0x9C, 0xFF, 0xFF, 0x30, 0x00, 0x00, 0x8E, 0xFF, 0xFF, 0x5D, 0x00, 0x9C, 0xFF, 0xFF, 0x30,
    0x06, 0x31, 0xDE, 0xFF, 0xFD, 0x23, 0x00, 0x9C, 0xFF, 0xFF, 0xFF, 0xFF, 0xFF, 0xFF, 0xFD, 0x71,
    0x00, 0x00, 0x9C, 0xFF, 0xFF, 0xFF, 0xFF, 0xFF, 0xFF, 0x7C, 0x00, 0x00, 0x00, 0x9C, 0xFF, 0xFF,
    0x43, 0x50, 0xFF, 0xFF, 0xE8, 0x11, 0x00, 0x00, 0x9C, 0xFF, 0xFF, 0x30, 0x00, 0xAA, 0xFF, 0xFF,
    0x9F, 0x00, 0x00, 0x9C, 0xFF, 0xFF, 0x30, 0x00, 0x1B, 0xF3, 0xFF, 0xFF, 0x45, 0x00, 0x9C, 0xFF,
    0xFF, 0x30, 0x00, 0x00, 0x74, 0xFF, 0xFF, 0xDF, 0x0B, 0x9C, 0xFF, 0xFF, 0x30, 0x0F, 0x20, 0x0A,
    0xD4, 0xFF, 0xFF, 0x91, 0x00, 0x00, 0x00, 0x00, 0x7C, 0xFF, 0x2E, 0x00, 0x00, 0x00, 0x00, 0x00,
    0x00, 0x97, 0x82, 0xE7, 0xF5, 0x0C, 0x00, 0x00, 0x00, 0x00, 0x00, 0x00, 0xE4, 0xFB, 0xD7, 0x4C,
    0x00, 0x00, 0x00, 0x00, 0x00,
    // Unicode: [0x0157]
    0x00, 0xC0, 0xFF, 0xE0, 0x39, 0xBF, 0xF6, 0x34, 0x00, 0xC0, 0xFF, 0xF8, 0xFA, 0xFF, 0xFF, 0x34,
    0x00, 0xC0, 0xFF, 0xFB, 0xC3, 0xAC, 0xA8, 0x22, 0x00, 0xC0, 0xFF, 0xE0, 0x00, 0x00, 0x00, 0x00,
    0x00, 0xC0, 0xFF, 0xE0, 0x00, 0x00, 0x00, 0x00, 0x00, 0xC0, 0xFF, 0xE0, 0x00, 0x00, 0x00, 0x00,
    0x00, 0xC0, 0xFF, 0xE0, 0x00, 0x00, 0x00, 0x00, 0x00, 0xC0, 0xFF, 0xE0, 0x00, 0x00, 0x00, 0x00,
    0x00, 0xC0, 0xFF, 0xE7, 0x36, 0x00, 0x00, 0x00, 0x00, 0x00, 0x00, 0xBF, 0xE9, 0x00, 0x00, 0x00,
    0x2C, 0x8D, 0x8F, 0xFC, 0xB8, 0x00, 0x00, 0x00, 0x35, 0xF1, 0xF6, 0xBC, 0x21, 0x00, 0x00, 0x00,
    // Unicode: [0x0158]
    0x00, 0x27, 0xE0, 0xB9, 0x06, 0x40, 0xE9, 0x96, 0x00, 0x00, 0x00, 0x00, 0x00, 0x4E, 0xFD, 0xB0,
    0xED, 0xC8, 0x08, 0x00, 0x00, 0x00, 0x00, 0x00, 0x00, 0x6C, 0xD4, 0xC5, 0x17, 0x00, 0x00, 0x00,
    0x00, 0x00, 0x00, 0x00, 0x00, 0x00, 0x00, 0x00, 0x00, 0x00, 0x00, 0x00, 0x9C, 0xFF, 0xFF, 0xFF,
    0xFF, 0xFB, 0xE4, 0x9C, 0x12, 0x00, 0x00, 0x9C, 0xFF, 0xFF, 0xFF, 0xFF, 0xFF, 0xFF, 0xFF, 0xC2,
    0x04, 0x00, 0x9C, 0xFF, 0xFF, 0x50, 0x28, 0x46, 0xEA, 0xFF, 0xFF, 0x47, 0x00, 0x9C, 0xFF, 0xFF,
    0x30, 0x00, 0x00, 0x91, 0xFF, 0xFF, 0x65, 0x00, 0x9C, 0xFF, 0xFF, 0x30, 0x00, 0x00, 0x9C, 0xFF,
    0xFF, 0x4D, 0x00, 0x9C, 0xFF, 0xFF, 0x43, 0x1F, 0x59, 0xF6, 0xFF, 0xEE, 0x0B, 0x00, 0x9C, 0xFF,
    0xFF, 0xFF, 0xFF, 0xFF, 0xFF, 0xF3, 0x45, 0x00, 0x00, 0x9C, 0xFF, 0xFF, 0xFF, 0xFF, 0xFF, 0xFF,
    0x80, 0x00, 0x00, 0x00, 0x9C, 0xFF, 0xFF, 0x30, 0x2E, 0xF7, 0xFF, 0xF9, 0x36, 0x00, 0x00, 0x9C,
    0xFF, 0xFF, 0x30, 0x00, 0x68, 0xFF, 0xFF, 0xE1, 0x13, 0x00, 0x9C, 0xFF, 0xFF, 0x30, 0x00, 0x00,
    0xA9, 0xFF, 0xFF, 0xB8, 0x02, 0x9C, 0xFF, 0xFF, 0x30, 0x00, 0x00, 0x0E, 0xDC, 0xFF, 0xFF, 0x81,
    // Unicode: [0x0159]
    0x07, 0x4B, 0x3E, 0x00, 0x00, 0x35, 0x4C, 0x0E, 0x00, 0x9B, 0xFF, 0x51, 0x38, 0xFA, 0xB1, 0x01,
    0x00, 0x08, 0xCE, 0xF0, 0xE3, 0xDD, 0x10, 0x00, 0x00, 0x00, 0x22, 0xBD, 0xBF, 0x31, 0x00, 0x00,
    0x00, 0x00, 0x00, 0x00, 0x00, 0x00, 0x00, 0x00, 0x00, 0xC0, 0xFF, 0xE0, 0x39, 0xBF, 0xF6, 0x34,
    0x00, 0xC0, 0xFF, 0xF8, 0xFA, 0xFF, 0xFF, 0x34, 0x00, 0xC0, 0xFF, 0xFC, 0xC7, 0xAD, 0xA8, 0x22,
    0x00, 0xC0, 0xFF, 0xE0, 0x00, 0x00, 0x00, 0x00, 0x00, 0xC0, 0xFF, 0xE0, 0x00, 0x00, 0x00, 0x00,
    0x00, 0xC0, 0xFF, 0xE0, 0x00, 0x00, 0x00, 0x00, 0x00, 0xC0, 0xFF, 0xE0, 0x00, 0x00, 0x00, 0x00,
    0x00, 0xC0, 0xFF, 0xE0, 0x00, 0x00, 0x00, 0x00, 0x00, 0xC0, 0xFF, 0xE0, 0x00, 0x00, 0x00, 0x00,
    // Unicode: [0x015A]
    0x00, 0x00, 0x00, 0x00, 0x00, 0x72, 0xFF, 0xF0, 0x2C, 0x00, 0x00, 0x00, 0x00, 0x00, 0x00, 0x19,
    0xF2, 0xF8, 0x3F, 0x00, 0x00, 0x00, 0x00, 0x00, 0x00, 0x00, 0xA7, 0xFD, 0x53, 0x00, 0x00, 0x00,
    0x00, 0x00, 0x00, 0x00, 0x00, 0x00, 0x00, 0x00, 0x00, 0x00, 0x00, 0x00, 0x00, 0x00, 0x29, 0x9F,
    0xE1, 0xFA, 0xEA, 0xCD, 0x9A, 0x3C, 0x00, 0x00, 0x49, 0xF8, 0xFF, 0xFF, 0xFF, 0xFF, 0xFF, 0xFF,
    0xB0, 0x00, 0x03, 0xE4, 0xFF, 0xF9, 0x68, 0x28, 0x32, 0x70, 0xDA, 0xB0, 0x00, 0x1C, 0xFF, 0xFF,
    0xD8, 0x01, 0x00, 0x00, 0x00, 0x05, 0x3F, 0x00, 0x08, 0xFB, 0xFF, 0xFF, 0xD6, 0x8B, 0x50, 0x0D,
    0x00, 0x00, 0x00, 0x00, 0x98, 0xFF, 0xFF, 0xFF, 0xFF, 0xFF, 0xF8, 0x94, 0x09, 0x00, 0x00, 0x04,
    0x83, 0xF1, 0xFF, 0xFF, 0xFF, 0xFF, 0xFF, 0xA8, 0x00, 0x00, 0x00, 0x00, 0x08, 0x43, 0x7F, 0xCD,
    0xFF, 0xFF, 0xFE, 0x09, 0x22, 0x60, 0x00, 0x00, 0x00, 0x00, 0x02, 0xDC, 0xFF, 0xFF, 0x15, 0x34,
    0xFF, 0xC8, 0x64, 0x2F, 0x27, 0x62, 0xF9, 0xFF, 0xD7, 0x00, 0x34, 0xFF, 0xFF, 0xFF, 0xFF, 0xFF,
    0xFF, 0xFF, 0xF3, 0x3B, 0x00, 0x07, 0x5A, 0xAE, 0xE3, 0xF9, 0xF9, 0xDD, 0x98, 0x21, 0x00, 0x00,
    // Unicode: [0x015B]
    0x00, 0x00, 0x00, 0x00, 0x26, 0x80, 0x80, 0x27, 0x00, 0x00, 0x00, 0x00, 0x00, 0xB1, 0xFF, 0xBC,
    0x03, 0x00, 0x00, 0x00, 0x00, 0x35, 0xFF, 0xE3, 0x15, 0x00, 0x00, 0x00, 0x00, 0x00, 0xBA, 0xFA,
    0x39, 0x00, 0x00, 0x00, 0x00, 0x00, 0x00, 0x00, 0x00, 0x00, 0x00, 0x00, 0x00, 0x00, 0x0D, 0x7A,
    0xD3, 0xF3, 0xEE, 0xCF, 0x8F, 0x01, 0x02, 0xC8, 0xFF, 0xFF, 0xF1, 0xEE, 0xFF, 0xFF, 0x04, 0x35,
    0xFF, 0xFF, 0x90, 0x00, 0x00, 0x30, 0xA4, 0x03, 0x27, 0xFF, 0xFF, 0xF4, 0xB0, 0x7A, 0x39, 0x00,
    0x00, 0x00, 0x97, 0xFF, 0xFF, 0xFF, 0xFF, 0xFF, 0xB5, 0x03, 0x00, 0x00, 0x34, 0x80, 0xB5, 0xF2,
    0xFF, 0xFF, 0x49, 0x48, 0x97, 0x28, 0x00, 0x00, 0x6C, 0xFF, 0xFF, 0x54, 0x4C, 0xFF, 0xFF, 0xEC,
    0xE2, 0xFE, 0xFF, 0xDE, 0x0C, 0x1B, 0x98, 0xD2, 0xEF, 0xF4, 0xD8, 0x89, 0x16, 0x00,
    // Unicode: [0x015C]
    0x00, 0x00, 0x00, 0x00, 0xA8, 0xFF, 0xE0, 0x13, 0x00, 0x00, 0x00, 0x00, 0x00, 0x00, 0x72, 0xFF,
    0xA7, 0xFB, 0xBA, 0x02, 0x00, 0x00, 0x00, 0x00, 0x3F, 0xFB, 0xAE, 0x01, 0x6C, 0xFF, 0x87, 0x00,
    0x00, 0x00, 0x00, 0x00, 0x00, 0x00, 0x00, 0x00, 0x00, 0x00, 0x00, 0x00, 0x00, 0x00, 0x29, 0x9F,
    0xE1, 0xFA, 0xEA, 0xCD, 0x9A, 0x3C, 0x00, 0x00, 0x49, 0xF8, 0xFF, 0xFF, 0xFF, 0xFF, 0xFF, 0xFF,
    0xB0, 0x00, 0x03, 0xE4, 0xFF, 0xF9, 0x68, 0x28, 0x32, 0x70, 0xDA, 0xB0, 0x00, 0x1C, 0xFF, 0xFF,
    0xD8, 0x01, 0x00, 0x00, 0x00, 0x05, 0x3F, 0x00, 0x08, 0xFB, 0xFF, 0xFF, 0xD6, 0x8B, 0x50, 0x0D,
    0x00, 0x00, 0x00, 0x00, 0x98, 0xFF, 0xFF, 0xFF, 0xFF, 0xFF, 0xF8, 0x94, 0x09, 0x00, 0x00, 0x04,
    0x83, 0xF1, 0xFF, 0xFF, 0xFF, 0xFF, 0xFF, 0xA8, 0x00, 0x00, 0x00, 0x00, 0x08, 0x43, 0x7F, 0xCD,
    0xFF, 0xFF, 0xFE, 0x09, 0x22, 0x60, 0x00, 0x00, 0x00, 0x00, 0x02, 0xDC, 0xFF, 0xFF, 0x15, 0x34,
    0xFF, 0xC8, 0x64, 0x2F, 0x27, 0x62, 0xF9, 0xFF, 0xD7, 0x00, 0x34, 0xFF, 0xFF, 0xFF, 0xFF, 0xFF,
    0xFF, 0xFF, 0xF3, 0x3B, 0x00, 0x07, 0x5A, 0xAE, 0xE3, 0xF9, 0xF9, 0xDD, 0x98, 0x21, 0x00, 0x00,
    // Unicode: [0x015D]
    0x00, 0x00, 0x00, 0x3B, 0x80, 0x59, 0x00, 0x00, 0x00, 0x00, 0x00, 0x11, 0xE6, 0xFF, 0xFC, 0x37,
    0x00, 0x00, 0x00, 0x00, 0xA5, 0xFF, 0x6C, 0xF4, 0xD7, 0x08, 0x00, 0x00, 0x51, 0xFF, 0x98, 0x00,
    0x65, 0xFF, 0x8D, 0x00, 0x00, 0x00, 0x00, 0x00, 0x00, 0x00, 0x00, 0x00, 0x00, 0x00, 0x0D, 0x7A,
    0xD3, 0xF3, 0xEE, 0xCF, 0x8F, 0x01, 0x02, 0xC8, 0xFF, 0xFF, 0xF1, 0xEE, 0xFF, 0xFF, 0x04, 0x35,
    0xFF, 0xFF, 0x90, 0x00, 0x00, 0x30, 0xA4, 0x03, 0x27, 0xFF, 0xFF, 0xF4, 0xB0, 0x7A, 0x39, 0x00,
    0x00, 0x00, 0x97, 0xFF, 0xFF, 0xFF, 0xFF, 0xFF, 0xB5, 0x03, 0x00, 0x00, 0x34, 0x80, 0xB5, 0xF2,
    0xFF, 0xFF, 0x49, 0x48, 0x97, 0x28, 0x00, 0x00, 0x6C, 0xFF, 0xFF, 0x54, 0x4C, 0xFF, 0xFF, 0xEC,
    0xE2, 0xFE, 0xFF, 0xDE, 0x0C, 0x1B, 0x98, 0xD2, 0xEF, 0xF4, 0xD8, 0x89, 0x16, 0x00,
    // Unicode: [0x015E]
    0x00, 0x00, 0x29, 0x9F, 0xE1, 0xFA, 0xEA, 0xCD, 0x9A, 0x3C, 0x00, 0x00, 0x49, 0xF8, 0xFF, 0xFF,
    0xFF, 0xFF, 0xFF, 0xFF, 0xB0, 0x00, 0x02, 0xE4, 0xFF, 0xF9, 0x68, 0x28, 0x32, 0x70, 0xDA, 0xB0,
    0x00, 0x1C, 0xFF, 0xFF, 0xD8, 0x01, 0x00, 0x00, 0x00, 0x05, 0x3F, 0x00, 0x08, 0xFC, 0xFF, 0xFF,
    0xD8, 0x8F, 0x54, 0x10, 0x00, 0x00, 0x00, 0x00, 0x99, 0xFF, 0xFF, 0xFF, 0xFF, 0xFF, 0xF9, 0x98,
    0x0A, 0x00, 0x00, 0x04, 0x83, 0xF1, 0xFF, 0xFF, 0xFF, 0xFF, 0xFF, 0xAB, 0x00, 0x00, 0x00, 0x00,
    0x08, 0x46, 0x83, 0xD0, 0xFF, 0xFF, 0xFE, 0x0A, 0x21, 0x5C, 0x00, 0x00, 0x00, 0x00, 0x03, 0xDC,
    0xFF, 0xFF, 0x10, 0x34, 0xFF, 0xC4, 0x60, 0x2B, 0x23, 0x5E, 0xF9, 0xFF, 0xCC, 0x00, 0x34, 0xFF,
    0xFF, 0xFF, 0xFF, 0xFF, 0xFF, 0xFF, 0xEB, 0x30, 0x00, 0x08, 0x5E, 0xB2, 0xE5, 0xFA, 0xFF, 0xFF,
    0xAC, 0x14, 0x00, 0x00, 0x00, 0x00, 0x00, 0x00, 0x00, 0x38, 0xFF, 0x6F, 0x00, 0x00, 0x00, 0x00,
    0x00, 0x00, 0x76, 0x80, 0xCB, 0xFF, 0x39, 0x00, 0x00, 0x00, 0x00, 0x00, 0x00, 0xA2, 0xFB, 0xE4,
    0x70, 0x00, 0x00, 0x00, 0x00,
    // Unicode: [0x015F]
    0x00, 0x0D, 0x7A, 0xD3, 0xF3, 0xEE, 0xCF, 0x8F, 0x01, 0x02, 0xC8, 0xFF, 0xFF, 0xF1, 0xEE, 0xFF,
    0xFF, 0x04, 0x35, 0xFF, 0xFF, 0x90, 0x00, 0x00, 0x30, 0xA4, 0x03, 0x27, 0xFF, 0xFF, 0xF4, 0xB0,
    0x7A, 0x39, 0x00, 0x00, 0x00, 0x9A, 0xFF, 0xFF, 0xFF, 0xFF, 0xFF, 0xB5, 0x03, 0x00, 0x00, 0x37,
    0x84, 0xB7, 0xF3, 0xFF, 0xFF, 0x49, 0x46, 0x93, 0x25, 0x00, 0x00, 0x6B, 0xFF, 0xFF, 0x52, 0x4C,
    0xFF, 0xFF, 0xEB, 0xDE, 0xFD, 0xFF, 0xDB, 0x0A, 0x1D, 0x9E, 0xD5, 0xF0, 0xFF, 0xFF, 0xBB, 0x16,
    0x00, 0x00, 0x00, 0x00, 0x00, 0x29, 0xFF, 0x80, 0x00, 0x00, 0x00, 0x00, 0x6E, 0x80, 0xC4, 0xFF,
    0x4B, 0x00, 0x00, 0x00, 0x00, 0x93, 0xFB, 0xE7, 0x80, 0x00, 0x00, 0x00,
    // Unicode: [0x0160]
    0x00, 0x00, 0x64, 0xFF, 0x8B, 0x00, 0x88, 0xFF, 0x5F, 0x00, 0x00, 0x00, 0x00, 0x00, 0x9A, 0xFF,
    0x96, 0xFE, 0x95, 0x00, 0x00, 0x00, 0x00, 0x00, 0x00, 0x07, 0xC9, 0xFF, 0xC6, 0x06, 0x00, 0x00,
    0x00, 0x00, 0x00, 0x00, 0x00, 0x00, 0x00, 0x00, 0x00, 0x00, 0x00, 0x00, 0x00, 0x00, 0x29, 0x9F,
    0xE1, 0xFA, 0xEA, 0xCD, 0x9A, 0x3C, 0x00, 0x00, 0x49, 0xF8, 0xFF, 0xFF, 0xFF, 0xFF, 0xFF, 0xFF,
    0xB0, 0x00, 0x03, 0xE4, 0xFF, 0xF9, 0x68, 0x28, 0x32, 0x70, 0xDA, 0xB0, 0x00, 0x1C, 0xFF, 0xFF,
    0xD8, 0x01, 0x00, 0x00, 0x00, 0x05, 0x3F, 0x00, 0x08, 0xFB, 0xFF, 0xFF, 0xD6, 0x8B, 0x50, 0x0D,
    0x00, 0x00, 0x00, 0x00, 0x98, 0xFF, 0xFF, 0xFF, 0xFF, 0xFF, 0xF8, 0x94, 0x09, 0x00, 0x00, 0x04,
    0x83, 0xF1, 0xFF, 0xFF, 0xFF, 0xFF, 0xFF, 0xA8, 0x00, 0x00, 0x00, 0x00, 0x08, 0x43, 0x7F, 0xCD,
    0xFF, 0xFF, 0xFE, 0x09, 0x22, 0x60, 0x00, 0x00, 0x00, 0x00, 0x02, 0xDC, 0xFF, 0xFF, 0x15, 0x34,
    0xFF, 0xC8, 0x64, 0x2F, 0x27, 0x62, 0xF9, 0xFF, 0xD7, 0x00, 0x34, 0xFF, 0xFF, 0xFF, 0xFF, 0xFF,
    0xFF, 0xFF, 0xF3, 0x3B, 0x00, 0x07, 0x5A, 0xAE, 0xE3, 0xF9, 0xF9, 0xDD, 0x98, 0x21, 0x00, 0x00,
    // Unicode: [0x0161]
    0x00, 0x44, 0xFD, 0xAB, 0x00, 0x68, 0xFF, 0x80, 0x00, 0x00, 0x00, 0x7A, 0xFF, 0x9B, 0xF8, 0xB7,
    0x02, 0x00, 0x00, 0x00, 0x01, 0xB1, 0xFF, 0xDF, 0x12, 0x00, 0x00, 0x00, 0x00, 0x00, 0x01, 0x04,
    0x02, 0x00, 0x00, 0x00, 0x00, 0x0D, 0x7A, 0xD3, 0xF3, 0xEE, 0xCF, 0x8F, 0x01, 0x02, 0xC8, 0xFF,
    0xFF, 0xF1, 0xEF, 0xFF, 0xFF, 0x04, 0x35, 0xFF, 0xFF, 0x90, 0x00, 0x00, 0x35, 0xB4, 0x03, 0x27,
    0xFF, 0xFF, 0xF4, 0xB0, 0x7A, 0x39, 0x00, 0x00, 0x00, 0x97, 0xFF, 0xFF, 0xFF, 0xFF, 0xFF, 0xB5,
    0x03, 0x00, 0x00, 0x34, 0x80, 0xB5, 0xF2, 0xFF, 0xFF, 0x49, 0x46, 0x95, 0x25, 0x00, 0x00, 0x6C,
    0xFF, 0xFF, 0x54, 0x4C, 0xFF, 0xFF, 0xEC, 0xE2, 0xFE, 0xFF, 0xDE, 0x0C, 0x1B, 0x98, 0xD2, 0xEF,
    0xF4, 0xD8, 0x89, 0x16, 0x00,
    // Unicode: [0x0162]
    0xB4, 0xFF, 0xFF, 0xFF, 0xFF, 0xFF, 0xFF, 0xFF, 0xFF, 0xEC, 0xB4, 0xFF, 0xFF, 0xFF, 0xFF, 0xFF,
    0xFF, 0xFF, 0xFF, 0xEC, 0x2A, 0x3C, 0x3C, 0x76, 0xFF, 0xFF, 0xA1, 0x3C, 0x3C, 0x37, 0x00, 0x00,
    0x00, 0x4C, 0xFF, 0xFF, 0x84, 0x00, 0x00, 0x00, 0x00, 0x00, 0x00, 0x4C, 0xFF, 0xFF, 0x84, 0x00,
    0x00, 0x00, 0x00, 0x00, 0x00, 0x4C, 0xFF, 0xFF, 0x84, 0x00, 0x00, 0x00, 0x00, 0x00, 0x00, 0x4C,
    0xFF, 0xFF, 0x84, 0x00, 0x00, 0x00, 0x00, 0x00, 0x00, 0x4C, 0xFF, 0xFF, 0x84, 0x00, 0x00, 0x00,
    0x00, 0x00, 0x00, 0x4C, 0xFF, 0xFF, 0x84, 0x00, 0x00, 0x00, 0x00, 0x00, 0x00, 0x4C, 0xFF, 0xFF,
    0x84, 0x00, 0x00, 0x00, 0x00, 0x00, 0x00, 0x4C, 0xFF, 0xFF, 0x84, 0x00, 0x00, 0x00, 0x00, 0x00,
    0x00, 0x4C, 0xFF, 0xFF, 0x9D, 0x09, 0x00, 0x00, 0x00, 0x00, 0x00, 0x00, 0x00, 0x7B, 0xFF, 0x2E,
    0x00, 0x00, 0x00, 0x00, 0x00, 0x99, 0x82, 0xE7, 0xF3, 0x0B, 0x00, 0x00, 0x00, 0x00, 0x00, 0xE4,
    0xFB, 0xD6, 0x49, 0x00, 0x00, 0x00,
    // Unicode: [0x0163]
    0x00, 0x98, 0xFF, 0xFF, 0x08, 0x00, 0x00, 0x00, 0x98, 0xFF, 0xFF, 0x08, 0x00, 0x00, 0x00, 0x98,
    0xFF, 0xFF, 0x08, 0x00, 0x00, 0xB0, 0xFF, 0xFF, 0xFF, 0xFF, 0xFF, 0x80, 0x9C, 0xF4, 0xFF, 0xFF,
    0xE4, 0xE4, 0x72, 0x00, 0x98, 0xFF, 0xFF, 0x08, 0x00, 0x00, 0x00, 0x98, 0xFF, 0xFF, 0x08, 0x00,
    0x00, 0x00, 0x98, 0xFF, 0xFF, 0x08, 0x00, 0x00, 0x00, 0x97, 0xFF, 0xFF, 0x09, 0x00, 0x00, 0x00,
    0x86, 0xFF, 0xFF, 0x56, 0x12, 0x20, 0x00, 0x46, 0xFF, 0xFF, 0xFF, 0xFF, 0x80, 0x00, 0x00, 0x67,
    0xC5, 0xF4, 0xFE, 0x59, 0x00, 0x00, 0x00, 0x00, 0xB3, 0xF3, 0x00, 0x00, 0x26, 0x94, 0x8E, 0xFA,
    0xBC, 0x00, 0x00, 0x2B, 0xF0, 0xF7, 0xBE, 0x22, 0x00,
    // Unicode: [0x0164]
    0x00, 0x04, 0xC0, 0xF6, 0x30, 0x0F, 0xDB, 0xE4, 0x16, 0x00, 0x00, 0x00, 0x17, 0xE5, 0xDE, 0xB5,
    0xFA, 0x39, 0x00, 0x00, 0x00, 0x00, 0x00, 0x3A, 0xFA, 0xFF, 0x6B, 0x00, 0x00, 0x00, 0x00, 0x00,
    0x00, 0x00, 0x00, 0x00, 0x00, 0x00, 0x00, 0x00, 0xB4, 0xFF, 0xFF, 0xFF, 0xFF, 0xFF, 0xFF, 0xFF,
    0xFF, 0xEC, 0xB4, 0xFF, 0xFF, 0xFF, 0xFF, 0xFF, 0xFF, 0xFF, 0xFF, 0xEC, 0x2A, 0x3C, 0x3C, 0x76,
    0xFF, 0xFF, 0xA1, 0x3C, 0x3C, 0x37, 0x00, 0x00, 0x00, 0x4C, 0xFF, 0xFF, 0x84, 0x00, 0x00, 0x00,
    0x00, 0x00, 0x00, 0x4C, 0xFF, 0xFF, 0x84, 0x00, 0x00, 0x00, 0x00, 0x00, 0x00, 0x4C, 0xFF, 0xFF,
    0x84, 0x00, 0x00, 0x00, 0x00, 0x00, 0x00, 0x4C, 0xFF, 0xFF, 0x84, 0x00, 0x00, 0x00, 0x00, 0x00,
    0x00, 0x4C, 0xFF, 0xFF, 0x84, 0x00, 0x00, 0x00, 0x00, 0x00, 0x00, 0x4C, 0xFF, 0xFF, 0x84, 0x00,
    0x00, 0x00, 0x00, 0x00, 0x00, 0x4C, 0xFF, 0xFF, 0x84, 0x00, 0x00, 0x00, 0x00, 0x00, 0x00, 0x4C,
    0xFF, 0xFF, 0x84, 0x00, 0x00, 0x00, 0x00, 0x00, 0x00, 0x4C, 0xFF, 0xFF, 0x84, 0x00, 0x00, 0x00,
    // Unicode: [0x0165]
    0x00, 0x00, 0x00, 0x00, 0x00, 0x00, 0x38, 0x40, 0x23, 0x00, 0x00, 0x00, 0x00, 0x00, 0x08, 0xFB,
    0xFF, 0x4E, 0x00, 0x00, 0x00, 0x00, 0x00, 0x38, 0xFF, 0xE4, 0x03, 0x00, 0x98, 0xFF, 0xFF, 0x08,
    0x6D, 0xFF, 0x81, 0x00, 0x00, 0x98, 0xFF, 0xFF, 0x08, 0xA2, 0xFD, 0x1E, 0x00, 0x00, 0x98, 0xFF,
    0xFF, 0x08, 0x00, 0x00, 0x00, 0x00, 0xB0, 0xFF, 0xFF, 0xFF, 0xFF, 0xFF, 0x80, 0x00, 0x00, 0x9C,
    0xF4, 0xFF, 0xFF, 0xE4, 0xE4, 0x72, 0x00, 0x00, 0x00, 0x98, 0xFF, 0xFF, 0x08, 0x00, 0x00, 0x00,
    0x00, 0x00, 0x98, 0xFF, 0xFF, 0x08, 0x00, 0x00, 0x00, 0x00, 0x00, 0x98, 0xFF, 0xFF, 0x08, 0x00,
    0x00, 0x00, 0x00, 0x00, 0x98, 0xFF, 0xFF, 0x08, 0x00, 0x00, 0x00, 0x00, 0x00, 0x88, 0xFF, 0xFF,
    0x3E, 0x01, 0x12, 0x00, 0x00, 0x00, 0x50, 0xFF, 0xFF, 0xFF, 0xF4, 0x80, 0x00, 0x00, 0x00, 0x00,
    0x7F, 0xE1, 0xFA, 0xEE, 0x66, 0x00, 0x00,
    // Unicode: [0x0166]
    0xB4, 0xFF, 0xFF, 0xFF, 0xFF, 0xFF, 0xFF, 0xFF, 0xFF, 0xEC, 0xB4, 0xFF, 0xFF, 0xFF, 0xFF, 0xFF,
    0xFF, 0xFF, 0xFF, 0xEC, 0x2A, 0x3C, 0x3C, 0x76, 0xFF, 0xFF, 0xA1, 0x3C, 0x3C, 0x37, 0x00, 0x00,
    0x00, 0x4C, 0xFF, 0xFF, 0x84, 0x00, 0x00, 0x00, 0x00, 0x00, 0x00, 0x4C, 0xFF, 0xFF, 0x84, 0x00,
    0x00, 0x00, 0x00, 0x47, 0xC8, 0xD8, 0xFF, 0xFF, 0xE4, 0xC8, 0x73, 0x00, 0x00, 0x5C, 0xFF, 0xFF,
    0xFF, 0xFF, 0xFF, 0xFF, 0x94, 0x00, 0x00, 0x00, 0x00, 0x4C, 0xFF, 0xFF, 0x84, 0x00, 0x00, 0x00,
    0x00, 0x00, 0x00, 0x4C, 0xFF, 0xFF, 0x84, 0x00, 0x00, 0x00, 0x00, 0x00, 0x00, 0x4C, 0xFF, 0xFF,
    0x84, 0x00, 0x00, 0x00, 0x00, 0x00, 0x00, 0x4C, 0xFF, 0xFF, 0x84, 0x00, 0x00, 0x00, 0x00, 0x00,
    0x00, 0x4C, 0xFF, 0xFF, 0x84, 0x00, 0x00, 0x00,
    // Unicode: [0x0167]
    0x00, 0x98, 0xFF, 0xFF, 0x08, 0x00, 0x00, 0x00, 0x98, 0xFF, 0xFF, 0x08, 0x00, 0x00, 0x00, 0x98,
    0xFF, 0xFF, 0x08, 0x00, 0x00, 0xB0, 0xFF, 0xFF, 0xFF, 0xFF, 0xFF, 0x80, 0x9C, 0xF4, 0xFF, 0xFF,
    0xE4, 0xE4, 0x72, 0x00, 0x98, 0xFF, 0xFF, 0x08, 0x00, 0x00, 0x63, 0xDA, 0xFF, 0xFF, 0xA6, 0x75,
    0x00, 0x9C, 0xFF, 0xFF, 0xFF, 0xFF, 0xB8, 0x00, 0x00, 0x97, 0xFF, 0xFF, 0x08, 0x00, 0x00, 0x00,
    0x85, 0xFF, 0xFF, 0x43, 0x01, 0x15, 0x00, 0x4C, 0xFF, 0xFF, 0xFF, 0xF5, 0x80, 0x00, 0x00, 0x7C,
    0xE0, 0xFA, 0xEE, 0x66,
    // Unicode: [0x0168]
    0x00, 0x00, 0x14, 0x87, 0x76, 0x0C, 0x35, 0xA0, 0x2E, 0x00, 0x00, 0x00, 0xC0, 0xFF, 0xFF, 0xE4,
    0xD7, 0xFE, 0x21, 0x00, 0x00, 0x12, 0xFF, 0x92, 0x32, 0xC1, 0xF0, 0x7F, 0x00, 0x00, 0x00, 0x00,
    0x00, 0x00, 0x00, 0x00, 0x00, 0x00, 0x00, 0x00, 0xC4, 0xFF, 0xFF, 0x10, 0x00, 0x00, 0x00, 0xE4,
    0xFF, 0xF0, 0xC4, 0xFF, 0xFF, 0x10, 0x00, 0x00, 0x00, 0xE4, 0xFF, 0xF0, 0xC4, 0xFF, 0xFF, 0x10,
    0x00, 0x00, 0x00, 0xE4, 0xFF, 0xF0, 0xC4, 0xFF, 0xFF, 0x10, 0x00, 0x00, 0x00, 0xE4, 0xFF, 0xF0,
    0xC4, 0xFF, 0xFF, 0x10, 0x00, 0x00, 0x00, 0xE4, 0xFF, 0xF0, 0xC4, 0xFF, 0xFF, 0x10, 0x00, 0x00,
    0x00, 0xE4, 0xFF, 0xF0, 0xC4, 0xFF, 0xFF, 0x10, 0x00, 0x00, 0x00, 0xE4, 0xFF, 0xF0, 0xC1, 0xFF,
    0xFF, 0x15, 0x00, 0x00, 0x00, 0xE9, 0xFF, 0xED, 0xAC, 0xFF, 0xFF, 0x3D, 0x00, 0x00, 0x13, 0xFE,
    0xFF, 0xD6, 0x67, 0xFF, 0xFF, 0xD1, 0x4D, 0x44, 0xB7, 0xFF, 0xFF, 0x91, 0x07, 0xC9, 0xFF, 0xFF,
    0xFF, 0xFF, 0xFF, 0xFF, 0xE2, 0x17, 0x00, 0x0A, 0x80, 0xD4, 0xF7, 0xF9, 0xDC, 0x93, 0x17, 0x00,
    // Unicode: [0x0169]
    0x00, 0x02, 0x68, 0x94, 0x52, 0x13, 0x9B, 0x69, 0x00, 0x00, 0x75, 0xFF, 0xFF, 0xFF, 0xFF, 0xFF,
    0x6F, 0x00, 0x00, 0x7B, 0x9F, 0x14, 0x5F, 0xA1, 0x75, 0x04, 0x00, 0x00, 0x00, 0x00, 0x00, 0x00,
    0x00, 0x00, 0x00, 0x00, 0xD4, 0xFF, 0xD4, 0x00, 0x00, 0x34, 0xFF, 0xFF, 0x70, 0xD4, 0xFF, 0xD4,
    0x00, 0x00, 0x34, 0xFF, 0xFF, 0x70, 0xD4, 0xFF, 0xD4, 0x00, 0x00, 0x34, 0xFF, 0xFF, 0x70, 0xD4,
    0xFF, 0xD4, 0x00, 0x00, 0x34, 0xFF, 0xFF, 0x70, 0xD4, 0xFF, 0xD4, 0x00, 0x00, 0x34, 0xFF, 0xFF,
    0x70, 0xD2, 0xFF, 0xDE, 0x00, 0x00, 0x34, 0xFF, 0xFF, 0x70, 0xBA, 0xFF, 0xFE, 0x43, 0x12, 0x7C,
    0xFF, 0xFF, 0x70, 0x72, 0xFF, 0xFF, 0xFF, 0xFF, 0xFF, 0xFF, 0xFF, 0x70, 0x06, 0x92, 0xEA, 0xEC,
    0xB4, 0x67, 0xFF, 0xFF, 0x70,
    // Unicode: [0x016A]
    0x00, 0x00, 0xD8, 0xFF, 0xFF, 0xFF, 0xFF, 0xFF, 0x08, 0x00, 0x00, 0x00, 0x87, 0xA0, 0xA0, 0xA0,
    0xA0, 0xA0, 0x05, 0x00, 0x00, 0x00, 0x00, 0x00, 0x00, 0x00, 0x00, 0x00, 0x00, 0x00, 0xC4, 0xFF,
    0xFF, 0x10, 0x00, 0x00, 0x00, 0xE4, 0xFF, 0xF0, 0xC4, 0xFF, 0xFF, 0x10, 0x00, 0x00, 0x00, 0xE4,
    0xFF, 0xF0, 0xC4, 0xFF, 0xFF, 0x10, 0x00, 0x00, 0x00, 0xE4, 0xFF, 0xF0, 0xC4, 0xFF, 0xFF, 0x10,
    0x00, 0x00, 0x00, 0xE4, 0xFF, 0xF0, 0xC4, 0xFF, 0xFF, 0x10, 0x00, 0x00, 0x00, 0xE4, 0xFF, 0xF0,
    0xC4, 0xFF, 0xFF, 0x10, 0x00, 0x00, 0x00, 0xE4, 0xFF, 0xF0, 0xC4, 0xFF, 0xFF, 0x10, 0x00, 0x00,
    0x00, 0xE4, 0xFF, 0xF0, 0xC1, 0xFF, 0xFF, 0x15, 0x00, 0x00, 0x00, 0xE9, 0xFF, 0xED, 0xAC, 0xFF,
    0xFF, 0x3D, 0x00, 0x00, 0x13, 0xFE, 0xFF, 0xD6, 0x67, 0xFF, 0xFF, 0xD1, 0x4D, 0x44, 0xB7, 0xFF,
    0xFF, 0x91, 0x07, 0xC9, 0xFF, 0xFF, 0xFF, 0xFF, 0xFF, 0xFF, 0xE2, 0x17, 0x00, 0x0A, 0x80, 0xD4,
    0xF7, 0xF9, 0xDC, 0x93, 0x17, 0x00,
    // Unicode: [0x016B]
    0x00, 0x94, 0xFF, 0xFF, 0xFF, 0xFF, 0xFF, 0x4C, 0x00, 0x00, 0x5E, 0xA4, 0xA4, 0xA4, 0xA4, 0xA4,
    0x30, 0x00, 0x00, 0x00, 0x00, 0x00, 0x00, 0x00, 0x00, 0x00, 0x00, 0xD4, 0xFF, 0xD4, 0x00, 0x00,
    0x34, 0xFF, 0xFF, 0x70, 0xD4, 0xFF, 0xD4, 0x00, 0x00, 0x34, 0xFF, 0xFF, 0x70, 0xD4, 0xFF, 0xD4,
    0x00, 0x00, 0x34, 0xFF, 0xFF, 0x70, 0xD4, 0xFF, 0xD4, 0x00, 0x00, 0x34, 0xFF, 0xFF, 0x70, 0xD4,
    0xFF, 0xD4, 0x00, 0x00, 0x34, 0xFF, 0xFF, 0x70, 0xD2, 0xFF, 0xDE, 0x00, 0x00, 0x34, 0xFF, 0xFF,
    0x70, 0xBA, 0xFF, 0xFE, 0x43, 0x12, 0x7C, 0xFF, 0xFF, 0x70, 0x72, 0xFF, 0xFF, 0xFF, 0xFF, 0xFF,
    0xFF, 0xFF, 0x70, 0x06, 0x92, 0xEA, 0xEC, 0xB4, 0x67, 0xFF, 0xFF, 0x70,
    // Unicode: [0x016C]
    0x00, 0x00, 0xA8, 0xF3, 0x00, 0x00, 0xC1, 0xDE, 0x00, 0x00, 0x00, 0x00, 0x75, 0xFF, 0x61, 0x3D,
    0xF8, 0xA7, 0x00, 0x00, 0x00, 0x00, 0x0C, 0xC6, 0xFF, 0xFF, 0xDD, 0x23, 0x00, 0x00, 0x00, 0x00,
    0x00, 0x02, 0x2D, 0x35, 0x07, 0x00, 0x00, 0x00, 0xC4, 0xFF, 0xFF, 0x10, 0x00, 0x00, 0x00, 0xE4,
    0xFF, 0xF0, 0xC4, 0xFF, 0xFF, 0x10, 0x00, 0x00, 0x00, 0xE4, 0xFF, 0xF0, 0xC4, 0xFF, 0xFF, 0x10,
    0x00, 0x00, 0x00, 0xE4, 0xFF, 0xF0, 0xC4, 0xFF, 0xFF, 0x10, 0x00, 0x00, 0x00, 0xE4, 0xFF, 0xF0,
    0xC4, 0xFF, 0xFF, 0x10, 0x00, 0x00, 0x00, 0xE4, 0xFF, 0xF0, 0xC4, 0xFF, 0xFF, 0x10, 0x00, 0x00,
    0x00, 0xE4, 0xFF, 0xF0, 0xC4, 0xFF, 0xFF, 0x10, 0x00, 0x00, 0x00, 0xE4, 0xFF, 0xF0, 0xC1, 0xFF,
    0xFF, 0x15, 0x00, 0x00, 0x00, 0xE9, 0xFF, 0xED, 0xAC, 0xFF, 0xFF, 0x3D, 0x00, 0x00, 0x13, 0xFE,
    0xFF, 0xD6, 0x67, 0xFF, 0xFF, 0xD1, 0x4D, 0x44, 0xB7, 0xFF, 0xFF, 0x91, 0x07, 0xC9, 0xFF, 0xFF,
    0xFF, 0xFF, 0xFF, 0xFF, 0xE2, 0x17, 0x00, 0x0A, 0x80, 0xD4, 0xF7, 0xF9, 0xDC, 0x93, 0x17, 0x00,
    // Unicode: [0x016D]
    0x00, 0x3B, 0x80, 0x13, 0x00, 0x40, 0x80, 0x0E, 0x00, 0x00, 0x54, 0xFF, 0x7E, 0x25, 0xC7, 0xF3,
    0x04, 0x00, 0x00, 0x03, 0xB5, 0xFF, 0xFF, 0xF8, 0x60, 0x00, 0x00, 0x00, 0x00, 0x00, 0x28, 0x3D,
    0x14, 0x00, 0x00, 0x00, 0xD4, 0xFF, 0xD4, 0x00, 0x00, 0x34, 0xFF, 0xFF, 0x70, 0xD4, 0xFF, 0xD4,
    0x00, 0x00, 0x34, 0xFF, 0xFF, 0x70, 0xD4, 0xFF, 0xD4, 0x00, 0x00, 0x34, 0xFF, 0xFF, 0x70, 0xD4,
    0xFF, 0xD4, 0x00, 0x00, 0x34, 0xFF, 0xFF, 0x70, 0xD4, 0xFF, 0xD4, 0x00, 0x00, 0x34, 0xFF, 0xFF,
    0x70, 0xD2, 0xFF, 0xDE, 0x00, 0x00, 0x34, 0xFF, 0xFF, 0x70, 0xBA, 0xFF, 0xFE, 0x43, 0x12, 0x7C,
    0xFF, 0xFF, 0x70, 0x72, 0xFF, 0xFF, 0xFF, 0xFF, 0xFF, 0xFF, 0xFF, 0x70, 0x06, 0x92, 0xEA, 0xEC,
    0xB4, 0x67, 0xFF, 0xFF, 0x70,
    // Unicode: [0x016E]
    0x00, 0x00, 0x00, 0x49, 0xDE, 0xE9, 0x67, 0x00, 0x00, 0x00, 0x00, 0x00, 0x0E, 0xF0, 0x8D, 0x6C,
    0xFD, 0x2B, 0x00, 0x00, 0x00, 0x00, 0x35, 0xFF, 0x20, 0x00, 0xF4, 0x60, 0x00, 0x00, 0x00, 0x00,
    0x16, 0xFB, 0x61, 0x38, 0xFF, 0x3C, 0x00, 0x00, 0xC4, 0xFF, 0xFF, 0x82, 0xFD, 0xFF, 0x99, 0xE4,
    0xFF, 0xF0, 0xC4, 0xFF, 0xFF, 0x10, 0x15, 0x1D, 0x00, 0xE4, 0xFF, 0xF0, 0xC4, 0xFF, 0xFF, 0x10,
    0x00, 0x00, 0x00, 0xE4, 0xFF, 0xF0, 0xC4, 0xFF, 0xFF, 0x10, 0x00, 0x00, 0x00, 0xE4, 0xFF, 0xF0,
    0xC4, 0xFF, 0xFF, 0x10, 0x00, 0x00, 0x00, 0xE4, 0xFF, 0xF0, 0xC4, 0xFF, 0xFF, 0x10, 0x00, 0x00,
    0x00, 0xE4, 0xFF, 0xF0, 0xC4, 0xFF, 0xFF, 0x10, 0x00, 0x00, 0x00, 0xE4, 0xFF, 0xF0, 0xC1, 0xFF,
    0xFF, 0x15, 0x00, 0x00, 0x00, 0xE9, 0xFF, 0xED, 0xAC, 0xFF, 0xFF, 0x3D, 0x00, 0x00, 0x13, 0xFE,
    0xFF, 0xD6, 0x67, 0xFF, 0xFF, 0xD1, 0x4D, 0x44, 0xB7, 0xFF, 0xFF, 0x91, 0x07, 0xC9, 0xFF, 0xFF,
    0xFF, 0xFF, 0xFF, 0xFF, 0xE2, 0x17, 0x00, 0x0A, 0x80, 0xD4, 0xF7, 0xF9, 0xDC, 0x93, 0x17, 0x00,
    // Unicode: [0x016F]
    0x00, 0x00, 0x3C, 0xD3, 0xF3, 0xAA, 0x0B, 0x00, 0x00, 0x00, 0x00, 0xE0, 0xA5, 0x41, 0xE4, 0x7F,
    0x00, 0x00, 0x00, 0x00, 0xED, 0x87, 0x19, 0xD4, 0x8D, 0x00, 0x00, 0x00, 0x00, 0x5F, 0xF7, 0xFF,
    0xD8, 0x1C, 0x00, 0x00, 0xD4, 0xFF, 0xD4, 0x0D, 0x24, 0x37, 0xFF, 0xFF, 0x70, 0xD4, 0xFF, 0xD4,
    0x00, 0x00, 0x34, 0xFF, 0xFF, 0x70, 0xD4, 0xFF, 0xD4, 0x00, 0x00, 0x34, 0xFF, 0xFF, 0x70, 0xD4,
    0xFF, 0xD4, 0x00, 0x00, 0x34, 0xFF, 0xFF, 0x70, 0xD4, 0xFF, 0xD4, 0x00, 0x00, 0x34, 0xFF, 0xFF,
    0x70, 0xD2, 0xFF, 0xDE, 0x00, 0x00, 0x34, 0xFF, 0xFF, 0x70, 0xBA, 0xFF, 0xFE, 0x43, 0x10, 0x79,
    0xFF, 0xFF, 0x70, 0x72, 0xFF, 0xFF, 0xFF, 0xFF, 0xFF, 0xFF, 0xFF, 0x70, 0x06, 0x92, 0xEA, 0xEC,
    0xB4, 0x67, 0xFF, 0xFF, 0x70,
    // Unicode: [0x0170]
    0x00, 0x00, 0x00, 0x07, 0x10, 0x0C, 0x05, 0x10, 0x0E, 0x00, 0x00, 0x00, 0x00, 0xAE, 0xFF, 0x73,
    0x96, 0xFF, 0x8F, 0x00, 0x00, 0x00, 0x1E, 0xFC, 0xCB, 0x12, 0xF3, 0xDF, 0x0B, 0x00, 0x00, 0x00,
    0x89, 0xFB, 0x2E, 0x71, 0xFF, 0x46, 0x00, 0x00, 0x00, 0x00, 0x00, 0x00, 0x00, 0x00, 0x00, 0x00,
    0x00, 0x00, 0xC4, 0xFF, 0xFF, 0x10, 0x00, 0x00, 0x00, 0xE4, 0xFF, 0xF0, 0xC4, 0xFF, 0xFF, 0x10,
    0x00, 0x00, 0x00, 0xE4, 0xFF, 0xF0, 0xC4, 0xFF, 0xFF, 0x10, 0x00, 0x00, 0x00, 0xE4, 0xFF, 0xF0,
    0xC4, 0xFF, 0xFF, 0x10, 0x00, 0x00, 0x00, 0xE4, 0xFF, 0xF0, 0xC4, 0xFF, 0xFF, 0x10, 0x00, 0x00,
    0x00, 0xE4, 0xFF, 0xF0, 0xC4, 0xFF, 0xFF, 0x10, 0x00, 0x00, 0x00, 0xE4, 0xFF, 0xF0, 0xC4, 0xFF,
    0xFF, 0x10, 0x00, 0x00, 0x00, 0xE4, 0xFF, 0xF0, 0xC1, 0xFF, 0xFF, 0x15, 0x00, 0x00, 0x00, 0xE9,
    0xFF, 0xED, 0xAC, 0xFF, 0xFF, 0x3D, 0x00, 0x00, 0x13, 0xFE, 0xFF, 0xD6, 0x67, 0xFF, 0xFF, 0xD1,
    0x4D, 0x44, 0xB7, 0xFF, 0xFF, 0x91, 0x07, 0xC9, 0xFF, 0xFF, 0xFF, 0xFF, 0xFF, 0xFF, 0xE2, 0x17,
    0x00, 0x0A, 0x80, 0xD4, 0xF7, 0xF9, 0xDC, 0x93, 0x17, 0x00,
    // Unicode: [0x0171]
    0x00, 0x00, 0x60, 0xFF, 0xC3, 0x49, 0xFF, 0xD9, 0x08, 0x00, 0x00, 0xCD, 0xF8, 0x27, 0xB6, 0xFE,
    0x3D, 0x00, 0x00, 0x3C, 0xFF, 0x7A, 0x25, 0xFE, 0x96, 0x00, 0x00, 0x00, 0x05, 0x0C, 0x01, 0x04,
    0x0C, 0x02, 0x00, 0x00, 0xD4, 0xFF, 0xD4, 0x00, 0x00, 0x34, 0xFF, 0xFF, 0x70, 0xD4, 0xFF, 0xD4,
    0x00, 0x00, 0x34, 0xFF, 0xFF, 0x70, 0xD4, 0xFF, 0xD4, 0x00, 0x00, 0x34, 0xFF, 0xFF, 0x70, 0xD4,
    0xFF, 0xD4, 0x00, 0x00, 0x34, 0xFF, 0xFF, 0x70, 0xD4, 0xFF, 0xD4, 0x00, 0x00, 0x34, 0xFF, 0xFF,
    0x70, 0xD2, 0xFF, 0xDE, 0x00, 0x00, 0x34, 0xFF, 0xFF, 0x70, 0xBA, 0xFF, 0xFE, 0x43, 0x12, 0x7C,
    0xFF, 0xFF, 0x70, 0x72, 0xFF, 0xFF, 0xFF, 0xFF, 0xFF, 0xFF, 0xFF, 0x70, 0x06, 0x92, 0xEA, 0xEC,
    0xB4, 0x67, 0xFF, 0xFF, 0x70,
    // Unicode: [0x0172]
    0xC4, 0xFF, 0xFF, 0x10, 0x00, 0x00, 0x00, 0xE4, 0xFF, 0xF0, 0xC4, 0xFF, 0xFF, 0x10, 0x00, 0x00,
    0x00, 0xE4, 0xFF, 0xF0, 0xC4, 0xFF, 0xFF, 0x10, 0x00, 0x00, 0x00, 0xE4, 0xFF, 0xF0, 0xC4, 0xFF,
    0xFF, 0x10, 0x00, 0x00, 0x00, 0xE4, 0xFF, 0xF0, 0xC4, 0xFF, 0xFF, 0x10, 0x00, 0x00, 0x00, 0xE4,
    0xFF, 0xF0, 0xC4, 0xFF, 0xFF, 0x10, 0x00, 0x00, 0x00, 0xE4, 0xFF, 0xF0, 0xC4, 0xFF, 0xFF, 0x10,
    0x00, 0x00, 0x00, 0xE4, 0xFF, 0xF0, 0xC2, 0xFF, 0xFF, 0x15, 0x00, 0x00, 0x00, 0xE9, 0xFF, 0xEC,
    0xAD, 0xFF, 0xFF, 0x3C, 0x00, 0x00, 0x12, 0xFE, 0xFF, 0xD2, 0x68, 0xFF, 0xFF, 0xCE, 0x49, 0x40,
    0xB4, 0xFF, 0xFF, 0x8B, 0x07, 0xCA, 0xFF, 0xFF, 0xFF, 0xFF, 0xFF, 0xFF, 0xDD, 0x16, 0x00, 0x0A,
    0x80, 0xD4, 0xF7, 0xFF, 0xFF, 0xA2, 0x16, 0x00, 0x00, 0x00, 0x00, 0x00, 0x00, 0x52, 0xFF, 0x45,
    0x00, 0x00, 0x00, 0x00, 0x00, 0x00, 0x00, 0x29, 0xFE, 0xD7, 0x80, 0x7D, 0x00, 0x00, 0x00, 0x00,
    0x00, 0x00, 0x70, 0xE4, 0xFB, 0xB1,
    // Unicode: [0x0173]
    0xD4, 0xFF, 0xD4, 0x00, 0x00, 0x34, 0xFF, 0xFF, 0x70, 0x00, 0xD4, 0xFF, 0xD4, 0x00, 0x00, 0x34,
    0xFF, 0xFF, 0x70, 0x00, 0xD4, 0xFF, 0xD4, 0x00, 0x00, 0x34, 0xFF, 0xFF, 0x70, 0x00, 0xD4, 0xFF,
    0xD4, 0x00, 0x00, 0x34, 0xFF, 0xFF, 0x70, 0x00, 0xD4, 0xFF, 0xD5, 0x00, 0x00, 0x34, 0xFF, 0xFF,
    0x70, 0x00, 0xD2, 0xFF, 0xE5, 0x00, 0x00, 0x34, 0xFF, 0xFF, 0x70, 0x00, 0xBA, 0xFF, 0xFF, 0x7A,
    0x4C, 0xA9, 0xFF, 0xFF, 0x70, 0x00, 0x72, 0xFF, 0xFF, 0xFF, 0xFF, 0xF9, 0xFF, 0xFF, 0x70, 0x00,
    0x06, 0x92, 0xEA, 0xF3, 0xA8, 0x58, 0xFF, 0xFF, 0x70, 0x00, 0x00, 0x00, 0x00, 0x00, 0x00, 0x42,
    0xFF, 0x54, 0x00, 0x00, 0x00, 0x00, 0x00, 0x00, 0x00, 0x1B, 0xFB, 0xDA, 0x80, 0x85, 0x00, 0x00,
    0x00, 0x00, 0x00, 0x00, 0x61, 0xE0, 0xFB, 0xC1,
    // Unicode: [0x0174]
    0x00, 0x00, 0x00, 0x00, 0x00, 0x00, 0x06, 0xC6, 0xFF, 0xC8, 0x06, 0x00, 0x00, 0x00, 0x00, 0x00,
    0x00, 0x00, 0x00, 0x00, 0x00, 0x00, 0x00, 0x96, 0xFF, 0xA3, 0xFF, 0x99, 0x00, 0x00, 0x00, 0x00,
    0x00, 0x00, 0x00, 0x00, 0x00, 0x00, 0x00, 0x5F, 0xFF, 0x8A, 0x00, 0x90, 0xFF, 0x63, 0x00, 0x00,
    0x00, 0x00, 0x00, 0x00, 0x00, 0x00, 0x00, 0x00, 0x00, 0x00, 0x00, 0x00, 0x00, 0x00, 0x00, 0x00,
    0x00, 0x00, 0x00, 0x00, 0x65, 0xFF, 0xFF, 0x85, 0x00, 0x00, 0x09, 0xF9, 0xFF, 0xFA, 0x0A, 0x00,
    0x00, 0x88, 0xFF, 0xFF, 0x50, 0x26, 0xFF, 0xFF, 0xB9, 0x00, 0x00, 0x42, 0xFF, 0xFF, 0xFF, 0x41,
    0x00, 0x00, 0xBE, 0xFF, 0xFE, 0x13, 0x00, 0xE7, 0xFF, 0xEC, 0x00, 0x00, 0x80, 0xFF, 0xFF, 0xFF,
    0x7C, 0x00, 0x01, 0xF1, 0xFF, 0xD2, 0x00, 0x00, 0xA9, 0xFF, 0xFF, 0x21, 0x00, 0xBF, 0xFF, 0xFF,
    0xFF, 0xB8, 0x00, 0x2A, 0xFF, 0xFF, 0x94, 0x00, 0x00, 0x6A, 0xFF, 0xFF, 0x54, 0x06, 0xF6, 0xFF,
    0xD6, 0xFF, 0xF1, 0x02, 0x60, 0xFF, 0xFF, 0x55, 0x00, 0x00, 0x2C, 0xFF, 0xFF, 0x88, 0x3C, 0xFF,
    0xFF, 0x5B, 0xFF, 0xFF, 0x2F, 0x97, 0xFF, 0xFF, 0x17, 0x00, 0x00, 0x01, 0xEB, 0xFF, 0xBC, 0x7A,
    0xFF, 0xDF, 0x06, 0xF6, 0xFF, 0x6A, 0xCD, 0xFF, 0xD8, 0x00, 0x00, 0x00, 0x00, 0xAE, 0xFF, 0xEF,
    0xB9, 0xFF, 0xA0, 0x00, 0xBD, 0xFF, 0xAE, 0xFA, 0xFF, 0x99, 0x00, 0x00, 0x00, 0x00, 0x70, 0xFF,
    0xFF, 0xFC, 0xFF, 0x62, 0x00, 0x7D, 0xFF, 0xFC, 0xFF, 0xFF, 0x5A, 0x00, 0x00, 0x00, 0x00, 0x31,
    0xFF, 0xFF, 0xFF, 0xFF, 0x23, 0x00, 0x3D, 0xFF, 0xFF, 0xFF, 0xFF, 0x1C, 0x00, 0x00, 0x00, 0x00,
    0x02, 0xEF, 0xFF, 0xFF, 0xE5, 0x00, 0x00, 0x06, 0xF6, 0xFF, 0xFF, 0xDD, 0x00, 0x00, 0x00, 0x00,
    0x00, 0x00, 0xB3, 0xFF, 0xFF, 0xA7, 0x00, 0x00, 0x00, 0xBC, 0xFF, 0xFF, 0x9F, 0x00, 0x00, 0x00,
    // Unicode: [0x0175]
    0x00, 0x00, 0x00, 0x00, 0x00, 0x0A, 0xD2, 0xFF, 0xBC, 0x03, 0x00, 0x00, 0x00, 0x00, 0x00, 0x00,
    0x00, 0x00, 0x00, 0x00, 0xA5, 0xFD, 0xA5, 0xFF, 0x89, 0x00, 0x00, 0x00, 0x00, 0x00, 0x00, 0x00,
    0x00, 0x00, 0x6F, 0xFF, 0x7A, 0x00, 0xA0, 0xFF, 0x53, 0x00, 0x00, 0x00, 0x00, 0x00, 0x00, 0x00,
    0x00, 0x00, 0x00, 0x00, 0x00, 0x00, 0x00, 0x00, 0x00, 0x00, 0x00, 0x00, 0x89, 0xFF, 0xFF, 0x34,
    0x00, 0x00, 0xE0, 0xFF, 0xB9, 0x00, 0x00, 0x75, 0xFF, 0xFF, 0x37, 0x41, 0xFF, 0xFF, 0x6F, 0x00,
    0x29, 0xFF, 0xFF, 0xF6, 0x08, 0x00, 0xAE, 0xFF, 0xEC, 0x02, 0x05, 0xF2, 0xFF, 0xA9, 0x00, 0x72,
    0xFF, 0xFF, 0xFF, 0x43, 0x00, 0xE7, 0xFF, 0xA6, 0x00, 0x00, 0xB1, 0xFF, 0xE3, 0x00, 0xBB, 0xFF,
    0xB0, 0xFF, 0x88, 0x21, 0xFF, 0xFF, 0x5E, 0x00, 0x00, 0x69, 0xFF, 0xFF, 0x28, 0xF8, 0xE9, 0x3B,
    0xFF, 0xCD, 0x5A, 0xFF, 0xFE, 0x17, 0x00, 0x00, 0x20, 0xFF, 0xFF, 0xA4, 0xFF, 0xA4, 0x03, 0xEF,
    0xFE, 0xA8, 0xFF, 0xCD, 0x00, 0x00, 0x00, 0x00, 0xD9, 0xFF, 0xFD, 0xFF, 0x5E, 0x00, 0xAD, 0xFF,
    0xFD, 0xFF, 0x84, 0x00, 0x00, 0x00, 0x00, 0x91, 0xFF, 0xFF, 0xFF, 0x19, 0x00, 0x66, 0xFF, 0xFF,
    0xFF, 0x3C, 0x00, 0x00, 0x00, 0x00, 0x48, 0xFF, 0xFF, 0xD2, 0x00, 0x00, 0x1F, 0xFF, 0xFF, 0xF0,
    0x04, 0x00, 0x00,
    // Unicode: [0x0176]
    0x00, 0x00, 0x00, 0x02, 0xAB, 0xEC, 0xC6, 0x0C, 0x00, 0x00, 0x00, 0x00, 0x00, 0x00, 0x8F, 0xFF,
    0x96, 0xFB, 0xB3, 0x02, 0x00, 0x00, 0x00, 0x00, 0x46, 0xD3, 0x7B, 0x00, 0x5E, 0xD4, 0x67, 0x00,
    0x00, 0x00, 0x00, 0x00, 0x00, 0x00, 0x00, 0x00, 0x00, 0x00, 0x00, 0x00, 0xAB, 0xFF, 0xFF, 0x84,
    0x00, 0x00, 0x00, 0x5B, 0xFF, 0xFF, 0xB5, 0x24, 0xFA, 0xFF, 0xF3, 0x13, 0x00, 0x01, 0xD5, 0xFF,
    0xFD, 0x2D, 0x00, 0x93, 0xFF, 0xFF, 0x89, 0x00, 0x54, 0xFF, 0xFF, 0x9E, 0x00, 0x00, 0x15, 0xF2,
    0xFF, 0xF4, 0x17, 0xD0, 0xFF, 0xF6, 0x1C, 0x00, 0x00, 0x00, 0x7C, 0xFF, 0xFF, 0xCB, 0xFF, 0xFF,
    0x87, 0x00, 0x00, 0x00, 0x00, 0x0A, 0xE5, 0xFF, 0xFF, 0xFF, 0xEC, 0x0F, 0x00, 0x00, 0x00, 0x00,
    0x00, 0x64, 0xFF, 0xFF, 0xFF, 0x6F, 0x00, 0x00, 0x00, 0x00, 0x00, 0x00, 0x03, 0xE6, 0xFF, 0xFA,
    0x06, 0x00, 0x00, 0x00, 0x00, 0x00, 0x00, 0x00, 0xD8, 0xFF, 0xF8, 0x00, 0x00, 0x00, 0x00, 0x00,
    0x00, 0x00, 0x00, 0xD8, 0xFF, 0xF8, 0x00, 0x00, 0x00, 0x00, 0x00, 0x00, 0x00, 0x00, 0xD8, 0xFF,
    0xF8, 0x00, 0x00, 0x00, 0x00, 0x00, 0x00, 0x00, 0x00, 0xD8, 0xFF, 0xF8, 0x00, 0x00, 0x00, 0x00,
    // Unicode: [0x0177]
    0x00, 0x00, 0x00, 0x69, 0xFF, 0xFA, 0x3C, 0x00, 0x00, 0x00, 0x00, 0x00, 0x37, 0xF9, 0xC0, 0xE2,
    0xE6, 0x18, 0x00, 0x00, 0x00, 0x15, 0xE2, 0xDD, 0x12, 0x33, 0xF7, 0xC2, 0x04, 0x00, 0x00, 0x00,
    0x00, 0x00, 0x00, 0x00, 0x00, 0x00, 0x00, 0x00, 0x99, 0xFF, 0xFF, 0x28, 0x00, 0x00, 0x57, 0xFF,
    0xFF, 0x5A, 0x3B, 0xFF, 0xFF, 0x81, 0x00, 0x00, 0xAC, 0xFF, 0xF0, 0x09, 0x00, 0xDC, 0xFF, 0xDA,
    0x00, 0x0B, 0xF5, 0xFF, 0x97, 0x00, 0x00, 0x7F, 0xFF, 0xFF, 0x34, 0x56, 0xFF, 0xFF, 0x35, 0x00,
    0x00, 0x22, 0xFE, 0xFF, 0x8D, 0xAB, 0xFF, 0xD4, 0x00, 0x00, 0x00, 0x00, 0xC3, 0xFF, 0xE6, 0xF5,
    0xFF, 0x72, 0x00, 0x00, 0x00, 0x00, 0x65, 0xFF, 0xFF, 0xFF, 0xFA, 0x15, 0x00, 0x00, 0x00, 0x00,
    0x0F, 0xF7, 0xFF, 0xFF, 0xAF, 0x00, 0x00, 0x00, 0x00, 0x00, 0x00, 0xB0, 0xFF, 0xFF, 0x4D, 0x00,
    0x00, 0x00, 0x00, 0x00, 0x02, 0xE1, 0xFF, 0xE7, 0x04, 0x00, 0x00, 0x00, 0x00, 0x00, 0x4B, 0xFF,
    0xFF, 0x8A, 0x00, 0x00, 0x00, 0x00, 0x00, 0x00, 0xB1, 0xFF, 0xFF, 0x29, 0x00, 0x00, 0x00, 0x00,
    // Unicode: [0x0178]
    0x00, 0x00, 0x80, 0xFF, 0xAC, 0x00, 0x90, 0xFF, 0x9C, 0x00, 0x00, 0x00, 0x00, 0x80, 0xFF, 0xAC,
    0x00, 0x90, 0xFF, 0x9C, 0x00, 0x00, 0x00, 0x00, 0x10, 0x20, 0x15, 0x00, 0x12, 0x20, 0x13, 0x00,
    0x00, 0xAB, 0xFF, 0xFF, 0x84, 0x00, 0x00, 0x00, 0x5B, 0xFF, 0xFF, 0xB5, 0x24, 0xFA, 0xFF, 0xF3,
    0x13, 0x00, 0x01, 0xD5, 0xFF, 0xFD, 0x2D, 0x00, 0x93, 0xFF, 0xFF, 0x89, 0x00, 0x54, 0xFF, 0xFF,
    0x9E, 0x00, 0x00, 0x15, 0xF2, 0xFF, 0xF4, 0x17, 0xD0, 0xFF, 0xF6, 0x1C, 0x00, 0x00, 0x00, 0x7C,
    0xFF, 0xFF, 0xCB, 0xFF, 0xFF, 0x87, 0x00, 0x00, 0x00, 0x00, 0x0A, 0xE5, 0xFF, 0xFF, 0xFF, 0xEC,
    0x0F, 0x00, 0x00, 0x00, 0x00, 0x00, 0x64, 0xFF, 0xFF, 0xFF, 0x6F, 0x00, 0x00, 0x00, 0x00, 0x00,
    0x00, 0x03, 0xE6, 0xFF, 0xFA, 0x06, 0x00, 0x00, 0x00, 0x00, 0x00, 0x00, 0x00, 0xD8, 0xFF, 0xF8,
    0x00, 0x00, 0x00, 0x00, 0x00, 0x00, 0x00, 0x00, 0xD8, 0xFF, 0xF8, 0x00, 0x00, 0x00, 0x00, 0x00,
    0x00, 0x00, 0x00, 0xD8, 0xFF, 0xF8, 0x00, 0x00, 0x00, 0x00, 0x00, 0x00, 0x00, 0x00, 0xD8, 0xFF,
    0xF8, 0x00, 0x00, 0x00, 0x00,
    // Unicode: [0x0179]
    0x00, 0x00, 0x00, 0x00, 0x00, 0xAD, 0xFF, 0xD3, 0x0E, 0x00, 0x00, 0x00, 0x00, 0x00, 0x46, 0xFF,
    0xE1, 0x1B, 0x00, 0x00, 0x00, 0x00, 0x00, 0x06, 0xD9, 0xEC, 0x28, 0x00, 0x00, 0x00, 0x00, 0x00,
    0x00, 0x00, 0x00, 0x00, 0x00, 0x00, 0x00, 0x00, 0x14, 0xFF, 0xFF, 0xFF, 0xFF, 0xFF, 0xFF, 0xFF,
    0xFF, 0x88, 0x14, 0xFF, 0xFF, 0xFF, 0xFF, 0xFF, 0xFF, 0xFF, 0xFF, 0x88, 0x04, 0x3C, 0x3C, 0x3C,
    0x3C, 0x61, 0xFE, 0xFF, 0xFF, 0x4E, 0x00, 0x00, 0x00, 0x00, 0x05, 0xCA, 0xFF, 0xFF, 0x99, 0x00,
    0x00, 0x00, 0x00, 0x00, 0x87, 0xFF, 0xFF, 0xD7, 0x0A, 0x00, 0x00, 0x00, 0x00, 0x41, 0xFD, 0xFF,
    0xF9, 0x31, 0x00, 0x00, 0x00, 0x00, 0x12, 0xE3, 0xFF, 0xFF, 0x73, 0x00, 0x00, 0x00, 0x00, 0x00,
    0xAD, 0xFF, 0xFF, 0xBA, 0x01, 0x00, 0x00, 0x00, 0x00, 0x65, 0xFF, 0xFF, 0xEB, 0x19, 0x00, 0x00,
    0x00, 0x00, 0x24, 0xF4, 0xFF, 0xFF, 0x87, 0x3C, 0x3C, 0x3C, 0x3C, 0x31, 0x58, 0xFF, 0xFF, 0xFF,
    0xFF, 0xFF, 0xFF, 0xFF, 0xFF, 0xD4, 0x58, 0xFF, 0xFF, 0xFF, 0xFF, 0xFF, 0xFF, 0xFF, 0xFF, 0xD4,
    // Unicode: [0x017A]
    0x00, 0x00, 0x00, 0x00, 0x62, 0xFF, 0xF6, 0x37, 0x00, 0x00, 0x00, 0x00, 0x11, 0xEA, 0xFB, 0x4C,
    0x00, 0x00, 0x00, 0x00, 0x00, 0x97, 0xFF, 0x60, 0x00, 0x00, 0x00, 0x00, 0x00, 0x00, 0x00, 0x00,
    0x00, 0x00, 0x00, 0x00, 0x34, 0xFF, 0xFF, 0xFF, 0xFF, 0xFF, 0xFF, 0xFF, 0x44, 0x34, 0xFF, 0xFF,
    0xFF, 0xFF, 0xFF, 0xFF, 0xFF, 0x3D, 0x01, 0x08, 0x08, 0x08, 0x78, 0xFF, 0xFF, 0xA4, 0x00, 0x00,
    0x00, 0x00, 0x4A, 0xFD, 0xFF, 0xC9, 0x08, 0x00, 0x00, 0x00, 0x2C, 0xF2, 0xFF, 0xE4, 0x19, 0x00,
    0x00, 0x00, 0x16, 0xDF, 0xFF, 0xF6, 0x33, 0x00, 0x00, 0x00, 0x07, 0xC5, 0xFF, 0xFF, 0x6A, 0x14,
    0x14, 0x14, 0x06, 0x5F, 0xFF, 0xFF, 0xFF, 0xFF, 0xFF, 0xFF, 0xFF, 0x58, 0x64, 0xFF, 0xFF, 0xFF,
    0xFF, 0xFF, 0xFF, 0xFF, 0x58,
    // Unicode: [0x017B]
    0x00, 0x00, 0x00, 0x08, 0xFF, 0xFF, 0xB0, 0x00, 0x00, 0x00, 0x00, 0x00, 0x00, 0x08, 0xFF, 0xFF,
    0xB0, 0x00, 0x00, 0x00, 0x00, 0x00, 0x00, 0x01, 0x20, 0x20, 0x16, 0x00, 0x00, 0x00, 0x14, 0xFF,
    0xFF, 0xFF, 0xFF, 0xFF, 0xFF, 0xFF, 0xFF, 0x88, 0x14, 0xFF, 0xFF, 0xFF, 0xFF, 0xFF, 0xFF, 0xFF,
    0xFF, 0x88, 0x04, 0x3C, 0x3C, 0x3C, 0x3C, 0x61, 0xFE, 0xFF, 0xFF, 0x4E, 0x00, 0x00, 0x00, 0x00,
    0x05, 0xCA, 0xFF, 0xFF, 0x99, 0x00, 0x00, 0x00, 0x00, 0x00, 0x87, 0xFF, 0xFF, 0xD7, 0x0A, 0x00,
    0x00, 0x00, 0x00, 0x41, 0xFD, 0xFF, 0xF9, 0x31, 0x00, 0x00, 0x00, 0x00, 0x12, 0xE3, 0xFF, 0xFF,
    0x73, 0x00, 0x00, 0x00, 0x00, 0x00, 0xAD, 0xFF, 0xFF, 0xBA, 0x01, 0x00, 0x00, 0x00, 0x00, 0x65,
    0xFF, 0xFF, 0xEB, 0x19, 0x00, 0x00, 0x00, 0x00, 0x24, 0xF4, 0xFF, 0xFF, 0x87, 0x3C, 0x3C, 0x3C,
    0x3C, 0x31, 0x58, 0xFF, 0xFF, 0xFF, 0xFF, 0xFF, 0xFF, 0xFF, 0xFF, 0xD4, 0x58, 0xFF, 0xFF, 0xFF,
    0xFF, 0xFF, 0xFF, 0xFF, 0xFF, 0xD4,
    // Unicode: [0x017C]
    0x00, 0x00, 0x00, 0xBC, 0xFF, 0xF8, 0x00, 0x00, 0x00, 0x00, 0x00, 0x00, 0xBC, 0xFF, 0xF8, 0x00,
    0x00, 0x00, 0x00, 0x00, 0x00, 0x17, 0x20, 0x1F, 0x00, 0x00, 0x00, 0x34, 0xFF, 0xFF, 0xFF, 0xFF,
    0xFF, 0xFF, 0xFF, 0x44, 0x34, 0xFF, 0xFF, 0xFF, 0xFF, 0xFF, 0xFF, 0xFF, 0x3D, 0x01, 0x08, 0x08,
    0x08, 0x78, 0xFF, 0xFF, 0xA4, 0x00, 0x00, 0x00, 0x00, 0x4A, 0xFD, 0xFF, 0xC9, 0x08, 0x00, 0x00,
    0x00, 0x2C, 0xF2, 0xFF, 0xE4, 0x19, 0x00, 0x00, 0x00, 0x16, 0xDF, 0xFF, 0xF6, 0x33, 0x00, 0x00,
    0x00, 0x07, 0xC5, 0xFF, 0xFF, 0x6A, 0x14, 0x14, 0x14, 0x06, 0x5F, 0xFF, 0xFF, 0xFF, 0xFF, 0xFF,
    0xFF, 0xFF, 0x58, 0x64, 0xFF, 0xFF, 0xFF, 0xFF, 0xFF, 0xFF, 0xFF, 0x58,
    // Unicode: [0x017D]
    0x00, 0x01, 0xB2, 0xFB, 0x3F, 0x08, 0xCE, 0xED, 0x21, 0x00, 0x00, 0x00, 0x0F, 0xDB, 0xE9, 0xAB,
    0xFD, 0x48, 0x00, 0x00, 0x00, 0x00, 0x00, 0x2C, 0xF4, 0xFF, 0x7C, 0x00, 0x00, 0x00, 0x00, 0x00,
    0x00, 0x00, 0x00, 0x00, 0x00, 0x00, 0x00, 0x00, 0x14, 0xFF, 0xFF, 0xFF, 0xFF, 0xFF, 0xFF, 0xFF,
    0xFF, 0x88, 0x14, 0xFF, 0xFF, 0xFF, 0xFF, 0xFF, 0xFF, 0xFF, 0xFF, 0x88, 0x04, 0x3C, 0x3C, 0x3C,
    0x3C, 0x61, 0xFE, 0xFF, 0xFF, 0x4E, 0x00, 0x00, 0x00, 0x00, 0x05, 0xCA, 0xFF, 0xFF, 0x99, 0x00,
    0x00, 0x00, 0x00, 0x00, 0x87, 0xFF, 0xFF, 0xD7, 0x0A, 0x00, 0x00, 0x00, 0x00, 0x41, 0xFD, 0xFF,
    0xF9, 0x31, 0x00, 0x00, 0x00, 0x00, 0x12, 0xE3, 0xFF, 0xFF, 0x73, 0x00, 0x00, 0x00, 0x00, 0x00,
    0xAD, 0xFF, 0xFF, 0xBA, 0x01, 0x00, 0x00, 0x00, 0x00, 0x65, 0xFF, 0xFF, 0xEB, 0x19, 0x00, 0x00,
    0x00, 0x00, 0x24, 0xF4, 0xFF, 0xFF, 0x87, 0x3C, 0x3C, 0x3C, 0x3C, 0x31, 0x58, 0xFF, 0xFF, 0xFF,
    0xFF, 0xFF, 0xFF, 0xFF, 0xFF, 0xD4, 0x58, 0xFF, 0xFF, 0xFF, 0xFF, 0xFF, 0xFF, 0xFF, 0xFF, 0xD4,
    // Unicode: [0x017E]
    0x00, 0x68, 0xFF, 0x87, 0x00, 0x8C, 0xFF, 0x5B, 0x00, 0x00, 0x00, 0x9E, 0xFF, 0x96, 0xFF, 0x91,
    0x00, 0x00, 0x00, 0x00, 0x08, 0xCC, 0xFF, 0xC3, 0x05, 0x00, 0x00, 0x00, 0x00, 0x00, 0x00, 0x00,
    0x00, 0x00, 0x00, 0x00, 0x34, 0xFF, 0xFF, 0xFF, 0xFF, 0xFF, 0xFF, 0xFF, 0x44, 0x34, 0xFF, 0xFF,
    0xFF, 0xFF, 0xFF, 0xFF, 0xFF, 0x3D, 0x01, 0x08, 0x08, 0x08, 0x78, 0xFF, 0xFF, 0xA4, 0x00, 0x00,
    0x00, 0x00, 0x4A, 0xFD, 0xFF, 0xC9, 0x08, 0x00, 0x00, 0x00, 0x2C, 0xF2, 0xFF, 0xE4, 0x19, 0x00,
    0x00, 0x00, 0x16, 0xDF, 0xFF, 0xF6, 0x33, 0x00, 0x00, 0x00, 0x07, 0xC5, 0xFF, 0xFF, 0x6A, 0x14,
    0x14, 0x14, 0x06, 0x5F, 0xFF, 0xFF, 0xFF, 0xFF, 0xFF, 0xFF, 0xFF, 0x58, 0x64, 0xFF, 0xFF, 0xFF,
    0xFF, 0xFF, 0xFF, 0xFF, 0x58,
    // Unicode: [0x017F]
    0x01, 0x78, 0xDC, 0xFA, 0xF1, 0x53, 0x5E, 0xFF, 0xFF, 0xFF, 0xFF, 0x60, 0xA8, 0xFF, 0xFC, 0x4B,
    0x24, 0x0D, 0xBF, 0xFF, 0xE3, 0x00, 0x00, 0x00, 0xC0, 0xFF, 0xE0, 0x00, 0x00, 0x00, 0xC0, 0xFF,
    0xE0, 0x00, 0x00, 0x00, 0xC0, 0xFF, 0xE0, 0x00, 0x00, 0x00, 0xC0, 0xFF, 0xE0, 0x00, 0x00, 0x00,
    0xC0, 0xFF, 0xE0, 0x00, 0x00, 0x00, 0xC0, 0xFF, 0xE0, 0x00, 0x00, 0x00, 0xC0, 0xFF, 0xE0, 0x00,
    0x00, 0x00, 0xC0, 0xFF, 0xE0, 0x00, 0x00, 0x00
};
