#include <touchgfx/hal/Types.hpp>

FONT_GLYPH_LOCATION_FLASH_PRAGMA
KEEP extern const uint8_t unicodes_verdanab_16_4bpp_0[] FONT_GLYPH_LOCATION_FLASH_ATTRIBUTE = {
    // Unicode: [0x0020]
    // (Has no glyph data)
    // Unicode: [0x0021]
    0xF6, 0xDF, 0xF5, 0xCF, 0xF4, 0xBF, 0xF4, 0xBF, 0xF3, 0xAF, 0xF3, 0x9F, 0xF2, 0x9F, 0xF1, 0x8F,
    0x40, 0x24, 0x10, 0x11, 0xF5, 0xCF, 0xF5, 0xCF,
    // Unicode: [0x0022]
    0xFA, 0x0E, 0xF8, 0x1F, 0xF8, 0x0D, 0xF7, 0x0E, 0xF7, 0x0B, 0xF5, 0x0D, 0xF5, 0x0A, 0xF4, 0x0B,
    0x92, 0x05, 0x91, 0x06,
    // Unicode: [0x0023]
    0x00, 0x00, 0xF9, 0x04, 0xFA, 0x04, 0x00, 0x00, 0xFD, 0x01, 0xFD, 0x01, 0x00, 0x10, 0xDF, 0x20,
    0xCF, 0x00, 0xE0, 0xFF, 0xFF, 0xFF, 0xFF, 0xAF, 0xC0, 0xED, 0xDF, 0xED, 0xDF, 0x9D, 0x00, 0xC0,
    0x1F, 0xC0, 0x1F, 0x00, 0x00, 0xF1, 0x0C, 0xF1, 0x0C, 0x00, 0xDB, 0xFD, 0xDE, 0xFD, 0xDE, 0x0A,
    0xFC, 0xFF, 0xFF, 0xFF, 0xFF, 0x0C, 0x00, 0xFD, 0x01, 0xFD, 0x01, 0x00, 0x10, 0xDF, 0x20, 0xCF,
    0x00, 0x00, 0x50, 0x9F, 0x50, 0x8F, 0x00, 0x00,
    // Unicode: [0x0024]
    0x00, 0x00, 0x6E, 0x00, 0x00, 0x00, 0x00, 0x7E, 0x00, 0x00, 0x40, 0xEB, 0xFF, 0xCE, 0x05, 0xF7,
    0xFF, 0xFF, 0xFF, 0x09, 0xFD, 0x3E, 0x7C, 0x62, 0x07, 0xFD, 0x7F, 0x7D, 0x00, 0x00, 0xF6, 0xFF,
    0xFF, 0x9D, 0x02, 0x40, 0xEA, 0xFF, 0xFF, 0x1E, 0x00, 0x00, 0x9E, 0xFC, 0x6F, 0x68, 0x02, 0x6E,
    0xF8, 0x6F, 0xFC, 0xEF, 0xFF, 0xFF, 0x1D, 0xB6, 0xFD, 0xFF, 0x8D, 0x01, 0x00, 0x00, 0x6E, 0x00,
    0x00, 0x00, 0x00, 0x6E, 0x00, 0x00, 0x00, 0x00, 0x6E, 0x00, 0x00, 0x00, 0x00, 0x01, 0x00, 0x00,
    // Unicode: [0x0025]
    0x50, 0xEC, 0x8D, 0x01, 0x00, 0xF2, 0x1E, 0x00, 0x00, 0x00, 0xF5, 0xBF, 0xFE, 0x09, 0x00, 0xF9,
    0x08, 0x00, 0x00, 0x00, 0xFB, 0x09, 0xF4, 0x0F, 0x20, 0xEF, 0x01, 0x00, 0x00, 0x00, 0xFD, 0x07,
    0xF2, 0x2F, 0x90, 0x8F, 0x00, 0x00, 0x00, 0x00, 0xFC, 0x07, 0xF2, 0x2F, 0xF2, 0x1E, 0x00, 0x00,
    0x00, 0x00, 0xF9, 0x1B, 0xF7, 0x0E, 0xF9, 0x08, 0xC6, 0xDE, 0x19, 0x00, 0xE2, 0xFF, 0xFF, 0x26,
    0xEF, 0x51, 0xFF, 0xDB, 0xBF, 0x00, 0x10, 0x97, 0x38, 0x90, 0x7F, 0xB0, 0x9F, 0x30, 0xFF, 0x01,
    0x00, 0x00, 0x00, 0xF2, 0x1E, 0xC0, 0x7F, 0x10, 0xFF, 0x03, 0x00, 0x00, 0x00, 0xFA, 0x07, 0xB0,
    0x8F, 0x20, 0xFF, 0x01, 0x00, 0x00, 0x20, 0xEF, 0x01, 0x50, 0xEF, 0xB7, 0xBF, 0x00, 0x00, 0x00,
    0xA0, 0x7F, 0x00, 0x00, 0xC6, 0xDE, 0x19, 0x00,
    // Unicode: [0x0026]
    0x20, 0xDA, 0xEF, 0x4B, 0x00, 0x00, 0x00, 0xD1, 0xFF, 0xEA, 0xFF, 0x04, 0x00, 0x00, 0xF6, 0x9F,
    0x60, 0xFF, 0x09, 0x00, 0x00, 0xF6, 0xBF, 0x60, 0xFF, 0x07, 0x00, 0x00, 0xD1, 0xFF, 0xEA, 0xCF,
    0x01, 0x00, 0x00, 0x40, 0xFF, 0xFF, 0x18, 0xB7, 0x3B, 0x00, 0xE4, 0xEF, 0xFF, 0x2C, 0xFA, 0x4F,
    0x00, 0xFC, 0x3F, 0xF9, 0xDF, 0xFC, 0x1F, 0x00, 0xFF, 0x1F, 0x70, 0xFF, 0xFF, 0x0A, 0x00, 0xFD,
    0x8F, 0x00, 0xF7, 0xFF, 0x07, 0x00, 0xF5, 0xFF, 0xCE, 0xFF, 0xFF, 0x8F, 0x00, 0x30, 0xDA, 0xDF,
    0x5B, 0xE4, 0xFF, 0x0A,
    // Unicode: [0x0027]
    0xFA, 0x0E, 0xF8, 0x0D, 0xF7, 0x0B, 0xF5, 0x0A, 0x92, 0x05,
    // Unicode: [0x0028]
    0x00, 0xD1, 0xEF, 0x03, 0x00, 0xFA, 0x3F, 0x00, 0x40, 0xFF, 0x08, 0x00, 0xB0, 0xEF, 0x01, 0x00,
    0xF1, 0x9F, 0x00, 0x00, 0xF4, 0x4F, 0x00, 0x00, 0xF6, 0x2F, 0x00, 0x00, 0xF7, 0x1F, 0x00, 0x00,
    0xF6, 0x2F, 0x00, 0x00, 0xF4, 0x4F, 0x00, 0x00, 0xF1, 0x9F, 0x00, 0x00, 0xB0, 0xEF, 0x01, 0x00,
    0x40, 0xFF, 0x08, 0x00, 0x00, 0xFA, 0x4F, 0x00, 0x00, 0xD1, 0xEF, 0x03,
    // Unicode: [0x0029]
    0xF6, 0x9F, 0x00, 0x00, 0x80, 0xFF, 0x05, 0x00, 0x00, 0xFC, 0x1E, 0x00, 0x00, 0xF4, 0x6F, 0x00,
    0x00, 0xE0, 0xBF, 0x00, 0x00, 0x90, 0xFF, 0x00, 0x00, 0x70, 0xFF, 0x01, 0x00, 0x60, 0xFF, 0x02,
    0x00, 0x70, 0xFF, 0x01, 0x00, 0x90, 0xFF, 0x00, 0x00, 0xD0, 0xBF, 0x00, 0x00, 0xF4, 0x6F, 0x00,
    0x00, 0xFC, 0x1E, 0x00, 0x80, 0xFF, 0x05, 0x00, 0xF6, 0x9F, 0x00, 0x00,
    // Unicode: [0x002A]
    0x00, 0x20, 0x7F, 0x00, 0x00, 0xB0, 0x24, 0x7F, 0xA1, 0x03, 0xD2, 0xAF, 0xBF, 0xEE, 0x06, 0x00,
    0xE7, 0xFF, 0x2A, 0x00, 0x10, 0xF8, 0xFF, 0x3B, 0x00, 0xD2, 0x9F, 0xAF, 0xFD, 0x07, 0x90, 0x23,
    0x7F, 0x91, 0x03, 0x00, 0x20, 0x7E, 0x00, 0x00,
    // Unicode: [0x002B]
    0x00, 0x00, 0x41, 0x04, 0x00, 0x00, 0x00, 0x00, 0xF2, 0x0F, 0x00, 0x00, 0x00, 0x00, 0xF2, 0x0F,
    0x00, 0x00, 0x00, 0x00, 0xF2, 0x0F, 0x00, 0x00, 0x10, 0x11, 0xF3, 0x1F, 0x11, 0x01, 0xF4, 0xFF,
    0xFF, 0xFF, 0xFF, 0x3F, 0xF4, 0xFF, 0xFF, 0xFF, 0xFF, 0x3F, 0x00, 0x00, 0xF2, 0x0F, 0x00, 0x00,
    0x00, 0x00, 0xF2, 0x0F, 0x00, 0x00, 0x00, 0x00, 0xF2, 0x0F, 0x00, 0x00, 0x00, 0x00, 0xF2, 0x0F,
    0x00, 0x00,
    // Unicode: [0x002C]
    0x40, 0xEE, 0x08, 0x80, 0xFF, 0x02, 0xC0, 0xAF, 0x00, 0xF1, 0x3F, 0x00, 0xF5, 0x0B, 0x00, 0xF9,
    0x04, 0x00,
    // Unicode: [0x002D]
    0x40, 0x44, 0x44, 0x03, 0xF2, 0xFF, 0xFF, 0x0C, 0xF2, 0xFF, 0xFF, 0x0C,
    // Unicode: [0x002E]
    0x10, 0x01, 0xF8, 0x5F, 0xF8, 0x5F, 0xF8, 0x5F,
    // Unicode: [0x002F]
    0x00, 0x00, 0x10, 0xFF, 0x05, 0x00, 0x00, 0x70, 0xEF, 0x00, 0x00, 0x00, 0xE0, 0x7F, 0x00, 0x00,
    0x00, 0xF5, 0x1F, 0x00, 0x00, 0x00, 0xFC, 0x0A, 0x00, 0x00, 0x30, 0xFF, 0x03, 0x00, 0x00, 0x90,
    0xCF, 0x00, 0x00, 0x00, 0xF1, 0x5F, 0x00, 0x00, 0x00, 0xF7, 0x0E, 0x00, 0x00, 0x00, 0xFD, 0x07,
    0x00, 0x00, 0x50, 0xFF, 0x01, 0x00, 0x00, 0xB0, 0xAF, 0x00, 0x00, 0x00, 0xF3, 0x3F, 0x00, 0x00,
    0x00, 0xF9, 0x0C, 0x00, 0x00, 0x00, 0x87, 0x03, 0x00, 0x00, 0x00,
    // Unicode: [0x0030]
    0x00, 0x91, 0xFD, 0xBE, 0x04, 0x00, 0x10, 0xFD, 0xFF, 0xFF, 0x5F, 0x00, 0x80, 0xFF, 0x3B, 0xF7,
    0xEF, 0x00, 0xD0, 0xFF, 0x02, 0xC0, 0xFF, 0x03, 0xF1, 0xFF, 0x00, 0x90, 0xFF, 0x06, 0xF2, 0xEF,
    0x00, 0x80, 0xFF, 0x07, 0xF2, 0xEF, 0x00, 0x80, 0xFF, 0x07, 0xF1, 0xFF, 0x00, 0x90, 0xFF, 0x06,
    0xD0, 0xFF, 0x03, 0xC0, 0xFF, 0x04, 0x80, 0xFF, 0x3B, 0xF7, 0xEF, 0x00, 0x10, 0xFD, 0xFF, 0xFF,
    0x5F, 0x00, 0x00, 0x91, 0xFD, 0xBE, 0x04, 0x00,
    // Unicode: [0x0031]
    0x00, 0xF4, 0x7F, 0x00, 0x30, 0xFC, 0x7F, 0x00, 0xFE, 0xFF, 0x7F, 0x00, 0xDC, 0xFE, 0x7F, 0x00,
    0x00, 0xF7, 0x7F, 0x00, 0x00, 0xF7, 0x7F, 0x00, 0x00, 0xF7, 0x7F, 0x00, 0x00, 0xF7, 0x7F, 0x00,
    0x00, 0xF7, 0x7F, 0x00, 0x00, 0xF7, 0x7F, 0x00, 0xFE, 0xFF, 0xFF, 0xDF, 0xFE, 0xFF, 0xFF, 0xDF,
    // Unicode: [0x0032]
    0x81, 0xDB, 0xEF, 0x5B, 0x00, 0xF4, 0xFF, 0xFF, 0xFF, 0x06, 0xE4, 0x58, 0xC5, 0xFF, 0x0D, 0x11,
    0x00, 0x20, 0xFF, 0x0F, 0x00, 0x00, 0x20, 0xFF, 0x0E, 0x00, 0x00, 0x90, 0xFF, 0x08, 0x00, 0x00,
    0xF6, 0xDF, 0x01, 0x00, 0x60, 0xFF, 0x2E, 0x00, 0x00, 0xF8, 0xDF, 0x02, 0x00, 0xB1, 0xFF, 0x4D,
    0x33, 0x23, 0xF8, 0xFF, 0xFF, 0xFF, 0x9F, 0xF8, 0xFF, 0xFF, 0xFF, 0x9F,
    // Unicode: [0x0033]
    0x93, 0xEC, 0xEF, 0x5B, 0x00, 0xF8, 0xFF, 0xFF, 0xFF, 0x07, 0xE8, 0x58, 0xA5, 0xFF, 0x0E, 0x12,
    0x00, 0x00, 0xFF, 0x0D, 0x00, 0x10, 0x72, 0xFF, 0x07, 0x00, 0xF3, 0xFF, 0x7E, 0x00, 0x00, 0xF3,
    0xFF, 0xEF, 0x05, 0x00, 0x00, 0x30, 0xFE, 0x2F, 0x01, 0x00, 0x00, 0xFD, 0x4F, 0xBE, 0x46, 0xA5,
    0xFF, 0x1F, 0xFE, 0xFF, 0xFF, 0xFF, 0x07, 0xB6, 0xFD, 0xEF, 0x4A, 0x00,
    // Unicode: [0x0034]
    0x00, 0x00, 0x40, 0xFF, 0x2F, 0x00, 0x00, 0x00, 0xE2, 0xFF, 0x2F, 0x00, 0x00, 0x10, 0xFC, 0xFE,
    0x2F, 0x00, 0x00, 0xA0, 0xAF, 0xFB, 0x2F, 0x00, 0x00, 0xF7, 0x1C, 0xFB, 0x2F, 0x00, 0x40, 0xEF,
    0x02, 0xFB, 0x2F, 0x00, 0xE1, 0x5F, 0x00, 0xFB, 0x2F, 0x00, 0xF5, 0xFF, 0xFF, 0xFF, 0xFF, 0x0B,
    0xF5, 0xFF, 0xFF, 0xFF, 0xFF, 0x0B, 0x21, 0x22, 0x22, 0xFB, 0x4F, 0x01, 0x00, 0x00, 0x00, 0xFB,
    0x2F, 0x00, 0x00, 0x00, 0x00, 0xFB, 0x2F, 0x00,
    // Unicode: [0x0035]
    0xF4, 0xFF, 0xFF, 0xFF, 0x0F, 0xF4, 0xFF, 0xFF, 0xFF, 0x0F, 0xF4, 0xAF, 0x33, 0x33, 0x03, 0xF4,
    0x8F, 0x00, 0x00, 0x00, 0xF4, 0xFF, 0xEF, 0x6C, 0x00, 0xF4, 0xFF, 0xFF, 0xFF, 0x0A, 0x62, 0x23,
    0x83, 0xFF, 0x2F, 0x00, 0x00, 0x00, 0xFC, 0x4F, 0x03, 0x00, 0x00, 0xFD, 0x3F, 0xDB, 0x47, 0xB5,
    0xFF, 0x0E, 0xFB, 0xFF, 0xFF, 0xFF, 0x04, 0xA5, 0xFD, 0xDF, 0x3A, 0x00,
    // Unicode: [0x0036]
    0x00, 0x71, 0xEC, 0xEF, 0x07, 0x30, 0xFD, 0xFF, 0xFF, 0x09, 0xD1, 0xFF, 0x4A, 0x42, 0x04, 0xF6,
    0x9F, 0x00, 0x00, 0x00, 0xFB, 0x7F, 0xDA, 0x8C, 0x01, 0xFD, 0xFF, 0xFF, 0xFF, 0x0C, 0xFE, 0x4F,
    0x42, 0xFE, 0x5F, 0xFD, 0x1F, 0x00, 0xF8, 0x8F, 0xFB, 0x3F, 0x00, 0xF8, 0x7F, 0xF6, 0xBF, 0x21,
    0xFD, 0x3F, 0xB0, 0xFF, 0xFF, 0xFF, 0x09, 0x00, 0xD7, 0xEF, 0x6C, 0x00,
    // Unicode: [0x0037]
    0xFC, 0xFF, 0xFF, 0xFF, 0x5F, 0xFC, 0xFF, 0xFF, 0xFF, 0x5F, 0x33, 0x33, 0x43, 0xFE, 0x3F, 0x00,
    0x00, 0x80, 0xFF, 0x0A, 0x00, 0x00, 0xE2, 0xFF, 0x02, 0x00, 0x00, 0xFA, 0x9F, 0x00, 0x00, 0x30,
    0xFF, 0x2E, 0x00, 0x00, 0xB0, 0xFF, 0x08, 0x00, 0x00, 0xF5, 0xEF, 0x01, 0x00, 0x00, 0xFD, 0x7F,
    0x00, 0x00, 0x60, 0xFF, 0x0D, 0x00, 0x00, 0xE1, 0xFF, 0x05, 0x00, 0x00,
    // Unicode: [0x0038]
    0x00, 0x93, 0xFD, 0xCE, 0x17, 0x00, 0x40, 0xFF, 0xFF, 0xFF, 0xCF, 0x00, 0xC0, 0xFF, 0x06, 0xD2,
    0xFF, 0x04, 0xD0, 0xFF, 0x04, 0xA0, 0xFF, 0x03, 0x80, 0xFF, 0x9F, 0xE5, 0x9F, 0x00, 0x00, 0xF9,
    0xFF, 0xFF, 0x0A, 0x00, 0x20, 0xFB, 0xEC, 0xFF, 0xBF, 0x00, 0xD0, 0xEF, 0x01, 0xD5, 0xFF, 0x06,
    0xF3, 0xCF, 0x00, 0x60, 0xFF, 0x09, 0xF1, 0xFF, 0x06, 0xB2, 0xFF, 0x06, 0x80, 0xFF, 0xFF, 0xFF,
    0xCF, 0x00, 0x00, 0xB5, 0xFE, 0xCE, 0x06, 0x00,
    // Unicode: [0x0039]
    0x00, 0xA2, 0xFE, 0xAE, 0x03, 0x00, 0x30, 0xFE, 0xFF, 0xFF, 0x3E, 0x00, 0xC0, 0xFF, 0x07, 0xF6,
    0xCF, 0x00, 0xF2, 0xEF, 0x00, 0xD0, 0xFF, 0x02, 0xF2, 0xEF, 0x00, 0xA0, 0xFF, 0x04, 0xE1, 0xFF,
    0x28, 0xC2, 0xFF, 0x05, 0x70, 0xFF, 0xFF, 0xFF, 0xFF, 0x04, 0x00, 0xC6, 0xCD, 0xD7, 0xFF, 0x01,
    0x00, 0x00, 0x00, 0xF4, 0xCF, 0x00, 0x20, 0x25, 0x63, 0xFE, 0x4F, 0x00, 0x40, 0xFF, 0xFF, 0xFF,
    0x06, 0x00, 0x30, 0xFE, 0xDE, 0x39, 0x00, 0x00,
    // Unicode: [0x003A]
    0xF4, 0xAF, 0xF4, 0xAF, 0xF4, 0xAF, 0x10, 0x11, 0x00, 0x00, 0x10, 0x01, 0xF4, 0xAF, 0xF4, 0xAF,
    0xF4, 0xAF,
    // Unicode: [0x003B]
    0x40, 0xFF, 0x0A, 0x40, 0xFF, 0x0A, 0x40, 0xFF, 0x0A, 0x00, 0x11, 0x01, 0x00, 0x00, 0x00, 0x00,
    0x00, 0x00, 0x00, 0xED, 0x0D, 0x30, 0xFF, 0x07, 0x70, 0xEF, 0x01, 0xB0, 0x8F, 0x00, 0xF0, 0x1F,
    0x00, 0xF4, 0x09, 0x00,
    // Unicode: [0x003C]
    0x00, 0x00, 0x00, 0x00, 0x00, 0x02, 0x00, 0x00, 0x00, 0x00, 0xB4, 0x0F, 0x00, 0x00, 0x10, 0xD7,
    0xFF, 0x0F, 0x00, 0x30, 0xFA, 0xFF, 0x8E, 0x02, 0x61, 0xFC, 0xFF, 0x5B, 0x00, 0x00, 0xF6, 0xFF,
    0x28, 0x00, 0x00, 0x00, 0xF5, 0xFF, 0x6C, 0x01, 0x00, 0x00, 0x20, 0xE8, 0xFF, 0x9E, 0x03, 0x00,
    0x00, 0x00, 0xB5, 0xFF, 0xCF, 0x06, 0x00, 0x00, 0x00, 0x93, 0xFE, 0x0F, 0x00, 0x00, 0x00, 0x00,
    0x61, 0x0C,
    // Unicode: [0x003D]
    0x10, 0x11, 0x11, 0x11, 0x11, 0x01, 0xF1, 0xFF, 0xFF, 0xFF, 0xFF, 0x0E, 0xF1, 0xFF, 0xFF, 0xFF,
    0xFF, 0x0E, 0x00, 0x00, 0x00, 0x00, 0x00, 0x00, 0x10, 0x11, 0x11, 0x11, 0x11, 0x01, 0xF1, 0xFF,
    0xFF, 0xFF, 0xFF, 0x0E, 0xF1, 0xFF, 0xFF, 0xFF, 0xFF, 0x0E,
    // Unicode: [0x003E]
    0x11, 0x00, 0x00, 0x00, 0x00, 0x00, 0xF2, 0x4A, 0x00, 0x00, 0x00, 0x00, 0xF2, 0xFF, 0x6C, 0x01,
    0x00, 0x00, 0x20, 0xE9, 0xFF, 0x9E, 0x03, 0x00, 0x00, 0x10, 0xC6, 0xFF, 0xCF, 0x05, 0x00, 0x00,
    0x00, 0x93, 0xFF, 0x4F, 0x00, 0x00, 0x10, 0xD7, 0xFF, 0x3F, 0x00, 0x40, 0xFA, 0xFF, 0x7D, 0x01,
    0x70, 0xFD, 0xFF, 0x4B, 0x00, 0x00, 0xF2, 0xEF, 0x28, 0x00, 0x00, 0x00, 0xC2, 0x05, 0x00, 0x00,
    0x00, 0x00,
    // Unicode: [0x003F]
    0xB6, 0xED, 0xBE, 0x04, 0xFD, 0xFF, 0xFF, 0x7F, 0x9C, 0x44, 0xFA, 0xEF, 0x00, 0x00, 0xF1, 0xEF,
    0x00, 0x00, 0xF5, 0xBF, 0x00, 0x60, 0xFE, 0x3E, 0x00, 0xFE, 0xAF, 0x02, 0x00, 0xFF, 0x0C, 0x00,
    0x00, 0xDD, 0x0A, 0x00, 0x00, 0x11, 0x01, 0x00, 0x30, 0xFF, 0x0F, 0x00, 0x30, 0xFF, 0x0F, 0x00,
    // Unicode: [0x0040]
    0x00, 0x20, 0xD9, 0xEF, 0x6B, 0x00, 0x00, 0x00, 0xF7, 0x9E, 0x77, 0xFB, 0x2C, 0x00, 0x60, 0xAF,
    0x01, 0x00, 0x30, 0xCE, 0x01, 0xE2, 0x0C, 0xC2, 0xBE, 0xCF, 0xF4, 0x07, 0xF7, 0x13, 0xFE, 0xA9,
    0xCF, 0xB0, 0x0D, 0xEB, 0x80, 0x7F, 0x10, 0xCF, 0x70, 0x2F, 0xCD, 0xB0, 0x4F, 0x10, 0xCF, 0x60,
    0x4F, 0xDC, 0xB0, 0x3F, 0x10, 0xCF, 0x60, 0x4F, 0xF9, 0xA1, 0x4F, 0x10, 0xCF, 0x70, 0x2F, 0xF4,
    0x58, 0xBF, 0x72, 0xCF, 0xB1, 0x0D, 0xB0, 0x5F, 0xFA, 0xEF, 0xFE, 0xFF, 0x08, 0x10, 0xFC, 0x7A,
    0x35, 0x76, 0x44, 0x01, 0x00, 0x81, 0xFE, 0xFF, 0xCF, 0x00, 0x00, 0x00, 0x00, 0x30, 0x44, 0x03,
    0x00, 0x00,
    // Unicode: [0x0041]
    0x00, 0x00, 0xFA, 0xFF, 0x02, 0x00, 0x00, 0x00, 0x10, 0xFF, 0xFF, 0x07, 0x00, 0x00, 0x00, 0x60,
    0xFF, 0xFF, 0x0C, 0x00, 0x00, 0x00, 0xC0, 0xFF, 0xFD, 0x3F, 0x00, 0x00, 0x00, 0xF2, 0xCF, 0xF7,
    0x8F, 0x00, 0x00, 0x00, 0xF7, 0x7F, 0xF2, 0xDF, 0x00, 0x00, 0x00, 0xFD, 0x3F, 0xC0, 0xFF, 0x04,
    0x00, 0x30, 0xFF, 0x2E, 0x92, 0xFF, 0x09, 0x00, 0x80, 0xFF, 0xFF, 0xFF, 0xFF, 0x0E, 0x00, 0xE0,
    0xFF, 0xFF, 0xFF, 0xFF, 0x5F, 0x00, 0xF4, 0xCF, 0x00, 0x00, 0xF7, 0xAF, 0x00, 0xFA, 0x6F, 0x00,
    0x00, 0xF1, 0xFF, 0x01,
    // Unicode: [0x0042]
    0xF8, 0xFF, 0xFF, 0xCE, 0x05, 0x00, 0xF8, 0xFF, 0xFF, 0xFF, 0x4F, 0x00, 0xF8, 0x8F, 0x32, 0xFC,
    0x9F, 0x00, 0xF8, 0x7F, 0x00, 0xF7, 0x9F, 0x00, 0xF8, 0x7F, 0x20, 0xFB, 0x3F, 0x00, 0xF8, 0xFF,
    0xFF, 0xFF, 0x06, 0x00, 0xF8, 0xFF, 0xFF, 0xFF, 0x9F, 0x00, 0xF8, 0x7F, 0x00, 0xE3, 0xFF, 0x04,
    0xF8, 0x7F, 0x00, 0xB0, 0xFF, 0x06, 0xF8, 0x8F, 0x22, 0xE5, 0xFF, 0x04, 0xF8, 0xFF, 0xFF, 0xFF,
    0xAF, 0x00, 0xF8, 0xFF, 0xFF, 0xCE, 0x06, 0x00,
    // Unicode: [0x0043]
    0x00, 0x30, 0xD9, 0xEF, 0x9D, 0x03, 0x00, 0xF6, 0xFF, 0xFF, 0xFF, 0x0D, 0x40, 0xFF, 0xBF, 0x45,
    0xE8, 0x0D, 0xB0, 0xFF, 0x0A, 0x00, 0x10, 0x08, 0xF1, 0xFF, 0x02, 0x00, 0x00, 0x00, 0xF2, 0xEF,
    0x00, 0x00, 0x00, 0x00, 0xF2, 0xEF, 0x00, 0x00, 0x00, 0x00, 0xF1, 0xFF, 0x02, 0x00, 0x00, 0x00,
    0xC0, 0xFF, 0x09, 0x00, 0x10, 0x08, 0x40, 0xFF, 0xBF, 0x45, 0xE7, 0x0D, 0x00, 0xF7, 0xFF, 0xFF,
    0xFF, 0x0D, 0x00, 0x30, 0xDA, 0xFF, 0x8D, 0x03,
    // Unicode: [0x0044]
    0xF8, 0xFF, 0xEF, 0xAD, 0x04, 0x00, 0xF8, 0xFF, 0xFF, 0xFF, 0x8F, 0x00, 0xF8, 0x9F, 0x43, 0xF8,
    0xFF, 0x06, 0xF8, 0x7F, 0x00, 0x50, 0xFF, 0x0E, 0xF8, 0x7F, 0x00, 0x00, 0xFD, 0x4F, 0xF8, 0x7F,
    0x00, 0x00, 0xFA, 0x6F, 0xF8, 0x7F, 0x00, 0x00, 0xFA, 0x6F, 0xF8, 0x7F, 0x00, 0x00, 0xFD, 0x4F,
    0xF8, 0x7F, 0x00, 0x50, 0xFF, 0x0E, 0xF8, 0x9F, 0x43, 0xF8, 0xFF, 0x06, 0xF8, 0xFF, 0xFF, 0xFF,
    0x8F, 0x00, 0xF8, 0xFF, 0xEF, 0xAD, 0x03, 0x00,
    // Unicode: [0x0045]
    0xF8, 0xFF, 0xFF, 0xFF, 0x0E, 0xF8, 0xFF, 0xFF, 0xFF, 0x0E, 0xF8, 0x9F, 0x44, 0x44, 0x03, 0xF8,
    0x7F, 0x00, 0x00, 0x00, 0xF8, 0x9F, 0x44, 0x44, 0x02, 0xF8, 0xFF, 0xFF, 0xFF, 0x08, 0xF8, 0xFF,
    0xFF, 0xFF, 0x08, 0xF8, 0x7F, 0x00, 0x00, 0x00, 0xF8, 0x7F, 0x00, 0x00, 0x00, 0xF8, 0x9F, 0x44,
    0x44, 0x03, 0xF8, 0xFF, 0xFF, 0xFF, 0x0E, 0xF8, 0xFF, 0xFF, 0xFF, 0x0E,
    // Unicode: [0x0046]
    0xF8, 0xFF, 0xFF, 0xFF, 0x0C, 0xF8, 0xFF, 0xFF, 0xFF, 0x0C, 0xF8, 0x9F, 0x44, 0x44, 0x03, 0xF8,
    0x7F, 0x00, 0x00, 0x00, 0xF8, 0x9F, 0x44, 0x44, 0x02, 0xF8, 0xFF, 0xFF, 0xFF, 0x07, 0xF8, 0xFF,
    0xFF, 0xFF, 0x07, 0xF8, 0x7F, 0x00, 0x00, 0x00, 0xF8, 0x7F, 0x00, 0x00, 0x00, 0xF8, 0x7F, 0x00,
    0x00, 0x00, 0xF8, 0x7F, 0x00, 0x00, 0x00, 0xF8, 0x7F, 0x00, 0x00, 0x00,
    // Unicode: [0x0047]
    0x00, 0x20, 0xC8, 0xFE, 0xBD, 0x17, 0x00, 0xE5, 0xFF, 0xFF, 0xFF, 0xBF, 0x30, 0xFF, 0xCF, 0x35,
    0x84, 0xBE, 0xB0, 0xFF, 0x0B, 0x00, 0x00, 0x51, 0xF1, 0xFF, 0x02, 0x00, 0x00, 0x00, 0xF2, 0xEF,
    0x00, 0xF9, 0xFF, 0xCF, 0xF2, 0xEF, 0x00, 0xF9, 0xFF, 0xCF, 0xF1, 0xFF, 0x02, 0x32, 0xF6, 0xCF,
    0xB0, 0xFF, 0x0A, 0x00, 0xF4, 0xCF, 0x40, 0xFF, 0xCF, 0x35, 0xF5, 0xCF, 0x00, 0xF6, 0xFF, 0xFF,
    0xFF, 0xCF, 0x00, 0x20, 0xD9, 0xFE, 0xBE, 0x38,
    // Unicode: [0x0048]
    0xF8, 0x7F, 0x00, 0x10, 0xFF, 0x0E, 0xF8, 0x7F, 0x00, 0x10, 0xFF, 0x0E, 0xF8, 0x7F, 0x00, 0x10,
    0xFF, 0x0E, 0xF8, 0x7F, 0x00, 0x10, 0xFF, 0x0E, 0xF8, 0x9F, 0x44, 0x54, 0xFF, 0x0E, 0xF8, 0xFF,
    0xFF, 0xFF, 0xFF, 0x0E, 0xF8, 0xFF, 0xFF, 0xFF, 0xFF, 0x0E, 0xF8, 0x7F, 0x00, 0x10, 0xFF, 0x0E,
    0xF8, 0x7F, 0x00, 0x10, 0xFF, 0x0E, 0xF8, 0x7F, 0x00, 0x10, 0xFF, 0x0E, 0xF8, 0x7F, 0x00, 0x10,
    0xFF, 0x0E, 0xF8, 0x7F, 0x00, 0x10, 0xFF, 0x0E,
    // Unicode: [0x0049]
    0xFF, 0xFF, 0xFF, 0x0C, 0xFF, 0xFF, 0xFF, 0x0C, 0x31, 0xFF, 0x1D, 0x01, 0x20, 0xFF, 0x0D, 0x00,
    0x20, 0xFF, 0x0D, 0x00, 0x20, 0xFF, 0x0D, 0x00, 0x20, 0xFF, 0x0D, 0x00, 0x20, 0xFF, 0x0D, 0x00,
    0x20, 0xFF, 0x0D, 0x00, 0x21, 0xFF, 0x1D, 0x01, 0xFF, 0xFF, 0xFF, 0x0C, 0xFF, 0xFF, 0xFF, 0x0C,
    // Unicode: [0x004A]
    0x20, 0xFF, 0xFF, 0x8F, 0x20, 0xFF, 0xFF, 0x8F, 0x00, 0x22, 0xF8, 0x8F, 0x00, 0x00, 0xF7, 0x8F,
    0x00, 0x00, 0xF7, 0x8F, 0x00, 0x00, 0xF7, 0x8F, 0x00, 0x00, 0xF7, 0x8F, 0x00, 0x00, 0xF7, 0x8F,
    0x00, 0x00, 0xF9, 0x8F, 0x55, 0x63, 0xFE, 0x5F, 0xFA, 0xFF, 0xFF, 0x0C, 0xE8, 0xFF, 0x8D, 0x01,
    // Unicode: [0x004B]
    0xF8, 0x7F, 0x00, 0xB0, 0xFF, 0x0B, 0xF8, 0x7F, 0x00, 0xF8, 0xDF, 0x01, 0xF8, 0x7F, 0x40, 0xFF,
    0x2E, 0x00, 0xF8, 0x7F, 0xE2, 0xFF, 0x04, 0x00, 0xF8, 0x8F, 0xFC, 0x7F, 0x00, 0x00, 0xF8, 0xEF,
    0xFF, 0x0C, 0x00, 0x00, 0xF8, 0xFF, 0xFF, 0x4F, 0x00, 0x00, 0xF8, 0xDF, 0xFA, 0xEF, 0x02, 0x00,
    0xF8, 0x7F, 0xD1, 0xFF, 0x0B, 0x00, 0xF8, 0x7F, 0x30, 0xFF, 0x7F, 0x00, 0xF8, 0x7F, 0x00, 0xF6,
    0xFF, 0x04, 0xF8, 0x7F, 0x00, 0xA0, 0xFF, 0x1D,
    // Unicode: [0x004C]
    0xF8, 0x7F, 0x00, 0x00, 0x00, 0xF8, 0x7F, 0x00, 0x00, 0x00, 0xF8, 0x7F, 0x00, 0x00, 0x00, 0xF8,
    0x7F, 0x00, 0x00, 0x00, 0xF8, 0x7F, 0x00, 0x00, 0x00, 0xF8, 0x7F, 0x00, 0x00, 0x00, 0xF8, 0x7F,
    0x00, 0x00, 0x00, 0xF8, 0x7F, 0x00, 0x00, 0x00, 0xF8, 0x7F, 0x00, 0x00, 0x00, 0xF8, 0x9F, 0x44,
    0x44, 0x03, 0xF8, 0xFF, 0xFF, 0xFF, 0x0D, 0xF8, 0xFF, 0xFF, 0xFF, 0x0D,
    // Unicode: [0x004D]
    0xF8, 0xFF, 0x03, 0x00, 0xE1, 0xFF, 0x0A, 0xF8, 0xFF, 0x09, 0x00, 0xF7, 0xFF, 0x0A, 0xF8, 0xFF,
    0x1F, 0x00, 0xFD, 0xFF, 0x0A, 0xF8, 0xFF, 0x7F, 0x50, 0xFF, 0xFF, 0x0A, 0xF8, 0xCF, 0xEF, 0xB0,
    0xCF, 0xFF, 0x0A, 0xF8, 0x6F, 0xFF, 0xF8, 0x6F, 0xFF, 0x0A, 0xF8, 0x5F, 0xFA, 0xFF, 0x4A, 0xFF,
    0x0A, 0xF8, 0x5F, 0xF3, 0xFF, 0x44, 0xFF, 0x0A, 0xF8, 0x5F, 0xC0, 0xCF, 0x40, 0xFF, 0x0A, 0xF8,
    0x5F, 0x20, 0x23, 0x40, 0xFF, 0x0A, 0xF8, 0x5F, 0x00, 0x00, 0x40, 0xFF, 0x0A, 0xF8, 0x5F, 0x00,
    0x00, 0x40, 0xFF, 0x0A,
    // Unicode: [0x004E]
    0xF8, 0xFF, 0x06, 0x00, 0xFA, 0x1F, 0xF8, 0xFF, 0x1E, 0x00, 0xFA, 0x1F, 0xF8, 0xFF, 0x9F, 0x00,
    0xFA, 0x1F, 0xF8, 0xFF, 0xFF, 0x04, 0xFA, 0x1F, 0xF8, 0x8F, 0xFF, 0x0C, 0xFA, 0x1F, 0xF8, 0x4F,
    0xFB, 0x7F, 0xFA, 0x1F, 0xF8, 0x4F, 0xF2, 0xEF, 0xFC, 0x1F, 0xF8, 0x4F, 0x80, 0xFF, 0xFF, 0x1F,
    0xF8, 0x4F, 0x10, 0xFD, 0xFF, 0x1F, 0xF8, 0x4F, 0x00, 0xF5, 0xFF, 0x1F, 0xF8, 0x4F, 0x00, 0xB0,
    0xFF, 0x1F, 0xF8, 0x4F, 0x00, 0x20, 0xFF, 0x1F,
    // Unicode: [0x004F]
    0x00, 0x30, 0xDA, 0xEF, 0x7C, 0x01, 0x00, 0x00, 0xF7, 0xFF, 0xFF, 0xFF, 0x2D, 0x00, 0x40, 0xFF,
    0x9F, 0x54, 0xFC, 0xDF, 0x00, 0xB0, 0xFF, 0x08, 0x00, 0xD1, 0xFF, 0x05, 0xF1, 0xFF, 0x02, 0x00,
    0x80, 0xFF, 0x0A, 0xF2, 0xFF, 0x00, 0x00, 0x50, 0xFF, 0x0B, 0xF2, 0xEF, 0x00, 0x00, 0x60, 0xFF,
    0x0B, 0xF1, 0xFF, 0x02, 0x00, 0x80, 0xFF, 0x0A, 0xB0, 0xFF, 0x08, 0x00, 0xE1, 0xFF, 0x05, 0x40,
    0xFF, 0x9F, 0x54, 0xFC, 0xDF, 0x00, 0x00, 0xF7, 0xFF, 0xFF, 0xFF, 0x2D, 0x00, 0x00, 0x30, 0xDA,
    0xEF, 0x7C, 0x01, 0x00,
    // Unicode: [0x0050]
    0xF8, 0xFF, 0xFF, 0xAE, 0x04, 0x00, 0xF8, 0xFF, 0xFF, 0xFF, 0x5F, 0x00, 0xF8, 0x9F, 0x43, 0xFB,
    0xDF, 0x00, 0xF8, 0x7F, 0x00, 0xF1, 0xFF, 0x01, 0xF8, 0x7F, 0x00, 0xF2, 0xFF, 0x00, 0xF8, 0x7F,
    0x20, 0xFA, 0xBF, 0x00, 0xF8, 0xFF, 0xFF, 0xFF, 0x3F, 0x00, 0xF8, 0xFF, 0xFF, 0xCF, 0x03, 0x00,
    0xF8, 0x9F, 0x33, 0x01, 0x00, 0x00, 0xF8, 0x7F, 0x00, 0x00, 0x00, 0x00, 0xF8, 0x7F, 0x00, 0x00,
    0x00, 0x00, 0xF8, 0x7F, 0x00, 0x00, 0x00, 0x00,
    // Unicode: [0x0051]
    0x00, 0x30, 0xD9, 0xEF, 0x7C, 0x01, 0x00, 0x00, 0xF6, 0xFF, 0xFF, 0xFF, 0x2D, 0x00, 0x40, 0xFF,
    0x9F, 0x54, 0xFC, 0xCF, 0x00, 0xB0, 0xFF, 0x08, 0x00, 0xD1, 0xFF, 0x05, 0xF1, 0xFF, 0x02, 0x00,
    0x80, 0xFF, 0x09, 0xF2, 0xFF, 0x00, 0x00, 0x50, 0xFF, 0x0B, 0xF2, 0xEF, 0x00, 0x00, 0x50, 0xFF,
    0x0B, 0xF1, 0xFF, 0x01, 0x00, 0x70, 0xFF, 0x09, 0xC0, 0xFF, 0x08, 0x00, 0xD0, 0xFF, 0x05, 0x50,
    0xFF, 0x7F, 0x32, 0xFB, 0xDF, 0x00, 0x00, 0xF9, 0xFF, 0xFF, 0xFF, 0x2E, 0x00, 0x00, 0x50, 0xEB,
    0xFF, 0x9F, 0x01, 0x00, 0x00, 0x00, 0x00, 0xF9, 0x7F, 0x11, 0x02, 0x00, 0x00, 0x00, 0xF3, 0xFF,
    0xFF, 0x08, 0x00, 0x00, 0x00, 0x40, 0xEB, 0xEF, 0x07,
    // Unicode: [0x0052]
    0xF8, 0xFF, 0xFF, 0xCE, 0x06, 0x00, 0xF8, 0xFF, 0xFF, 0xFF, 0x7F, 0x00, 0xF8, 0x8F, 0x33, 0xF9,
    0xEF, 0x00, 0xF8, 0x7F, 0x00, 0xF1, 0xFF, 0x01, 0xF8, 0x7F, 0x00, 0xF1, 0xFF, 0x00, 0xF8, 0x8F,
    0x31, 0xFB, 0xAF, 0x00, 0xF8, 0xFF, 0xFF, 0xFF, 0x1C, 0x00, 0xF8, 0xFF, 0xFF, 0xFF, 0x02, 0x00,
    0xF8, 0x7F, 0xB0, 0xFF, 0x0C, 0x00, 0xF8, 0x7F, 0x10, 0xFD, 0x9F, 0x00, 0xF8, 0x7F, 0x00, 0xF3,
    0xFF, 0x07, 0xF8, 0x7F, 0x00, 0x60, 0xFF, 0x4F,
    // Unicode: [0x0053]
    0x00, 0x81, 0xEC, 0xDE, 0x7B, 0x01, 0x30, 0xFE, 0xFF, 0xFF, 0xFF, 0x05, 0xC0, 0xFF, 0x39, 0x42,
    0xF9, 0x05, 0xF1, 0xFF, 0x02, 0x00, 0x20, 0x02, 0xE0, 0xFF, 0xAE, 0x36, 0x00, 0x00, 0x80, 0xFF,
    0xFF, 0xFF, 0x5D, 0x00, 0x00, 0xD6, 0xFF, 0xFF, 0xFF, 0x05, 0x00, 0x00, 0x63, 0xFA, 0xFF, 0x0B,
    0x71, 0x00, 0x00, 0x60, 0xFF, 0x0B, 0xF2, 0x7D, 0x23, 0xB4, 0xFF, 0x07, 0xF2, 0xFF, 0xFF, 0xFF,
    0xBF, 0x01, 0x50, 0xDA, 0xFE, 0xBE, 0x06, 0x00,
    // Unicode: [0x0054]
    0xFA, 0xFF, 0xFF, 0xFF, 0xFF, 0x09, 0xFA, 0xFF, 0xFF, 0xFF, 0xFF, 0x09, 0x43, 0x44, 0xFF, 0x4F,
    0x44, 0x02, 0x00, 0x10, 0xFF, 0x0E, 0x00, 0x00, 0x00, 0x10, 0xFF, 0x0E, 0x00, 0x00, 0x00, 0x10,
    0xFF, 0x0E, 0x00, 0x00, 0x00, 0x10, 0xFF, 0x0E, 0x00, 0x00, 0x00, 0x10, 0xFF, 0x0E, 0x00, 0x00,
    0x00, 0x10, 0xFF, 0x0E, 0x00, 0x00, 0x00, 0x10, 0xFF, 0x0E, 0x00, 0x00, 0x00, 0x10, 0xFF, 0x0E,
    0x00, 0x00, 0x00, 0x10, 0xFF, 0x0E, 0x00, 0x00,
    // Unicode: [0x0055]
    0xFA, 0x5F, 0x00, 0x50, 0xFF, 0x0A, 0xFA, 0x5F, 0x00, 0x50, 0xFF, 0x0A, 0xFA, 0x5F, 0x00, 0x50,
    0xFF, 0x0A, 0xFA, 0x5F, 0x00, 0x50, 0xFF, 0x0A, 0xFA, 0x5F, 0x00, 0x50, 0xFF, 0x0A, 0xFA, 0x5F,
    0x00, 0x50, 0xFF, 0x0A, 0xFA, 0x5F, 0x00, 0x50, 0xFF, 0x0A, 0xFA, 0x5F, 0x00, 0x60, 0xFF, 0x0A,
    0xF9, 0x8F, 0x00, 0x80, 0xFF, 0x09, 0xF4, 0xEF, 0x46, 0xE6, 0xFF, 0x04, 0xA0, 0xFF, 0xFF, 0xFF,
    0xAF, 0x00, 0x00, 0xB6, 0xFE, 0xBE, 0x06, 0x00,
    // Unicode: [0x0056]
    0xFA, 0x8F, 0x00, 0x00, 0xF3, 0xDF, 0xF4, 0xDF, 0x00, 0x00, 0xF8, 0x8F, 0xE0, 0xFF, 0x03, 0x00,
    0xFD, 0x2F, 0x90, 0xFF, 0x08, 0x30, 0xFF, 0x0C, 0x30, 0xFF, 0x0D, 0x80, 0xFF, 0x07, 0x00, 0xFD,
    0x3F, 0xD0, 0xFF, 0x01, 0x00, 0xF8, 0x8F, 0xF3, 0xBF, 0x00, 0x00, 0xF2, 0xDF, 0xF8, 0x6F, 0x00,
    0x00, 0xC0, 0xFF, 0xFE, 0x1F, 0x00, 0x00, 0x70, 0xFF, 0xFF, 0x0A, 0x00, 0x00, 0x20, 0xFF, 0xFF,
    0x05, 0x00, 0x00, 0x00, 0xFB, 0xEF, 0x00, 0x00,
    // Unicode: [0x0057]
    0xF5, 0xBF, 0x00, 0x80, 0xFF, 0x0A, 0x00, 0xFA, 0x6F, 0xF1, 0xEF, 0x00, 0xC0, 0xFF, 0x0E, 0x00,
    0xFD, 0x2F, 0xD0, 0xFF, 0x03, 0xF1, 0xFF, 0x3F, 0x10, 0xFF, 0x0D, 0x90, 0xFF, 0x06, 0xF5, 0xFF,
    0x7F, 0x50, 0xFF, 0x09, 0x50, 0xFF, 0x09, 0xF9, 0xEE, 0xAF, 0x80, 0xFF, 0x05, 0x10, 0xFF, 0x0D,
    0xFD, 0xAA, 0xEF, 0xC0, 0xFF, 0x02, 0x00, 0xFC, 0x3F, 0xFF, 0x66, 0xFF, 0xF3, 0xDF, 0x00, 0x00,
    0xF8, 0xAF, 0xFF, 0x22, 0xFF, 0xFA, 0x9F, 0x00, 0x00, 0xF4, 0xFF, 0xDF, 0x00, 0xFD, 0xFF, 0x5F,
    0x00, 0x00, 0xF0, 0xFF, 0x9F, 0x00, 0xF9, 0xFF, 0x1F, 0x00, 0x00, 0xB0, 0xFF, 0x5F, 0x00, 0xF5,
    0xFF, 0x0C, 0x00, 0x00, 0x70, 0xFF, 0x1F, 0x00, 0xF1, 0xFF, 0x08, 0x00,
    // Unicode: [0x0058]
    0xF6, 0xEF, 0x02, 0x00, 0xFA, 0x9F, 0xB0, 0xFF, 0x0B, 0x50, 0xFF, 0x1D, 0x10, 0xFE, 0x5F, 0xE1,
    0xFF, 0x04, 0x00, 0xF5, 0xEF, 0xFB, 0x8F, 0x00, 0x00, 0xA0, 0xFF, 0xFF, 0x0C, 0x00, 0x00, 0x10,
    0xFE, 0xFF, 0x02, 0x00, 0x00, 0x20, 0xFE, 0xFF, 0x05, 0x00, 0x00, 0xB0, 0xFF, 0xFF, 0x1E, 0x00,
    0x00, 0xF6, 0xBF, 0xFA, 0xAF, 0x00, 0x20, 0xFE, 0x2F, 0xE1, 0xFF, 0x05, 0xC0, 0xFF, 0x07, 0x60,
    0xFF, 0x1E, 0xF7, 0xCF, 0x00, 0x00, 0xFB, 0xAF,
    // Unicode: [0x0059]
    0xFA, 0xBF, 0x00, 0x00, 0xFC, 0x6F, 0xE1, 0xFF, 0x04, 0x50, 0xFF, 0x0C, 0x70, 0xFF, 0x0C, 0xD0,
    0xFF, 0x04, 0x00, 0xFD, 0x6F, 0xF6, 0xAF, 0x00, 0x00, 0xF5, 0xDF, 0xFD, 0x2F, 0x00, 0x00, 0xB0,
    0xFF, 0xFF, 0x08, 0x00, 0x00, 0x20, 0xFF, 0xDF, 0x01, 0x00, 0x00, 0x00, 0xFA, 0x7F, 0x00, 0x00,
    0x00, 0x00, 0xF8, 0x7F, 0x00, 0x00, 0x00, 0x00, 0xF8, 0x7F, 0x00, 0x00, 0x00, 0x00, 0xF8, 0x7F,
    0x00, 0x00, 0x00, 0x00, 0xF8, 0x7F, 0x00, 0x00,
    // Unicode: [0x005A]
    0xF0, 0xFF, 0xFF, 0xFF, 0xFF, 0x03, 0xF0, 0xFF, 0xFF, 0xFF, 0xFF, 0x03, 0x40, 0x44, 0x44, 0xFD,
    0xDF, 0x01, 0x00, 0x00, 0x70, 0xFF, 0x3F, 0x00, 0x00, 0x00, 0xF4, 0xFF, 0x06, 0x00, 0x00, 0x10,
    0xFD, 0xAF, 0x00, 0x00, 0x00, 0xB0, 0xFF, 0x1D, 0x00, 0x00, 0x00, 0xF8, 0xEF, 0x02, 0x00, 0x00,
    0x40, 0xFF, 0x5F, 0x00, 0x00, 0x00, 0xE2, 0xFF, 0x4B, 0x44, 0x44, 0x02, 0xF4, 0xFF, 0xFF, 0xFF,
    0xFF, 0x07, 0xF4, 0xFF, 0xFF, 0xFF, 0xFF, 0x07,
    // Unicode: [0x005B]
    0xF1, 0xFF, 0xFF, 0x02, 0xF1, 0xEF, 0xDD, 0x02, 0xF1, 0x6F, 0x00, 0x00, 0xF1, 0x6F, 0x00, 0x00,
    0xF1, 0x6F, 0x00, 0x00, 0xF1, 0x6F, 0x00, 0x00, 0xF1, 0x6F, 0x00, 0x00, 0xF1, 0x6F, 0x00, 0x00,
    0xF1, 0x6F, 0x00, 0x00, 0xF1, 0x6F, 0x00, 0x00, 0xF1, 0x6F, 0x00, 0x00, 0xF1, 0x6F, 0x00, 0x00,
    0xF1, 0x6F, 0x00, 0x00, 0xF1, 0xEF, 0xDD, 0x02, 0xF1, 0xFF, 0xFF, 0x02,
    // Unicode: [0x005C]
    0xF5, 0x2F, 0x00, 0x00, 0x00, 0xD0, 0x8F, 0x00, 0x00, 0x00, 0x70, 0xEF, 0x01, 0x00, 0x00, 0x10,
    0xFE, 0x06, 0x00, 0x00, 0x00, 0xF9, 0x0C, 0x00, 0x00, 0x00, 0xF3, 0x4F, 0x00, 0x00, 0x00, 0xB0,
    0xAF, 0x00, 0x00, 0x00, 0x50, 0xFF, 0x02, 0x00, 0x00, 0x00, 0xFD, 0x08, 0x00, 0x00, 0x00, 0xF7,
    0x0E, 0x00, 0x00, 0x00, 0xE1, 0x6F, 0x00, 0x00, 0x00, 0x90, 0xCF, 0x00, 0x00, 0x00, 0x30, 0xFF,
    0x03, 0x00, 0x00, 0x00, 0xFB, 0x0A, 0x00, 0x00, 0x00, 0x83, 0x07,
    // Unicode: [0x005D]
    0xF7, 0xFF, 0xCF, 0xD6, 0xED, 0xCF, 0x00, 0xA0, 0xCF, 0x00, 0xA0, 0xCF, 0x00, 0xA0, 0xCF, 0x00,
    0xA0, 0xCF, 0x00, 0xA0, 0xCF, 0x00, 0xA0, 0xCF, 0x00, 0xA0, 0xCF, 0x00, 0xA0, 0xCF, 0x00, 0xA0,
    0xCF, 0x00, 0xA0, 0xCF, 0x00, 0xA0, 0xCF, 0xD6, 0xED, 0xCF, 0xF7, 0xFF, 0xCF,
    // Unicode: [0x005E]
    0x00, 0x00, 0x82, 0x07, 0x00, 0x00, 0x00, 0x00, 0xFC, 0x7F, 0x00, 0x00, 0x00, 0x70, 0xEF, 0xFF,
    0x03, 0x00, 0x00, 0xF2, 0x4F, 0xF9, 0x1D, 0x00, 0x00, 0xFC, 0x09, 0xD1, 0x9F, 0x00, 0x70, 0xEF,
    0x01, 0x30, 0xFF, 0x04, 0xF2, 0x5F, 0x00, 0x00, 0xF8, 0x1E,
    // Unicode: [0x005F]
    0xA1, 0xAA, 0xAA, 0xAA, 0xAA, 0xAA, 0x05, 0xF2, 0xFF, 0xFF, 0xFF, 0xFF, 0xFF, 0x08,
    // Unicode: [0x0060]
    0xFB, 0x1E, 0x00, 0xB1, 0x9F, 0x00, 0x10, 0xFC, 0x04,
    // Unicode: [0x0061]
    0x50, 0xDB, 0xFE, 0xAD, 0x02, 0x80, 0xFF, 0xFE, 0xFF, 0x1E, 0x40, 0x14, 0x10, 0xFA, 0x6F, 0x00,
    0x73, 0xA9, 0xFD, 0x7F, 0x80, 0xFF, 0xEF, 0xFD, 0x7F, 0xF3, 0xCF, 0x02, 0xF5, 0x7F, 0xF4, 0xAF,
    0x00, 0xF8, 0x7F, 0xE1, 0xFF, 0xED, 0xFF, 0x7F, 0x30, 0xEC, 0x9E, 0xF7, 0x7F,
    // Unicode: [0x0062]
    0xFA, 0x2F, 0x00, 0x00, 0x00, 0xFA, 0x2F, 0x00, 0x00, 0x00, 0xFA, 0x2F, 0x00, 0x00, 0x00, 0xFA,
    0x4F, 0xEA, 0xAE, 0x01, 0xFA, 0xFF, 0xFF, 0xFF, 0x0B, 0xFA, 0x7F, 0x42, 0xFE, 0x3F, 0xFA, 0x2F,
    0x00, 0xF8, 0x6F, 0xFA, 0x2F, 0x00, 0xF7, 0x7F, 0xFA, 0x2F, 0x00, 0xF9, 0x6F, 0xFA, 0x3F, 0x40,
    0xFE, 0x2F, 0xFA, 0xFF, 0xFF, 0xFF, 0x07, 0xFA, 0x9F, 0xFD, 0x6D, 0x00,
    // Unicode: [0x0063]
    0x00, 0x92, 0xEC, 0xBE, 0x06, 0x40, 0xFE, 0xFF, 0xFF, 0x0D, 0xD0, 0xFF, 0x18, 0x61, 0x0C, 0xF3,
    0xCF, 0x00, 0x00, 0x00, 0xF4, 0x9F, 0x00, 0x00, 0x00, 0xF3, 0xCF, 0x00, 0x00, 0x00, 0xD0, 0xFF,
    0x17, 0x51, 0x0C, 0x40, 0xFF, 0xFF, 0xFF, 0x0D, 0x00, 0x92, 0xFD, 0xCE, 0x07,
    // Unicode: [0x0064]
    0x00, 0x00, 0x00, 0xE0, 0xDF, 0x00, 0x00, 0x00, 0xE0, 0xDF, 0x00, 0x00, 0x00, 0xE0, 0xDF, 0x00,
    0xC4, 0xEF, 0xF9, 0xDF, 0x40, 0xFF, 0xFF, 0xFF, 0xDF, 0xD0, 0xFF, 0x28, 0xF2, 0xDF, 0xF3, 0xCF,
    0x00, 0xE0, 0xDF, 0xF4, 0xAF, 0x00, 0xE0, 0xDF, 0xF3, 0xBF, 0x00, 0xE0, 0xDF, 0xE1, 0xEF, 0x03,
    0xF2, 0xDF, 0x70, 0xFF, 0xEF, 0xFF, 0xDF, 0x00, 0xE8, 0xCE, 0xE6, 0xDF,
    // Unicode: [0x0065]
    0x00, 0x92, 0xFD, 0xBE, 0x04, 0x40, 0xFE, 0xCE, 0xFE, 0x4F, 0xD0, 0xCF, 0x01, 0xF2, 0xBF, 0xF3,
    0xDF, 0xAA, 0xEA, 0xEF, 0xF4, 0xFF, 0xFF, 0xFF, 0xFF, 0xF3, 0xAF, 0x00, 0x00, 0x00, 0xD0, 0xFF,
    0x17, 0x20, 0xA6, 0x40, 0xFF, 0xFF, 0xFF, 0xCF, 0x00, 0x92, 0xFD, 0xDF, 0x5A,
    // Unicode: [0x0066]
    0x00, 0xC5, 0xFE, 0x0E, 0x20, 0xFF, 0xFF, 0x0F, 0x60, 0xFF, 0x28, 0x02, 0xFA, 0xFF, 0xFF, 0x07,
    0xF9, 0xFF, 0xEE, 0x06, 0x70, 0xFF, 0x05, 0x00, 0x70, 0xFF, 0x05, 0x00, 0x70, 0xFF, 0x05, 0x00,
    0x70, 0xFF, 0x05, 0x00, 0x70, 0xFF, 0x05, 0x00, 0x70, 0xFF, 0x05, 0x00, 0x70, 0xFF, 0x05, 0x00,
    // Unicode: [0x0067]
    0x00, 0xC4, 0xDF, 0xE9, 0xDF, 0x50, 0xFF, 0xFF, 0xFF, 0xDF, 0xE0, 0xFF, 0x27, 0xF2, 0xDF, 0xF3,
    0xCF, 0x00, 0xE0, 0xDF, 0xF4, 0xAF, 0x00, 0xE0, 0xDF, 0xF3, 0xBF, 0x00, 0xE0, 0xDF, 0xF1, 0xFF,
    0x36, 0xF6, 0xDF, 0x80, 0xFF, 0xFF, 0xFF, 0xDF, 0x00, 0xD7, 0xDF, 0xF7, 0xCF, 0x20, 0x24, 0x10,
    0xF8, 0x9F, 0x50, 0xFF, 0xFF, 0xFF, 0x2E, 0x40, 0xEC, 0xEF, 0x9D, 0x02,
    // Unicode: [0x0068]
    0xFA, 0x2F, 0x00, 0x00, 0x00, 0xFA, 0x2F, 0x00, 0x00, 0x00, 0xFA, 0x2F, 0x00, 0x00, 0x00, 0xFA,
    0x4F, 0xE9, 0xAE, 0x02, 0xFA, 0xFF, 0xFF, 0xFF, 0x0B, 0xFA, 0xAF, 0x75, 0xFF, 0x1F, 0xFA, 0x2F,
    0x00, 0xFC, 0x2F, 0xFA, 0x2F, 0x00, 0xFB, 0x2F, 0xFA, 0x2F, 0x00, 0xFA, 0x2F, 0xFA, 0x2F, 0x00,
    0xFA, 0x2F, 0xFA, 0x2F, 0x00, 0xFA, 0x2F, 0xFA, 0x2F, 0x00, 0xFA, 0x2F,
    // Unicode: [0x0069]
    0xFB, 0x3F, 0xFB, 0x3F, 0x21, 0x02, 0xFA, 0x2F, 0xFA, 0x2F, 0xFA, 0x2F, 0xFA, 0x2F, 0xFA, 0x2F,
    0xFA, 0x2F, 0xFA, 0x2F, 0xFA, 0x2F, 0xFA, 0x2F,
    // Unicode: [0x006A]
    0x00, 0xD0, 0xFF, 0x02, 0x00, 0xD0, 0xFF, 0x02, 0x00, 0x20, 0x22, 0x00, 0x50, 0xFF, 0xFF, 0x02,
    0x50, 0xFE, 0xFF, 0x02, 0x00, 0xA0, 0xFF, 0x02, 0x00, 0xA0, 0xFF, 0x02, 0x00, 0xA0, 0xFF, 0x02,
    0x00, 0xA0, 0xFF, 0x02, 0x00, 0xA0, 0xFF, 0x02, 0x00, 0xA0, 0xFF, 0x02, 0x00, 0xB0, 0xFF, 0x02,
    0x31, 0xF5, 0xFF, 0x00, 0xF7, 0xFF, 0xAF, 0x00, 0xE6, 0xEF, 0x19, 0x00,
    // Unicode: [0x006B]
    0xFA, 0x2F, 0x00, 0x00, 0x00, 0xFA, 0x2F, 0x00, 0x00, 0x00, 0xFA, 0x2F, 0x00, 0x00, 0x00, 0xFA,
    0x2F, 0x30, 0xFF, 0x2E, 0xFA, 0x2F, 0xD1, 0xFF, 0x03, 0xFA, 0x2F, 0xFB, 0x6F, 0x00, 0xFA, 0xAF,
    0xFF, 0x09, 0x00, 0xFA, 0xFF, 0xFF, 0x0A, 0x00, 0xFA, 0x9F, 0xFC, 0x5F, 0x00, 0xFA, 0x2F, 0xF3,
    0xEF, 0x01, 0xFA, 0x2F, 0x90, 0xFF, 0x0A, 0xFA, 0x2F, 0x10, 0xFD, 0x5F,
    // Unicode: [0x006C]
    0xFA, 0x2F, 0xFA, 0x2F, 0xFA, 0x2F, 0xFA, 0x2F, 0xFA, 0x2F, 0xFA, 0x2F, 0xFA, 0x2F, 0xFA, 0x2F,
    0xFA, 0x2F, 0xFA, 0x2F, 0xFA, 0x2F, 0xFA, 0x2F,
    // Unicode: [0x006D]
    0xFA, 0x5F, 0xEA, 0x9E, 0x31, 0xEB, 0x7D, 0x00, 0xFA, 0xFF, 0xFF, 0xFF, 0xFD, 0xFF, 0xFF, 0x04,
    0xFA, 0x7F, 0x62, 0xFF, 0x5E, 0x82, 0xFF, 0x09, 0xFA, 0x2F, 0x00, 0xFE, 0x0E, 0x30, 0xFF, 0x0A,
    0xFA, 0x2F, 0x00, 0xFE, 0x0E, 0x20, 0xFF, 0x0A, 0xFA, 0x2F, 0x00, 0xFE, 0x0E, 0x20, 0xFF, 0x0A,
    0xFA, 0x2F, 0x00, 0xFE, 0x0E, 0x20, 0xFF, 0x0A, 0xFA, 0x2F, 0x00, 0xFE, 0x0E, 0x20, 0xFF, 0x0A,
    0xFA, 0x2F, 0x00, 0xFE, 0x0E, 0x20, 0xFF, 0x0A,
    // Unicode: [0x006E]
    0xFA, 0x5F, 0xEA, 0xAE, 0x02, 0xFA, 0xFF, 0xFF, 0xFF, 0x0B, 0xFA, 0x8F, 0x42, 0xFE, 0x1F, 0xFA,
    0x2F, 0x00, 0xFB, 0x2F, 0xFA, 0x2F, 0x00, 0xFA, 0x2F, 0xFA, 0x2F, 0x00, 0xFA, 0x2F, 0xFA, 0x2F,
    0x00, 0xFA, 0x2F, 0xFA, 0x2F, 0x00, 0xFA, 0x2F, 0xFA, 0x2F, 0x00, 0xFA, 0x2F,
    // Unicode: [0x006F]
    0x00, 0xA3, 0xFE, 0xAE, 0x03, 0x00, 0x50, 0xFF, 0xFF, 0xFF, 0x4F, 0x00, 0xE0, 0xFF, 0x04, 0xF4,
    0xDF, 0x00, 0xF3, 0xBF, 0x00, 0xB0, 0xFF, 0x03, 0xF4, 0xAF, 0x00, 0x90, 0xFF, 0x04, 0xF3, 0xBF,
    0x00, 0xB0, 0xFF, 0x03, 0xE0, 0xFF, 0x04, 0xF4, 0xDF, 0x00, 0x50, 0xFF, 0xFF, 0xFF, 0x4F, 0x00,
    0x00, 0xA3, 0xFE, 0xAE, 0x03, 0x00,
    // Unicode: [0x0070]
    0xFA, 0x6F, 0xEB, 0xAE, 0x01, 0xFA, 0xFF, 0xFE, 0xFF, 0x0B, 0xFA, 0x4F, 0x10, 0xFD, 0x3F, 0xFA,
    0x2F, 0x00, 0xF7, 0x6F, 0xFA, 0x2F, 0x00, 0xF7, 0x7F, 0xFA, 0x2F, 0x00, 0xF9, 0x6F, 0xFA, 0x3F,
    0x40, 0xFE, 0x1F, 0xFA, 0xFF, 0xFF, 0xFF, 0x07, 0xFA, 0xAF, 0xFD, 0x6D, 0x00, 0xFA, 0x2F, 0x00,
    0x00, 0x00, 0xFA, 0x2F, 0x00, 0x00, 0x00, 0xFA, 0x2F, 0x00, 0x00, 0x00,
    // Unicode: [0x0071]
    0x00, 0xC4, 0xDF, 0xE9, 0xDF, 0x40, 0xFF, 0xFF, 0xFF, 0xDF, 0xD0, 0xFF, 0x27, 0xF2, 0xDF, 0xF3,
    0xCF, 0x00, 0xE0, 0xDF, 0xF4, 0xAF, 0x00, 0xE0, 0xDF, 0xF3, 0xBF, 0x00, 0xE0, 0xDF, 0xE1, 0xFF,
    0x26, 0xF6, 0xDF, 0x70, 0xFF, 0xFF, 0xFF, 0xDF, 0x00, 0xE8, 0xCF, 0xE4, 0xDF, 0x00, 0x00, 0x00,
    0xE0, 0xDF, 0x00, 0x00, 0x00, 0xE0, 0xDF, 0x00, 0x00, 0x00, 0xE0, 0xDF,
    // Unicode: [0x0072]
    0xFA, 0x3F, 0xE9, 0x0A, 0xFA, 0xEF, 0xFF, 0x0A, 0xFA, 0xDF, 0xAB, 0x07, 0xFA, 0x2F, 0x00, 0x00,
    0xFA, 0x2F, 0x00, 0x00, 0xFA, 0x2F, 0x00, 0x00, 0xFA, 0x2F, 0x00, 0x00, 0xFA, 0x2F, 0x00, 0x00,
    0xFA, 0x2F, 0x00, 0x00,
    // Unicode: [0x0073]
    0x00, 0xC6, 0xFE, 0xBD, 0x04, 0xB0, 0xFF, 0xDF, 0xFF, 0x08, 0xF2, 0xCF, 0x00, 0x61, 0x06, 0xF2,
    0xFF, 0x8B, 0x15, 0x00, 0x70, 0xFF, 0xFF, 0xEF, 0x04, 0x00, 0x72, 0xDA, 0xFF, 0x0D, 0xA4, 0x03,
    0x10, 0xFF, 0x0D, 0xF4, 0xEF, 0xED, 0xFF, 0x07, 0x81, 0xEC, 0xDF, 0x4B, 0x00,
    // Unicode: [0x0074]
    0x80, 0xFF, 0x05, 0x00, 0x80, 0xFF, 0x05, 0x00, 0x80, 0xFF, 0x05, 0x00, 0xFA, 0xFF, 0xFF, 0x0E,
    0xE9, 0xFF, 0xEE, 0x0D, 0x80, 0xFF, 0x05, 0x00, 0x80, 0xFF, 0x05, 0x00, 0x80, 0xFF, 0x05, 0x00,
    0x80, 0xFF, 0x05, 0x00, 0x70, 0xFF, 0x08, 0x01, 0x30, 0xFF, 0xEF, 0x0E, 0x00, 0xD6, 0xEF, 0x0C,
    // Unicode: [0x0075]
    0xFB, 0x1F, 0x00, 0xFB, 0x1F, 0xFB, 0x1F, 0x00, 0xFB, 0x1F, 0xFB, 0x1F, 0x00, 0xFB, 0x1F, 0xFB,
    0x1F, 0x00, 0xFB, 0x1F, 0xFB, 0x1F, 0x00, 0xFB, 0x1F, 0xFB, 0x2F, 0x00, 0xFB, 0x1F, 0xF9, 0x8F,
    0x31, 0xFD, 0x1F, 0xF5, 0xFF, 0xFF, 0xFF, 0x1F, 0x70, 0xFD, 0x6D, 0xFB, 0x1F,
    // Unicode: [0x0076]
    0xF9, 0x6F, 0x00, 0xE0, 0xEF, 0x01, 0xF3, 0xBF, 0x00, 0xF4, 0x9F, 0x00, 0xD0, 0xFF, 0x01, 0xF8,
    0x3F, 0x00, 0x70, 0xFF, 0x06, 0xFD, 0x0D, 0x00, 0x10, 0xFF, 0x3A, 0xFF, 0x07, 0x00, 0x00, 0xFB,
    0x9F, 0xFF, 0x02, 0x00, 0x00, 0xF5, 0xFF, 0xBF, 0x00, 0x00, 0x00, 0xE0, 0xFF, 0x5F, 0x00, 0x00,
    0x00, 0x90, 0xFF, 0x0E, 0x00, 0x00,
    // Unicode: [0x0077]
    0xF7, 0x6F, 0x00, 0xF7, 0x5F, 0x00, 0xFA, 0x3F, 0xF3, 0xAF, 0x00, 0xFC, 0x9F, 0x00, 0xFE, 0x0D,
    0xD0, 0xEF, 0x10, 0xFF, 0xDF, 0x20, 0xFF, 0x09, 0x90, 0xFF, 0x62, 0xBF, 0xFF, 0x63, 0xFF, 0x04,
    0x40, 0xFF, 0xA6, 0x6F, 0xFB, 0xA7, 0xEF, 0x00, 0x10, 0xFE, 0xEA, 0x1F, 0xF6, 0xDB, 0xAF, 0x00,
    0x00, 0xFB, 0xFF, 0x0C, 0xF2, 0xFF, 0x5F, 0x00, 0x00, 0xF6, 0xFF, 0x08, 0xC0, 0xFF, 0x1F, 0x00,
    0x00, 0xF2, 0xFF, 0x03, 0x80, 0xFF, 0x0B, 0x00,
    // Unicode: [0x0078]
    0xF5, 0xDF, 0x01, 0xE2, 0xEF, 0x02, 0x90, 0xFF, 0x09, 0xFC, 0x5F, 0x00, 0x00, 0xFC, 0xBF, 0xFF,
    0x08, 0x00, 0x00, 0xE2, 0xFF, 0xBF, 0x00, 0x00, 0x00, 0x80, 0xFF, 0x4F, 0x00, 0x00, 0x00, 0xE2,
    0xFF, 0xCF, 0x00, 0x00, 0x10, 0xFC, 0xAF, 0xFF, 0x09, 0x00, 0xA0, 0xFF, 0x07, 0xFC, 0x5F, 0x00,
    0xF6, 0xCF, 0x00, 0xF2, 0xEF, 0x02,
    // Unicode: [0x0079]
    0xF9, 0x6F, 0x00, 0xD0, 0xEF, 0x01, 0xF3, 0xBF, 0x00, 0xF4, 0x9F, 0x00, 0xC0, 0xFF, 0x02, 0xF9,
    0x3F, 0x00, 0x60, 0xFF, 0x07, 0xFE, 0x0B, 0x00, 0x10, 0xFE, 0x4D, 0xFF, 0x05, 0x00, 0x00, 0xF9,
    0xDF, 0xEF, 0x00, 0x00, 0x00, 0xF3, 0xFF, 0x8F, 0x00, 0x00, 0x00, 0xC0, 0xFF, 0x2F, 0x00, 0x00,
    0x00, 0x70, 0xFF, 0x0B, 0x00, 0x00, 0x00, 0xA0, 0xFF, 0x05, 0x00, 0x00, 0x00, 0xF2, 0xEF, 0x00,
    0x00, 0x00, 0x00, 0xF8, 0x8F, 0x00, 0x00, 0x00,
    // Unicode: [0x007A]
    0xF2, 0xFF, 0xFF, 0xFF, 0x0C, 0xF2, 0xFF, 0xFF, 0xFF, 0x0C, 0x10, 0x11, 0xE3, 0xEF, 0x03, 0x00,
    0x20, 0xFE, 0x4F, 0x00, 0x00, 0xD1, 0xFF, 0x06, 0x00, 0x10, 0xFC, 0x8F, 0x00, 0x00, 0xA0, 0xFF,
    0x1A, 0x11, 0x01, 0xF5, 0xFF, 0xFF, 0xFF, 0x0E, 0xF5, 0xFF, 0xFF, 0xFF, 0x0E,
    // Unicode: [0x007B]
    0x00, 0x00, 0xC6, 0xFF, 0x0C, 0x00, 0x50, 0xFF, 0xCE, 0x09, 0x00, 0x90, 0xFF, 0x02, 0x00, 0x00,
    0xA0, 0xEF, 0x00, 0x00, 0x00, 0xB0, 0xDF, 0x00, 0x00, 0x00, 0xF5, 0x8F, 0x00, 0x00, 0xFB, 0xEF,
    0x07, 0x00, 0x00, 0xFC, 0xDF, 0x05, 0x00, 0x00, 0x10, 0xF8, 0x5F, 0x00, 0x00, 0x00, 0xC0, 0xCF,
    0x00, 0x00, 0x00, 0xA0, 0xEF, 0x00, 0x00, 0x00, 0xA0, 0xEF, 0x00, 0x00, 0x00, 0x80, 0xFF, 0x03,
    0x00, 0x00, 0x30, 0xFF, 0xCF, 0x09, 0x00, 0x00, 0xC5, 0xFF, 0x0C,
    // Unicode: [0x007C]
    0xFC, 0x07, 0xFC, 0x07, 0xFC, 0x07, 0xFC, 0x07, 0xFC, 0x07, 0xFC, 0x07, 0xFC, 0x07, 0xFC, 0x07,
    0xFC, 0x07, 0xFC, 0x07, 0xFC, 0x07, 0xFC, 0x07, 0xFC, 0x07, 0xFC, 0x07, 0xFC, 0x07,
    // Unicode: [0x007D]
    0xF6, 0xDF, 0x19, 0x00, 0x00, 0xB5, 0xFD, 0xAF, 0x00, 0x00, 0x00, 0xB0, 0xEF, 0x00, 0x00, 0x00,
    0x80, 0xFF, 0x00, 0x00, 0x00, 0x70, 0xFF, 0x02, 0x00, 0x00, 0x20, 0xFF, 0x1A, 0x00, 0x00, 0x00,
    0xC3, 0xFF, 0x3E, 0x00, 0x00, 0xB2, 0xFF, 0x3F, 0x00, 0x10, 0xFD, 0x3B, 0x00, 0x00, 0x60, 0xFF,
    0x03, 0x00, 0x00, 0x80, 0xFF, 0x01, 0x00, 0x00, 0x80, 0xFF, 0x00, 0x00, 0x00, 0xC0, 0xEF, 0x00,
    0x00, 0xB5, 0xFD, 0x9F, 0x00, 0x00, 0xF6, 0xDF, 0x18, 0x00, 0x00,
    // Unicode: [0x007E]
    0x00, 0x20, 0x00, 0x00, 0x10, 0x12, 0x40, 0xFE, 0x8E, 0x00, 0x70, 0xAF, 0xE2, 0xFF, 0xFF, 0x09,
    0x90, 0x8F, 0xF7, 0x1C, 0xF7, 0x8F, 0xE3, 0x5F, 0xFA, 0x07, 0x80, 0xFF, 0xFF, 0x0D, 0xFB, 0x05,
    0x00, 0xD7, 0xBF, 0x02,
    // Unicode: [0x00A0]
    // (Has no glyph data)
    // Unicode: [0x00A1]
    0xF5, 0xCF, 0xF5, 0xCF, 0x10, 0x11, 0x40, 0x24, 0xF1, 0x8F, 0xF2, 0x9F, 0xF3, 0x9F, 0xF3, 0xAF,
    0xF4, 0xBF, 0xF4, 0xBF, 0xF5, 0xCF, 0xF6, 0xDF,
    // Unicode: [0x00A2]
    0x00, 0x00, 0xC0, 0x08, 0x00, 0x00, 0x00, 0xC0, 0x08, 0x00, 0x00, 0x00, 0xC0, 0x08, 0x00, 0x00,
    0xB4, 0xFE, 0xCF, 0x08, 0x70, 0xFF, 0xFF, 0xFF, 0x0E, 0xF2, 0xEF, 0xC4, 0x48, 0x0B, 0xF6, 0x7F,
    0xC0, 0x08, 0x00, 0xF8, 0x5F, 0xC0, 0x08, 0x00, 0xF6, 0x7F, 0xC0, 0x08, 0x00, 0xF2, 0xEF, 0xC3,
    0x38, 0x0B, 0x70, 0xFF, 0xFF, 0xFF, 0x0E, 0x00, 0xB4, 0xFE, 0xCF, 0x08, 0x00, 0x00, 0xC0, 0x08,
    0x00, 0x00, 0x00, 0xC0, 0x08, 0x00, 0x00, 0x00, 0x30, 0x02, 0x00,
    // Unicode: [0x00A3]
    0x00, 0x50, 0xEC, 0xEF, 0x0A, 0x00, 0xF8, 0xFF, 0xFF, 0x0E, 0x10, 0xFF, 0x6F, 0x52, 0x0A, 0x20,
    0xFF, 0x0B, 0x00, 0x00, 0x30, 0xFF, 0x0A, 0x00, 0x00, 0xB6, 0xFF, 0xAD, 0xAA, 0x01, 0xF8, 0xFF,
    0xFF, 0xFF, 0x01, 0x30, 0xFF, 0x09, 0x00, 0x00, 0x60, 0xFF, 0x04, 0x00, 0x00, 0xE4, 0xCF, 0x44,
    0x44, 0x14, 0xFC, 0xFF, 0xFF, 0xFF, 0x5F, 0xFC, 0xFF, 0xFF, 0xFF, 0x5F,
    // Unicode: [0x00A4]
    0x10, 0x00, 0x00, 0x10, 0x00, 0xE3, 0x06, 0x00, 0xD2, 0x08, 0xE3, 0xCF, 0xDE, 0xFE, 0x08, 0x30,
    0xFF, 0xEC, 0x9F, 0x00, 0x50, 0x8F, 0x30, 0xBF, 0x00, 0x50, 0x8F, 0x30, 0xBF, 0x00, 0x40, 0xFF,
    0xEC, 0xAF, 0x00, 0xE3, 0xCF, 0xDF, 0xFD, 0x08, 0xE3, 0x05, 0x00, 0xD2, 0x08, 0x10, 0x00, 0x00,
    0x10, 0x00,
    // Unicode: [0x00A5]
    0xF5, 0xDF, 0x00, 0x60, 0xFF, 0x0A, 0xB0, 0xFF, 0x06, 0xD0, 0xFF, 0x02, 0x20, 0xFF, 0x0D, 0xF6,
    0x8F, 0x00, 0x00, 0xF8, 0x6F, 0xFD, 0x1D, 0x00, 0x00, 0xE1, 0xEF, 0xFF, 0x05, 0x00, 0x00, 0x60,
    0xFF, 0xCF, 0x00, 0x00, 0x00, 0x00, 0xFD, 0x3F, 0x00, 0x00, 0x30, 0xFF, 0xFF, 0xFF, 0x8F, 0x00,
    0x20, 0xAA, 0xFE, 0xBF, 0x6A, 0x00, 0x20, 0xAA, 0xFE, 0xBF, 0x6A, 0x00, 0x30, 0xFF, 0xFF, 0xFF,
    0x8F, 0x00, 0x00, 0x00, 0xFB, 0x2F, 0x00, 0x00,
    // Unicode: [0x00A6]
    0xFC, 0x07, 0xFC, 0x07, 0xFC, 0x07, 0xFC, 0x07, 0xFC, 0x07, 0xFC, 0x07, 0x32, 0x01, 0x00, 0x00,
    0x32, 0x01, 0xFC, 0x07, 0xFC, 0x07, 0xFC, 0x07, 0xFC, 0x07, 0xFC, 0x07, 0xFC, 0x07,
    // Unicode: [0x00A7]
    0x10, 0xC7, 0xFE, 0xCE, 0x05, 0xD2, 0xFF, 0xFF, 0xFF, 0x08, 0xF8, 0xCF, 0x02, 0x61, 0x05, 0xF8,
    0xDF, 0x04, 0x00, 0x00, 0xD2, 0xFF, 0xDF, 0x29, 0x00, 0x80, 0xFF, 0xFF, 0xFF, 0x06, 0xF6, 0x6F,
    0x93, 0xFF, 0x1F, 0xFB, 0x1F, 0x00, 0xFA, 0x2F, 0xFA, 0xCF, 0x25, 0xFD, 0x0C, 0xD2, 0xFF, 0xFF,
    0xDF, 0x01, 0x10, 0xC6, 0xFF, 0xFF, 0x06, 0x00, 0x00, 0xA2, 0xFF, 0x0D, 0x73, 0x02, 0x80, 0xFF,
    0x0D, 0xF4, 0xFF, 0xFF, 0xFF, 0x06, 0xB2, 0xFD, 0xDE, 0x3A, 0x00,
    // Unicode: [0x00A8]
    0x21, 0x01, 0x21, 0x02, 0xF8, 0x0B, 0xF6, 0x0E, 0xF8, 0x0B, 0xF6, 0x0E,
    // Unicode: [0x00A9]
    0x00, 0x00, 0x00, 0x11, 0x00, 0x00, 0x00, 0x00, 0x40, 0xFB, 0xFF, 0x8D, 0x01, 0x00, 0x00, 0xF9,
    0x7C, 0x65, 0xFA, 0x3D, 0x00, 0x90, 0x7F, 0x00, 0x00, 0x20, 0xED, 0x02, 0xF4, 0x07, 0xB3, 0xFF,
    0x3C, 0xE2, 0x0A, 0xDA, 0x10, 0xEE, 0x56, 0x5B, 0x70, 0x2F, 0x9E, 0x70, 0x7F, 0x00, 0x00, 0x20,
    0x5F, 0x7F, 0x90, 0x5F, 0x00, 0x00, 0x10, 0x7F, 0x8E, 0x70, 0x7F, 0x00, 0x00, 0x20, 0x6F, 0xCB,
    0x30, 0xDF, 0x24, 0x48, 0x60, 0x3F, 0xF6, 0x05, 0xE5, 0xFF, 0x4E, 0xD1, 0x0C, 0xB0, 0x4E, 0x00,
    0x33, 0x11, 0xFB, 0x03, 0x10, 0xFC, 0x49, 0x32, 0xD7, 0x5E, 0x00, 0x00, 0x70, 0xFE, 0xFF, 0xBF,
    0x03, 0x00, 0x00, 0x00, 0x30, 0x44, 0x01, 0x00, 0x00,
    // Unicode: [0x00AA]
    0xC2, 0xFE, 0x9D, 0x02, 0xE3, 0x9A, 0xFD, 0x0B, 0x00, 0x10, 0xF6, 0x0F, 0x91, 0xFE, 0xFF, 0x0F,
    0xF9, 0x8E, 0xF8, 0x0F, 0xFC, 0x06, 0xF3, 0x0F, 0xF9, 0x6B, 0xFB, 0x0F, 0xB1, 0xDF, 0xF9, 0x0F,
    // Unicode: [0x00AB]
    0x00, 0x00, 0x10, 0x00, 0x00, 0x01, 0x00, 0x00, 0x68, 0x00, 0x91, 0x04, 0x00, 0xB2, 0x6F, 0x20,
    0xFC, 0x04, 0x40, 0xFE, 0x2C, 0xE5, 0xBF, 0x01, 0xF3, 0x9F, 0x50, 0xFF, 0x07, 0x00, 0xE2, 0xBF,
    0x32, 0xFE, 0x1A, 0x00, 0x20, 0xFB, 0x3E, 0xC2, 0xDF, 0x02, 0x00, 0x80, 0x6F, 0x10, 0xF9, 0x04,
    0x00, 0x00, 0x55, 0x00, 0x60, 0x04,
    // Unicode: [0x00AC]
    0x10, 0x11, 0x11, 0x11, 0x11, 0x01, 0xF5, 0xFF, 0xFF, 0xFF, 0xFF, 0x1F, 0xF5, 0xFF, 0xFF, 0xFF,
    0xFF, 0x1F, 0x00, 0x00, 0x00, 0x00, 0xF2, 0x1F, 0x00, 0x00, 0x00, 0x00, 0xF2, 0x1F, 0x00, 0x00,
    0x00, 0x00, 0xF2, 0x1F, 0x00, 0x00, 0x00, 0x00, 0xF2, 0x1F,
    // Unicode: [0x00AD]
    0x40, 0x44, 0x44, 0x03, 0xF2, 0xFF, 0xFF, 0x0C, 0xF2, 0xFF, 0xFF, 0x0C,
    // Unicode: [0x00AE]
    0x00, 0x00, 0x00, 0x11, 0x00, 0x00, 0x00, 0x00, 0x40, 0xFB, 0xFF, 0x8D, 0x01, 0x00, 0x00, 0xF9,
    0x7C, 0x65, 0xFA, 0x3D, 0x00, 0x90, 0x7F, 0x00, 0x00, 0x20, 0xED, 0x02, 0xF4, 0x07, 0xFE, 0xEF,
    0x19, 0xE2, 0x0A, 0xDA, 0x00, 0xBF, 0xA3, 0x6F, 0x70, 0x2F, 0x9E, 0x00, 0xAF, 0x91, 0x5F, 0x20,
    0x5F, 0x7F, 0x00, 0xFF, 0xFF, 0x07, 0x10, 0x7F, 0x8E, 0x00, 0xBF, 0xF7, 0x09, 0x20, 0x6F, 0xCB,
    0x00, 0xAF, 0x90, 0x7F, 0x60, 0x3F, 0xF6, 0x05, 0x7A, 0x00, 0xB9, 0xD3, 0x0C, 0xB0, 0x4E, 0x00,
    0x00, 0x10, 0xFB, 0x03, 0x10, 0xFC, 0x49, 0x32, 0xD7, 0x5E, 0x00, 0x00, 0x70, 0xFE, 0xFF, 0xBF,
    0x03, 0x00, 0x00, 0x00, 0x30, 0x44, 0x01, 0x00, 0x00,
    // Unicode: [0x00AF]
    0xA1, 0xAA, 0xAA, 0xAA, 0xAA, 0xAA, 0x05, 0xF2, 0xFF, 0xFF, 0xFF, 0xFF, 0xFF, 0x08,
    // Unicode: [0x00B0]
    0x00, 0xA6, 0x28, 0x00, 0xB0, 0xFF, 0xEF, 0x03, 0xF5, 0x1A, 0xF5, 0x0B, 0xF8, 0x04, 0xC0, 0x0E,
    0xF7, 0x07, 0xE2, 0x0D, 0xE1, 0xCF, 0xFE, 0x06, 0x20, 0xEB, 0x6D, 0x00,
    // Unicode: [0x00B1]
    0x00, 0x00, 0xF2, 0x0F, 0x00, 0x00, 0x00, 0x00, 0xF2, 0x0F, 0x00, 0x00, 0x00, 0x00, 0xF2, 0x0F,
    0x00, 0x00, 0x00, 0x00, 0xF2, 0x0F, 0x00, 0x00, 0x10, 0x11, 0xF3, 0x2F, 0x11, 0x01, 0xF4, 0xFF,
    0xFF, 0xFF, 0xFF, 0x3F, 0xF4, 0xFF, 0xFF, 0xFF, 0xFF, 0x3F, 0x00, 0x00, 0xF2, 0x0F, 0x00, 0x00,
    0x00, 0x00, 0xF2, 0x0F, 0x00, 0x00, 0x10, 0x11, 0xF3, 0x1F, 0x11, 0x01, 0xF4, 0xFF, 0xFF, 0xFF,
    0xFF, 0x3F, 0xF4, 0xFF, 0xFF, 0xFF, 0xFF, 0x3F,
    // Unicode: [0x00B2]
    0xB1, 0xFD, 0x8D, 0x00, 0xF2, 0xCC, 0xFF, 0x06, 0x31, 0x00, 0xFD, 0x09, 0x00, 0x00, 0xFE, 0x06,
    0x00, 0x90, 0xCF, 0x00, 0x10, 0xFB, 0x1C, 0x00, 0xE2, 0xFF, 0x9A, 0x19, 0xF3, 0xFF, 0xFF, 0x2F,
    // Unicode: [0x00B3]
    0xA1, 0xFD, 0x9E, 0x01, 0xF2, 0xAB, 0xFE, 0x09, 0x21, 0x00, 0xF9, 0x0A, 0x00, 0x96, 0xEE, 0x03,
    0x00, 0xFC, 0xDF, 0x04, 0x00, 0x00, 0xF7, 0x0D, 0xD4, 0x9A, 0xFD, 0x0B, 0xB2, 0xFE, 0xAE, 0x02,
    // Unicode: [0x00B4]
    0x90, 0xEF, 0x03, 0xF4, 0x3E, 0x00, 0xED, 0x04, 0x00,
    // Unicode: [0x00B5]
    0xFA, 0x2F, 0x00, 0xF9, 0x3F, 0xFA, 0x2F, 0x00, 0xF9, 0x3F, 0xFA, 0x2F, 0x00, 0xF9, 0x3F, 0xFA,
    0x2F, 0x00, 0xF9, 0x3F, 0xFA, 0x2F, 0x00, 0xF9, 0x3F, 0xFA, 0x2F, 0x00, 0xF9, 0x3F, 0xFA, 0x6F,
    0x21, 0xFC, 0x3F, 0xFA, 0xFF, 0xFF, 0xFF, 0x3F, 0xFA, 0xBF, 0xDE, 0xFA, 0x3F, 0xFA, 0x2F, 0x00,
    0x00, 0x00, 0xFA, 0x2F, 0x00, 0x00, 0x00, 0xFA, 0x2F, 0x00, 0x00, 0x00,
    // Unicode: [0x00B6]
    0x30, 0xDA, 0xFF, 0xFF, 0x0C, 0xF4, 0xFF, 0xFF, 0xD6, 0x0C, 0xFC, 0xFF, 0xFF, 0xC0, 0x0C, 0xFE,
    0xFF, 0xFF, 0xC0, 0x0C, 0xFC, 0xFF, 0xFF, 0xC0, 0x0C, 0xF6, 0xFF, 0xFF, 0xC0, 0x0C, 0x70, 0xFE,
    0xFF, 0xC0, 0x0C, 0x00, 0x20, 0xFA, 0xC0, 0x0C, 0x00, 0x00, 0xF9, 0xC0, 0x0C, 0x00, 0x00, 0xF9,
    0xC0, 0x0C, 0x00, 0x00, 0xF9, 0xC0, 0x0C, 0x00, 0x00, 0xF9, 0xC0, 0x0C, 0x00, 0x00, 0xF9, 0xC0,
    0x0C, 0x00, 0x00, 0xF9, 0xC0, 0x0C, 0x00, 0x00, 0xF9, 0xC0, 0x0C,
    // Unicode: [0x00B7]
    0x10, 0x01, 0xF8, 0x5F, 0xF8, 0x5F, 0xF8, 0x5F,
    // Unicode: [0x00B8]
    0x00, 0x20, 0x02, 0x00, 0xE0, 0x0D, 0x21, 0xF6, 0x0B, 0xF9, 0xEF, 0x03, 0x52, 0x14, 0x00,
    // Unicode: [0x00B9]
    0x00, 0xFD, 0x01, 0x82, 0xFF, 0x01, 0xFC, 0xFF, 0x01, 0x53, 0xFF, 0x01, 0x10, 0xFF, 0x01, 0x10,
    0xFF, 0x01, 0x75, 0xFF, 0x58, 0xFB, 0xFF, 0xBF,
    // Unicode: [0x00BA]
    0x50, 0xFC, 0xAE, 0x01, 0xF4, 0xAF, 0xFC, 0x0C, 0xFB, 0x08, 0xE1, 0x5F, 0xFE, 0x05, 0xC0, 0x8F,
    0xFE, 0x05, 0xB0, 0x8F, 0xFB, 0x08, 0xE1, 0x5F, 0xF4, 0xAF, 0xFC, 0x0C, 0x50, 0xFC, 0xAE, 0x02,
    // Unicode: [0x00BB]
    0x01, 0x00, 0x10, 0x00, 0x00, 0x5A, 0x00, 0xB0, 0x04, 0x00, 0xFB, 0x08, 0xC0, 0x7F, 0x00, 0xE4,
    0xCF, 0x52, 0xFE, 0x1B, 0x20, 0xFC, 0x0E, 0xC2, 0xCF, 0x40, 0xFE, 0x0C, 0xE5, 0xAF, 0xF7, 0x8F,
    0x80, 0xFF, 0x07, 0xEB, 0x05, 0xC0, 0x4E, 0x00, 0x28, 0x00, 0x80, 0x01, 0x00,
    // Unicode: [0x00BC]
    0x31, 0xFB, 0x08, 0x00, 0x30, 0xEF, 0x01, 0x00, 0x00, 0xF7, 0xFF, 0x08, 0x00, 0xA0, 0x6F, 0x00,
    0x00, 0x00, 0x42, 0xFB, 0x08, 0x00, 0xF3, 0x0D, 0x00, 0x00, 0x00, 0x00, 0xF9, 0x08, 0x00, 0xFB,
    0x06, 0x00, 0x00, 0x00, 0x00, 0xF9, 0x08, 0x40, 0xDF, 0x00, 0xD3, 0x5D, 0x00, 0x00, 0xF9, 0x08,
    0xB0, 0x5F, 0x20, 0xFE, 0x6F, 0x00, 0x00, 0xF9, 0x08, 0xF4, 0x0C, 0xC1, 0xAC, 0x6F, 0x00, 0x00,
    0x42, 0x02, 0xFC, 0x05, 0xDB, 0xA2, 0x6F, 0x00, 0x00, 0x00, 0x50, 0xCF, 0x50, 0x5F, 0xA2, 0x7F,
    0x01, 0x00, 0x00, 0xC0, 0x4F, 0x60, 0xFF, 0xFF, 0xFF, 0x0A, 0x00, 0x00, 0xF5, 0x0B, 0x20, 0x55,
    0xC5, 0x9F, 0x03, 0x00, 0x00, 0xCA, 0x03, 0x00, 0x00, 0x80, 0x5C, 0x00,
    // Unicode: [0x00BD]
    0x00, 0x42, 0x02, 0x00, 0x10, 0x34, 0x00, 0x00, 0x00, 0x41, 0xFD, 0x06, 0x00, 0x90, 0x8F, 0x00,
    0x00, 0x00, 0xF9, 0xFF, 0x06, 0x00, 0xF2, 0x1E, 0x00, 0x00, 0x00, 0x43, 0xFD, 0x06, 0x00, 0xFA,
    0x06, 0x00, 0x00, 0x00, 0x00, 0xFC, 0x06, 0x30, 0xDF, 0x72, 0xA9, 0x28, 0x00, 0x00, 0xFC, 0x06,
    0xC0, 0x5F, 0xF6, 0xFF, 0xEF, 0x01, 0x00, 0xFC, 0x06, 0xF5, 0x0C, 0x96, 0x41, 0xFF, 0x04, 0x00,
    0xFC, 0x06, 0xFD, 0x04, 0x01, 0x30, 0xFF, 0x03, 0x00, 0x00, 0x60, 0xAF, 0x00, 0x00, 0xB0, 0xAF,
    0x00, 0x00, 0x00, 0xE1, 0x3F, 0x00, 0x20, 0xFC, 0x0A, 0x00, 0x00, 0x00, 0xF7, 0x09, 0x00, 0xE4,
    0xEF, 0x99, 0x08, 0x00, 0x10, 0xEE, 0x02, 0x00, 0xF7, 0xFF, 0xFF, 0x0D,
    // Unicode: [0x00BE]
    0xC4, 0xFE, 0x7D, 0x00, 0x00, 0xF6, 0x0A, 0x00, 0x00, 0xD8, 0xBA, 0xFF, 0x04, 0x10, 0xFE, 0x03,
    0x00, 0x00, 0x01, 0x20, 0xFF, 0x03, 0x70, 0xAF, 0x00, 0x00, 0x00, 0x30, 0xFF, 0x7F, 0x00, 0xE1,
    0x2F, 0x00, 0x00, 0x00, 0x10, 0x98, 0xFF, 0x04, 0xF7, 0x09, 0x50, 0x68, 0x00, 0x34, 0x11, 0xFD,
    0x17, 0xFE, 0x02, 0xF6, 0xBF, 0x00, 0xF9, 0xFF, 0xEF, 0x83, 0x8F, 0x50, 0xAF, 0xBF, 0x00, 0x62,
    0x88, 0x27, 0xE1, 0x1E, 0xF5, 0x47, 0xBF, 0x00, 0x00, 0x00, 0x00, 0xF9, 0x08, 0xAF, 0x62, 0xCF,
    0x02, 0x00, 0x00, 0x20, 0xEF, 0x01, 0xFF, 0xFF, 0xFF, 0x1F, 0x00, 0x00, 0x90, 0x7F, 0x00, 0x55,
    0x85, 0xCF, 0x05, 0x00, 0x00, 0xC1, 0x1C, 0x00, 0x00, 0x40, 0x9C, 0x00,
    // Unicode: [0x00BF]
    0x00, 0x20, 0xFF, 0x1F, 0x00, 0x00, 0x20, 0xFF, 0x1F, 0x00, 0x00, 0x00, 0x11, 0x01, 0x00, 0x00,
    0x00, 0xFD, 0x0D, 0x00, 0x00, 0x00, 0xFE, 0x0D, 0x00, 0x00, 0xD4, 0xFF, 0x0B, 0x00, 0x50, 0xFF,
    0x4D, 0x00, 0x00, 0xD0, 0xFF, 0x02, 0x00, 0x00, 0xF1, 0xEF, 0x00, 0x00, 0x01, 0xF1, 0xFF, 0x38,
    0x94, 0x0B, 0x80, 0xFF, 0xFF, 0xFF, 0x0B, 0x00, 0xC6, 0xEE, 0xAD, 0x05,
    // Unicode: [0x00C0]
    0x00, 0x40, 0xFF, 0x07, 0x00, 0x00, 0x00, 0x00, 0x00, 0xF5, 0x2E, 0x00, 0x00, 0x00, 0x00, 0x00,
    0x50, 0xBF, 0x00, 0x00, 0x00, 0x00, 0x00, 0x00, 0x00, 0x00, 0x00, 0x00, 0x00, 0x00, 0xFA, 0xFF,
    0x02, 0x00, 0x00, 0x00, 0x10, 0xFF, 0xFF, 0x07, 0x00, 0x00, 0x00, 0x60, 0xFF, 0xFF, 0x0C, 0x00,
    0x00, 0x00, 0xC0, 0xFF, 0xFD, 0x3F, 0x00, 0x00, 0x00, 0xF2, 0xCF, 0xF7, 0x8F, 0x00, 0x00, 0x00,
    0xF7, 0x7F, 0xF2, 0xDF, 0x00, 0x00, 0x00, 0xFD, 0x3F, 0xC0, 0xFF, 0x04, 0x00, 0x30, 0xFF, 0x2E,
    0x92, 0xFF, 0x09, 0x00, 0x80, 0xFF, 0xFF, 0xFF, 0xFF, 0x0E, 0x00, 0xE0, 0xFF, 0xFF, 0xFF, 0xFF,
    0x5F, 0x00, 0xF4, 0xCF, 0x00, 0x00, 0xF7, 0xAF, 0x00, 0xFA, 0x6F, 0x00, 0x00, 0xF1, 0xFF, 0x01,
    // Unicode: [0x00C1]
    0x00, 0x00, 0x30, 0xFF, 0x08, 0x00, 0x00, 0x00, 0x00, 0xC0, 0x8F, 0x00, 0x00, 0x00, 0x00, 0x00,
    0xF7, 0x09, 0x00, 0x00, 0x00, 0x00, 0x00, 0x00, 0x00, 0x00, 0x00, 0x00, 0x00, 0x00, 0xFA, 0xFF,
    0x02, 0x00, 0x00, 0x00, 0x10, 0xFF, 0xFF, 0x07, 0x00, 0x00, 0x00, 0x60, 0xFF, 0xFF, 0x0C, 0x00,
    0x00, 0x00, 0xC0, 0xFF, 0xFD, 0x3F, 0x00, 0x00, 0x00, 0xF2, 0xCF, 0xF7, 0x8F, 0x00, 0x00, 0x00,
    0xF7, 0x7F, 0xF2, 0xDF, 0x00, 0x00, 0x00, 0xFD, 0x3F, 0xC0, 0xFF, 0x04, 0x00, 0x30, 0xFF, 0x2E,
    0x92, 0xFF, 0x09, 0x00, 0x80, 0xFF, 0xFF, 0xFF, 0xFF, 0x0E, 0x00, 0xE0, 0xFF, 0xFF, 0xFF, 0xFF,
    0x5F, 0x00, 0xF4, 0xCF, 0x00, 0x00, 0xF7, 0xAF, 0x00, 0xFA, 0x6F, 0x00, 0x00, 0xF1, 0xFF, 0x01,
    // Unicode: [0x00C2]
    0x00, 0x00, 0xF3, 0x9F, 0x00, 0x00, 0x00, 0x00, 0x20, 0xEE, 0xFA, 0x07, 0x00, 0x00, 0x00, 0xC1,
    0x3F, 0xB0, 0x4F, 0x00, 0x00, 0x00, 0x00, 0x00, 0x00, 0x00, 0x00, 0x00, 0x00, 0x00, 0xFA, 0xFF,
    0x02, 0x00, 0x00, 0x00, 0x10, 0xFF, 0xFF, 0x07, 0x00, 0x00, 0x00, 0x60, 0xFF, 0xFF, 0x0C, 0x00,
    0x00, 0x00, 0xC0, 0xFF, 0xFD, 0x3F, 0x00, 0x00, 0x00, 0xF2, 0xCF, 0xF7, 0x8F, 0x00, 0x00, 0x00,
    0xF7, 0x7F, 0xF2, 0xDF, 0x00, 0x00, 0x00, 0xFD, 0x3F, 0xC0, 0xFF, 0x04, 0x00, 0x30, 0xFF, 0x2E,
    0x92, 0xFF, 0x09, 0x00, 0x80, 0xFF, 0xFF, 0xFF, 0xFF, 0x0E, 0x00, 0xE0, 0xFF, 0xFF, 0xFF, 0xFF,
    0x5F, 0x00, 0xF4, 0xCF, 0x00, 0x00, 0xF7, 0xAF, 0x00, 0xFA, 0x6F, 0x00, 0x00, 0xF1, 0xFF, 0x01,
    // Unicode: [0x00C3]
    0x00, 0x30, 0x69, 0x40, 0x39, 0x00, 0x00, 0x00, 0xF2, 0xFF, 0xED, 0x2F, 0x00, 0x00, 0x00, 0xF7,
    0x54, 0xEC, 0x07, 0x00, 0x00, 0x00, 0x00, 0x00, 0x00, 0x00, 0x00, 0x00, 0x00, 0x00, 0xFA, 0xFF,
    0x02, 0x00, 0x00, 0x00, 0x10, 0xFF, 0xFF, 0x07, 0x00, 0x00, 0x00, 0x60, 0xFF, 0xFF, 0x0C, 0x00,
    0x00, 0x00, 0xC0, 0xFF, 0xFD, 0x3F, 0x00, 0x00, 0x00, 0xF2, 0xCF, 0xF7, 0x8F, 0x00, 0x00, 0x00,
    0xF7, 0x7F, 0xF2, 0xDF, 0x00, 0x00, 0x00, 0xFD, 0x3F, 0xC0, 0xFF, 0x04, 0x00, 0x30, 0xFF, 0x2E,
    0x92, 0xFF, 0x09, 0x00, 0x80, 0xFF, 0xFF, 0xFF, 0xFF, 0x0E, 0x00, 0xE0, 0xFF, 0xFF, 0xFF, 0xFF,
    0x5F, 0x00, 0xF4, 0xCF, 0x00, 0x00, 0xF7, 0xAF, 0x00, 0xFA, 0x6F, 0x00, 0x00, 0xF1, 0xFF, 0x01,
    // Unicode: [0x00C4]
    0x00, 0xF0, 0x4F, 0xC0, 0x7F, 0x00, 0x00, 0x00, 0xF0, 0x4F, 0xC0, 0x7F, 0x00, 0x00, 0x00, 0x20,
    0x02, 0x10, 0x12, 0x00, 0x00, 0x00, 0x00, 0xFA, 0xFF, 0x02, 0x00, 0x00, 0x00, 0x10, 0xFF, 0xFF,
    0x07, 0x00, 0x00, 0x00, 0x60, 0xFF, 0xFF, 0x0C, 0x00, 0x00, 0x00, 0xC0, 0xFF, 0xFD, 0x3F, 0x00,
    0x00, 0x00, 0xF2, 0xCF, 0xF7, 0x8F, 0x00, 0x00, 0x00, 0xF7, 0x7F, 0xF2, 0xDF, 0x00, 0x00, 0x00,
    0xFD, 0x3F, 0xC0, 0xFF, 0x04, 0x00, 0x30, 0xFF, 0x2E, 0x92, 0xFF, 0x09, 0x00, 0x80, 0xFF, 0xFF,
    0xFF, 0xFF, 0x0E, 0x00, 0xE0, 0xFF, 0xFF, 0xFF, 0xFF, 0x5F, 0x00, 0xF4, 0xCF, 0x00, 0x00, 0xF7,
    0xAF, 0x00, 0xFA, 0x6F, 0x00, 0x00, 0xF1, 0xFF, 0x01,
    // Unicode: [0x00C5]
    0x00, 0x00, 0xD5, 0xAE, 0x01, 0x00, 0x00, 0x00, 0x30, 0x8F, 0xE4, 0x09, 0x00, 0x00, 0x00, 0x60,
    0x6F, 0xD2, 0x0C, 0x00, 0x00, 0x00, 0x20, 0xFE, 0xFF, 0x07, 0x00, 0x00, 0x00, 0x00, 0xFE, 0xFF,
    0x05, 0x00, 0x00, 0x00, 0x40, 0xFF, 0xFF, 0x0B, 0x00, 0x00, 0x00, 0xA0, 0xFF, 0xFD, 0x1F, 0x00,
    0x00, 0x00, 0xF1, 0xCF, 0xF7, 0x7F, 0x00, 0x00, 0x00, 0xF6, 0x7F, 0xF2, 0xCF, 0x00, 0x00, 0x00,
    0xFC, 0x3F, 0xC0, 0xFF, 0x03, 0x00, 0x20, 0xFF, 0x2E, 0x92, 0xFF, 0x08, 0x00, 0x80, 0xFF, 0xFF,
    0xFF, 0xFF, 0x0E, 0x00, 0xD0, 0xFF, 0xFF, 0xFF, 0xFF, 0x5F, 0x00, 0xF4, 0xCF, 0x00, 0x00, 0xF7,
    0xAF, 0x00, 0xF9, 0x6F, 0x00, 0x00, 0xF1, 0xFF, 0x01,
    // Unicode: [0x00C6]
    0x00, 0x00, 0xF6, 0xFF, 0xFF, 0xFF, 0xFF, 0xFF, 0x07, 0x00, 0x00, 0xFC, 0xFF, 0xFF, 0xFF, 0xFF,
    0xFF, 0x07, 0x00, 0x30, 0xFF, 0x2C, 0xFE, 0x3F, 0x22, 0x22, 0x01, 0x00, 0x90, 0xFF, 0x07, 0xFE,
    0x1F, 0x00, 0x00, 0x00, 0x00, 0xE1, 0xFF, 0x02, 0xFE, 0x4F, 0x44, 0x44, 0x00, 0x00, 0xF6, 0xCF,
    0x00, 0xFE, 0xFF, 0xFF, 0xFF, 0x01, 0x00, 0xFC, 0x8F, 0x33, 0xFE, 0xFF, 0xFF, 0xFF, 0x01, 0x30,
    0xFF, 0xFF, 0xFF, 0xFF, 0x1F, 0x00, 0x00, 0x00, 0x90, 0xFF, 0xFF, 0xFF, 0xFF, 0x1F, 0x00, 0x00,
    0x00, 0xE1, 0xFF, 0x03, 0x00, 0xFE, 0x4F, 0x44, 0x44, 0x02, 0xF6, 0xCF, 0x00, 0x00, 0xFE, 0xFF,
    0xFF, 0xFF, 0x07, 0xFC, 0x5F, 0x00, 0x00, 0xFE, 0xFF, 0xFF, 0xFF, 0x07,
    // Unicode: [0x00C7]
    0x00, 0x30, 0xD9, 0xEF, 0x9D, 0x03, 0x00, 0xF6, 0xFF, 0xFF, 0xFF, 0x0D, 0x40, 0xFF, 0xBF, 0x45,
    0xE8, 0x0D, 0xB0, 0xFF, 0x0A, 0x00, 0x10, 0x08, 0xF1, 0xFF, 0x02, 0x00, 0x00, 0x00, 0xF2, 0xEF,
    0x00, 0x00, 0x00, 0x00, 0xF2, 0xEF, 0x00, 0x00, 0x00, 0x00, 0xF1, 0xFF, 0x02, 0x00, 0x00, 0x00,
    0xC0, 0xFF, 0x09, 0x00, 0x10, 0x08, 0x50, 0xFF, 0xBF, 0x45, 0xD7, 0x0D, 0x00, 0xF7, 0xFF, 0xFF,
    0xFF, 0x0D, 0x00, 0x40, 0xDA, 0xFF, 0x8D, 0x03, 0x00, 0x00, 0x00, 0xF5, 0x07, 0x00, 0x00, 0x00,
    0x79, 0xFD, 0x04, 0x00, 0x00, 0x00, 0xFD, 0x6D, 0x00, 0x00,
    // Unicode: [0x00C8]
    0x00, 0xFA, 0x2E, 0x00, 0x00, 0x00, 0xA0, 0xAF, 0x00, 0x00, 0x00, 0x00, 0xFB, 0x05, 0x00, 0x00,
    0x00, 0x00, 0x00, 0x00, 0xF8, 0xFF, 0xFF, 0xFF, 0x0E, 0xF8, 0xFF, 0xFF, 0xFF, 0x0E, 0xF8, 0x9F,
    0x44, 0x44, 0x03, 0xF8, 0x7F, 0x00, 0x00, 0x00, 0xF8, 0x9F, 0x44, 0x44, 0x02, 0xF8, 0xFF, 0xFF,
    0xFF, 0x08, 0xF8, 0xFF, 0xFF, 0xFF, 0x08, 0xF8, 0x7F, 0x00, 0x00, 0x00, 0xF8, 0x7F, 0x00, 0x00,
    0x00, 0xF8, 0x9F, 0x44, 0x44, 0x03, 0xF8, 0xFF, 0xFF, 0xFF, 0x0E, 0xF8, 0xFF, 0xFF, 0xFF, 0x0E,
    // Unicode: [0x00C9]
    0x00, 0x00, 0xF7, 0x4F, 0x00, 0x00, 0x20, 0xFF, 0x05, 0x00, 0x00, 0xB0, 0x5F, 0x00, 0x00, 0x00,
    0x00, 0x00, 0x00, 0x00, 0xF8, 0xFF, 0xFF, 0xFF, 0x0E, 0xF8, 0xFF, 0xFF, 0xFF, 0x0E, 0xF8, 0x9F,
    0x44, 0x44, 0x03, 0xF8, 0x7F, 0x00, 0x00, 0x00, 0xF8, 0x9F, 0x44, 0x44, 0x02, 0xF8, 0xFF, 0xFF,
    0xFF, 0x08, 0xF8, 0xFF, 0xFF, 0xFF, 0x08, 0xF8, 0x7F, 0x00, 0x00, 0x00, 0xF8, 0x7F, 0x00, 0x00,
    0x00, 0xF8, 0x9F, 0x44, 0x44, 0x03, 0xF8, 0xFF, 0xFF, 0xFF, 0x0E, 0xF8, 0xFF, 0xFF, 0xFF, 0x0E,
    // Unicode: [0x00CA]
    0x00, 0xA0, 0xEF, 0x02, 0x00, 0x00, 0xF8, 0xEA, 0x1D, 0x00, 0x60, 0xAF, 0x50, 0xBF, 0x00, 0x00,
    0x00, 0x00, 0x00, 0x00, 0xF8, 0xFF, 0xFF, 0xFF, 0x0E, 0xF8, 0xFF, 0xFF, 0xFF, 0x0E, 0xF8, 0x9F,
    0x44, 0x44, 0x03, 0xF8, 0x7F, 0x00, 0x00, 0x00, 0xF8, 0x9F, 0x44, 0x44, 0x02, 0xF8, 0xFF, 0xFF,
    0xFF, 0x08, 0xF8, 0xFF, 0xFF, 0xFF, 0x08, 0xF8, 0x7F, 0x00, 0x00, 0x00, 0xF8, 0x7F, 0x00, 0x00,
    0x00, 0xF8, 0x9F, 0x44, 0x44, 0x03, 0xF8, 0xFF, 0xFF, 0xFF, 0x0E, 0xF8, 0xFF, 0xFF, 0xFF, 0x0E,
    // Unicode: [0x00CB]
    0x80, 0xBF, 0x60, 0xEF, 0x00, 0x80, 0xBF, 0x60, 0xEF, 0x00, 0x10, 0x12, 0x10, 0x22, 0x00, 0xF8,
    0xFF, 0xFF, 0xFF, 0x0E, 0xF8, 0xFF, 0xFF, 0xFF, 0x0E, 0xF8, 0x9F, 0x44, 0x44, 0x03, 0xF8, 0x7F,
    0x00, 0x00, 0x00, 0xF8, 0x9F, 0x44, 0x44, 0x02, 0xF8, 0xFF, 0xFF, 0xFF, 0x08, 0xF8, 0xFF, 0xFF,
    0xFF, 0x08, 0xF8, 0x7F, 0x00, 0x00, 0x00, 0xF8, 0x7F, 0x00, 0x00, 0x00, 0xF8, 0x9F, 0x44, 0x44,
    0x03, 0xF8, 0xFF, 0xFF, 0xFF, 0x0E, 0xF8, 0xFF, 0xFF, 0xFF, 0x0E,
    // Unicode: [0x00CC]
    0xE3, 0x9F, 0x00, 0x00, 0x30, 0xFE, 0x03, 0x00, 0x00, 0xE4, 0x0D, 0x00, 0x00, 0x00, 0x00, 0x00,
    0xFF, 0xFF, 0xFF, 0x0C, 0xFF, 0xFF, 0xFF, 0x0C, 0x31, 0xFF, 0x1D, 0x01, 0x20, 0xFF, 0x0D, 0x00,
    0x20, 0xFF, 0x0D, 0x00, 0x20, 0xFF, 0x0D, 0x00, 0x20, 0xFF, 0x0D, 0x00, 0x20, 0xFF, 0x0D, 0x00,
    0x20, 0xFF, 0x0D, 0x00, 0x21, 0xFF, 0x1D, 0x01, 0xFF, 0xFF, 0xFF, 0x0C, 0xFF, 0xFF, 0xFF, 0x0C,
    // Unicode: [0x00CD]
    0x00, 0xD1, 0xBF, 0x00, 0x00, 0xF9, 0x1C, 0x00, 0x30, 0xCF, 0x01, 0x00, 0x00, 0x00, 0x00, 0x00,
    0xFF, 0xFF, 0xFF, 0x0C, 0xFF, 0xFF, 0xFF, 0x0C, 0x31, 0xFF, 0x1D, 0x01, 0x20, 0xFF, 0x0D, 0x00,
    0x20, 0xFF, 0x0D, 0x00, 0x20, 0xFF, 0x0D, 0x00, 0x20, 0xFF, 0x0D, 0x00, 0x20, 0xFF, 0x0D, 0x00,
    0x20, 0xFF, 0x0D, 0x00, 0x21, 0xFF, 0x1D, 0x01, 0xFF, 0xFF, 0xFF, 0x0C, 0xFF, 0xFF, 0xFF, 0x0C,
    // Unicode: [0x00CE]
    0x20, 0xFE, 0x0B, 0x00, 0xC1, 0xAF, 0x9F, 0x00, 0xFA, 0x05, 0xF9, 0x07, 0x00, 0x00, 0x00, 0x00,
    0xFF, 0xFF, 0xFF, 0x0C, 0xFF, 0xFF, 0xFF, 0x0C, 0x31, 0xFF, 0x1D, 0x01, 0x20, 0xFF, 0x0D, 0x00,
    0x20, 0xFF, 0x0D, 0x00, 0x20, 0xFF, 0x0D, 0x00, 0x20, 0xFF, 0x0D, 0x00, 0x20, 0xFF, 0x0D, 0x00,
    0x20, 0xFF, 0x0D, 0x00, 0x21, 0xFF, 0x1D, 0x01, 0xFF, 0xFF, 0xFF, 0x0C, 0xFF, 0xFF, 0xFF, 0x0C,
    // Unicode: [0x00CF]
    0xFD, 0x07, 0xFA, 0x09, 0xFD, 0x07, 0xFA, 0x09, 0x21, 0x01, 0x21, 0x01, 0xFF, 0xFF, 0xFF, 0x0C,
    0xFF, 0xFF, 0xFF, 0x0C, 0x31, 0xFF, 0x1D, 0x01, 0x20, 0xFF, 0x0D, 0x00, 0x20, 0xFF, 0x0D, 0x00,
    0x20, 0xFF, 0x0D, 0x00, 0x20, 0xFF, 0x0D, 0x00, 0x20, 0xFF, 0x0D, 0x00, 0x20, 0xFF, 0x0D, 0x00,
    0x21, 0xFF, 0x1D, 0x01, 0xFF, 0xFF, 0xFF, 0x0C, 0xFF, 0xFF, 0xFF, 0x0C,
    // Unicode: [0x00D0]
    0x80, 0xFF, 0xFF, 0xDE, 0x4A, 0x00, 0x00, 0x80, 0xFF, 0xFF, 0xFF, 0xFF, 0x08, 0x00, 0x80, 0xFF,
    0x39, 0x84, 0xFF, 0x6F, 0x00, 0x80, 0xFF, 0x07, 0x00, 0xF5, 0xEF, 0x00, 0x80, 0xFF, 0x07, 0x00,
    0xD0, 0xFF, 0x04, 0xFC, 0xFF, 0xFF, 0x0F, 0xA0, 0xFF, 0x06, 0xEA, 0xFF, 0xCE, 0x0C, 0xA0, 0xFF,
    0x06, 0x80, 0xFF, 0x07, 0x00, 0xD0, 0xFF, 0x04, 0x80, 0xFF, 0x07, 0x00, 0xF5, 0xEF, 0x00, 0x80,
    0xFF, 0x39, 0x84, 0xFF, 0x6F, 0x00, 0x80, 0xFF, 0xFF, 0xFF, 0xFF, 0x08, 0x00, 0x80, 0xFF, 0xFF,
    0xDE, 0x3A, 0x00, 0x00,
    // Unicode: [0x00D1]
    0x00, 0x40, 0x59, 0x50, 0x29, 0x00, 0x00, 0xF4, 0xFF, 0xEC, 0x1E, 0x00, 0x00, 0xF9, 0x63, 0xED,
    0x06, 0x00, 0x00, 0x00, 0x00, 0x00, 0x00, 0x00, 0xF8, 0xFF, 0x06, 0x00, 0xFA, 0x1F, 0xF8, 0xFF,
    0x1E, 0x00, 0xFA, 0x1F, 0xF8, 0xFF, 0x9F, 0x00, 0xFA, 0x1F, 0xF8, 0xFF, 0xFF, 0x04, 0xFA, 0x1F,
    0xF8, 0x8F, 0xFF, 0x0C, 0xFA, 0x1F, 0xF8, 0x4F, 0xFB, 0x7F, 0xFA, 0x1F, 0xF8, 0x4F, 0xF2, 0xEF,
    0xFC, 0x1F, 0xF8, 0x4F, 0x80, 0xFF, 0xFF, 0x1F, 0xF8, 0x4F, 0x10, 0xFD, 0xFF, 0x1F, 0xF8, 0x4F,
    0x00, 0xF5, 0xFF, 0x1F, 0xF8, 0x4F, 0x00, 0xB0, 0xFF, 0x1F, 0xF8, 0x4F, 0x00, 0x20, 0xFF, 0x1F,
    // Unicode: [0x00D2]
    0x00, 0x00, 0xF9, 0x2E, 0x00, 0x00, 0x00, 0x00, 0x00, 0xA0, 0xBF, 0x00, 0x00, 0x00, 0x00, 0x00,
    0x00, 0xFA, 0x06, 0x00, 0x00, 0x00, 0x00, 0x00, 0x00, 0x00, 0x00, 0x00, 0x00, 0x30, 0xDA, 0xEF,
    0x7C, 0x01, 0x00, 0x00, 0xF7, 0xFF, 0xFF, 0xFF, 0x2D, 0x00, 0x40, 0xFF, 0x9F, 0x54, 0xFC, 0xDF,
    0x00, 0xB0, 0xFF, 0x08, 0x00, 0xD1, 0xFF, 0x05, 0xF1, 0xFF, 0x02, 0x00, 0x80, 0xFF, 0x0A, 0xF2,
    0xFF, 0x00, 0x00, 0x50, 0xFF, 0x0B, 0xF2, 0xEF, 0x00, 0x00, 0x60, 0xFF, 0x0B, 0xF1, 0xFF, 0x02,
    0x00, 0x80, 0xFF, 0x0A, 0xB0, 0xFF, 0x08, 0x00, 0xE1, 0xFF, 0x05, 0x40, 0xFF, 0x9F, 0x54, 0xFC,
    0xDF, 0x00, 0x00, 0xF7, 0xFF, 0xFF, 0xFF, 0x2D, 0x00, 0x00, 0x30, 0xDA, 0xEF, 0x7C, 0x01, 0x00,
    // Unicode: [0x00D3]
    0x00, 0x00, 0x00, 0xF7, 0x4F, 0x00, 0x00, 0x00, 0x00, 0x20, 0xFF, 0x04, 0x00, 0x00, 0x00, 0x00,
    0xC0, 0x5F, 0x00, 0x00, 0x00, 0x00, 0x00, 0x00, 0x00, 0x00, 0x00, 0x00, 0x00, 0x30, 0xDA, 0xEF,
    0x7C, 0x01, 0x00, 0x00, 0xF7, 0xFF, 0xFF, 0xFF, 0x2D, 0x00, 0x40, 0xFF, 0x9F, 0x54, 0xFC, 0xDF,
    0x00, 0xB0, 0xFF, 0x08, 0x00, 0xD1, 0xFF, 0x05, 0xF1, 0xFF, 0x02, 0x00, 0x80, 0xFF, 0x0A, 0xF2,
    0xFF, 0x00, 0x00, 0x50, 0xFF, 0x0B, 0xF2, 0xEF, 0x00, 0x00, 0x60, 0xFF, 0x0B, 0xF1, 0xFF, 0x02,
    0x00, 0x80, 0xFF, 0x0A, 0xB0, 0xFF, 0x08, 0x00, 0xE1, 0xFF, 0x05, 0x40, 0xFF, 0x9F, 0x54, 0xFC,
    0xDF, 0x00, 0x00, 0xF7, 0xFF, 0xFF, 0xFF, 0x2D, 0x00, 0x00, 0x30, 0xDA, 0xEF, 0x7C, 0x01, 0x00,
    // Unicode: [0x00D4]
    0x00, 0x00, 0x90, 0xFF, 0x04, 0x00, 0x00, 0x00, 0x00, 0xF6, 0xEA, 0x2E, 0x00, 0x00, 0x00, 0x40,
    0xBF, 0x30, 0xCF, 0x01, 0x00, 0x00, 0x00, 0x00, 0x00, 0x00, 0x00, 0x00, 0x00, 0x30, 0xDA, 0xEF,
    0x7C, 0x01, 0x00, 0x00, 0xF7, 0xFF, 0xFF, 0xFF, 0x2D, 0x00, 0x40, 0xFF, 0x9F, 0x54, 0xFC, 0xDF,
    0x00, 0xB0, 0xFF, 0x08, 0x00, 0xD1, 0xFF, 0x05, 0xF1, 0xFF, 0x02, 0x00, 0x80, 0xFF, 0x0A, 0xF2,
    0xFF, 0x00, 0x00, 0x50, 0xFF, 0x0B, 0xF2, 0xEF, 0x00, 0x00, 0x60, 0xFF, 0x0B, 0xF1, 0xFF, 0x02,
    0x00, 0x80, 0xFF, 0x0A, 0xB0, 0xFF, 0x08, 0x00, 0xE1, 0xFF, 0x05, 0x40, 0xFF, 0x9F, 0x54, 0xFC,
    0xDF, 0x00, 0x00, 0xF7, 0xFF, 0xFF, 0xFF, 0x2D, 0x00, 0x00, 0x30, 0xDA, 0xEF, 0x7C, 0x01, 0x00,
    // Unicode: [0x00D5]
    0x00, 0x00, 0x94, 0x05, 0x95, 0x02, 0x00, 0x00, 0x30, 0xFF, 0xCF, 0xFE, 0x01, 0x00, 0x00, 0x90,
    0x3F, 0xD5, 0x6E, 0x00, 0x00, 0x00, 0x00, 0x00, 0x00, 0x00, 0x00, 0x00, 0x00, 0x30, 0xDA, 0xEF,
    0x7C, 0x01, 0x00, 0x00, 0xF7, 0xFF, 0xFF, 0xFF, 0x2D, 0x00, 0x40, 0xFF, 0x9F, 0x54, 0xFC, 0xDF,
    0x00, 0xB0, 0xFF, 0x08, 0x00, 0xD1, 0xFF, 0x05, 0xF1, 0xFF, 0x02, 0x00, 0x80, 0xFF, 0x0A, 0xF2,
    0xFF, 0x00, 0x00, 0x50, 0xFF, 0x0B, 0xF2, 0xEF, 0x00, 0x00, 0x60, 0xFF, 0x0B, 0xF1, 0xFF, 0x02,
    0x00, 0x80, 0xFF, 0x0A, 0xB0, 0xFF, 0x08, 0x00, 0xE1, 0xFF, 0x05, 0x40, 0xFF, 0x9F, 0x54, 0xFC,
    0xDF, 0x00, 0x00, 0xF7, 0xFF, 0xFF, 0xFF, 0x2D, 0x00, 0x00, 0x30, 0xDA, 0xEF, 0x7C, 0x01, 0x00,
    // Unicode: [0x00D6]
    0x00, 0x10, 0x12, 0x00, 0x22, 0x00, 0x00, 0x00, 0x70, 0xDF, 0x40, 0xFF, 0x01, 0x00, 0x00, 0x70,
    0xDF, 0x40, 0xFF, 0x01, 0x00, 0x00, 0x00, 0x00, 0x00, 0x00, 0x00, 0x00, 0x00, 0x30, 0xDA, 0xEF,
    0x7C, 0x01, 0x00, 0x00, 0xF7, 0xFF, 0xFF, 0xFF, 0x2D, 0x00, 0x40, 0xFF, 0x9F, 0x54, 0xFC, 0xDF,
    0x00, 0xB0, 0xFF, 0x08, 0x00, 0xD1, 0xFF, 0x05, 0xF1, 0xFF, 0x02, 0x00, 0x80, 0xFF, 0x0A, 0xF2,
    0xFF, 0x00, 0x00, 0x50, 0xFF, 0x0B, 0xF2, 0xEF, 0x00, 0x00, 0x60, 0xFF, 0x0B, 0xF1, 0xFF, 0x02,
    0x00, 0x80, 0xFF, 0x0A, 0xB0, 0xFF, 0x08, 0x00, 0xE1, 0xFF, 0x05, 0x40, 0xFF, 0x9F, 0x54, 0xFC,
    0xDF, 0x00, 0x00, 0xF7, 0xFF, 0xFF, 0xFF, 0x2D, 0x00, 0x00, 0x30, 0xDA, 0xEF, 0x7C, 0x01, 0x00,
    // Unicode: [0x00D7]
    0xB2, 0x02, 0x00, 0x30, 0x1B, 0xFA, 0x2D, 0x00, 0xE3, 0x8F, 0xC1, 0xDF, 0x32, 0xFE, 0x1B, 0x10,
    0xFC, 0xED, 0xBF, 0x01, 0x00, 0xC1, 0xFF, 0x1B, 0x00, 0x00, 0xE3, 0xFF, 0x2D, 0x00, 0x30, 0xFE,
    0xCB, 0xEF, 0x02, 0xE3, 0xBF, 0x10, 0xFC, 0x2E, 0xF9, 0x0B, 0x00, 0xC1, 0x7F, 0x70, 0x00, 0x00,
    0x10, 0x07,
    // Unicode: [0x00D8]
    0x00, 0x30, 0xDA, 0xEF, 0x7C, 0xDA, 0x02, 0x00, 0xF6, 0xFF, 0xFF, 0xFF, 0x4F, 0x00, 0x40, 0xFF,
    0x7F, 0x43, 0xFC, 0xCF, 0x00, 0xB0, 0xFF, 0x07, 0x30, 0xEE, 0xFF, 0x05, 0xF1, 0xFF, 0x01, 0xC1,
    0x7A, 0xFF, 0x09, 0xF2, 0xDF, 0x00, 0xD9, 0x41, 0xFF, 0x0B, 0xF2, 0xDF, 0x50, 0x3F, 0x50, 0xFF,
    0x0B, 0xF1, 0xFF, 0xE3, 0x06, 0x70, 0xFF, 0x0A, 0xC0, 0xFF, 0xAE, 0x00, 0xD0, 0xFF, 0x05, 0x40,
    0xFF, 0x8F, 0x42, 0xFB, 0xDF, 0x00, 0x00, 0xFA, 0xFF, 0xFF, 0xFF, 0x2D, 0x00, 0x20, 0x8E, 0xD9,
    0xEE, 0x7C, 0x01, 0x00, 0xC0, 0x0B, 0x00, 0x00, 0x00, 0x00, 0x00,
    // Unicode: [0x00D9]
    0x00, 0xA0, 0xEF, 0x02, 0x00, 0x00, 0x00, 0x00, 0xFA, 0x0B, 0x00, 0x00, 0x00, 0x00, 0xA0, 0x5F,
    0x00, 0x00, 0x00, 0x00, 0x00, 0x00, 0x00, 0x00, 0xFA, 0x5F, 0x00, 0x50, 0xFF, 0x0A, 0xFA, 0x5F,
    0x00, 0x50, 0xFF, 0x0A, 0xFA, 0x5F, 0x00, 0x50, 0xFF, 0x0A, 0xFA, 0x5F, 0x00, 0x50, 0xFF, 0x0A,
    0xFA, 0x5F, 0x00, 0x50, 0xFF, 0x0A, 0xFA, 0x5F, 0x00, 0x50, 0xFF, 0x0A, 0xFA, 0x5F, 0x00, 0x50,
    0xFF, 0x0A, 0xFA, 0x5F, 0x00, 0x60, 0xFF, 0x0A, 0xF9, 0x8F, 0x00, 0x80, 0xFF, 0x09, 0xF4, 0xEF,
    0x46, 0xE6, 0xFF, 0x04, 0xA0, 0xFF, 0xFF, 0xFF, 0xAF, 0x00, 0x00, 0xB6, 0xFE, 0xBE, 0x06, 0x00,
    // Unicode: [0x00DA]
    0x00, 0x00, 0xF4, 0x7F, 0x00, 0x00, 0x00, 0x10, 0xFD, 0x07, 0x00, 0x00, 0x00, 0x90, 0x8F, 0x00,
    0x00, 0x00, 0x00, 0x00, 0x00, 0x00, 0x00, 0x00, 0xFA, 0x5F, 0x00, 0x50, 0xFF, 0x0A, 0xFA, 0x5F,
    0x00, 0x50, 0xFF, 0x0A, 0xFA, 0x5F, 0x00, 0x50, 0xFF, 0x0A, 0xFA, 0x5F, 0x00, 0x50, 0xFF, 0x0A,
    0xFA, 0x5F, 0x00, 0x50, 0xFF, 0x0A, 0xFA, 0x5F, 0x00, 0x50, 0xFF, 0x0A, 0xFA, 0x5F, 0x00, 0x50,
    0xFF, 0x0A, 0xFA, 0x5F, 0x00, 0x60, 0xFF, 0x0A, 0xF9, 0x8F, 0x00, 0x80, 0xFF, 0x09, 0xF4, 0xEF,
    0x46, 0xE6, 0xFF, 0x04, 0xA0, 0xFF, 0xFF, 0xFF, 0xAF, 0x00, 0x00, 0xB6, 0xFE, 0xBE, 0x06, 0x00,
    // Unicode: [0x00DB]
    0x00, 0x10, 0xFD, 0x1D, 0x00, 0x00, 0x00, 0xB0, 0x9F, 0xBF, 0x00, 0x00, 0x00, 0xF9, 0x07, 0xF7,
    0x09, 0x00, 0x00, 0x00, 0x00, 0x00, 0x00, 0x00, 0xFA, 0x5F, 0x00, 0x50, 0xFF, 0x0A, 0xFA, 0x5F,
    0x00, 0x50, 0xFF, 0x0A, 0xFA, 0x5F, 0x00, 0x50, 0xFF, 0x0A, 0xFA, 0x5F, 0x00, 0x50, 0xFF, 0x0A,
    0xFA, 0x5F, 0x00, 0x50, 0xFF, 0x0A, 0xFA, 0x5F, 0x00, 0x50, 0xFF, 0x0A, 0xFA, 0x5F, 0x00, 0x50,
    0xFF, 0x0A, 0xFA, 0x5F, 0x00, 0x60, 0xFF, 0x0A, 0xF9, 0x8F, 0x00, 0x80, 0xFF, 0x09, 0xF4, 0xEF,
    0x46, 0xE6, 0xFF, 0x04, 0xA0, 0xFF, 0xFF, 0xFF, 0xAF, 0x00, 0x00, 0xB6, 0xFE, 0xBE, 0x06, 0x00,
    // Unicode: [0x00DC]
    0x00, 0x21, 0x01, 0x21, 0x01, 0x00, 0x00, 0xFB, 0x08, 0xF8, 0x0C, 0x00, 0x00, 0xFB, 0x08, 0xF8,
    0x0C, 0x00, 0x00, 0x00, 0x00, 0x00, 0x00, 0x00, 0xFA, 0x5F, 0x00, 0x50, 0xFF, 0x0A, 0xFA, 0x5F,
    0x00, 0x50, 0xFF, 0x0A, 0xFA, 0x5F, 0x00, 0x50, 0xFF, 0x0A, 0xFA, 0x5F, 0x00, 0x50, 0xFF, 0x0A,
    0xFA, 0x5F, 0x00, 0x50, 0xFF, 0x0A, 0xFA, 0x5F, 0x00, 0x50, 0xFF, 0x0A, 0xFA, 0x5F, 0x00, 0x50,
    0xFF, 0x0A, 0xFA, 0x5F, 0x00, 0x60, 0xFF, 0x0A, 0xF9, 0x8F, 0x00, 0x80, 0xFF, 0x09, 0xF4, 0xEF,
    0x46, 0xE6, 0xFF, 0x04, 0xA0, 0xFF, 0xFF, 0xFF, 0xAF, 0x00, 0x00, 0xB6, 0xFE, 0xBE, 0x06, 0x00,
    // Unicode: [0x00DD]
    0x00, 0x00, 0x80, 0xDE, 0x03, 0x00, 0x00, 0x00, 0xF4, 0x3E, 0x00, 0x00, 0x00, 0x00, 0xCB, 0x02,
    0x00, 0x00, 0x00, 0x00, 0x00, 0x00, 0x00, 0x00, 0xFA, 0xBF, 0x00, 0x00, 0xFC, 0x6F, 0xE1, 0xFF,
    0x04, 0x50, 0xFF, 0x0C, 0x70, 0xFF, 0x0C, 0xD0, 0xFF, 0x04, 0x00, 0xFD, 0x6F, 0xF6, 0xAF, 0x00,
    0x00, 0xF5, 0xDF, 0xFD, 0x2F, 0x00, 0x00, 0xB0, 0xFF, 0xFF, 0x08, 0x00, 0x00, 0x20, 0xFF, 0xDF,
    0x01, 0x00, 0x00, 0x00, 0xFA, 0x7F, 0x00, 0x00, 0x00, 0x00, 0xF8, 0x7F, 0x00, 0x00, 0x00, 0x00,
    0xF8, 0x7F, 0x00, 0x00, 0x00, 0x00, 0xF8, 0x7F, 0x00, 0x00, 0x00, 0x00, 0xF8, 0x7F, 0x00, 0x00,
    // Unicode: [0x00DE]
    0xF8, 0x7F, 0x00, 0x00, 0x00, 0x00, 0xF8, 0x7F, 0x00, 0x00, 0x00, 0x00, 0xF8, 0xFF, 0xFF, 0xAE,
    0x04, 0x00, 0xF8, 0xFF, 0xFF, 0xFF, 0x5F, 0x00, 0xF8, 0x9F, 0x43, 0xFA, 0xDF, 0x00, 0xF8, 0x7F,
    0x00, 0xF2, 0xFF, 0x01, 0xF8, 0x7F, 0x00, 0xF2, 0xFF, 0x00, 0xF8, 0x9F, 0x43, 0xFB, 0xAF, 0x00,
    0xF8, 0xFF, 0xFF, 0xFF, 0x2E, 0x00, 0xF8, 0xFF, 0xFF, 0x9D, 0x01, 0x00, 0xF8, 0x7F, 0x00, 0x00,
    0x00, 0x00, 0xF8, 0x7F, 0x00, 0x00, 0x00, 0x00,
    // Unicode: [0x00DF]
    0x10, 0xD9, 0xEF, 0x6C, 0x00, 0xD1, 0xFF, 0xEE, 0xFF, 0x08, 0xF7, 0x7F, 0x10, 0xFF, 0x0C, 0xFA,
    0x3F, 0x40, 0xFF, 0x08, 0xFA, 0x2F, 0xF9, 0x7E, 0x00, 0xFA, 0x2F, 0xF9, 0xEF, 0x06, 0xFA, 0x2F,
    0x31, 0xFB, 0x5F, 0xFA, 0x2F, 0x00, 0xF2, 0xAF, 0xFA, 0x2F, 0x00, 0xF3, 0xBF, 0xFA, 0x2F, 0x43,
    0xFC, 0x8F, 0xFA, 0x2F, 0xFE, 0xFF, 0x2E, 0xFA, 0x2F, 0xFD, 0x9D, 0x01,
    // Unicode: [0x00E0]
    0x00, 0x82, 0x48, 0x00, 0x00, 0x00, 0xB0, 0xDF, 0x00, 0x00, 0x00, 0x10, 0xFC, 0x07, 0x00, 0x00,
    0x00, 0xE2, 0x1E, 0x00, 0x00, 0x00, 0x00, 0x00, 0x00, 0x50, 0xDB, 0xFE, 0xAD, 0x02, 0x80, 0xFF,
    0xFE, 0xFF, 0x1E, 0x40, 0x14, 0x10, 0xFA, 0x6F, 0x00, 0x73, 0xA9, 0xFD, 0x7F, 0x80, 0xFF, 0xEF,
    0xFD, 0x7F, 0xF3, 0xCF, 0x02, 0xF5, 0x7F, 0xF4, 0xAF, 0x00, 0xF8, 0x7F, 0xE1, 0xFF, 0xED, 0xFF,
    0x7F, 0x30, 0xEC, 0x9E, 0xF7, 0x7F,
    // Unicode: [0x00E1]
    0x00, 0x00, 0x50, 0x78, 0x01, 0x00, 0x00, 0xF2, 0x7F, 0x00, 0x00, 0x00, 0xFA, 0x0A, 0x00, 0x00,
    0x40, 0xCF, 0x00, 0x00, 0x00, 0x00, 0x00, 0x00, 0x00, 0x50, 0xDB, 0xFE, 0xAD, 0x02, 0x80, 0xFF,
    0xFE, 0xFF, 0x1E, 0x40, 0x14, 0x10, 0xFA, 0x6F, 0x00, 0x73, 0xA9, 0xFD, 0x7F, 0x80, 0xFF, 0xEF,
    0xFD, 0x7F, 0xF3, 0xCF, 0x02, 0xF5, 0x7F, 0xF4, 0xAF, 0x00, 0xF8, 0x7F, 0xE1, 0xFF, 0xED, 0xFF,
    0x7F, 0x30, 0xEC, 0x9E, 0xF7, 0x7F,
    // Unicode: [0x00E2]
    0x00, 0x00, 0x87, 0x02, 0x00, 0x00, 0x80, 0xFF, 0x0C, 0x00, 0x00, 0xF4, 0x8C, 0x8F, 0x00, 0x10,
    0xEE, 0x02, 0xFC, 0x04, 0x00, 0x00, 0x00, 0x00, 0x00, 0x50, 0xDB, 0xFE, 0xAD, 0x02, 0x80, 0xFF,
    0xFE, 0xFF, 0x1E, 0x40, 0x14, 0x10, 0xFA, 0x6F, 0x00, 0x73, 0xA9, 0xFD, 0x7F, 0x80, 0xFF, 0xEF,
    0xFD, 0x7F, 0xF3, 0xCF, 0x02, 0xF5, 0x7F, 0xF4, 0xAF, 0x00, 0xF8, 0x7F, 0xE1, 0xFF, 0xED, 0xFF,
    0x7F, 0x30, 0xEC, 0x9E, 0xF7, 0x7F,
    // Unicode: [0x00E3]
    0x00, 0x82, 0x48, 0x92, 0x06, 0x00, 0xFD, 0xFF, 0xFF, 0x06, 0x10, 0x6A, 0x71, 0x69, 0x00, 0x00,
    0x00, 0x00, 0x00, 0x00, 0x50, 0xDB, 0xFE, 0xAD, 0x02, 0x80, 0xFF, 0xFE, 0xFF, 0x1E, 0x40, 0x14,
    0x10, 0xFA, 0x6F, 0x00, 0x73, 0xA9, 0xFD, 0x7F, 0x80, 0xFF, 0xEF, 0xFD, 0x7F, 0xF3, 0xCF, 0x02,
    0xF5, 0x7F, 0xF4, 0xAF, 0x00, 0xF8, 0x7F, 0xE1, 0xFF, 0xED, 0xFF, 0x7F, 0x30, 0xEC, 0x9E, 0xF7,
    0x7F,
    // Unicode: [0x00E4]
    0x00, 0xFF, 0x05, 0xFC, 0x08, 0x00, 0xFF, 0x05, 0xFC, 0x08, 0x00, 0x22, 0x01, 0x21, 0x01, 0x50,
    0xDB, 0xFE, 0xAD, 0x02, 0x80, 0xFF, 0xFE, 0xFF, 0x1E, 0x40, 0x14, 0x10, 0xFA, 0x6F, 0x00, 0x73,
    0xA9, 0xFD, 0x7F, 0x80, 0xFF, 0xEF, 0xFD, 0x7F, 0xF3, 0xCF, 0x02, 0xF5, 0x7F, 0xF4, 0xAF, 0x00,
    0xF8, 0x7F, 0xE1, 0xFF, 0xED, 0xFF, 0x7F, 0x30, 0xEC, 0x9E, 0xF7, 0x7F,
    // Unicode: [0x00E5]
    0x00, 0x30, 0xEC, 0x09, 0x00, 0x00, 0xD0, 0x4A, 0x7E, 0x00, 0x00, 0xF2, 0x04, 0xBA, 0x00, 0x00,
    0xF1, 0x18, 0x9D, 0x00, 0x00, 0x60, 0xFF, 0x2D, 0x00, 0x60, 0xFD, 0xFF, 0xAE, 0x03, 0x80, 0xFF,
    0xED, 0xFF, 0x1E, 0x40, 0x03, 0x00, 0xF9, 0x5F, 0x00, 0x83, 0xBA, 0xFD, 0x7F, 0x90, 0xFF, 0xDF,
    0xFD, 0x7F, 0xF3, 0xCF, 0x01, 0xF5, 0x7F, 0xF4, 0xAF, 0x00, 0xF8, 0x7F, 0xE1, 0xFF, 0xEE, 0xFF,
    0x7F, 0x30, 0xEC, 0x9D, 0xF6, 0x7F,
    // Unicode: [0x00E6]
    0x50, 0xDB, 0xFE, 0x8D, 0xA4, 0xFD, 0x9D, 0x02, 0x80, 0xFF, 0xFE, 0xFF, 0xFF, 0xEF, 0xFF, 0x1D,
    0x30, 0x13, 0x10, 0xFA, 0x9F, 0x00, 0xF6, 0x6F, 0x00, 0xA6, 0xED, 0xFF, 0xFF, 0xFF, 0xFF, 0x9F,
    0xB0, 0xFF, 0xBE, 0xFC, 0xEF, 0xDD, 0xDD, 0x8D, 0xF3, 0xBF, 0x00, 0xF5, 0x7F, 0x00, 0x00, 0x00,
    0xF4, 0xBF, 0x10, 0xF8, 0xEF, 0x05, 0x30, 0x79, 0xE1, 0xFF, 0xFF, 0xBF, 0xFF, 0xFF, 0xFF, 0x7F,
    0x30, 0xEB, 0xBE, 0x05, 0x93, 0xFD, 0xDF, 0x29,
    // Unicode: [0x00E7]
    0x00, 0x92, 0xEC, 0xBE, 0x06, 0x40, 0xFE, 0xFF, 0xFF, 0x0D, 0xD0, 0xFF, 0x18, 0x61, 0x0C, 0xF3,
    0xCF, 0x00, 0x00, 0x00, 0xF4, 0x9F, 0x00, 0x00, 0x00, 0xF3, 0xBF, 0x00, 0x00, 0x00, 0xE0, 0xFF,
    0x17, 0x50, 0x0C, 0x40, 0xFF, 0xFF, 0xFF, 0x0D, 0x00, 0xA3, 0xFD, 0xDF, 0x07, 0x00, 0x00, 0x50,
    0x6F, 0x00, 0x00, 0x90, 0xD8, 0x3F, 0x00, 0x00, 0xE0, 0xDF, 0x06, 0x00,
    // Unicode: [0x00E8]
    0x00, 0x82, 0x48, 0x00, 0x00, 0x00, 0x90, 0xEF, 0x01, 0x00, 0x00, 0x00, 0xFC, 0x08, 0x00, 0x00,
    0x00, 0xD1, 0x2F, 0x00, 0x00, 0x00, 0x00, 0x00, 0x00, 0x00, 0x92, 0xFD, 0xBE, 0x04, 0x40, 0xFE,
    0xCE, 0xFE, 0x4F, 0xD0, 0xCF, 0x01, 0xF2, 0xBF, 0xF3, 0xDF, 0xAA, 0xEA, 0xEF, 0xF4, 0xFF, 0xFF,
    0xFF, 0xFF, 0xF3, 0xAF, 0x00, 0x00, 0x00, 0xD0, 0xFF, 0x17, 0x20, 0xA6, 0x40, 0xFF, 0xFF, 0xFF,
    0xCF, 0x00, 0x92, 0xFD, 0xDF, 0x5A,
    // Unicode: [0x00E9]
    0x00, 0x00, 0x40, 0x88, 0x02, 0x00, 0x00, 0xE1, 0x9F, 0x00, 0x00, 0x00, 0xF8, 0x0C, 0x00, 0x00,
    0x20, 0xDF, 0x01, 0x00, 0x00, 0x00, 0x00, 0x00, 0x00, 0x00, 0x92, 0xFD, 0xBE, 0x04, 0x40, 0xFE,
    0xCE, 0xFE, 0x4F, 0xD0, 0xCF, 0x01, 0xF2, 0xBF, 0xF3, 0xDF, 0xAA, 0xEA, 0xEF, 0xF4, 0xFF, 0xFF,
    0xFF, 0xFF, 0xF3, 0xAF, 0x00, 0x00, 0x00, 0xD0, 0xFF, 0x17, 0x20, 0xA6, 0x40, 0xFF, 0xFF, 0xFF,
    0xCF, 0x00, 0x92, 0xFD, 0xDF, 0x5A,
    // Unicode: [0x00EA]
    0x00, 0x00, 0x84, 0x06, 0x00, 0x00, 0x20, 0xFE, 0x4F, 0x00, 0x00, 0xC0, 0x6F, 0xEE, 0x01, 0x00,
    0xF8, 0x08, 0xF5, 0x0B, 0x00, 0x00, 0x00, 0x00, 0x00, 0x00, 0x92, 0xFD, 0xBE, 0x04, 0x40, 0xFE,
    0xCE, 0xFE, 0x4F, 0xD0, 0xCF, 0x01, 0xF2, 0xBF, 0xF3, 0xDF, 0xAA, 0xEA, 0xEF, 0xF4, 0xFF, 0xFF,
    0xFF, 0xFF, 0xF3, 0xAF, 0x00, 0x00, 0x00, 0xD0, 0xFF, 0x17, 0x20, 0xA6, 0x40, 0xFF, 0xFF, 0xFF,
    0xCF, 0x00, 0x92, 0xFD, 0xDF, 0x5A,
    // Unicode: [0x00EB]
    0x00, 0xFB, 0x09, 0xF8, 0x0C, 0x00, 0xFB, 0x09, 0xF8, 0x0C, 0x00, 0x21, 0x01, 0x21, 0x01, 0x00,
    0x92, 0xFD, 0xBE, 0x04, 0x40, 0xFE, 0xCE, 0xFE, 0x4F, 0xD0, 0xCF, 0x01, 0xF2, 0xBF, 0xF3, 0xDF,
    0xAA, 0xEA, 0xEF, 0xF4, 0xFF, 0xFF, 0xFF, 0xFF, 0xF3, 0xAF, 0x00, 0x00, 0x00, 0xD0, 0xFF, 0x17,
    0x20, 0xA6, 0x40, 0xFF, 0xFF, 0xFF, 0xCF, 0x00, 0x92, 0xFD, 0xDF, 0x5A,
    // Unicode: [0x00EC]
    0xFA, 0x1E, 0x00, 0xB0, 0xAF, 0x00, 0x10, 0xFB, 0x05, 0x00, 0x00, 0x00, 0xA0, 0xFF, 0x02, 0xA0,
    0xFF, 0x02, 0xA0, 0xFF, 0x02, 0xA0, 0xFF, 0x02, 0xA0, 0xFF, 0x02, 0xA0, 0xFF, 0x02, 0xA0, 0xFF,
    0x02, 0xA0, 0xFF, 0x02, 0xA0, 0xFF, 0x02,
    // Unicode: [0x00ED]
    0x90, 0xEF, 0x03, 0xF3, 0x3E, 0x00, 0xED, 0x04, 0x00, 0x00, 0x00, 0x00, 0xFA, 0x2F, 0x00, 0xFA,
    0x2F, 0x00, 0xFA, 0x2F, 0x00, 0xFA, 0x2F, 0x00, 0xFA, 0x2F, 0x00, 0xFA, 0x2F, 0x00, 0xFA, 0x2F,
    0x00, 0xFA, 0x2F, 0x00, 0xFA, 0x2F, 0x00,
    // Unicode: [0x00EE]
    0x80, 0xEF, 0x01, 0xF3, 0xFC, 0x0A, 0xEC, 0x91, 0x4F, 0x00, 0x00, 0x00, 0xA0, 0xFF, 0x02, 0xA0,
    0xFF, 0x02, 0xA0, 0xFF, 0x02, 0xA0, 0xFF, 0x02, 0xA0, 0xFF, 0x02, 0xA0, 0xFF, 0x02, 0xA0, 0xFF,
    0x02, 0xA0, 0xFF, 0x02, 0xA0, 0xFF, 0x02,
    // Unicode: [0x00EF]
    0xF2, 0x0F, 0xF8, 0x09, 0xF2, 0x0F, 0xF8, 0x09, 0x20, 0x02, 0x21, 0x01, 0x00, 0xFA, 0x2F, 0x00,
    0x00, 0xFA, 0x2F, 0x00, 0x00, 0xFA, 0x2F, 0x00, 0x00, 0xFA, 0x2F, 0x00, 0x00, 0xFA, 0x2F, 0x00,
    0x00, 0xFA, 0x2F, 0x00, 0x00, 0xFA, 0x2F, 0x00, 0x00, 0xFA, 0x2F, 0x00, 0x00, 0xFA, 0x2F, 0x00,
    // Unicode: [0x00F0]
    0x00, 0xD4, 0xFF, 0xB9, 0x0B, 0x00, 0x00, 0x40, 0xFE, 0xFF, 0x07, 0x00, 0x00, 0xF6, 0xAE, 0xFF,
    0x0A, 0x00, 0x00, 0x51, 0x00, 0xF9, 0x4F, 0x00, 0x00, 0xB4, 0xEE, 0xFC, 0xBF, 0x00, 0x60, 0xFF,
    0xEF, 0xFF, 0xFF, 0x00, 0xF1, 0xEF, 0x02, 0xD2, 0xFF, 0x02, 0xF4, 0xAF, 0x00, 0xC0, 0xFF, 0x01,
    0xF4, 0xBF, 0x00, 0xD0, 0xEF, 0x00, 0xE1, 0xFF, 0x04, 0xF6, 0x9F, 0x00, 0x60, 0xFF, 0xFF, 0xFF,
    0x1D, 0x00, 0x00, 0xB4, 0xFE, 0x9D, 0x01, 0x00,
    // Unicode: [0x00F1]
    0x00, 0x95, 0x17, 0x96, 0x02, 0x50, 0xFF, 0xFF, 0xEF, 0x01, 0x60, 0x2A, 0x94, 0x39, 0x00, 0x00,
    0x00, 0x00, 0x00, 0x00, 0xFA, 0x5F, 0xEA, 0xAE, 0x02, 0xFA, 0xFF, 0xFF, 0xFF, 0x0B, 0xFA, 0x8F,
    0x42, 0xFE, 0x1F, 0xFA, 0x2F, 0x00, 0xFB, 0x2F, 0xFA, 0x2F, 0x00, 0xFA, 0x2F, 0xFA, 0x2F, 0x00,
    0xFA, 0x2F, 0xFA, 0x2F, 0x00, 0xFA, 0x2F, 0xFA, 0x2F, 0x00, 0xFA, 0x2F, 0xFA, 0x2F, 0x00, 0xFA,
    0x2F,
    // Unicode: [0x00F2]
    0x00, 0x71, 0x58, 0x00, 0x00, 0x00, 0x00, 0x90, 0xEF, 0x01, 0x00, 0x00, 0x00, 0x00, 0xFB, 0x09,
    0x00, 0x00, 0x00, 0x00, 0xD1, 0x2F, 0x00, 0x00, 0x00, 0x00, 0x00, 0x00, 0x00, 0x00, 0x00, 0xA3,
    0xFE, 0xAE, 0x03, 0x00, 0x50, 0xFF, 0xFF, 0xFF, 0x4F, 0x00, 0xE0, 0xFF, 0x04, 0xF4, 0xDF, 0x00,
    0xF3, 0xBF, 0x00, 0xB0, 0xFF, 0x03, 0xF4, 0xAF, 0x00, 0x90, 0xFF, 0x04, 0xF3, 0xBF, 0x00, 0xB0,
    0xFF, 0x03, 0xE0, 0xFF, 0x04, 0xF4, 0xDF, 0x00, 0x50, 0xFF, 0xFF, 0xFF, 0x4F, 0x00, 0x00, 0xA3,
    0xFE, 0xAE, 0x03, 0x00,
    // Unicode: [0x00F3]
    0x00, 0x00, 0x50, 0x78, 0x01, 0x00, 0x00, 0x00, 0xE1, 0x9F, 0x00, 0x00, 0x00, 0x00, 0xF9, 0x0B,
    0x00, 0x00, 0x00, 0x20, 0xDF, 0x01, 0x00, 0x00, 0x00, 0x00, 0x00, 0x00, 0x00, 0x00, 0x00, 0xA3,
    0xFE, 0xAE, 0x03, 0x00, 0x50, 0xFF, 0xFF, 0xFF, 0x4F, 0x00, 0xE0, 0xFF, 0x04, 0xF4, 0xDF, 0x00,
    0xF3, 0xBF, 0x00, 0xB0, 0xFF, 0x03, 0xF4, 0xAF, 0x00, 0x90, 0xFF, 0x04, 0xF3, 0xBF, 0x00, 0xB0,
    0xFF, 0x03, 0xE0, 0xFF, 0x04, 0xF4, 0xDF, 0x00, 0x50, 0xFF, 0xFF, 0xFF, 0x4F, 0x00, 0x00, 0xA3,
    0xFE, 0xAE, 0x03, 0x00,
    // Unicode: [0x00F4]
    0x00, 0x00, 0x85, 0x05, 0x00, 0x00, 0x00, 0x30, 0xFF, 0x3F, 0x00, 0x00, 0x00, 0xD1, 0x6F, 0xDF,
    0x01, 0x00, 0x00, 0xF9, 0x06, 0xF7, 0x09, 0x00, 0x00, 0x00, 0x00, 0x00, 0x00, 0x00, 0x00, 0xA3,
    0xFE, 0xAE, 0x03, 0x00, 0x50, 0xFF, 0xFF, 0xFF, 0x4F, 0x00, 0xE0, 0xFF, 0x04, 0xF4, 0xDF, 0x00,
    0xF3, 0xBF, 0x00, 0xB0, 0xFF, 0x03, 0xF4, 0xAF, 0x00, 0x90, 0xFF, 0x04, 0xF3, 0xBF, 0x00, 0xB0,
    0xFF, 0x03, 0xE0, 0xFF, 0x04, 0xF4, 0xDF, 0x00, 0x50, 0xFF, 0xFF, 0xFF, 0x4F, 0x00, 0x00, 0xA3,
    0xFE, 0xAE, 0x03, 0x00,
    // Unicode: [0x00F5]
    0x00, 0x70, 0x59, 0x81, 0x08, 0x00, 0x00, 0xF9, 0xFF, 0xFF, 0x0A, 0x00, 0x00, 0x99, 0x51, 0x89,
    0x01, 0x00, 0x00, 0x00, 0x00, 0x00, 0x00, 0x00, 0x00, 0xA3, 0xFE, 0xAE, 0x03, 0x00, 0x50, 0xFF,
    0xFF, 0xFF, 0x4F, 0x00, 0xE0, 0xFF, 0x04, 0xF4, 0xDF, 0x00, 0xF3, 0xBF, 0x00, 0xB0, 0xFF, 0x03,
    0xF4, 0xAF, 0x00, 0x90, 0xFF, 0x04, 0xF3, 0xBF, 0x00, 0xB0, 0xFF, 0x03, 0xE0, 0xFF, 0x04, 0xF4,
    0xDF, 0x00, 0x50, 0xFF, 0xFF, 0xFF, 0x4F, 0x00, 0x00, 0xA3, 0xFE, 0xAE, 0x03, 0x00,
    // Unicode: [0x00F6]
    0x00, 0xFC, 0x08, 0xF8, 0x0B, 0x00, 0x00, 0xFC, 0x08, 0xF8, 0x0B, 0x00, 0x00, 0x21, 0x01, 0x21,
    0x01, 0x00, 0x00, 0xA3, 0xFE, 0xAE, 0x03, 0x00, 0x50, 0xFF, 0xFF, 0xFF, 0x4F, 0x00, 0xE0, 0xFF,
    0x04, 0xF4, 0xDF, 0x00, 0xF3, 0xBF, 0x00, 0xB0, 0xFF, 0x03, 0xF4, 0xAF, 0x00, 0x90, 0xFF, 0x04,
    0xF3, 0xBF, 0x00, 0xB0, 0xFF, 0x03, 0xE0, 0xFF, 0x04, 0xF4, 0xDF, 0x00, 0x50, 0xFF, 0xFF, 0xFF,
    0x4F, 0x00, 0x00, 0xA3, 0xFE, 0xAE, 0x03, 0x00,
    // Unicode: [0x00F7]
    0x00, 0x00, 0x83, 0x28, 0x00, 0x00, 0x00, 0x00, 0xF6, 0x4F, 0x00, 0x00, 0x00, 0x00, 0xF6, 0x4F,
    0x00, 0x00, 0x00, 0x00, 0x00, 0x00, 0x00, 0x00, 0x10, 0x11, 0x11, 0x11, 0x11, 0x01, 0xF4, 0xFF,
    0xFF, 0xFF, 0xFF, 0x3F, 0xF4, 0xFF, 0xFF, 0xFF, 0xFF, 0x3F, 0x00, 0x00, 0x00, 0x00, 0x00, 0x00,
    0x00, 0x00, 0x83, 0x28, 0x00, 0x00, 0x00, 0x00, 0xF6, 0x4F, 0x00, 0x00, 0x00, 0x00, 0xF6, 0x4F,
    0x00, 0x00,
    // Unicode: [0x00F8]
    0x00, 0x00, 0x00, 0x00, 0xD6, 0x01, 0x00, 0xA3, 0xFE, 0x9D, 0x4E, 0x00, 0x50, 0xFF, 0xEF, 0xFF,
    0x4F, 0x00, 0xD0, 0xEF, 0x03, 0xF9, 0xDF, 0x00, 0xF3, 0xAF, 0x40, 0xAD, 0xFF, 0x03, 0xF4, 0x9F,
    0xD1, 0x83, 0xFF, 0x04, 0xF3, 0x9F, 0x6B, 0xA0, 0xFF, 0x03, 0xD0, 0xFF, 0x0B, 0xF3, 0xDF, 0x00,
    0x40, 0xFF, 0xEF, 0xFF, 0x4F, 0x00, 0x30, 0xAE, 0xFD, 0xAE, 0x03, 0x00, 0xD1, 0x06, 0x00, 0x00,
    0x00, 0x00,
    // Unicode: [0x00F9]
    0x00, 0xFA, 0x2E, 0x00, 0x00, 0x00, 0xA0, 0xBF, 0x00, 0x00, 0x00, 0x00, 0xFB, 0x05, 0x00, 0x00,
    0x00, 0x00, 0x00, 0x00, 0xFB, 0x1F, 0x00, 0xFB, 0x1F, 0xFB, 0x1F, 0x00, 0xFB, 0x1F, 0xFB, 0x1F,
    0x00, 0xFB, 0x1F, 0xFB, 0x1F, 0x00, 0xFB, 0x1F, 0xFB, 0x1F, 0x00, 0xFB, 0x1F, 0xFB, 0x2F, 0x00,
    0xFB, 0x1F, 0xF9, 0x8F, 0x31, 0xFD, 0x1F, 0xF5, 0xFF, 0xFF, 0xFF, 0x1F, 0x70, 0xFD, 0x6D, 0xFB,
    0x1F,
    // Unicode: [0x00FA]
    0x00, 0x00, 0xFC, 0x1C, 0x00, 0x00, 0x70, 0xDF, 0x01, 0x00, 0x00, 0xF2, 0x2D, 0x00, 0x00, 0x00,
    0x00, 0x00, 0x00, 0x00, 0xFB, 0x1F, 0x00, 0xFB, 0x1F, 0xFB, 0x1F, 0x00, 0xFB, 0x1F, 0xFB, 0x1F,
    0x00, 0xFB, 0x1F, 0xFB, 0x1F, 0x00, 0xFB, 0x1F, 0xFB, 0x1F, 0x00, 0xFB, 0x1F, 0xFB, 0x2F, 0x00,
    0xFB, 0x1F, 0xF9, 0x8F, 0x31, 0xFD, 0x1F, 0xF5, 0xFF, 0xFF, 0xFF, 0x1F, 0x70, 0xFD, 0x6D, 0xFB,
    0x1F,
    // Unicode: [0x00FB]
    0x00, 0xA0, 0xEF, 0x02, 0x00, 0x00, 0xF8, 0xEA, 0x1D, 0x00, 0x50, 0xAF, 0x50, 0xBF, 0x00, 0x00,
    0x00, 0x00, 0x00, 0x00, 0xFB, 0x1F, 0x00, 0xFB, 0x1F, 0xFB, 0x1F, 0x00, 0xFB, 0x1F, 0xFB, 0x1F,
    0x00, 0xFB, 0x1F, 0xFB, 0x1F, 0x00, 0xFB, 0x1F, 0xFB, 0x1F, 0x00, 0xFB, 0x1F, 0xFB, 0x2F, 0x00,
    0xFB, 0x1F, 0xF9, 0x8F, 0x31, 0xFD, 0x1F, 0xF5, 0xFF, 0xFF, 0xFF, 0x1F, 0x70, 0xFD, 0x6D, 0xFB,
    0x1F,
    // Unicode: [0x00FC]
    0x90, 0xBF, 0x60, 0xEF, 0x00, 0x90, 0xBF, 0x60, 0xEF, 0x00, 0x10, 0x12, 0x10, 0x22, 0x00, 0xFB,
    0x1F, 0x00, 0xFB, 0x1F, 0xFB, 0x1F, 0x00, 0xFB, 0x1F, 0xFB, 0x1F, 0x00, 0xFB, 0x1F, 0xFB, 0x1F,
    0x00, 0xFB, 0x1F, 0xFB, 0x1F, 0x00, 0xFB, 0x1F, 0xFB, 0x2F, 0x00, 0xFB, 0x1F, 0xF9, 0x8F, 0x31,
    0xFD, 0x1F, 0xF5, 0xFF, 0xFF, 0xFF, 0x1F, 0x70, 0xFD, 0x6D, 0xFB, 0x1F,
    // Unicode: [0x00FD]
    0x00, 0x00, 0xD1, 0xCF, 0x01, 0x00, 0x00, 0x00, 0xF8, 0x1C, 0x00, 0x00, 0x00, 0x30, 0xCF, 0x01,
    0x00, 0x00, 0x00, 0x00, 0x00, 0x00, 0x00, 0x00, 0xF9, 0x6F, 0x00, 0xD0, 0xEF, 0x01, 0xF3, 0xBF,
    0x00, 0xF4, 0x9F, 0x00, 0xC0, 0xFF, 0x02, 0xF9, 0x3F, 0x00, 0x60, 0xFF, 0x07, 0xFE, 0x0B, 0x00,
    0x10, 0xFE, 0x4D, 0xFF, 0x05, 0x00, 0x00, 0xF9, 0xDF, 0xEF, 0x00, 0x00, 0x00, 0xF3, 0xFF, 0x8F,
    0x00, 0x00, 0x00, 0xC0, 0xFF, 0x2F, 0x00, 0x00, 0x00, 0x70, 0xFF, 0x0B, 0x00, 0x00, 0x00, 0xA0,
    0xFF, 0x05, 0x00, 0x00, 0x00, 0xF2, 0xEF, 0x00, 0x00, 0x00, 0x00, 0xF8, 0x8F, 0x00, 0x00, 0x00,
    // Unicode: [0x00FE]
    0xFA, 0x2F, 0x00, 0x00, 0x00, 0xFA, 0x2F, 0x00, 0x00, 0x00, 0xFA, 0x2F, 0x00, 0x00, 0x00, 0xFA,
    0x4F, 0xEA, 0xAE, 0x01, 0xFA, 0xFF, 0xFF, 0xFF, 0x0B, 0xFA, 0x7F, 0x42, 0xFE, 0x3F, 0xFA, 0x2F,
    0x00, 0xF8, 0x6F, 0xFA, 0x2F, 0x00, 0xF7, 0x7F, 0xFA, 0x2F, 0x00, 0xF9, 0x6F, 0xFA, 0x3F, 0x40,
    0xFE, 0x1F, 0xFA, 0xFF, 0xFF, 0xFF, 0x07, 0xFA, 0xAF, 0xFD, 0x6D, 0x00, 0xFA, 0x2F, 0x00, 0x00,
    0x00, 0xFA, 0x2F, 0x00, 0x00, 0x00, 0xFA, 0x2F, 0x00, 0x00, 0x00,
    // Unicode: [0x00FF]
    0x00, 0xFE, 0x05, 0xFC, 0x08, 0x00, 0x00, 0xFE, 0x05, 0xFC, 0x08, 0x00, 0x00, 0x22, 0x01, 0x21,
    0x01, 0x00, 0xF9, 0x6F, 0x00, 0xD0, 0xEF, 0x01, 0xF3, 0xBF, 0x00, 0xF4, 0x9F, 0x00, 0xC0, 0xFF,
    0x02, 0xF9, 0x3F, 0x00, 0x60, 0xFF, 0x07, 0xFE, 0x0B, 0x00, 0x10, 0xFE, 0x4D, 0xFF, 0x05, 0x00,
    0x00, 0xF9, 0xDF, 0xEF, 0x00, 0x00, 0x00, 0xF3, 0xFF, 0x8F, 0x00, 0x00, 0x00, 0xC0, 0xFF, 0x2F,
    0x00, 0x00, 0x00, 0x70, 0xFF, 0x0B, 0x00, 0x00, 0x00, 0xA0, 0xFF, 0x05, 0x00, 0x00, 0x00, 0xF2,
    0xEF, 0x00, 0x00, 0x00, 0x00, 0xF8, 0x8F, 0x00, 0x00, 0x00,
    // Unicode: [0x0100]
    0x00, 0xE0, 0xFF, 0xFF, 0x5F, 0x00, 0x00, 0x00, 0x90, 0x99, 0x99, 0x39, 0x00, 0x00, 0x00, 0x00,
    0x00, 0x00, 0x00, 0x00, 0x00, 0x00, 0x00, 0xFA, 0xFF, 0x02, 0x00, 0x00, 0x00, 0x10, 0xFF, 0xFF,
    0x07, 0x00, 0x00, 0x00, 0x60, 0xFF, 0xFF, 0x0C, 0x00, 0x00, 0x00, 0xC0, 0xFF, 0xFD, 0x3F, 0x00,
    0x00, 0x00, 0xF2, 0xCF, 0xF7, 0x8F, 0x00, 0x00, 0x00, 0xF7, 0x7F, 0xF2, 0xDF, 0x00, 0x00, 0x00,
    0xFD, 0x3F, 0xC0, 0xFF, 0x04, 0x00, 0x30, 0xFF, 0x2E, 0x92, 0xFF, 0x09, 0x00, 0x80, 0xFF, 0xFF,
    0xFF, 0xFF, 0x0E, 0x00, 0xE0, 0xFF, 0xFF, 0xFF, 0xFF, 0x5F, 0x00, 0xF4, 0xCF, 0x00, 0x00, 0xF7,
    0xAF, 0x00, 0xFA, 0x6F, 0x00, 0x00, 0xF1, 0xFF, 0x01,
    // Unicode: [0x0101]
    0x00, 0xFC, 0xFF, 0xFF, 0x07, 0x00, 0x98, 0x99, 0x99, 0x04, 0x00, 0x00, 0x00, 0x00, 0x00, 0x50,
    0xDB, 0xFE, 0xAD, 0x02, 0x80, 0xFF, 0xFE, 0xFF, 0x1E, 0x40, 0x14, 0x10, 0xFA, 0x6F, 0x00, 0x73,
    0xA9, 0xFD, 0x7F, 0x80, 0xFF, 0xEF, 0xFD, 0x7F, 0xF3, 0xCF, 0x02, 0xF5, 0x7F, 0xF4, 0xAF, 0x00,
    0xF8, 0x7F, 0xE1, 0xFF, 0xED, 0xFF, 0x7F, 0x30, 0xEC, 0x9E, 0xF7, 0x7F,
    // Unicode: [0x0102]
    0x00, 0x60, 0x07, 0x40, 0x18, 0x00, 0x00, 0x00, 0x90, 0x5F, 0xC2, 0x1F, 0x00, 0x00, 0x00, 0x20,
    0xFD, 0xFF, 0x06, 0x00, 0x00, 0x00, 0x00, 0x30, 0x14, 0x00, 0x00, 0x00, 0x00, 0x00, 0xFA, 0xFF,
    0x02, 0x00, 0x00, 0x00, 0x10, 0xFF, 0xFF, 0x07, 0x00, 0x00, 0x00, 0x60, 0xFF, 0xFF, 0x0C, 0x00,
    0x00, 0x00, 0xC0, 0xFF, 0xFD, 0x3F, 0x00, 0x00, 0x00, 0xF2, 0xCF, 0xF7, 0x8F, 0x00, 0x00, 0x00,
    0xF7, 0x7F, 0xF2, 0xDF, 0x00, 0x00, 0x00, 0xFD, 0x3F, 0xC0, 0xFF, 0x04, 0x00, 0x30, 0xFF, 0x2E,
    0x92, 0xFF, 0x09, 0x00, 0x80, 0xFF, 0xFF, 0xFF, 0xFF, 0x0E, 0x00, 0xE0, 0xFF, 0xFF, 0xFF, 0xFF,
    0x5F, 0x00, 0xF4, 0xCF, 0x00, 0x00, 0xF7, 0xAF, 0x00, 0xFA, 0x6F, 0x00, 0x00, 0xF1, 0xFF, 0x01,
    // Unicode: [0x0103]
    0x00, 0xFA, 0x01, 0xF8, 0x03, 0x00, 0xF7, 0x37, 0xED, 0x01, 0x00, 0xB1, 0xFF, 0x5E, 0x00, 0x00,
    0x00, 0x32, 0x01, 0x00, 0x50, 0xDB, 0xFE, 0xAD, 0x02, 0x80, 0xFF, 0xFE, 0xFF, 0x1E, 0x40, 0x14,
    0x10, 0xFA, 0x6F, 0x00, 0x73, 0xA9, 0xFD, 0x7F, 0x80, 0xFF, 0xEF, 0xFD, 0x7F, 0xF3, 0xCF, 0x02,
    0xF5, 0x7F, 0xF4, 0xAF, 0x00, 0xF8, 0x7F, 0xE1, 0xFF, 0xED, 0xFF, 0x7F, 0x30, 0xEC, 0x9E, 0xF7,
    0x7F,
    // Unicode: [0x0104]
    0x00, 0x00, 0xFA, 0xFF, 0x02, 0x00, 0x00, 0x00, 0x10, 0xFF, 0xFF, 0x07, 0x00, 0x00, 0x00, 0x60,
    0xFF, 0xFF, 0x0C, 0x00, 0x00, 0x00, 0xC0, 0xEF, 0xFA, 0x3F, 0x00, 0x00, 0x00, 0xF2, 0x9F, 0xF4,
    0x8F, 0x00, 0x00, 0x00, 0xF7, 0x4F, 0xE0, 0xDF, 0x00, 0x00, 0x00, 0xFD, 0x0E, 0x90, 0xFF, 0x04,
    0x00, 0x30, 0xFF, 0xFF, 0xFF, 0xFF, 0x09, 0x00, 0x80, 0xFF, 0xFF, 0xFF, 0xFF, 0x0E, 0x00, 0xE0,
    0xEF, 0x22, 0x22, 0xF9, 0x5F, 0x00, 0xF4, 0x9F, 0x00, 0x00, 0xF3, 0xAF, 0x00, 0xFA, 0x5F, 0x00,
    0x00, 0xF3, 0xFF, 0x01, 0x00, 0x00, 0x00, 0x00, 0xF5, 0x06, 0x00, 0x00, 0x00, 0x00, 0x00, 0xF2,
    0x8D, 0x19, 0x00, 0x00, 0x00, 0x00, 0x50, 0xFD, 0x1E,
    // Unicode: [0x0105]
    0x50, 0xDB, 0xFE, 0xAD, 0x02, 0x00, 0x80, 0xFF, 0xFE, 0xFF, 0x1E, 0x00, 0x40, 0x14, 0x10, 0xFA,
    0x6F, 0x00, 0x00, 0x73, 0xA9, 0xFD, 0x7F, 0x00, 0x80, 0xFF, 0xEF, 0xFD, 0x7F, 0x00, 0xF3, 0xCF,
    0x02, 0xF5, 0x7F, 0x00, 0xF4, 0xAF, 0x00, 0xF8, 0x7F, 0x00, 0xE1, 0xFF, 0xED, 0xFF, 0x7F, 0x00,
    0x30, 0xEC, 0x9E, 0xF7, 0x7F, 0x00, 0x00, 0x00, 0x00, 0xF6, 0x04, 0x00, 0x00, 0x00, 0x00, 0xF3,
    0x8D, 0x09, 0x00, 0x00, 0x00, 0x70, 0xFD, 0x0D,
    // Unicode: [0x0106]
    0x00, 0x00, 0x00, 0xFC, 0x1D, 0x00, 0x00, 0x00, 0x70, 0xDF, 0x02, 0x00, 0x00, 0x00, 0xE2, 0x2D,
    0x00, 0x00, 0x00, 0x00, 0x00, 0x00, 0x00, 0x00, 0x00, 0x30, 0xD9, 0xEF, 0x9D, 0x03, 0x00, 0xF6,
    0xFF, 0xFF, 0xFF, 0x0D, 0x40, 0xFF, 0xBF, 0x45, 0xE8, 0x0D, 0xB0, 0xFF, 0x0A, 0x00, 0x10, 0x08,
    0xF1, 0xFF, 0x02, 0x00, 0x00, 0x00, 0xF2, 0xEF, 0x00, 0x00, 0x00, 0x00, 0xF2, 0xEF, 0x00, 0x00,
    0x00, 0x00, 0xF1, 0xFF, 0x02, 0x00, 0x00, 0x00, 0xC0, 0xFF, 0x09, 0x00, 0x10, 0x08, 0x40, 0xFF,
    0xBF, 0x45, 0xE7, 0x0D, 0x00, 0xF7, 0xFF, 0xFF, 0xFF, 0x0D, 0x00, 0x30, 0xDA, 0xFF, 0x8D, 0x03,
    // Unicode: [0x0107]
    0x00, 0x00, 0x40, 0x88, 0x01, 0x00, 0x00, 0xE1, 0x9F, 0x00, 0x00, 0x00, 0xF8, 0x0B, 0x00, 0x00,
    0x20, 0xDF, 0x01, 0x00, 0x00, 0x00, 0x00, 0x00, 0x00, 0x00, 0x92, 0xEC, 0xBE, 0x06, 0x40, 0xFE,
    0xFF, 0xFF, 0x0D, 0xD0, 0xFF, 0x18, 0x61, 0x0C, 0xF3, 0xCF, 0x00, 0x00, 0x00, 0xF4, 0x9F, 0x00,
    0x00, 0x00, 0xF3, 0xCF, 0x00, 0x00, 0x00, 0xD0, 0xFF, 0x17, 0x51, 0x0C, 0x40, 0xFF, 0xFF, 0xFF,
    0x0D, 0x00, 0x92, 0xFD, 0xCE, 0x07,
    // Unicode: [0x0108]
    0x00, 0x00, 0xC1, 0xDF, 0x01, 0x00, 0x00, 0x00, 0xFA, 0xF9, 0x0C, 0x00, 0x00, 0x80, 0x8F, 0x70,
    0xAF, 0x00, 0x00, 0x00, 0x00, 0x00, 0x00, 0x00, 0x00, 0x30, 0xD9, 0xEF, 0x9D, 0x03, 0x00, 0xF6,
    0xFF, 0xFF, 0xFF, 0x0D, 0x40, 0xFF, 0xBF, 0x45, 0xE8, 0x0D, 0xB0, 0xFF, 0x0A, 0x00, 0x10, 0x08,
    0xF1, 0xFF, 0x02, 0x00, 0x00, 0x00, 0xF2, 0xEF, 0x00, 0x00, 0x00, 0x00, 0xF2, 0xEF, 0x00, 0x00,
    0x00, 0x00, 0xF1, 0xFF, 0x02, 0x00, 0x00, 0x00, 0xC0, 0xFF, 0x09, 0x00, 0x10, 0x08, 0x40, 0xFF,
    0xBF, 0x45, 0xE7, 0x0D, 0x00, 0xF7, 0xFF, 0xFF, 0xFF, 0x0D, 0x00, 0x30, 0xDA, 0xFF, 0x8D, 0x03,
    // Unicode: [0x0109]
    0x00, 0x00, 0x86, 0x04, 0x00, 0x00, 0x40, 0xFF, 0x2E, 0x00, 0x00, 0xE1, 0x6E, 0xCF, 0x00, 0x00,
    0xFB, 0x05, 0xF8, 0x08, 0x00, 0x00, 0x00, 0x00, 0x00, 0x00, 0x92, 0xEC, 0xBE, 0x06, 0x40, 0xFE,
    0xFF, 0xFF, 0x0D, 0xD0, 0xFF, 0x18, 0x61, 0x0C, 0xF3, 0xCF, 0x00, 0x00, 0x00, 0xF4, 0x9F, 0x00,
    0x00, 0x00, 0xF3, 0xCF, 0x00, 0x00, 0x00, 0xD0, 0xFF, 0x17, 0x51, 0x0C, 0x40, 0xFF, 0xFF, 0xFF,
    0x0D, 0x00, 0x92, 0xFD, 0xCE, 0x07,
    // Unicode: [0x010A]
    0x00, 0x00, 0x10, 0x22, 0x00, 0x00, 0x00, 0x00, 0xC0, 0xFF, 0x01, 0x00, 0x00, 0x00, 0xC0, 0xFF,
    0x01, 0x00, 0x00, 0x00, 0x00, 0x00, 0x00, 0x00, 0x00, 0x30, 0xD9, 0xEF, 0x9D, 0x03, 0x00, 0xF6,
    0xFF, 0xFF, 0xFF, 0x0D, 0x40, 0xFF, 0xBF, 0x45, 0xE8, 0x0D, 0xB0, 0xFF, 0x0A, 0x00, 0x10, 0x08,
    0xF1, 0xFF, 0x02, 0x00, 0x00, 0x00, 0xF2, 0xEF, 0x00, 0x00, 0x00, 0x00, 0xF2, 0xEF, 0x00, 0x00,
    0x00, 0x00, 0xF1, 0xFF, 0x02, 0x00, 0x00, 0x00, 0xC0, 0xFF, 0x09, 0x00, 0x10, 0x08, 0x40, 0xFF,
    0xBF, 0x45, 0xE7, 0x0D, 0x00, 0xF7, 0xFF, 0xFF, 0xFF, 0x0D, 0x00, 0x30, 0xDA, 0xFF, 0x8D, 0x03,
    // Unicode: [0x010B]
    0x00, 0x00, 0xFF, 0x0D, 0x00, 0x00, 0x00, 0xFF, 0x0D, 0x00, 0x00, 0x00, 0x22, 0x02, 0x00, 0x00,
    0x92, 0xEC, 0xBE, 0x06, 0x40, 0xFE, 0xFF, 0xFF, 0x0D, 0xD0, 0xFF, 0x18, 0x61, 0x0C, 0xF3, 0xCF,
    0x00, 0x00, 0x00, 0xF4, 0x9F, 0x00, 0x00, 0x00, 0xF3, 0xCF, 0x00, 0x00, 0x00, 0xD0, 0xFF, 0x17,
    0x51, 0x0C, 0x40, 0xFF, 0xFF, 0xFF, 0x0D, 0x00, 0x92, 0xFD, 0xCE, 0x07,
    // Unicode: [0x010C]
    0x00, 0x70, 0x9F, 0x50, 0xAF, 0x00, 0x00, 0x00, 0xF9, 0xF9, 0x1C, 0x00, 0x00, 0x00, 0xC0, 0xEF,
    0x02, 0x00, 0x00, 0x00, 0x00, 0x00, 0x00, 0x00, 0x00, 0x30, 0xD9, 0xEF, 0x9D, 0x03, 0x00, 0xF6,
    0xFF, 0xFF, 0xFF, 0x0D, 0x40, 0xFF, 0xBF, 0x45, 0xE8, 0x0D, 0xB0, 0xFF, 0x0A, 0x00, 0x10, 0x08,
    0xF1, 0xFF, 0x02, 0x00, 0x00, 0x00, 0xF2, 0xEF, 0x00, 0x00, 0x00, 0x00, 0xF2, 0xEF, 0x00, 0x00,
    0x00, 0x00, 0xF1, 0xFF, 0x02, 0x00, 0x00, 0x00, 0xC0, 0xFF, 0x09, 0x00, 0x10, 0x08, 0x40, 0xFF,
    0xBF, 0x45, 0xE7, 0x0D, 0x00, 0xF7, 0xFF, 0xFF, 0xFF, 0x0D, 0x00, 0x30, 0xDA, 0xFF, 0x8D, 0x03,
    // Unicode: [0x010D]
    0x00, 0x22, 0x00, 0x21, 0x02, 0x00, 0xFA, 0x06, 0xFB, 0x05, 0x00, 0xC1, 0xAF, 0x7F, 0x00, 0x00,
    0x20, 0xFE, 0x0A, 0x00, 0x00, 0x00, 0x00, 0x00, 0x00, 0x00, 0x92, 0xEC, 0xBE, 0x06, 0x40, 0xFE,
    0xFF, 0xFF, 0x0D, 0xD0, 0xFF, 0x18, 0x61, 0x0C, 0xF3, 0xCF, 0x00, 0x00, 0x00, 0xF4, 0x9F, 0x00,
    0x00, 0x00, 0xF3, 0xCF, 0x00, 0x00, 0x00, 0xD0, 0xFF, 0x17, 0x51, 0x0C, 0x40, 0xFF, 0xFF, 0xFF,
    0x0D, 0x00, 0x92, 0xFD, 0xCE, 0x07,
    // Unicode: [0x010E]
    0x00, 0xFA, 0x06, 0xF8, 0x07, 0x00, 0x00, 0xC0, 0x9F, 0xAF, 0x00, 0x00, 0x00, 0x10, 0xFD, 0x0C,
    0x00, 0x00, 0x00, 0x00, 0x00, 0x00, 0x00, 0x00, 0xF8, 0xFF, 0xEF, 0xAD, 0x04, 0x00, 0xF8, 0xFF,
    0xFF, 0xFF, 0x8F, 0x00, 0xF8, 0x9F, 0x43, 0xF8, 0xFF, 0x06, 0xF8, 0x7F, 0x00, 0x50, 0xFF, 0x0E,
    0xF8, 0x7F, 0x00, 0x00, 0xFD, 0x4F, 0xF8, 0x7F, 0x00, 0x00, 0xFA, 0x6F, 0xF8, 0x7F, 0x00, 0x00,
    0xFA, 0x6F, 0xF8, 0x7F, 0x00, 0x00, 0xFD, 0x4F, 0xF8, 0x7F, 0x00, 0x50, 0xFF, 0x0E, 0xF8, 0x9F,
    0x43, 0xF8, 0xFF, 0x06, 0xF8, 0xFF, 0xFF, 0xFF, 0x8F, 0x00, 0xF8, 0xFF, 0xEF, 0xAD, 0x03, 0x00,
    // Unicode: [0x010F]
    0x00, 0x00, 0x00, 0xE0, 0xDF, 0x20, 0xFF, 0x09, 0x00, 0x00, 0x00, 0xE0, 0xDF, 0x60, 0xFF, 0x02,
    0x00, 0x00, 0x00, 0xE0, 0xDF, 0xA0, 0x9F, 0x00, 0x00, 0xC4, 0xEF, 0xF9, 0xDF, 0xE0, 0x2F, 0x00,
    0x40, 0xFF, 0xFF, 0xFF, 0xDF, 0x91, 0x06, 0x00, 0xD0, 0xFF, 0x28, 0xF2, 0xDF, 0x00, 0x00, 0x00,
    0xF3, 0xCF, 0x00, 0xE0, 0xDF, 0x00, 0x00, 0x00, 0xF4, 0xAF, 0x00, 0xE0, 0xDF, 0x00, 0x00, 0x00,
    0xF3, 0xBF, 0x00, 0xE0, 0xDF, 0x00, 0x00, 0x00, 0xE1, 0xEF, 0x03, 0xF2, 0xDF, 0x00, 0x00, 0x00,
    0x70, 0xFF, 0xEF, 0xFF, 0xDF, 0x00, 0x00, 0x00, 0x00, 0xE8, 0xCE, 0xE6, 0xDF, 0x00, 0x00, 0x00,
    // Unicode: [0x0110]
    0x80, 0xFF, 0xFF, 0xDE, 0x4A, 0x00, 0x00, 0x80, 0xFF, 0xFF, 0xFF, 0xFF, 0x08, 0x00, 0x80, 0xFF,
    0x39, 0x84, 0xFF, 0x6F, 0x00, 0x80, 0xFF, 0x07, 0x00, 0xF5, 0xEF, 0x00, 0x80, 0xFF, 0x07, 0x00,
    0xD0, 0xFF, 0x04, 0xFC, 0xFF, 0xFF, 0x0F, 0xA0, 0xFF, 0x06, 0xEA, 0xFF, 0xCE, 0x0C, 0xA0, 0xFF,
    0x06, 0x80, 0xFF, 0x07, 0x00, 0xD0, 0xFF, 0x04, 0x80, 0xFF, 0x07, 0x00, 0xF5, 0xEF, 0x00, 0x80,
    0xFF, 0x39, 0x84, 0xFF, 0x6F, 0x00, 0x80, 0xFF, 0xFF, 0xFF, 0xFF, 0x08, 0x00, 0x80, 0xFF, 0xFF,
    0xDE, 0x3A, 0x00, 0x00,
    // Unicode: [0x0111]
    0x00, 0x00, 0xF8, 0xFF, 0xFF, 0x0D, 0x00, 0x00, 0x95, 0xF9, 0xEF, 0x08, 0x00, 0x00, 0x00, 0xE0,
    0xDF, 0x00, 0x00, 0xC4, 0xEF, 0xF9, 0xDF, 0x00, 0x40, 0xFF, 0xFF, 0xFF, 0xDF, 0x00, 0xD0, 0xFF,
    0x28, 0xF2, 0xDF, 0x00, 0xF3, 0xCF, 0x00, 0xE0, 0xDF, 0x00, 0xF4, 0xAF, 0x00, 0xE0, 0xDF, 0x00,
    0xF3, 0xBF, 0x00, 0xE0, 0xDF, 0x00, 0xE1, 0xEF, 0x03, 0xF2, 0xDF, 0x00, 0x70, 0xFF, 0xEF, 0xFF,
    0xDF, 0x00, 0x00, 0xE8, 0xCE, 0xE6, 0xDF, 0x00,
    // Unicode: [0x0112]
    0x70, 0xFF, 0xFF, 0xCF, 0x00, 0x40, 0x99, 0x99, 0x89, 0x00, 0x00, 0x00, 0x00, 0x00, 0x00, 0xF8,
    0xFF, 0xFF, 0xFF, 0x0E, 0xF8, 0xFF, 0xFF, 0xFF, 0x0E, 0xF8, 0x9F, 0x44, 0x44, 0x03, 0xF8, 0x7F,
    0x00, 0x00, 0x00, 0xF8, 0x9F, 0x44, 0x44, 0x02, 0xF8, 0xFF, 0xFF, 0xFF, 0x08, 0xF8, 0xFF, 0xFF,
    0xFF, 0x08, 0xF8, 0x7F, 0x00, 0x00, 0x00, 0xF8, 0x7F, 0x00, 0x00, 0x00, 0xF8, 0x9F, 0x44, 0x44,
    0x03, 0xF8, 0xFF, 0xFF, 0xFF, 0x0E, 0xF8, 0xFF, 0xFF, 0xFF, 0x0E,
    // Unicode: [0x0113]
    0x00, 0xF9, 0xFF, 0xFF, 0x0A, 0x00, 0x96, 0x99, 0x99, 0x06, 0x00, 0x00, 0x00, 0x00, 0x00, 0x00,
    0x92, 0xFD, 0xBE, 0x04, 0x40, 0xFE, 0xCE, 0xFE, 0x4F, 0xD0, 0xCF, 0x01, 0xF2, 0xBF, 0xF3, 0xDF,
    0xAA, 0xEA, 0xEF, 0xF4, 0xFF, 0xFF, 0xFF, 0xFF, 0xF3, 0xAF, 0x00, 0x00, 0x00, 0xD0, 0xFF, 0x17,
    0x20, 0xA6, 0x40, 0xFF, 0xFF, 0xFF, 0xCF, 0x00, 0x92, 0xFD, 0xDF, 0x5A,
    // Unicode: [0x0114]
    0x20, 0x48, 0x00, 0x57, 0x00, 0x20, 0xCF, 0x62, 0x8F, 0x00, 0x00, 0xF7, 0xFF, 0x1C, 0x00, 0x00,
    0x10, 0x34, 0x00, 0x00, 0xF8, 0xFF, 0xFF, 0xFF, 0x0E, 0xF8, 0xFF, 0xFF, 0xFF, 0x0E, 0xF8, 0x9F,
    0x44, 0x44, 0x03, 0xF8, 0x7F, 0x00, 0x00, 0x00, 0xF8, 0x9F, 0x44, 0x44, 0x02, 0xF8, 0xFF, 0xFF,
    0xFF, 0x08, 0xF8, 0xFF, 0xFF, 0xFF, 0x08, 0xF8, 0x7F, 0x00, 0x00, 0x00, 0xF8, 0x7F, 0x00, 0x00,
    0x00, 0xF8, 0x9F, 0x44, 0x44, 0x03, 0xF8, 0xFF, 0xFF, 0xFF, 0x0E, 0xF8, 0xFF, 0xFF, 0xFF, 0x0E,
    // Unicode: [0x0115]
    0x00, 0xF5, 0x06, 0xF2, 0x09, 0x00, 0xF2, 0x2C, 0xF9, 0x05, 0x00, 0x70, 0xFF, 0xAF, 0x00, 0x00,
    0x00, 0x41, 0x02, 0x00, 0x00, 0x92, 0xFD, 0xBE, 0x04, 0x40, 0xFE, 0xCE, 0xFE, 0x4F, 0xD0, 0xCF,
    0x01, 0xF2, 0xBF, 0xF3, 0xDF, 0xAA, 0xEA, 0xEF, 0xF4, 0xFF, 0xFF, 0xFF, 0xFF, 0xF3, 0xAF, 0x00,
    0x00, 0x00, 0xD0, 0xFF, 0x17, 0x20, 0xA6, 0x40, 0xFF, 0xFF, 0xFF, 0xCF, 0x00, 0x92, 0xFD, 0xDF,
    0x5A,
    // Unicode: [0x0116]
    0x00, 0xA0, 0xFF, 0x04, 0x00, 0x00, 0xA0, 0xFF, 0x04, 0x00, 0x00, 0x10, 0x22, 0x00, 0x00, 0xF8,
    0xFF, 0xFF, 0xFF, 0x0E, 0xF8, 0xFF, 0xFF, 0xFF, 0x0E, 0xF8, 0x9F, 0x44, 0x44, 0x03, 0xF8, 0x7F,
    0x00, 0x00, 0x00, 0xF8, 0x9F, 0x44, 0x44, 0x02, 0xF8, 0xFF, 0xFF, 0xFF, 0x08, 0xF8, 0xFF, 0xFF,
    0xFF, 0x08, 0xF8, 0x7F, 0x00, 0x00, 0x00, 0xF8, 0x7F, 0x00, 0x00, 0x00, 0xF8, 0x9F, 0x44, 0x44,
    0x03, 0xF8, 0xFF, 0xFF, 0xFF, 0x0E, 0xF8, 0xFF, 0xFF, 0xFF, 0x0E,
    // Unicode: [0x0117]
    0x00, 0x00, 0xFE, 0x0F, 0x00, 0x00, 0x00, 0xFE, 0x0F, 0x00, 0x00, 0x00, 0x22, 0x02, 0x00, 0x00,
    0x92, 0xFD, 0xBE, 0x04, 0x40, 0xFE, 0xCE, 0xFE, 0x4F, 0xD0, 0xCF, 0x01, 0xF2, 0xBF, 0xF3, 0xDF,
    0xAA, 0xEA, 0xEF, 0xF4, 0xFF, 0xFF, 0xFF, 0xFF, 0xF3, 0xAF, 0x00, 0x00, 0x00, 0xD0, 0xFF, 0x17,
    0x20, 0xA6, 0x40, 0xFF, 0xFF, 0xFF, 0xCF, 0x00, 0x92, 0xFD, 0xDF, 0x5A,
    // Unicode: [0x0118]
    0xF8, 0xFF, 0xFF, 0xFF, 0x0E, 0xF8, 0xFF, 0xFF, 0xFF, 0x0E, 0xF8, 0x9F, 0x44, 0x44, 0x03, 0xF8,
    0x7F, 0x00, 0x00, 0x00, 0xF8, 0x9F, 0x44, 0x44, 0x02, 0xF8, 0xFF, 0xFF, 0xFF, 0x08, 0xF8, 0xFF,
    0xFF, 0xFF, 0x08, 0xF8, 0x7F, 0x00, 0x00, 0x00, 0xF8, 0x7F, 0x00, 0x00, 0x00, 0xF8, 0x9F, 0x44,
    0x44, 0x04, 0xF8, 0xFF, 0xFF, 0xFF, 0x0E, 0xF8, 0xFF, 0xFF, 0xFF, 0x0E, 0x00, 0x00, 0xD0, 0x0D,
    0x00, 0x00, 0x00, 0xA0, 0xAF, 0x58, 0x00, 0x00, 0x20, 0xEB, 0x7F,
    // Unicode: [0x0119]
    0x00, 0x92, 0xFD, 0xBE, 0x04, 0x30, 0xFE, 0xCE, 0xFE, 0x4F, 0xD0, 0xCF, 0x01, 0xF2, 0xBF, 0xF3,
    0xDF, 0xAA, 0xEA, 0xEF, 0xF4, 0xFF, 0xFF, 0xFF, 0xFF, 0xF3, 0xAF, 0x00, 0x00, 0x00, 0xE0, 0xFF,
    0x16, 0x10, 0xA6, 0x50, 0xFF, 0xFF, 0xFE, 0xCF, 0x00, 0xA3, 0xFE, 0xEF, 0x5B, 0x00, 0x00, 0x90,
    0x2F, 0x00, 0x00, 0x00, 0x60, 0xCF, 0x88, 0x00, 0x00, 0x00, 0xE9, 0xBF,
    // Unicode: [0x011A]
    0x50, 0xBF, 0x40, 0xCF, 0x00, 0x00, 0xF7, 0xEA, 0x1D, 0x00, 0x00, 0xA0, 0xEF, 0x03, 0x00, 0x00,
    0x00, 0x00, 0x00, 0x00, 0xF8, 0xFF, 0xFF, 0xFF, 0x0E, 0xF8, 0xFF, 0xFF, 0xFF, 0x0E, 0xF8, 0x9F,
    0x44, 0x44, 0x03, 0xF8, 0x7F, 0x00, 0x00, 0x00, 0xF8, 0x9F, 0x44, 0x44, 0x02, 0xF8, 0xFF, 0xFF,
    0xFF, 0x08, 0xF8, 0xFF, 0xFF, 0xFF, 0x08, 0xF8, 0x7F, 0x00, 0x00, 0x00, 0xF8, 0x7F, 0x00, 0x00,
    0x00, 0xF8, 0x9F, 0x44, 0x44, 0x03, 0xF8, 0xFF, 0xFF, 0xFF, 0x0E, 0xF8, 0xFF, 0xFF, 0xFF, 0x0E,
    // Unicode: [0x011B]
    0x00, 0x85, 0x03, 0x71, 0x07, 0x00, 0xF3, 0x1D, 0xFA, 0x05, 0x00, 0x70, 0xCF, 0xAF, 0x00, 0x00,
    0x00, 0xFB, 0x1D, 0x00, 0x00, 0x00, 0x00, 0x00, 0x00, 0x00, 0x92, 0xFD, 0xBE, 0x04, 0x40, 0xFE,
    0xCE, 0xFE, 0x4F, 0xD0, 0xCF, 0x01, 0xF2, 0xBF, 0xF3, 0xDF, 0xAA, 0xEA, 0xEF, 0xF4, 0xFF, 0xFF,
    0xFF, 0xFF, 0xF3, 0xAF, 0x00, 0x00, 0x00, 0xD0, 0xFF, 0x17, 0x20, 0xA6, 0x40, 0xFF, 0xFF, 0xFF,
    0xCF, 0x00, 0x92, 0xFD, 0xDF, 0x5A,
    // Unicode: [0x011C]
    0x00, 0x00, 0x60, 0xFF, 0x06, 0x00, 0x00, 0x00, 0xF4, 0xCC, 0x4F, 0x00, 0x00, 0x20, 0xDE, 0x21,
    0xED, 0x02, 0x00, 0x00, 0x00, 0x00, 0x00, 0x00, 0x00, 0x20, 0xC8, 0xFE, 0xBD, 0x17, 0x00, 0xE5,
    0xFF, 0xFF, 0xFF, 0xBF, 0x30, 0xFF, 0xCF, 0x35, 0x84, 0xBE, 0xB0, 0xFF, 0x0B, 0x00, 0x00, 0x51,
    0xF1, 0xFF, 0x02, 0x00, 0x00, 0x00, 0xF2, 0xEF, 0x00, 0xF9, 0xFF, 0xCF, 0xF2, 0xEF, 0x00, 0xF9,
    0xFF, 0xCF, 0xF1, 0xFF, 0x02, 0x32, 0xF6, 0xCF, 0xB0, 0xFF, 0x0A, 0x00, 0xF4, 0xCF, 0x40, 0xFF,
    0xCF, 0x35, 0xF5, 0xCF, 0x00, 0xF6, 0xFF, 0xFF, 0xFF, 0xCF, 0x00, 0x20, 0xD9, 0xFE, 0xBE, 0x38,
    // Unicode: [0x011D]
    0x00, 0x00, 0x84, 0x07, 0x00, 0x00, 0x30, 0xFE, 0x8F, 0x00, 0x00, 0xD1, 0x3E, 0xFB, 0x05, 0x00,
    0x84, 0x03, 0x71, 0x07, 0x00, 0x00, 0x00, 0x00, 0x00, 0x00, 0xC4, 0xDF, 0xE9, 0xDF, 0x50, 0xFF,
    0xFF, 0xFF, 0xDF, 0xE0, 0xFF, 0x27, 0xF2, 0xDF, 0xF3, 0xCF, 0x00, 0xE0, 0xDF, 0xF4, 0xAF, 0x00,
    0xE0, 0xDF, 0xF3, 0xBF, 0x00, 0xE0, 0xDF, 0xF1, 0xFF, 0x36, 0xF6, 0xDF, 0x80, 0xFF, 0xFF, 0xFF,
    0xDF, 0x00, 0xD7, 0xDF, 0xF7, 0xCF, 0x20, 0x24, 0x10, 0xF8, 0x9F, 0x50, 0xFF, 0xFF, 0xFF, 0x2E,
    0x40, 0xEC, 0xEF, 0x9D, 0x02,
    // Unicode: [0x011E]
    0x00, 0x10, 0xAF, 0x00, 0xDD, 0x00, 0x00, 0x00, 0xEC, 0x53, 0x9F, 0x00, 0x00, 0x00, 0xE3, 0xFF,
    0x2C, 0x00, 0x00, 0x00, 0x10, 0x33, 0x00, 0x00, 0x00, 0x20, 0xC8, 0xFE, 0xBD, 0x17, 0x00, 0xE5,
    0xFF, 0xFF, 0xFF, 0xBF, 0x30, 0xFF, 0xCF, 0x35, 0x84, 0xBE, 0xB0, 0xFF, 0x0B, 0x00, 0x00, 0x51,
    0xF1, 0xFF, 0x02, 0x00, 0x00, 0x00, 0xF2, 0xEF, 0x00, 0xF9, 0xFF, 0xCF, 0xF2, 0xEF, 0x00, 0xF9,
    0xFF, 0xCF, 0xF1, 0xFF, 0x02, 0x32, 0xF6, 0xCF, 0xB0, 0xFF, 0x0A, 0x00, 0xF4, 0xCF, 0x40, 0xFF,
    0xCF, 0x35, 0xF5, 0xCF, 0x00, 0xF6, 0xFF, 0xFF, 0xFF, 0xCF, 0x00, 0x20, 0xD9, 0xFE, 0xBE, 0x38,
    // Unicode: [0x011F]
    0x00, 0xF4, 0x07, 0xF2, 0x09, 0x00, 0xF1, 0x2C, 0xF8, 0x06, 0x00, 0x60, 0xFF, 0xAF, 0x00, 0x00,
    0x00, 0x41, 0x02, 0x00, 0x00, 0xC4, 0xDF, 0xE9, 0xDF, 0x50, 0xFF, 0xFF, 0xFF, 0xDF, 0xE0, 0xFF,
    0x27, 0xF2, 0xDF, 0xF3, 0xCF, 0x00, 0xE0, 0xDF, 0xF4, 0xAF, 0x00, 0xE0, 0xDF, 0xF3, 0xBF, 0x00,
    0xE0, 0xDF, 0xF1, 0xFF, 0x36, 0xF6, 0xDF, 0x80, 0xFF, 0xFF, 0xFF, 0xDF, 0x00, 0xD7, 0xDF, 0xF7,
    0xCF, 0x20, 0x24, 0x10, 0xF8, 0x9F, 0x50, 0xFF, 0xFF, 0xFF, 0x2E, 0x40, 0xEC, 0xEF, 0x9D, 0x02,
    // Unicode: [0x0120]
    0x00, 0x00, 0x10, 0x22, 0x01, 0x00, 0x00, 0x00, 0x80, 0xFF, 0x06, 0x00, 0x00, 0x00, 0x80, 0xFF,
    0x06, 0x00, 0x00, 0x00, 0x00, 0x00, 0x00, 0x00, 0x00, 0x20, 0xC8, 0xFE, 0xBD, 0x17, 0x00, 0xE5,
    0xFF, 0xFF, 0xFF, 0xBF, 0x30, 0xFF, 0xCF, 0x35, 0x84, 0xBE, 0xB0, 0xFF, 0x0B, 0x00, 0x00, 0x51,
    0xF1, 0xFF, 0x02, 0x00, 0x00, 0x00, 0xF2, 0xEF, 0x00, 0xF9, 0xFF, 0xCF, 0xF2, 0xEF, 0x00, 0xF9,
    0xFF, 0xCF, 0xF1, 0xFF, 0x02, 0x32, 0xF6, 0xCF, 0xB0, 0xFF, 0x0A, 0x00, 0xF4, 0xCF, 0x40, 0xFF,
    0xCF, 0x35, 0xF5, 0xCF, 0x00, 0xF6, 0xFF, 0xFF, 0xFF, 0xCF, 0x00, 0x20, 0xD9, 0xFE, 0xBE, 0x38,
    // Unicode: [0x0121]
    0x00, 0x00, 0xFB, 0x2F, 0x00, 0x00, 0x00, 0xFB, 0x2F, 0x00, 0x00, 0x00, 0x21, 0x02, 0x00, 0x00,
    0xC4, 0xDF, 0xE9, 0xDF, 0x50, 0xFF, 0xFF, 0xFF, 0xDF, 0xE0, 0xFF, 0x27, 0xF2, 0xDF, 0xF3, 0xCF,
    0x00, 0xE0, 0xDF, 0xF4, 0xAF, 0x00, 0xE0, 0xDF, 0xF3, 0xBF, 0x00, 0xE0, 0xDF, 0xF1, 0xFF, 0x36,
    0xF6, 0xDF, 0x80, 0xFF, 0xFF, 0xFF, 0xDF, 0x00, 0xD7, 0xDF, 0xF7, 0xCF, 0x20, 0x24, 0x10, 0xF8,
    0x9F, 0x50, 0xFF, 0xFF, 0xFF, 0x2E, 0x40, 0xEC, 0xEF, 0x9D, 0x02,
    // Unicode: [0x0122]
    0x00, 0x20, 0xC8, 0xFE, 0xBD, 0x17, 0x00, 0xE5, 0xFF, 0xFF, 0xFF, 0xBF, 0x30, 0xFF, 0xCF, 0x35,
    0x84, 0xBE, 0xB0, 0xFF, 0x0B, 0x00, 0x00, 0x51, 0xF1, 0xFF, 0x02, 0x00, 0x00, 0x00, 0xF2, 0xEF,
    0x00, 0xF9, 0xFF, 0xCF, 0xF2, 0xEF, 0x00, 0xF9, 0xFF, 0xCF, 0xF1, 0xFF, 0x02, 0x32, 0xF6, 0xCF,
    0xB0, 0xFF, 0x0A, 0x00, 0xF4, 0xCF, 0x40, 0xFF, 0xBF, 0x24, 0xF5, 0xCF, 0x00, 0xF6, 0xFF, 0xFF,
    0xFF, 0xCF, 0x00, 0x20, 0xD9, 0xFE, 0xBF, 0x38, 0x00, 0x00, 0x00, 0xD0, 0x0D, 0x00, 0x00, 0x00,
    0x86, 0xFA, 0x0A, 0x00, 0x00, 0x00, 0xF7, 0xAE, 0x01, 0x00,
    // Unicode: [0x0123]
    0x00, 0x00, 0x00, 0x11, 0x00, 0x00, 0x00, 0x50, 0xBF, 0x00, 0x00, 0x00, 0xF4, 0x3F, 0x00, 0x00,
    0x20, 0xFE, 0x09, 0x00, 0x00, 0x00, 0x00, 0x00, 0x00, 0x00, 0xC4, 0xDF, 0xE9, 0xDF, 0x50, 0xFF,
    0xFF, 0xFF, 0xDF, 0xE0, 0xFF, 0x27, 0xF2, 0xDF, 0xF3, 0xCF, 0x00, 0xE0, 0xDF, 0xF4, 0xAF, 0x00,
    0xE0, 0xDF, 0xF3, 0xBF, 0x00, 0xE0, 0xDF, 0xF1, 0xFF, 0x36, 0xF6, 0xDF, 0x80, 0xFF, 0xFF, 0xFF,
    0xDF, 0x00, 0xD7, 0xDF, 0xF7, 0xCF, 0x20, 0x24, 0x10, 0xF8, 0x9F, 0x50, 0xFF, 0xFF, 0xFF, 0x2E,
    0x40, 0xEC, 0xEF, 0x9D, 0x02,
    // Unicode: [0x0124]
    0x00, 0x00, 0xFA, 0x2E, 0x00, 0x00, 0x00, 0x80, 0xAF, 0xDE, 0x01, 0x00, 0x00, 0xF5, 0x0A, 0xF5,
    0x0B, 0x00, 0x00, 0x00, 0x00, 0x00, 0x00, 0x00, 0xF8, 0x7F, 0x00, 0x10, 0xFF, 0x0E, 0xF8, 0x7F,
    0x00, 0x10, 0xFF, 0x0E, 0xF8, 0x7F, 0x00, 0x10, 0xFF, 0x0E, 0xF8, 0x7F, 0x00, 0x10, 0xFF, 0x0E,
    0xF8, 0x9F, 0x44, 0x54, 0xFF, 0x0E, 0xF8, 0xFF, 0xFF, 0xFF, 0xFF, 0x0E, 0xF8, 0xFF, 0xFF, 0xFF,
    0xFF, 0x0E, 0xF8, 0x7F, 0x00, 0x10, 0xFF, 0x0E, 0xF8, 0x7F, 0x00, 0x10, 0xFF, 0x0E, 0xF8, 0x7F,
    0x00, 0x10, 0xFF, 0x0E, 0xF8, 0x7F, 0x00, 0x10, 0xFF, 0x0E, 0xF8, 0x7F, 0x00, 0x10, 0xFF, 0x0E,
    // Unicode: [0x0125]
    0x00, 0x70, 0xFF, 0x04, 0x00, 0x00, 0xF4, 0xEC, 0x2E, 0x00, 0x20, 0xEE, 0x42, 0xCF, 0x01, 0x10,
    0x13, 0x00, 0x32, 0x01, 0xFA, 0x2F, 0x00, 0x00, 0x00, 0xFA, 0x2F, 0x00, 0x00, 0x00, 0xFA, 0x2F,
    0x00, 0x00, 0x00, 0xFA, 0x4F, 0xE9, 0xAE, 0x02, 0xFA, 0xFF, 0xFF, 0xFF, 0x0B, 0xFA, 0x9F, 0x64,
    0xFF, 0x1F, 0xFA, 0x2F, 0x00, 0xFC, 0x2F, 0xFA, 0x2F, 0x00, 0xFB, 0x2F, 0xFA, 0x2F, 0x00, 0xFA,
    0x2F, 0xFA, 0x2F, 0x00, 0xFA, 0x2F, 0xFA, 0x2F, 0x00, 0xFA, 0x2F, 0xFA, 0x2F, 0x00, 0xFA, 0x2F,
    // Unicode: [0x0126]
    0x80, 0xFF, 0x07, 0x00, 0xF1, 0xEF, 0x00, 0x80, 0xFF, 0x07, 0x00, 0xF1, 0xEF, 0x00, 0xF8, 0xFF,
    0xFF, 0xFF, 0xFF, 0xFF, 0x0F, 0xD6, 0xFF, 0xAD, 0xAA, 0xFB, 0xFF, 0x0A, 0x80, 0xFF, 0x49, 0x44,
    0xF5, 0xEF, 0x00, 0x80, 0xFF, 0xFF, 0xFF, 0xFF, 0xEF, 0x00, 0x80, 0xFF, 0xFF, 0xFF, 0xFF, 0xEF,
    0x00, 0x80, 0xFF, 0x07, 0x00, 0xF1, 0xEF, 0x00, 0x80, 0xFF, 0x07, 0x00, 0xF1, 0xEF, 0x00, 0x80,
    0xFF, 0x07, 0x00, 0xF1, 0xEF, 0x00, 0x80, 0xFF, 0x07, 0x00, 0xF1, 0xEF, 0x00, 0x80, 0xFF, 0x07,
    0x00, 0xF1, 0xEF, 0x00,
    // Unicode: [0x0127]
    0xFA, 0xFF, 0xFF, 0x0A, 0x00, 0x00, 0xD6, 0xFF, 0x9A, 0x06, 0x00, 0x00, 0xA0, 0xFF, 0x02, 0x00,
    0x00, 0x00, 0xA0, 0xFF, 0x94, 0xEE, 0x2A, 0x00, 0xA0, 0xFF, 0xFF, 0xFF, 0xBF, 0x00, 0xA0, 0xFF,
    0x5A, 0xF7, 0xFF, 0x01, 0xA0, 0xFF, 0x02, 0xC0, 0xFF, 0x02, 0xA0, 0xFF, 0x02, 0xB0, 0xFF, 0x02,
    0xA0, 0xFF, 0x02, 0xA0, 0xFF, 0x02, 0xA0, 0xFF, 0x02, 0xA0, 0xFF, 0x02, 0xA0, 0xFF, 0x02, 0xA0,
    0xFF, 0x02, 0xA0, 0xFF, 0x02, 0xA0, 0xFF, 0x02,
    // Unicode: [0x0128]
    0x70, 0x28, 0x90, 0x08, 0xFA, 0xFF, 0xFC, 0x09, 0xBF, 0x92, 0xCE, 0x02, 0x00, 0x00, 0x00, 0x00,
    0xFF, 0xFF, 0xFF, 0x0C, 0xFF, 0xFF, 0xFF, 0x0C, 0x31, 0xFF, 0x1D, 0x01, 0x20, 0xFF, 0x0D, 0x00,
    0x20, 0xFF, 0x0D, 0x00, 0x20, 0xFF, 0x0D, 0x00, 0x20, 0xFF, 0x0D, 0x00, 0x20, 0xFF, 0x0D, 0x00,
    0x20, 0xFF, 0x0D, 0x00, 0x21, 0xFF, 0x1D, 0x01, 0xFF, 0xFF, 0xFF, 0x0C, 0xFF, 0xFF, 0xFF, 0x0C,
    // Unicode: [0x0129]
    0xE9, 0xFF, 0x6F, 0x78, 0x87, 0x06, 0x00, 0x00, 0x00, 0xA0, 0xFF, 0x02, 0xA0, 0xFF, 0x02, 0xA0,
    0xFF, 0x02, 0xA0, 0xFF, 0x02, 0xA0, 0xFF, 0x02, 0xA0, 0xFF, 0x02, 0xA0, 0xFF, 0x02, 0xA0, 0xFF,
    0x02, 0xA0, 0xFF, 0x02,
    // Unicode: [0x012A]
    0xFC, 0xFF, 0xFF, 0x08, 0x97, 0x99, 0x99, 0x05, 0x00, 0x00, 0x00, 0x00, 0xFF, 0xFF, 0xFF, 0x0C,
    0xFF, 0xFF, 0xFF, 0x0C, 0x31, 0xFF, 0x1D, 0x01, 0x20, 0xFF, 0x0D, 0x00, 0x20, 0xFF, 0x0D, 0x00,
    0x20, 0xFF, 0x0D, 0x00, 0x20, 0xFF, 0x0D, 0x00, 0x20, 0xFF, 0x0D, 0x00, 0x20, 0xFF, 0x0D, 0x00,
    0x21, 0xFF, 0x1D, 0x01, 0xFF, 0xFF, 0xFF, 0x0C, 0xFF, 0xFF, 0xFF, 0x0C,
    // Unicode: [0x012B]
    0xFA, 0xFF, 0x2F, 0x96, 0x99, 0x19, 0x00, 0x00, 0x00, 0xA0, 0xFF, 0x02, 0xA0, 0xFF, 0x02, 0xA0,
    0xFF, 0x02, 0xA0, 0xFF, 0x02, 0xA0, 0xFF, 0x02, 0xA0, 0xFF, 0x02, 0xA0, 0xFF, 0x02, 0xA0, 0xFF,
    0x02, 0xA0, 0xFF, 0x02,
    // Unicode: [0x012C]
    0x84, 0x01, 0x83, 0x03, 0xF7, 0x27, 0xFA, 0x03, 0xB1, 0xFF, 0x8F, 0x00, 0x00, 0x42, 0x02, 0x00,
    0xFF, 0xFF, 0xFF, 0x0C, 0xFF, 0xFF, 0xFF, 0x0C, 0x31, 0xFF, 0x1D, 0x01, 0x20, 0xFF, 0x0D, 0x00,
    0x20, 0xFF, 0x0D, 0x00, 0x20, 0xFF, 0x0D, 0x00, 0x20, 0xFF, 0x0D, 0x00, 0x20, 0xFF, 0x0D, 0x00,
    0x20, 0xFF, 0x0D, 0x00, 0x21, 0xFF, 0x1D, 0x01, 0xFF, 0xFF, 0xFF, 0x0C, 0xFF, 0xFF, 0xFF, 0x0C,
    // Unicode: [0x012D]
    0x56, 0x20, 0x28, 0xD9, 0x71, 0x2F, 0xD2, 0xFF, 0x07, 0x00, 0x12, 0x00, 0xA0, 0xFF, 0x02, 0xA0,
    0xFF, 0x02, 0xA0, 0xFF, 0x02, 0xA0, 0xFF, 0x02, 0xA0, 0xFF, 0x02, 0xA0, 0xFF, 0x02, 0xA0, 0xFF,
    0x02, 0xA0, 0xFF, 0x02, 0xA0, 0xFF, 0x02,
    // Unicode: [0x012E]
    0xFF, 0xFF, 0xFF, 0x0C, 0xFF, 0xFF, 0xFF, 0x0C, 0x31, 0xFF, 0x1D, 0x01, 0x20, 0xFF, 0x0D, 0x00,
    0x20, 0xFF, 0x0D, 0x00, 0x20, 0xFF, 0x0D, 0x00, 0x20, 0xFF, 0x0D, 0x00, 0x20, 0xFF, 0x0D, 0x00,
    0x20, 0xFF, 0x0D, 0x00, 0x32, 0xFF, 0x2D, 0x01, 0xFF, 0xFF, 0xFF, 0x0C, 0xFF, 0xFF, 0xFF, 0x0C,
    0x00, 0xF1, 0x09, 0x00, 0x00, 0xE0, 0x8E, 0x38, 0x00, 0x40, 0xFC, 0x4E,
    // Unicode: [0x012F]
    0xFB, 0x3F, 0x00, 0xFB, 0x3F, 0x00, 0x21, 0x02, 0x00, 0xFA, 0x2F, 0x00, 0xFA, 0x2F, 0x00, 0xFA,
    0x2F, 0x00, 0xFA, 0x2F, 0x00, 0xFA, 0x2F, 0x00, 0xFA, 0x2F, 0x00, 0xFA, 0x2F, 0x00, 0xFA, 0x2F,
    0x00, 0xFB, 0x2F, 0x00, 0xEB, 0x00, 0x00, 0xF8, 0x8A, 0x05, 0xA1, 0xFE, 0x07,
    // Unicode: [0x0130]
    0x10, 0xFF, 0x0C, 0x00, 0x10, 0xFF, 0x0C, 0x00, 0x00, 0x22, 0x01, 0x00, 0xFF, 0xFF, 0xFF, 0x0C,
    0xFF, 0xFF, 0xFF, 0x0C, 0x31, 0xFF, 0x1D, 0x01, 0x20, 0xFF, 0x0D, 0x00, 0x20, 0xFF, 0x0D, 0x00,
    0x20, 0xFF, 0x0D, 0x00, 0x20, 0xFF, 0x0D, 0x00, 0x20, 0xFF, 0x0D, 0x00, 0x20, 0xFF, 0x0D, 0x00,
    0x21, 0xFF, 0x1D, 0x01, 0xFF, 0xFF, 0xFF, 0x0C, 0xFF, 0xFF, 0xFF, 0x0C,
    // Unicode: [0x0131]
    0xFA, 0x2F, 0xFA, 0x2F, 0xFA, 0x2F, 0xFA, 0x2F, 0xFA, 0x2F, 0xFA, 0x2F, 0xFA, 0x2F, 0xFA, 0x2F,
    0xFA, 0x2F,
    // Unicode: [0x0132]
    0xFF, 0xFF, 0xFF, 0x0C, 0xF7, 0xFF, 0xCF, 0xFF, 0xFF, 0xFF, 0x0C, 0xF7, 0xFF, 0xCF, 0x31, 0xFF,
    0x1D, 0x01, 0x10, 0xF4, 0xCF, 0x20, 0xFF, 0x0D, 0x00, 0x00, 0xF3, 0xCF, 0x20, 0xFF, 0x0D, 0x00,
    0x00, 0xF3, 0xCF, 0x20, 0xFF, 0x0D, 0x00, 0x00, 0xF3, 0xCF, 0x20, 0xFF, 0x0D, 0x00, 0x00, 0xF3,
    0xCF, 0x20, 0xFF, 0x0D, 0x00, 0x00, 0xF4, 0xCF, 0x20, 0xFF, 0x0D, 0x00, 0x00, 0xF5, 0xBF, 0x21,
    0xFF, 0x1D, 0x21, 0x22, 0xFB, 0x9F, 0xFF, 0xFF, 0xFF, 0x6C, 0xFF, 0xFF, 0x2F, 0xFF, 0xFF, 0xFF,
    0x5C, 0xFF, 0xBE, 0x03,
    // Unicode: [0x0133]
    0xFB, 0x3F, 0x00, 0xFA, 0x5F, 0xFB, 0x3F, 0x00, 0xFA, 0x5F, 0x21, 0x02, 0x00, 0x21, 0x12, 0xFA,
    0x2F, 0xF2, 0xFF, 0x5F, 0xFA, 0x2F, 0xE2, 0xFE, 0x5F, 0xFA, 0x2F, 0x00, 0xF7, 0x5F, 0xFA, 0x2F,
    0x00, 0xF7, 0x5F, 0xFA, 0x2F, 0x00, 0xF7, 0x5F, 0xFA, 0x2F, 0x00, 0xF7, 0x5F, 0xFA, 0x2F, 0x00,
    0xF7, 0x5F, 0xFA, 0x2F, 0x00, 0xF7, 0x5F, 0xFA, 0x2F, 0x00, 0xF8, 0x5F, 0x00, 0x10, 0x43, 0xFD,
    0x3F, 0x00, 0x40, 0xFF, 0xFF, 0x0D, 0x00, 0x30, 0xFE, 0xAE, 0x02,
    // Unicode: [0x0134]
    0x00, 0xA0, 0xEF, 0x03, 0x00, 0x00, 0xF7, 0xEA, 0x1D, 0x00, 0x50, 0xBF, 0x40, 0xCF, 0x01, 0x00,
    0x00, 0x00, 0x00, 0x00, 0x20, 0xFF, 0xFF, 0x8F, 0x00, 0x20, 0xFF, 0xFF, 0x8F, 0x00, 0x00, 0x22,
    0xF8, 0x8F, 0x00, 0x00, 0x00, 0xF7, 0x8F, 0x00, 0x00, 0x00, 0xF7, 0x8F, 0x00, 0x00, 0x00, 0xF7,
    0x8F, 0x00, 0x00, 0x00, 0xF7, 0x8F, 0x00, 0x00, 0x00, 0xF7, 0x8F, 0x00, 0x00, 0x00, 0xF9, 0x8F,
    0x00, 0x55, 0x63, 0xFE, 0x5F, 0x00, 0xFA, 0xFF, 0xFF, 0x0C, 0x00, 0xE8, 0xFF, 0x8D, 0x01, 0x00,
    // Unicode: [0x0135]
    0x00, 0x71, 0x18, 0x00, 0x00, 0xF9, 0xAF, 0x00, 0x40, 0x9F, 0xF8, 0x05, 0x60, 0x17, 0x70, 0x06,
    0x00, 0x00, 0x00, 0x00, 0x50, 0xFF, 0xFF, 0x02, 0x50, 0xFE, 0xFF, 0x02, 0x00, 0xA0, 0xFF, 0x02,
    0x00, 0xA0, 0xFF, 0x02, 0x00, 0xA0, 0xFF, 0x02, 0x00, 0xA0, 0xFF, 0x02, 0x00, 0xA0, 0xFF, 0x02,
    0x00, 0xA0, 0xFF, 0x02, 0x00, 0xB0, 0xFF, 0x02, 0x31, 0xF5, 0xFF, 0x00, 0xF7, 0xFF, 0xAF, 0x00,
    0xE6, 0xEF, 0x19, 0x00,
    // Unicode: [0x0136]
    0xF8, 0x7F, 0x00, 0xB0, 0xFF, 0x0B, 0xF8, 0x7F, 0x00, 0xF8, 0xDF, 0x01, 0xF8, 0x7F, 0x40, 0xFF,
    0x2E, 0x00, 0xF8, 0x7F, 0xE2, 0xFF, 0x04, 0x00, 0xF8, 0x8F, 0xFC, 0x7F, 0x00, 0x00, 0xF8, 0xEF,
    0xFF, 0x0C, 0x00, 0x00, 0xF8, 0xFF, 0xFF, 0x4F, 0x00, 0x00, 0xF8, 0xDF, 0xFA, 0xEF, 0x02, 0x00,
    0xF8, 0x7F, 0xD1, 0xFF, 0x0B, 0x00, 0xF8, 0x7F, 0x30, 0xFF, 0x7F, 0x00, 0xF8, 0x7F, 0x00, 0xF6,
    0xFF, 0x04, 0xF8, 0x7F, 0x20, 0xA1, 0xFF, 0x1D, 0x00, 0x00, 0xF4, 0x08, 0x00, 0x00, 0x00, 0x78,
    0xFC, 0x05, 0x00, 0x00, 0x00, 0xFC, 0x8D, 0x00, 0x00, 0x00,
    // Unicode: [0x0137]
    0xFA, 0x2F, 0x00, 0x00, 0x00, 0xFA, 0x2F, 0x00, 0x00, 0x00, 0xFA, 0x2F, 0x00, 0x00, 0x00, 0xFA,
    0x2F, 0x30, 0xFF, 0x2E, 0xFA, 0x2F, 0xD1, 0xFF, 0x03, 0xFA, 0x2F, 0xFB, 0x6F, 0x00, 0xFA, 0xAF,
    0xFF, 0x09, 0x00, 0xFA, 0xFF, 0xFF, 0x0A, 0x00, 0xFA, 0x9F, 0xFC, 0x5F, 0x00, 0xFA, 0x2F, 0xF3,
    0xEF, 0x01, 0xFA, 0x2F, 0x90, 0xFF, 0x0A, 0xFA, 0x2F, 0x22, 0xFD, 0x5F, 0x00, 0x10, 0xBF, 0x00,
    0x00, 0x70, 0xB8, 0x8F, 0x00, 0x00, 0x90, 0xEF, 0x19, 0x00, 0x00,
    // Unicode: [0x0138]
    0xFA, 0x2F, 0x30, 0xFF, 0x2E, 0xFA, 0x2F, 0xD1, 0xFF, 0x03, 0xFA, 0x2F, 0xFB, 0x6F, 0x00, 0xFA,
    0xAF, 0xFF, 0x09, 0x00, 0xFA, 0xFF, 0xFF, 0x0A, 0x00, 0xFA, 0x9F, 0xFC, 0x5F, 0x00, 0xFA, 0x2F,
    0xF3, 0xEF, 0x01, 0xFA, 0x2F, 0x90, 0xFF, 0x0A, 0xFA, 0x2F, 0x10, 0xFD, 0x5F,
    // Unicode: [0x0139]
    0x00, 0xC0, 0xDF, 0x01, 0x00, 0x00, 0xF6, 0x2D, 0x00, 0x00, 0x20, 0xDE, 0x02, 0x00, 0x00, 0x00,
    0x00, 0x00, 0x00, 0x00, 0xF8, 0x7F, 0x00, 0x00, 0x00, 0xF8, 0x7F, 0x00, 0x00, 0x00, 0xF8, 0x7F,
    0x00, 0x00, 0x00, 0xF8, 0x7F, 0x00, 0x00, 0x00, 0xF8, 0x7F, 0x00, 0x00, 0x00, 0xF8, 0x7F, 0x00,
    0x00, 0x00, 0xF8, 0x7F, 0x00, 0x00, 0x00, 0xF8, 0x7F, 0x00, 0x00, 0x00, 0xF8, 0x7F, 0x00, 0x00,
    0x00, 0xF8, 0x9F, 0x44, 0x44, 0x03, 0xF8, 0xFF, 0xFF, 0xFF, 0x0D, 0xF8, 0xFF, 0xFF, 0xFF, 0x0D,
    // Unicode: [0x013A]
    0x70, 0xFF, 0x04, 0xE2, 0x5F, 0x00, 0xFB, 0x05, 0x00, 0x00, 0x00, 0x00, 0xFA, 0x2F, 0x00, 0xFA,
    0x2F, 0x00, 0xFA, 0x2F, 0x00, 0xFA, 0x2F, 0x00, 0xFA, 0x2F, 0x00, 0xFA, 0x2F, 0x00, 0xFA, 0x2F,
    0x00, 0xFA, 0x2F, 0x00, 0xFA, 0x2F, 0x00, 0xFA, 0x2F, 0x00, 0xFA, 0x2F, 0x00, 0xFA, 0x2F, 0x00,
    // Unicode: [0x013B]
    0xF8, 0x7F, 0x00, 0x00, 0x00, 0xF8, 0x7F, 0x00, 0x00, 0x00, 0xF8, 0x7F, 0x00, 0x00, 0x00, 0xF8,
    0x7F, 0x00, 0x00, 0x00, 0xF8, 0x7F, 0x00, 0x00, 0x00, 0xF8, 0x7F, 0x00, 0x00, 0x00, 0xF8, 0x7F,
    0x00, 0x00, 0x00, 0xF8, 0x7F, 0x00, 0x00, 0x00, 0xF8, 0x7F, 0x00, 0x00, 0x00, 0xF8, 0x9F, 0x44,
    0x44, 0x04, 0xF8, 0xFF, 0xFF, 0xFF, 0x0D, 0xF8, 0xFF, 0xFF, 0xFF, 0x0D, 0x00, 0x00, 0xF3, 0x08,
    0x00, 0x00, 0x78, 0xFC, 0x05, 0x00, 0x00, 0xFC, 0x8D, 0x00, 0x00,
    // Unicode: [0x013C]
    0xA0, 0xFF, 0x02, 0xA0, 0xFF, 0x02, 0xA0, 0xFF, 0x02, 0xA0, 0xFF, 0x02, 0xA0, 0xFF, 0x02, 0xA0,
    0xFF, 0x02, 0xA0, 0xFF, 0x02, 0xA0, 0xFF, 0x02, 0xA0, 0xFF, 0x02, 0xA0, 0xFF, 0x02, 0xA0, 0xFF,
    0x02, 0xA0, 0xFF, 0x04, 0x00, 0xE0, 0x0D, 0x86, 0xFA, 0x0A, 0xF8, 0xAE, 0x01,
    // Unicode: [0x013D]
    0xF8, 0x7F, 0x00, 0xFE, 0x0D, 0xF8, 0x7F, 0x30, 0xFF, 0x05, 0xF8, 0x7F, 0x70, 0xDF, 0x00, 0xF8,
    0x7F, 0xB0, 0x5F, 0x00, 0xF8, 0x7F, 0x80, 0x08, 0x00, 0xF8, 0x7F, 0x00, 0x00, 0x00, 0xF8, 0x7F,
    0x00, 0x00, 0x00, 0xF8, 0x7F, 0x00, 0x00, 0x00, 0xF8, 0x7F, 0x00, 0x00, 0x00, 0xF8, 0x9F, 0x44,
    0x44, 0x03, 0xF8, 0xFF, 0xFF, 0xFF, 0x0D, 0xF8, 0xFF, 0xFF, 0xFF, 0x0D,
    // Unicode: [0x013E]
    0xFA, 0x2F, 0xD0, 0xDF, 0xFA, 0x2F, 0xF2, 0x6F, 0xFA, 0x2F, 0xF6, 0x0D, 0xFA, 0x2F, 0xFA, 0x06,
    0xFA, 0x2F, 0x88, 0x00, 0xFA, 0x2F, 0x00, 0x00, 0xFA, 0x2F, 0x00, 0x00, 0xFA, 0x2F, 0x00, 0x00,
    0xFA, 0x2F, 0x00, 0x00, 0xFA, 0x2F, 0x00, 0x00, 0xFA, 0x2F, 0x00, 0x00, 0xFA, 0x2F, 0x00, 0x00,
    // Unicode: [0x013F]
    0xF8, 0x7F, 0x00, 0x00, 0x00, 0xF8, 0x7F, 0x00, 0x00, 0x00, 0xF8, 0x7F, 0x00, 0x00, 0x00, 0xF8,
    0x7F, 0x00, 0x00, 0x00, 0xF8, 0x7F, 0x60, 0xFF, 0x08, 0xF8, 0x7F, 0x60, 0xFF, 0x08, 0xF8, 0x7F,
    0x60, 0xFF, 0x08, 0xF8, 0x7F, 0x00, 0x11, 0x00, 0xF8, 0x7F, 0x00, 0x00, 0x00, 0xF8, 0x9F, 0x44,
    0x44, 0x03, 0xF8, 0xFF, 0xFF, 0xFF, 0x0D, 0xF8, 0xFF, 0xFF, 0xFF, 0x0D,
    // Unicode: [0x0140]
    0xFA, 0x2F, 0x00, 0x00, 0xFA, 0x2F, 0x00, 0x00, 0xFA, 0x2F, 0x00, 0x00, 0xFA, 0x2F, 0x00, 0x00,
    0xFA, 0x2F, 0xF4, 0x9F, 0xFA, 0x2F, 0xF4, 0x9F, 0xFA, 0x2F, 0xF4, 0x9F, 0xFA, 0x2F, 0x10, 0x11,
    0xFA, 0x2F, 0x00, 0x00, 0xFA, 0x2F, 0x00, 0x00, 0xFA, 0x2F, 0x00, 0x00, 0xFA, 0x2F, 0x00, 0x00,
    // Unicode: [0x0141]
    0x70, 0xFF, 0x08, 0x00, 0x00, 0x70, 0xFF, 0x08, 0x10, 0x00, 0x70, 0xFF, 0x18, 0x3A, 0x00, 0x70,
    0xFF, 0xCA, 0x3F, 0x00, 0x70, 0xFF, 0xFF, 0x05, 0x00, 0x70, 0xFF, 0x3E, 0x00, 0x00, 0xC1, 0xFF,
    0x08, 0x00, 0x00, 0xFB, 0xFF, 0x08, 0x00, 0x00, 0xBB, 0xFF, 0x08, 0x00, 0x00, 0x71, 0xFF, 0x4A,
    0x44, 0x34, 0x70, 0xFF, 0xFF, 0xFF, 0xEF, 0x70, 0xFF, 0xFF, 0xFF, 0xEF,
    // Unicode: [0x0142]
    0x90, 0xFF, 0x03, 0x90, 0xFF, 0x03, 0x90, 0xFF, 0x03, 0x90, 0xFF, 0x34, 0x90, 0xFF, 0x7E, 0x90,
    0xFF, 0x3D, 0xE5, 0xFF, 0x04, 0xFC, 0xFF, 0x03, 0x95, 0xFF, 0x03, 0x90, 0xFF, 0x03, 0x90, 0xFF,
    0x03, 0x90, 0xFF, 0x03,
    // Unicode: [0x0143]
    0x00, 0x00, 0x40, 0xFF, 0x07, 0x00, 0x00, 0x00, 0xD1, 0x7F, 0x00, 0x00, 0x00, 0x00, 0xF9, 0x08,
    0x00, 0x00, 0x00, 0x00, 0x00, 0x00, 0x00, 0x00, 0xF8, 0xFF, 0x06, 0x00, 0xFA, 0x1F, 0xF8, 0xFF,
    0x1E, 0x00, 0xFA, 0x1F, 0xF8, 0xFF, 0x9F, 0x00, 0xFA, 0x1F, 0xF8, 0xFF, 0xFF, 0x04, 0xFA, 0x1F,
    0xF8, 0x8F, 0xFF, 0x0C, 0xFA, 0x1F, 0xF8, 0x4F, 0xFB, 0x7F, 0xFA, 0x1F, 0xF8, 0x4F, 0xF2, 0xEF,
    0xFC, 0x1F, 0xF8, 0x4F, 0x80, 0xFF, 0xFF, 0x1F, 0xF8, 0x4F, 0x10, 0xFD, 0xFF, 0x1F, 0xF8, 0x4F,
    0x00, 0xF5, 0xFF, 0x1F, 0xF8, 0x4F, 0x00, 0xB0, 0xFF, 0x1F, 0xF8, 0x4F, 0x00, 0x20, 0xFF, 0x1F,
    // Unicode: [0x0144]
    0x00, 0x00, 0xF7, 0x4E, 0x00, 0x00, 0x30, 0xEF, 0x04, 0x00, 0x00, 0xA0, 0x4C, 0x00, 0x00, 0x00,
    0x00, 0x00, 0x00, 0x00, 0xFA, 0x4F, 0xEA, 0xAE, 0x02, 0xFA, 0xFF, 0xFF, 0xFF, 0x0B, 0xFA, 0xBF,
    0x86, 0xFF, 0x1F, 0xFA, 0x2F, 0x00, 0xFC, 0x2F, 0xFA, 0x2F, 0x00, 0xFB, 0x2F, 0xFA, 0x2F, 0x00,
    0xFA, 0x2F, 0xFA, 0x2F, 0x00, 0xFA, 0x2F, 0xFA, 0x2F, 0x00, 0xFA, 0x2F, 0xFA, 0x2F, 0x00, 0xFA,
    0x2F,
    // Unicode: [0x0145]
    0xF8, 0xFF, 0x06, 0x00, 0xFA, 0x1F, 0xF8, 0xFF, 0x1E, 0x00, 0xFA, 0x1F, 0xF8, 0xFF, 0x9F, 0x00,
    0xFA, 0x1F, 0xF8, 0xFF, 0xFF, 0x04, 0xFA, 0x1F, 0xF8, 0x8F, 0xFF, 0x0C, 0xFA, 0x1F, 0xF8, 0x4F,
    0xFB, 0x7F, 0xFA, 0x1F, 0xF8, 0x4F, 0xF2, 0xEF, 0xFC, 0x1F, 0xF8, 0x4F, 0x80, 0xFF, 0xFF, 0x1F,
    0xF8, 0x4F, 0x10, 0xFD, 0xFF, 0x1F, 0xF8, 0x4F, 0x00, 0xF5, 0xFF, 0x1F, 0xF8, 0x4F, 0x00, 0xB0,
    0xFF, 0x1F, 0xF8, 0x4F, 0x20, 0x21, 0xFF, 0x1F, 0x00, 0x00, 0xF0, 0x0C, 0x00, 0x00, 0x00, 0x86,
    0xFA, 0x09, 0x00, 0x00, 0x00, 0xF8, 0xAE, 0x01, 0x00, 0x00,
    // Unicode: [0x0146]
    0xFA, 0x5F, 0xEA, 0xAE, 0x02, 0xFA, 0xFF, 0xFF, 0xFF, 0x0B, 0xFA, 0x8F, 0x42, 0xFE, 0x1F, 0xFA,
    0x2F, 0x00, 0xFB, 0x2F, 0xFA, 0x2F, 0x00, 0xFA, 0x2F, 0xFA, 0x2F, 0x00, 0xFA, 0x2F, 0xFA, 0x2F,
    0x00, 0xFA, 0x2F, 0xFA, 0x2F, 0x00, 0xFA, 0x2F, 0xFA, 0x2F, 0x12, 0xFA, 0x2F, 0x00, 0x00, 0xBF,
    0x00, 0x00, 0x70, 0xB8, 0x8F, 0x00, 0x00, 0x90, 0xEF, 0x1A, 0x00, 0x00,
    // Unicode: [0x0147]
    0x00, 0xE3, 0x1D, 0xE2, 0x2D, 0x00, 0x00, 0x50, 0xBF, 0xEC, 0x03, 0x00, 0x00, 0x00, 0xF7, 0x5F,
    0x00, 0x00, 0x00, 0x00, 0x00, 0x00, 0x00, 0x00, 0xF8, 0xFF, 0x06, 0x00, 0xFA, 0x1F, 0xF8, 0xFF,
    0x1E, 0x00, 0xFA, 0x1F, 0xF8, 0xFF, 0x9F, 0x00, 0xFA, 0x1F, 0xF8, 0xFF, 0xFF, 0x04, 0xFA, 0x1F,
    0xF8, 0x8F, 0xFF, 0x0C, 0xFA, 0x1F, 0xF8, 0x4F, 0xFB, 0x7F, 0xFA, 0x1F, 0xF8, 0x4F, 0xF2, 0xEF,
    0xFC, 0x1F, 0xF8, 0x4F, 0x80, 0xFF, 0xFF, 0x1F, 0xF8, 0x4F, 0x10, 0xFD, 0xFF, 0x1F, 0xF8, 0x4F,
    0x00, 0xF5, 0xFF, 0x1F, 0xF8, 0x4F, 0x00, 0xB0, 0xFF, 0x1F, 0xF8, 0x4F, 0x00, 0x20, 0xFF, 0x1F,
    // Unicode: [0x0148]
    0x40, 0xBF, 0x30, 0xCE, 0x01, 0x00, 0xF6, 0xDA, 0x2E, 0x00, 0x00, 0x90, 0xFF, 0x03, 0x00, 0x00,
    0x00, 0x00, 0x00, 0x00, 0xFA, 0x5F, 0xEA, 0xAE, 0x02, 0xFA, 0xFF, 0xFF, 0xFF, 0x0B, 0xFA, 0x8F,
    0x42, 0xFE, 0x1F, 0xFA, 0x2F, 0x00, 0xFB, 0x2F, 0xFA, 0x2F, 0x00, 0xFA, 0x2F, 0xFA, 0x2F, 0x00,
    0xFA, 0x2F, 0xFA, 0x2F, 0x00, 0xFA, 0x2F, 0xFA, 0x2F, 0x00, 0xFA, 0x2F, 0xFA, 0x2F, 0x00, 0xFA,
    0x2F,
    // Unicode: [0x0149]
    0x20, 0xFF, 0x0A, 0x00, 0x00, 0x00, 0x00, 0x60, 0xFF, 0x02, 0x00, 0x00, 0x00, 0x00, 0xA0, 0xAF,
    0x00, 0x00, 0x00, 0x00, 0x00, 0xE0, 0x2F, 0xFD, 0x2E, 0xEA, 0x9E, 0x01, 0x91, 0x07, 0xFD, 0xFF,
    0xFF, 0xFF, 0x08, 0x00, 0x00, 0xFD, 0xAF, 0xA6, 0xFF, 0x0D, 0x00, 0x00, 0xFD, 0x0E, 0x00, 0xFF,
    0x0E, 0x00, 0x00, 0xFD, 0x0E, 0x00, 0xFD, 0x0E, 0x00, 0x00, 0xFD, 0x0E, 0x00, 0xFD, 0x0E, 0x00,
    0x00, 0xFD, 0x0E, 0x00, 0xFD, 0x0E, 0x00, 0x00, 0xFD, 0x0E, 0x00, 0xFD, 0x0E, 0x00, 0x00, 0xFD,
    0x0E, 0x00, 0xFD, 0x0E,
    // Unicode: [0x014A]
    0xF8, 0xFF, 0x06, 0x00, 0xFA, 0x1F, 0xF8, 0xFF, 0x1E, 0x00, 0xFA, 0x1F, 0xF8, 0xFF, 0xAF, 0x00,
    0xFA, 0x1F, 0xF8, 0xFF, 0xFF, 0x04, 0xFA, 0x1F, 0xF8, 0x8F, 0xFF, 0x0D, 0xFA, 0x1F, 0xF8, 0x4F,
    0xFB, 0x8F, 0xFA, 0x1F, 0xF8, 0x4F, 0xE2, 0xFF, 0xFD, 0x1F, 0xF8, 0x4F, 0x70, 0xFF, 0xFF, 0x1F,
    0xF8, 0x4F, 0x00, 0xFD, 0xFF, 0x1F, 0xF8, 0x4F, 0x00, 0xF4, 0xFF, 0x1F, 0xF8, 0x4F, 0x00, 0x90,
    0xFF, 0x1F, 0xF8, 0x4F, 0x00, 0x10, 0xFE, 0x1F, 0x00, 0x00, 0x20, 0x54, 0xFE, 0x0E, 0x00, 0x00,
    0x80, 0xFF, 0xFF, 0x09, 0x00, 0x00, 0x70, 0xFE, 0x8D, 0x01,
    // Unicode: [0x014B]
    0xFA, 0x5F, 0xEA, 0xAE, 0x02, 0xFA, 0xFF, 0xFF, 0xFF, 0x0B, 0xFA, 0x8F, 0x42, 0xFE, 0x1F, 0xFA,
    0x2F, 0x00, 0xFB, 0x2F, 0xFA, 0x2F, 0x00, 0xFA, 0x2F, 0xFA, 0x2F, 0x00, 0xFA, 0x2F, 0xFA, 0x2F,
    0x00, 0xFA, 0x2F, 0xFA, 0x2F, 0x00, 0xFA, 0x2F, 0xFA, 0x2F, 0x00, 0xFB, 0x2F, 0x00, 0x10, 0x53,
    0xFF, 0x0F, 0x00, 0x50, 0xFF, 0xFF, 0x09, 0x00, 0x40, 0xFE, 0x9E, 0x01,
    // Unicode: [0x014C]
    0x00, 0x50, 0xFF, 0xFF, 0xEF, 0x00, 0x00, 0x00, 0x30, 0x99, 0x99, 0x99, 0x00, 0x00, 0x00, 0x00,
    0x00, 0x00, 0x00, 0x00, 0x00, 0x00, 0x30, 0xDA, 0xEF, 0x7C, 0x01, 0x00, 0x00, 0xF7, 0xFF, 0xFF,
    0xFF, 0x2D, 0x00, 0x40, 0xFF, 0x9F, 0x54, 0xFC, 0xDF, 0x00, 0xB0, 0xFF, 0x08, 0x00, 0xD1, 0xFF,
    0x05, 0xF1, 0xFF, 0x02, 0x00, 0x80, 0xFF, 0x0A, 0xF2, 0xFF, 0x00, 0x00, 0x50, 0xFF, 0x0B, 0xF2,
    0xEF, 0x00, 0x00, 0x60, 0xFF, 0x0B, 0xF1, 0xFF, 0x02, 0x00, 0x80, 0xFF, 0x0A, 0xB0, 0xFF, 0x08,
    0x00, 0xE1, 0xFF, 0x05, 0x40, 0xFF, 0x9F, 0x54, 0xFC, 0xDF, 0x00, 0x00, 0xF7, 0xFF, 0xFF, 0xFF,
    0x2D, 0x00, 0x00, 0x30, 0xDA, 0xEF, 0x7C, 0x01, 0x00,
    // Unicode: [0x014D]
    0x00, 0xFA, 0xFF, 0xFF, 0x09, 0x00, 0x00, 0x96, 0x99, 0x99, 0x06, 0x00, 0x00, 0x00, 0x00, 0x00,
    0x00, 0x00, 0x00, 0xA3, 0xFE, 0xAE, 0x03, 0x00, 0x50, 0xFF, 0xFF, 0xFF, 0x4F, 0x00, 0xE0, 0xFF,
    0x04, 0xF4, 0xDF, 0x00, 0xF3, 0xBF, 0x00, 0xB0, 0xFF, 0x03, 0xF4, 0xAF, 0x00, 0x90, 0xFF, 0x04,
    0xF3, 0xBF, 0x00, 0xB0, 0xFF, 0x03, 0xE0, 0xFF, 0x04, 0xF4, 0xDF, 0x00, 0x50, 0xFF, 0xFF, 0xFF,
    0x4F, 0x00, 0x00, 0xA3, 0xFE, 0xAE, 0x03, 0x00,
    // Unicode: [0x014E]
    0x00, 0x20, 0x8F, 0x00, 0xBF, 0x00, 0x00, 0x00, 0x00, 0xDE, 0x73, 0x8F, 0x00, 0x00, 0x00, 0x00,
    0xE5, 0xFF, 0x1B, 0x00, 0x00, 0x00, 0x00, 0x10, 0x23, 0x00, 0x00, 0x00, 0x00, 0x30, 0xDA, 0xEF,
    0x7C, 0x01, 0x00, 0x00, 0xF7, 0xFF, 0xFF, 0xFF, 0x2D, 0x00, 0x40, 0xFF, 0x9F, 0x54, 0xFC, 0xDF,
    0x00, 0xB0, 0xFF, 0x08, 0x00, 0xD1, 0xFF, 0x05, 0xF1, 0xFF, 0x02, 0x00, 0x80, 0xFF, 0x0A, 0xF2,
    0xFF, 0x00, 0x00, 0x50, 0xFF, 0x0B, 0xF2, 0xEF, 0x00, 0x00, 0x60, 0xFF, 0x0B, 0xF1, 0xFF, 0x02,
    0x00, 0x80, 0xFF, 0x0A, 0xB0, 0xFF, 0x08, 0x00, 0xE1, 0xFF, 0x05, 0x40, 0xFF, 0x9F, 0x54, 0xFC,
    0xDF, 0x00, 0x00, 0xF7, 0xFF, 0xFF, 0xFF, 0x2D, 0x00, 0x00, 0x30, 0xDA, 0xEF, 0x7C, 0x01, 0x00,
    // Unicode: [0x014F]
    0x00, 0xF7, 0x04, 0xF4, 0x07, 0x00, 0x00, 0xF4, 0x2A, 0xFA, 0x03, 0x00, 0x00, 0x90, 0xFF, 0x8F,
    0x00, 0x00, 0x00, 0x00, 0x42, 0x02, 0x00, 0x00, 0x00, 0xA3, 0xFE, 0xAE, 0x03, 0x00, 0x50, 0xFF,
    0xFF, 0xFF, 0x4F, 0x00, 0xE0, 0xFF, 0x04, 0xF4, 0xDF, 0x00, 0xF3, 0xBF, 0x00, 0xB0, 0xFF, 0x03,
    0xF4, 0xAF, 0x00, 0x90, 0xFF, 0x04, 0xF3, 0xBF, 0x00, 0xB0, 0xFF, 0x03, 0xE0, 0xFF, 0x04, 0xF4,
    0xDF, 0x00, 0x50, 0xFF, 0xFF, 0xFF, 0x4F, 0x00, 0x00, 0xA3, 0xFE, 0xAE, 0x03, 0x00,
    // Unicode: [0x0150]
    0x00, 0x00, 0x10, 0x01, 0x10, 0x01, 0x00, 0x00, 0x00, 0xF1, 0x3F, 0xFB, 0x08, 0x00, 0x00, 0x00,
    0xF8, 0x38, 0xCF, 0x00, 0x00, 0x00, 0x10, 0xCE, 0xA0, 0x3F, 0x00, 0x00, 0x00, 0x00, 0x00, 0x00,
    0x00, 0x00, 0x00, 0x00, 0x30, 0xDA, 0xEF, 0x7C, 0x01, 0x00, 0x00, 0xF7, 0xFF, 0xFF, 0xFF, 0x2D,
    0x00, 0x40, 0xFF, 0x9F, 0x54, 0xFC, 0xDF, 0x00, 0xB0, 0xFF, 0x08, 0x00, 0xD1, 0xFF, 0x05, 0xF1,
    0xFF, 0x02, 0x00, 0x80, 0xFF, 0x0A, 0xF2, 0xFF, 0x00, 0x00, 0x50, 0xFF, 0x0B, 0xF2, 0xEF, 0x00,
    0x00, 0x60, 0xFF, 0x0B, 0xF1, 0xFF, 0x02, 0x00, 0x80, 0xFF, 0x0A, 0xB0, 0xFF, 0x08, 0x00, 0xE1,
    0xFF, 0x05, 0x40, 0xFF, 0x9F, 0x54, 0xFC, 0xDF, 0x00, 0x00, 0xF7, 0xFF, 0xFF, 0xFF, 0x2D, 0x00,
    0x00, 0x30, 0xDA, 0xEF, 0x7C, 0x01, 0x00,
    // Unicode: [0x0151]
    0x00, 0x00, 0x11, 0x10, 0x11, 0x00, 0x00, 0x50, 0xDF, 0xE2, 0x4F, 0x00, 0x00, 0xC0, 0x4F, 0xF7,
    0x09, 0x00, 0x00, 0xF4, 0x09, 0xDE, 0x01, 0x00, 0x00, 0x00, 0x00, 0x00, 0x00, 0x00, 0x00, 0xA3,
    0xFE, 0xAE, 0x03, 0x00, 0x50, 0xFF, 0xFF, 0xFF, 0x4F, 0x00, 0xE0, 0xFF, 0x04, 0xF4, 0xDF, 0x00,
    0xF3, 0xBF, 0x00, 0xB0, 0xFF, 0x03, 0xF4, 0xAF, 0x00, 0x90, 0xFF, 0x04, 0xF3, 0xBF, 0x00, 0xB0,
    0xFF, 0x03, 0xE0, 0xFF, 0x04, 0xF4, 0xDF, 0x00, 0x50, 0xFF, 0xFF, 0xFF, 0x4F, 0x00, 0x00, 0xA3,
    0xFE, 0xAE, 0x03, 0x00,
    // Unicode: [0x0152]
    0x00, 0x10, 0xC8, 0xFE, 0xFF, 0xFF, 0xFF, 0xFF, 0x2F, 0x00, 0xE4, 0xFF, 0xFF, 0xFF, 0xFF, 0xFF,
    0xFF, 0x2F, 0x20, 0xFE, 0xCF, 0x46, 0xF7, 0xCF, 0x44, 0x44, 0x04, 0xA0, 0xFF, 0x0A, 0x00, 0xF4,
    0xBF, 0x00, 0x00, 0x00, 0xF0, 0xFF, 0x02, 0x00, 0xF4, 0xCF, 0x44, 0x44, 0x03, 0xF2, 0xEF, 0x00,
    0x00, 0xF4, 0xFF, 0xFF, 0xFF, 0x0B, 0xF2, 0xEF, 0x00, 0x00, 0xF4, 0xFF, 0xFF, 0xFF, 0x0B, 0xF0,
    0xFF, 0x02, 0x00, 0xF4, 0xBF, 0x00, 0x00, 0x00, 0xA0, 0xFF, 0x0A, 0x00, 0xF4, 0xBF, 0x00, 0x00,
    0x00, 0x30, 0xFF, 0xBF, 0x45, 0xF7, 0xCF, 0x44, 0x44, 0x04, 0x00, 0xE5, 0xFF, 0xFF, 0xFF, 0xFF,
    0xFF, 0xFF, 0x2F, 0x00, 0x20, 0xC8, 0xFE, 0xFF, 0xFF, 0xFF, 0xFF, 0x2F,
    // Unicode: [0x0153]
    0x00, 0xA3, 0xFE, 0x9D, 0x42, 0xEB, 0xDF, 0x18, 0x00, 0x50, 0xFF, 0xCE, 0xFE, 0xFF, 0xCF, 0xFD,
    0xBF, 0x00, 0xE0, 0xEF, 0x02, 0xE2, 0xFF, 0x06, 0x90, 0xFF, 0x03, 0xF3, 0xAF, 0x00, 0xB0, 0xFF,
    0xAA, 0xCA, 0xFF, 0x06, 0xF4, 0x9F, 0x00, 0x90, 0xFF, 0xFF, 0xFF, 0xFF, 0x07, 0xF3, 0xBF, 0x00,
    0xB0, 0xFF, 0x04, 0x00, 0x00, 0x00, 0xE0, 0xFF, 0x05, 0xF5, 0xFF, 0x3C, 0x00, 0xA4, 0x04, 0x50,
    0xFF, 0xFF, 0xFF, 0xFF, 0xFF, 0xFF, 0xFF, 0x04, 0x00, 0xA3, 0xFE, 0x9E, 0x32, 0xEA, 0xEF, 0x8C,
    0x01,
    // Unicode: [0x0154]
    0x00, 0x00, 0xE1, 0xBF, 0x00, 0x00, 0x00, 0x00, 0xF9, 0x1B, 0x00, 0x00, 0x00, 0x40, 0xCF, 0x01,
    0x00, 0x00, 0x00, 0x00, 0x00, 0x00, 0x00, 0x00, 0xF8, 0xFF, 0xFF, 0xCE, 0x06, 0x00, 0xF8, 0xFF,
    0xFF, 0xFF, 0x7F, 0x00, 0xF8, 0x8F, 0x33, 0xF9, 0xEF, 0x00, 0xF8, 0x7F, 0x00, 0xF1, 0xFF, 0x01,
    0xF8, 0x7F, 0x00, 0xF1, 0xFF, 0x00, 0xF8, 0x8F, 0x31, 0xFB, 0xAF, 0x00, 0xF8, 0xFF, 0xFF, 0xFF,
    0x1C, 0x00, 0xF8, 0xFF, 0xFF, 0xFF, 0x02, 0x00, 0xF8, 0x7F, 0xB0, 0xFF, 0x0C, 0x00, 0xF8, 0x7F,
    0x10, 0xFD, 0x9F, 0x00, 0xF8, 0x7F, 0x00, 0xF3, 0xFF, 0x07, 0xF8, 0x7F, 0x00, 0x60, 0xFF, 0x4F,
    // Unicode: [0x0155]
    0x00, 0x30, 0x44, 0x01, 0x00, 0xE1, 0x9F, 0x00, 0x00, 0xFA, 0x0A, 0x00, 0x20, 0x9B, 0x00, 0x00,
    0x00, 0x00, 0x00, 0x00, 0xFA, 0x3F, 0xE9, 0x0A, 0xFA, 0xEF, 0xFF, 0x0A, 0xFA, 0xDF, 0xAB, 0x07,
    0xFA, 0x2F, 0x00, 0x00, 0xFA, 0x2F, 0x00, 0x00, 0xFA, 0x2F, 0x00, 0x00, 0xFA, 0x2F, 0x00, 0x00,
    0xFA, 0x2F, 0x00, 0x00, 0xFA, 0x2F, 0x00, 0x00,
    // Unicode: [0x0156]
    0xF8, 0xFF, 0xFF, 0xCE, 0x07, 0x00, 0xF8, 0xFF, 0xFF, 0xFF, 0x9F, 0x00, 0xF8, 0x8F, 0x33, 0xF8,
    0xFF, 0x01, 0xF8, 0x7F, 0x00, 0xF1, 0xFF, 0x01, 0xF8, 0x7F, 0x10, 0xF8, 0xCF, 0x00, 0xF8, 0xFF,
    0xFF, 0xFF, 0x2D, 0x00, 0xF8, 0xFF, 0xFF, 0xEF, 0x01, 0x00, 0xF8, 0x8F, 0xD1, 0xFF, 0x09, 0x00,
    0xF8, 0x7F, 0x30, 0xFF, 0x4F, 0x00, 0xF8, 0x7F, 0x00, 0xF9, 0xDF, 0x01, 0xF8, 0x7F, 0x00, 0xD1,
    0xFF, 0x0A, 0xF8, 0x7F, 0x20, 0x41, 0xFF, 0x5F, 0x00, 0x00, 0xF2, 0x0A, 0x00, 0x00, 0x00, 0x77,
    0xFB, 0x07, 0x00, 0x00, 0x00, 0xFA, 0x9E, 0x00, 0x00, 0x00,
    // Unicode: [0x0157]
    0xA0, 0xFF, 0x93, 0xAE, 0xA0, 0xFF, 0xFE, 0xAF, 0xA0, 0xFF, 0xBD, 0x7A, 0xA0, 0xFF, 0x02, 0x00,
    0xA0, 0xFF, 0x02, 0x00, 0xA0, 0xFF, 0x02, 0x00, 0xA0, 0xFF, 0x02, 0x00, 0xA0, 0xFF, 0x02, 0x00,
    0xA0, 0xFF, 0x15, 0x00, 0x00, 0x80, 0x4F, 0x00, 0x92, 0xE8, 0x1F, 0x00, 0xE2, 0xCF, 0x05, 0x00,
    // Unicode: [0x0158]
    0x10, 0xDC, 0x03, 0xEB, 0x03, 0x00, 0x00, 0xE2, 0xAD, 0x5F, 0x00, 0x00, 0x00, 0x30, 0xCC, 0x06,
    0x00, 0x00, 0x00, 0x00, 0x00, 0x00, 0x00, 0x00, 0xF8, 0xFF, 0xFF, 0xCE, 0x06, 0x00, 0xF8, 0xFF,
    0xFF, 0xFF, 0x7F, 0x00, 0xF8, 0x8F, 0x33, 0xF9, 0xEF, 0x00, 0xF8, 0x7F, 0x00, 0xF1, 0xFF, 0x01,
    0xF8, 0x7F, 0x00, 0xF1, 0xFF, 0x00, 0xF8, 0x8F, 0x31, 0xFB, 0xAF, 0x00, 0xF8, 0xFF, 0xFF, 0xFF,
    0x1C, 0x00, 0xF8, 0xFF, 0xFF, 0xFF, 0x02, 0x00, 0xF8, 0x7F, 0xB0, 0xFF, 0x0C, 0x00, 0xF8, 0x7F,
    0x10, 0xFD, 0x9F, 0x00, 0xF8, 0x7F, 0x00, 0xF3, 0xFF, 0x07, 0xF8, 0x7F, 0x00, 0x60, 0xFF, 0x4F,
    // Unicode: [0x0159]
    0x44, 0x00, 0x41, 0x03, 0xF8, 0x18, 0xEC, 0x03, 0xA0, 0xCF, 0x5F, 0x00, 0x10, 0xCA, 0x07, 0x00,
    0x00, 0x00, 0x00, 0x00, 0xFA, 0x3F, 0xE9, 0x0A, 0xFA, 0xEF, 0xFF, 0x0A, 0xFA, 0xDF, 0xAB, 0x07,
    0xFA, 0x2F, 0x00, 0x00, 0xFA, 0x2F, 0x00, 0x00, 0xFA, 0x2F, 0x00, 0x00, 0xFA, 0x2F, 0x00, 0x00,
    0xFA, 0x2F, 0x00, 0x00, 0xFA, 0x2F, 0x00, 0x00,
    // Unicode: [0x015A]
    0x00, 0x00, 0x20, 0xFE, 0x0A, 0x00, 0x00, 0x00, 0xB0, 0xAF, 0x00, 0x00, 0x00, 0x00, 0xF5, 0x0B,
    0x00, 0x00, 0x00, 0x00, 0x00, 0x00, 0x00, 0x00, 0x00, 0x81, 0xEC, 0xDE, 0x7B, 0x01, 0x30, 0xFE,
    0xFF, 0xFF, 0xFF, 0x05, 0xC0, 0xFF, 0x39, 0x42, 0xF9, 0x05, 0xF1, 0xFF, 0x02, 0x00, 0x20, 0x02,
    0xE0, 0xFF, 0xAE, 0x36, 0x00, 0x00, 0x80, 0xFF, 0xFF, 0xFF, 0x5D, 0x00, 0x00, 0xD6, 0xFF, 0xFF,
    0xFF, 0x05, 0x00, 0x00, 0x63, 0xFA, 0xFF, 0x0B, 0x71, 0x00, 0x00, 0x60, 0xFF, 0x0B, 0xF2, 0x7D,
    0x23, 0xB4, 0xFF, 0x07, 0xF2, 0xFF, 0xFF, 0xFF, 0xBF, 0x01, 0x50, 0xDA, 0xFE, 0xBE, 0x06, 0x00,
    // Unicode: [0x015B]
    0x00, 0x00, 0x70, 0x68, 0x00, 0x00, 0x00, 0xF6, 0x3F, 0x00, 0x00, 0x10, 0xFE, 0x06, 0x00, 0x00,
    0x80, 0x8F, 0x00, 0x00, 0x00, 0x00, 0x00, 0x00, 0x00, 0x00, 0xC6, 0xFE, 0xBD, 0x04, 0xB0, 0xFF,
    0xDF, 0xFF, 0x08, 0xF2, 0xCF, 0x00, 0x61, 0x06, 0xF2, 0xFF, 0x8B, 0x15, 0x00, 0x70, 0xFF, 0xFF,
    0xEF, 0x04, 0x00, 0x72, 0xDA, 0xFF, 0x0D, 0xA4, 0x03, 0x10, 0xFF, 0x0D, 0xF4, 0xEF, 0xED, 0xFF,
    0x07, 0x81, 0xEC, 0xDF, 0x4B, 0x00,
    // Unicode: [0x015C]
    0x00, 0x00, 0xF6, 0x6F, 0x00, 0x00, 0x00, 0x30, 0xCF, 0xFC, 0x04, 0x00, 0x00, 0xE2, 0x2D, 0xD1,
    0x2E, 0x00, 0x00, 0x00, 0x00, 0x00, 0x00, 0x00, 0x00, 0x81, 0xEC, 0xDE, 0x7B, 0x01, 0x30, 0xFE,
    0xFF, 0xFF, 0xFF, 0x05, 0xC0, 0xFF, 0x39, 0x42, 0xF9, 0x05, 0xF1, 0xFF, 0x02, 0x00, 0x20, 0x02,
    0xE0, 0xFF, 0xAE, 0x36, 0x00, 0x00, 0x80, 0xFF, 0xFF, 0xFF, 0x5D, 0x00, 0x00, 0xD6, 0xFF, 0xFF,
    0xFF, 0x05, 0x00, 0x00, 0x63, 0xFA, 0xFF, 0x0B, 0x71, 0x00, 0x00, 0x60, 0xFF, 0x0B, 0xF2, 0x7D,
    0x23, 0xB4, 0xFF, 0x07, 0xF2, 0xFF, 0xFF, 0xFF, 0xBF, 0x01, 0x50, 0xDA, 0xFE, 0xBE, 0x06, 0x00,
    // Unicode: [0x015D]
    0x00, 0x20, 0x78, 0x01, 0x00, 0x00, 0xB0, 0xFF, 0x09, 0x00, 0x00, 0xF7, 0xB9, 0x5F, 0x00, 0x30,
    0xCF, 0x10, 0xEE, 0x02, 0x00, 0x00, 0x00, 0x00, 0x00, 0x00, 0xC6, 0xFE, 0xBD, 0x04, 0xB0, 0xFF,
    0xDF, 0xFF, 0x08, 0xF2, 0xCF, 0x00, 0x61, 0x06, 0xF2, 0xFF, 0x8B, 0x15, 0x00, 0x70, 0xFF, 0xFF,
    0xEF, 0x04, 0x00, 0x72, 0xDA, 0xFF, 0x0D, 0xA4, 0x03, 0x10, 0xFF, 0x0D, 0xF4, 0xEF, 0xED, 0xFF,
    0x07, 0x81, 0xEC, 0xDF, 0x4B, 0x00,
    // Unicode: [0x015E]
    0x00, 0x81, 0xEC, 0xDE, 0x7B, 0x01, 0x30, 0xFE, 0xFF, 0xFF, 0xFF, 0x05, 0xC0, 0xFF, 0x39, 0x42,
    0xF9, 0x05, 0xF1, 0xFF, 0x02, 0x00, 0x20, 0x02, 0xE0, 0xFF, 0xAE, 0x36, 0x00, 0x00, 0x80, 0xFF,
    0xFF, 0xFF, 0x5D, 0x00, 0x00, 0xD6, 0xFF, 0xFF, 0xFF, 0x05, 0x00, 0x00, 0x63, 0xFA, 0xFF, 0x0B,
    0x61, 0x00, 0x00, 0x60, 0xFF, 0x0B, 0xF2, 0x7D, 0x23, 0xB3, 0xFF, 0x07, 0xF2, 0xFF, 0xFF, 0xFF,
    0xAF, 0x00, 0x50, 0xDA, 0xFE, 0xFF, 0x05, 0x00, 0x00, 0x00, 0x00, 0xED, 0x00, 0x00, 0x00, 0x50,
    0x98, 0xBF, 0x00, 0x00, 0x00, 0x60, 0xEF, 0x2A, 0x00, 0x00,
    // Unicode: [0x015F]
    0x00, 0xC6, 0xFE, 0xBD, 0x04, 0xB0, 0xFF, 0xDF, 0xFF, 0x08, 0xF2, 0xCF, 0x00, 0x61, 0x06, 0xF2,
    0xFF, 0x8B, 0x15, 0x00, 0x80, 0xFF, 0xFF, 0xEF, 0x04, 0x00, 0x72, 0xDA, 0xFF, 0x0D, 0xA4, 0x03,
    0x10, 0xFF, 0x0D, 0xF4, 0xEF, 0xED, 0xFF, 0x06, 0x91, 0xEC, 0xFF, 0x5F, 0x00, 0x00, 0x00, 0xD0,
    0x0E, 0x00, 0x00, 0x85, 0xF9, 0x0B, 0x00, 0x00, 0xF6, 0xBE, 0x02, 0x00,
    // Unicode: [0x0160]
    0x00, 0xF4, 0x1C, 0xE2, 0x1D, 0x00, 0x00, 0x60, 0xAF, 0xED, 0x02, 0x00, 0x00, 0x00, 0xF8, 0x4F,
    0x00, 0x00, 0x00, 0x00, 0x00, 0x00, 0x00, 0x00, 0x00, 0x81, 0xEC, 0xDE, 0x7B, 0x01, 0x30, 0xFE,
    0xFF, 0xFF, 0xFF, 0x05, 0xC0, 0xFF, 0x39, 0x42, 0xF9, 0x05, 0xF1, 0xFF, 0x02, 0x00, 0x20, 0x02,
    0xE0, 0xFF, 0xAE, 0x36, 0x00, 0x00, 0x80, 0xFF, 0xFF, 0xFF, 0x5D, 0x00, 0x00, 0xD6, 0xFF, 0xFF,
    0xFF, 0x05, 0x00, 0x00, 0x63, 0xFA, 0xFF, 0x0B, 0x71, 0x00, 0x00, 0x60, 0xFF, 0x0B, 0xF2, 0x7D,
    0x23, 0xB4, 0xFF, 0x07, 0xF2, 0xFF, 0xFF, 0xFF, 0xBF, 0x01, 0x50, 0xDA, 0xFE, 0xBE, 0x06, 0x00,
    // Unicode: [0x0161]
    0x30, 0xDE, 0x21, 0xEE, 0x02, 0x00, 0xF5, 0xCB, 0x3F, 0x00, 0x00, 0x70, 0xFF, 0x05, 0x00, 0x00,
    0x00, 0x00, 0x00, 0x00, 0x00, 0xC6, 0xFE, 0xBD, 0x04, 0xB0, 0xFF, 0xDF, 0xFF, 0x08, 0xF2, 0xCF,
    0x00, 0x71, 0x07, 0xF2, 0xFF, 0x8B, 0x15, 0x00, 0x70, 0xFF, 0xFF, 0xEF, 0x04, 0x00, 0x72, 0xDA,
    0xFF, 0x0D, 0xA4, 0x03, 0x10, 0xFF, 0x0D, 0xF4, 0xEF, 0xED, 0xFF, 0x07, 0x81, 0xEC, 0xDF, 0x4B,
    0x00,
    // Unicode: [0x0162]
    0xFA, 0xFF, 0xFF, 0xFF, 0xFF, 0x09, 0xFA, 0xFF, 0xFF, 0xFF, 0xFF, 0x09, 0x43, 0x44, 0xFF, 0x4F,
    0x44, 0x02, 0x00, 0x10, 0xFF, 0x0E, 0x00, 0x00, 0x00, 0x10, 0xFF, 0x0E, 0x00, 0x00, 0x00, 0x10,
    0xFF, 0x0E, 0x00, 0x00, 0x00, 0x10, 0xFF, 0x0E, 0x00, 0x00, 0x00, 0x10, 0xFF, 0x0E, 0x00, 0x00,
    0x00, 0x10, 0xFF, 0x0E, 0x00, 0x00, 0x00, 0x10, 0xFF, 0x0E, 0x00, 0x00, 0x00, 0x10, 0xFF, 0x0E,
    0x00, 0x00, 0x00, 0x10, 0xFF, 0x2E, 0x00, 0x00, 0x00, 0x00, 0x20, 0xAF, 0x00, 0x00, 0x00, 0x70,
    0xB7, 0x7F, 0x00, 0x00, 0x00, 0xA0, 0xEF, 0x09, 0x00, 0x00,
    // Unicode: [0x0163]
    0x80, 0xFF, 0x05, 0x00, 0x80, 0xFF, 0x05, 0x00, 0x80, 0xFF, 0x05, 0x00, 0xFA, 0xFF, 0xFF, 0x0E,
    0xE9, 0xFF, 0xEE, 0x0D, 0x80, 0xFF, 0x05, 0x00, 0x80, 0xFF, 0x05, 0x00, 0x80, 0xFF, 0x05, 0x00,
    0x80, 0xFF, 0x05, 0x00, 0x60, 0xFF, 0x19, 0x03, 0x30, 0xFF, 0xFF, 0x0E, 0x00, 0xB4, 0xFE, 0x0C,
    0x00, 0x00, 0xF6, 0x05, 0x10, 0x89, 0xFD, 0x02, 0x10, 0xFE, 0x5D, 0x00,
    // Unicode: [0x0164]
    0x00, 0xF9, 0x07, 0xF8, 0x08, 0x00, 0x00, 0xB0, 0x9F, 0xAF, 0x00, 0x00, 0x00, 0x10, 0xFD, 0x1C,
    0x00, 0x00, 0x00, 0x00, 0x00, 0x00, 0x00, 0x00, 0xFA, 0xFF, 0xFF, 0xFF, 0xFF, 0x09, 0xFA, 0xFF,
    0xFF, 0xFF, 0xFF, 0x09, 0x43, 0x44, 0xFF, 0x4F, 0x44, 0x02, 0x00, 0x10, 0xFF, 0x0E, 0x00, 0x00,
    0x00, 0x10, 0xFF, 0x0E, 0x00, 0x00, 0x00, 0x10, 0xFF, 0x0E, 0x00, 0x00, 0x00, 0x10, 0xFF, 0x0E,
    0x00, 0x00, 0x00, 0x10, 0xFF, 0x0E, 0x00, 0x00, 0x00, 0x10, 0xFF, 0x0E, 0x00, 0x00, 0x00, 0x10,
    0xFF, 0x0E, 0x00, 0x00, 0x00, 0x10, 0xFF, 0x0E, 0x00, 0x00, 0x00, 0x10, 0xFF, 0x0E, 0x00, 0x00,
    // Unicode: [0x0165]
    0x00, 0x00, 0x00, 0x42, 0x04, 0x00, 0x00, 0x00, 0xF9, 0x0D, 0x00, 0x00, 0x00, 0xFD, 0x07, 0x80,
    0xFF, 0x15, 0xEF, 0x01, 0x80, 0xFF, 0x45, 0x9F, 0x00, 0x80, 0xFF, 0x05, 0x00, 0x00, 0xFA, 0xFF,
    0xFF, 0x0E, 0x00, 0xE9, 0xFF, 0xEE, 0x0D, 0x00, 0x80, 0xFF, 0x05, 0x00, 0x00, 0x80, 0xFF, 0x05,
    0x00, 0x00, 0x80, 0xFF, 0x05, 0x00, 0x00, 0x80, 0xFF, 0x05, 0x00, 0x00, 0x70, 0xFF, 0x08, 0x01,
    0x00, 0x30, 0xFF, 0xEF, 0x0E, 0x00, 0x00, 0xD6, 0xEF, 0x0C, 0x00,
    // Unicode: [0x0166]
    0xFA, 0xFF, 0xFF, 0xFF, 0xFF, 0x09, 0xFA, 0xFF, 0xFF, 0xFF, 0xFF, 0x09, 0x43, 0x44, 0xFF, 0x4F,
    0x44, 0x02, 0x00, 0x10, 0xFF, 0x0E, 0x00, 0x00, 0x00, 0x10, 0xFF, 0x0E, 0x00, 0x00, 0x30, 0xCC,
    0xFF, 0xCF, 0x2C, 0x00, 0x40, 0xFF, 0xFF, 0xFF, 0x2F, 0x00, 0x00, 0x10, 0xFF, 0x0E, 0x00, 0x00,
    0x00, 0x10, 0xFF, 0x0E, 0x00, 0x00, 0x00, 0x10, 0xFF, 0x0E, 0x00, 0x00, 0x00, 0x10, 0xFF, 0x0E,
    0x00, 0x00, 0x00, 0x10, 0xFF, 0x0E, 0x00, 0x00,
    // Unicode: [0x0167]
    0x80, 0xFF, 0x05, 0x00, 0x80, 0xFF, 0x05, 0x00, 0x80, 0xFF, 0x05, 0x00, 0xFA, 0xFF, 0xFF, 0x0E,
    0xE9, 0xFF, 0xEE, 0x0D, 0x80, 0xFF, 0x05, 0x00, 0xC6, 0xFF, 0xAB, 0x01, 0xF9, 0xFF, 0xFF, 0x01,
    0x70, 0xFF, 0x05, 0x00, 0x60, 0xFF, 0x08, 0x01, 0x30, 0xFF, 0xEF, 0x0E, 0x00, 0xD6, 0xEF, 0x0C,
    // Unicode: [0x0168]
    0x00, 0x60, 0x38, 0x80, 0x09, 0x00, 0x00, 0xF8, 0xFF, 0xFC, 0x0B, 0x00, 0x00, 0xDD, 0x81, 0xCE,
    0x03, 0x00, 0x00, 0x00, 0x00, 0x00, 0x00, 0x00, 0xFA, 0x5F, 0x00, 0x50, 0xFF, 0x0A, 0xFA, 0x5F,
    0x00, 0x50, 0xFF, 0x0A, 0xFA, 0x5F, 0x00, 0x50, 0xFF, 0x0A, 0xFA, 0x5F, 0x00, 0x50, 0xFF, 0x0A,
    0xFA, 0x5F, 0x00, 0x50, 0xFF, 0x0A, 0xFA, 0x5F, 0x00, 0x50, 0xFF, 0x0A, 0xFA, 0x5F, 0x00, 0x50,
    0xFF, 0x0A, 0xFA, 0x5F, 0x00, 0x60, 0xFF, 0x0A, 0xF9, 0x8F, 0x00, 0x80, 0xFF, 0x09, 0xF4, 0xEF,
    0x46, 0xE6, 0xFF, 0x04, 0xA0, 0xFF, 0xFF, 0xFF, 0xAF, 0x00, 0x00, 0xB6, 0xFE, 0xBE, 0x06, 0x00,
    // Unicode: [0x0169]
    0x00, 0x95, 0x27, 0x95, 0x02, 0x40, 0xFF, 0xFF, 0xEF, 0x01, 0x60, 0x2A, 0x83, 0x39, 0x00, 0x00,
    0x00, 0x00, 0x00, 0x00, 0xFB, 0x1F, 0x00, 0xFB, 0x1F, 0xFB, 0x1F, 0x00, 0xFB, 0x1F, 0xFB, 0x1F,
    0x00, 0xFB, 0x1F, 0xFB, 0x1F, 0x00, 0xFB, 0x1F, 0xFB, 0x1F, 0x00, 0xFB, 0x1F, 0xFB, 0x2F, 0x00,
    0xFB, 0x1F, 0xF9, 0x8F, 0x31, 0xFD, 0x1F, 0xF5, 0xFF, 0xFF, 0xFF, 0x1F, 0x70, 0xFD, 0x6D, 0xFB,
    0x1F,
    // Unicode: [0x016A]
    0x00, 0xF9, 0xFF, 0xFF, 0x0A, 0x00, 0x00, 0x96, 0x99, 0x99, 0x06, 0x00, 0x00, 0x00, 0x00, 0x00,
    0x00, 0x00, 0xFA, 0x5F, 0x00, 0x50, 0xFF, 0x0A, 0xFA, 0x5F, 0x00, 0x50, 0xFF, 0x0A, 0xFA, 0x5F,
    0x00, 0x50, 0xFF, 0x0A, 0xFA, 0x5F, 0x00, 0x50, 0xFF, 0x0A, 0xFA, 0x5F, 0x00, 0x50, 0xFF, 0x0A,
    0xFA, 0x5F, 0x00, 0x50, 0xFF, 0x0A, 0xFA, 0x5F, 0x00, 0x50, 0xFF, 0x0A, 0xFA, 0x5F, 0x00, 0x60,
    0xFF, 0x0A, 0xF9, 0x8F, 0x00, 0x80, 0xFF, 0x09, 0xF4, 0xEF, 0x46, 0xE6, 0xFF, 0x04, 0xA0, 0xFF,
    0xFF, 0xFF, 0xAF, 0x00, 0x00, 0xB6, 0xFE, 0xBE, 0x06, 0x00,
    // Unicode: [0x016B]
    0x60, 0xFF, 0xFF, 0xDF, 0x00, 0x40, 0x99, 0x99, 0x89, 0x00, 0x00, 0x00, 0x00, 0x00, 0x00, 0xFB,
    0x1F, 0x00, 0xFB, 0x1F, 0xFB, 0x1F, 0x00, 0xFB, 0x1F, 0xFB, 0x1F, 0x00, 0xFB, 0x1F, 0xFB, 0x1F,
    0x00, 0xFB, 0x1F, 0xFB, 0x1F, 0x00, 0xFB, 0x1F, 0xFB, 0x2F, 0x00, 0xFB, 0x1F, 0xF9, 0x8F, 0x31,
    0xFD, 0x1F, 0xF5, 0xFF, 0xFF, 0xFF, 0x1F, 0x70, 0xFD, 0x6D, 0xFB, 0x1F,
    // Unicode: [0x016C]
    0x00, 0xF7, 0x04, 0xF4, 0x07, 0x00, 0x00, 0xF3, 0x2A, 0xFA, 0x03, 0x00, 0x00, 0x80, 0xFF, 0x8F,
    0x00, 0x00, 0x00, 0x00, 0x42, 0x02, 0x00, 0x00, 0xFA, 0x5F, 0x00, 0x50, 0xFF, 0x0A, 0xFA, 0x5F,
    0x00, 0x50, 0xFF, 0x0A, 0xFA, 0x5F, 0x00, 0x50, 0xFF, 0x0A, 0xFA, 0x5F, 0x00, 0x50, 0xFF, 0x0A,
    0xFA, 0x5F, 0x00, 0x50, 0xFF, 0x0A, 0xFA, 0x5F, 0x00, 0x50, 0xFF, 0x0A, 0xFA, 0x5F, 0x00, 0x50,
    0xFF, 0x0A, 0xFA, 0x5F, 0x00, 0x60, 0xFF, 0x0A, 0xF9, 0x8F, 0x00, 0x80, 0xFF, 0x09, 0xF4, 0xEF,
    0x46, 0xE6, 0xFF, 0x04, 0xA0, 0xFF, 0xFF, 0xFF, 0xAF, 0x00, 0x00, 0xB6, 0xFE, 0xBE, 0x06, 0x00,
    // Unicode: [0x016D]
    0x20, 0x38, 0x00, 0x58, 0x00, 0x20, 0xBF, 0x72, 0x8F, 0x00, 0x00, 0xF8, 0xFF, 0x1C, 0x00, 0x00,
    0x10, 0x24, 0x00, 0x00, 0xFB, 0x1F, 0x00, 0xFB, 0x1F, 0xFB, 0x1F, 0x00, 0xFB, 0x1F, 0xFB, 0x1F,
    0x00, 0xFB, 0x1F, 0xFB, 0x1F, 0x00, 0xFB, 0x1F, 0xFB, 0x1F, 0x00, 0xFB, 0x1F, 0xFB, 0x2F, 0x00,
    0xFB, 0x1F, 0xF9, 0x8F, 0x31, 0xFD, 0x1F, 0xF5, 0xFF, 0xFF, 0xFF, 0x1F, 0x70, 0xFD, 0x6D, 0xFB,
    0x1F,
    // Unicode: [0x016E]
    0x00, 0x20, 0xEB, 0x2B, 0x00, 0x00, 0x00, 0xB0, 0x4C, 0xBD, 0x00, 0x00, 0x00, 0xE0, 0x07, 0xE7,
    0x00, 0x00, 0x00, 0xC0, 0x1B, 0xCB, 0x00, 0x00, 0xFA, 0x8F, 0xFE, 0x8E, 0xFF, 0x0A, 0xFA, 0x5F,
    0x20, 0x50, 0xFF, 0x0A, 0xFA, 0x5F, 0x00, 0x50, 0xFF, 0x0A, 0xFA, 0x5F, 0x00, 0x50, 0xFF, 0x0A,
    0xFA, 0x5F, 0x00, 0x50, 0xFF, 0x0A, 0xFA, 0x5F, 0x00, 0x50, 0xFF, 0x0A, 0xFA, 0x5F, 0x00, 0x50,
    0xFF, 0x0A, 0xFA, 0x5F, 0x00, 0x60, 0xFF, 0x0A, 0xF9, 0x8F, 0x00, 0x80, 0xFF, 0x09, 0xF4, 0xEF,
    0x46, 0xE6, 0xFF, 0x04, 0xA0, 0xFF, 0xFF, 0xFF, 0xAF, 0x00, 0x00, 0xB6, 0xFE, 0xBE, 0x06, 0x00,
    // Unicode: [0x016F]
    0x00, 0xB1, 0xDE, 0x04, 0x00, 0x00, 0xDA, 0x94, 0x1E, 0x00, 0x00, 0xCB, 0x71, 0x1F, 0x00, 0x00,
    0xD3, 0xFF, 0x07, 0x00, 0xFB, 0x2F, 0x12, 0xFB, 0x1F, 0xFB, 0x1F, 0x00, 0xFB, 0x1F, 0xFB, 0x1F,
    0x00, 0xFB, 0x1F, 0xFB, 0x1F, 0x00, 0xFB, 0x1F, 0xFB, 0x1F, 0x00, 0xFB, 0x1F, 0xFB, 0x2F, 0x00,
    0xFB, 0x1F, 0xF9, 0x8F, 0x31, 0xFD, 0x1F, 0xF5, 0xFF, 0xFF, 0xFF, 0x1F, 0x70, 0xFD, 0x6D, 0xFB,
    0x1F,
    // Unicode: [0x0170]
    0x00, 0x00, 0x11, 0x10, 0x01, 0x00, 0x00, 0x60, 0xDF, 0xF2, 0x3F, 0x00, 0x00, 0xD0, 0x3F, 0xF8,
    0x08, 0x00, 0x00, 0xF5, 0x18, 0xCE, 0x00, 0x00, 0x00, 0x00, 0x00, 0x00, 0x00, 0x00, 0xFA, 0x5F,
    0x00, 0x50, 0xFF, 0x0A, 0xFA, 0x5F, 0x00, 0x50, 0xFF, 0x0A, 0xFA, 0x5F, 0x00, 0x50, 0xFF, 0x0A,
    0xFA, 0x5F, 0x00, 0x50, 0xFF, 0x0A, 0xFA, 0x5F, 0x00, 0x50, 0xFF, 0x0A, 0xFA, 0x5F, 0x00, 0x50,
    0xFF, 0x0A, 0xFA, 0x5F, 0x00, 0x50, 0xFF, 0x0A, 0xFA, 0x5F, 0x00, 0x60, 0xFF, 0x0A, 0xF9, 0x8F,
    0x00, 0x80, 0xFF, 0x09, 0xF4, 0xEF, 0x46, 0xE6, 0xFF, 0x04, 0xA0, 0xFF, 0xFF, 0xFF, 0xAF, 0x00,
    0x00, 0xB6, 0xFE, 0xBE, 0x06, 0x00,
    // Unicode: [0x0171]
    0x00, 0xF2, 0x3F, 0xFC, 0x07, 0x00, 0xF9, 0x47, 0xCF, 0x00, 0x10, 0xCE, 0xB0, 0x2E, 0x00, 0x00,
    0x01, 0x10, 0x01, 0x00, 0xFB, 0x1F, 0x00, 0xFB, 0x1F, 0xFB, 0x1F, 0x00, 0xFB, 0x1F, 0xFB, 0x1F,
    0x00, 0xFB, 0x1F, 0xFB, 0x1F, 0x00, 0xFB, 0x1F, 0xFB, 0x1F, 0x00, 0xFB, 0x1F, 0xFB, 0x2F, 0x00,
    0xFB, 0x1F, 0xF9, 0x8F, 0x31, 0xFD, 0x1F, 0xF5, 0xFF, 0xFF, 0xFF, 0x1F, 0x70, 0xFD, 0x6D, 0xFB,
    0x1F,
    // Unicode: [0x0172]
    0xFA, 0x5F, 0x00, 0x50, 0xFF, 0x0A, 0xFA, 0x5F, 0x00, 0x50, 0xFF, 0x0A, 0xFA, 0x5F, 0x00, 0x50,
    0xFF, 0x0A, 0xFA, 0x5F, 0x00, 0x50, 0xFF, 0x0A, 0xFA, 0x5F, 0x00, 0x50, 0xFF, 0x0A, 0xFA, 0x5F,
    0x00, 0x50, 0xFF, 0x0A, 0xFA, 0x5F, 0x00, 0x50, 0xFF, 0x0A, 0xFA, 0x5F, 0x00, 0x50, 0xFF, 0x0A,
    0xF9, 0x8F, 0x00, 0x80, 0xFF, 0x08, 0xF4, 0xEF, 0x36, 0xE6, 0xFF, 0x04, 0xA0, 0xFF, 0xFF, 0xFF,
    0x9F, 0x00, 0x00, 0xB6, 0xFE, 0xEF, 0x05, 0x00, 0x00, 0x00, 0x00, 0xDD, 0x00, 0x00, 0x00, 0x00,
    0x00, 0xFA, 0x8A, 0x05, 0x00, 0x00, 0x00, 0xB2, 0xFE, 0x07,
    // Unicode: [0x0173]
    0xFB, 0x1F, 0x00, 0xFB, 0x1F, 0x00, 0xFB, 0x1F, 0x00, 0xFB, 0x1F, 0x00, 0xFB, 0x1F, 0x00, 0xFB,
    0x1F, 0x00, 0xFB, 0x1F, 0x00, 0xFB, 0x1F, 0x00, 0xFB, 0x1F, 0x00, 0xFB, 0x1F, 0x00, 0xFB, 0x2F,
    0x00, 0xFB, 0x1F, 0x00, 0xF9, 0xAF, 0x74, 0xFE, 0x1F, 0x00, 0xF5, 0xFF, 0xFF, 0xFF, 0x1F, 0x00,
    0x70, 0xFD, 0x5C, 0xFC, 0x1F, 0x00, 0x00, 0x00, 0x00, 0xDC, 0x00, 0x00, 0x00, 0x00, 0x00, 0xF9,
    0x8A, 0x06, 0x00, 0x00, 0x00, 0xA1, 0xFE, 0x08,
    // Unicode: [0x0174]
    0x00, 0x00, 0x00, 0x50, 0xFF, 0x07, 0x00, 0x00, 0x00, 0x00, 0x00, 0x00, 0xE3, 0xCD, 0x5F, 0x00,
    0x00, 0x00, 0x00, 0x00, 0x10, 0xED, 0x12, 0xED, 0x03, 0x00, 0x00, 0x00, 0x00, 0x00, 0x00, 0x00,
    0x00, 0x00, 0x00, 0x00, 0xF5, 0xBF, 0x00, 0x80, 0xFF, 0x0A, 0x00, 0xFA, 0x6F, 0xF1, 0xEF, 0x00,
    0xC0, 0xFF, 0x0E, 0x00, 0xFD, 0x2F, 0xD0, 0xFF, 0x03, 0xF1, 0xFF, 0x3F, 0x10, 0xFF, 0x0D, 0x90,
    0xFF, 0x06, 0xF5, 0xFF, 0x7F, 0x50, 0xFF, 0x09, 0x50, 0xFF, 0x09, 0xF9, 0xEE, 0xAF, 0x80, 0xFF,
    0x05, 0x10, 0xFF, 0x0D, 0xFD, 0xAA, 0xEF, 0xC0, 0xFF, 0x02, 0x00, 0xFC, 0x3F, 0xFF, 0x66, 0xFF,
    0xF3, 0xDF, 0x00, 0x00, 0xF8, 0xAF, 0xFF, 0x22, 0xFF, 0xFA, 0x9F, 0x00, 0x00, 0xF4, 0xFF, 0xDF,
    0x00, 0xFD, 0xFF, 0x5F, 0x00, 0x00, 0xF0, 0xFF, 0x9F, 0x00, 0xF9, 0xFF, 0x1F, 0x00, 0x00, 0xB0,
    0xFF, 0x5F, 0x00, 0xF5, 0xFF, 0x0C, 0x00, 0x00, 0x70, 0xFF, 0x1F, 0x00, 0xF1, 0xFF, 0x08, 0x00,
    // Unicode: [0x0175]
    0x00, 0x00, 0x00, 0xF7, 0x5F, 0x00, 0x00, 0x00, 0x00, 0x00, 0x40, 0xBF, 0xFD, 0x03, 0x00, 0x00,
    0x00, 0x00, 0xE3, 0x1D, 0xE2, 0x2E, 0x00, 0x00, 0x00, 0x00, 0x00, 0x00, 0x00, 0x00, 0x00, 0x00,
    0xF7, 0x6F, 0x00, 0xF7, 0x5F, 0x00, 0xFA, 0x3F, 0xF3, 0xAF, 0x00, 0xFC, 0x9F, 0x00, 0xFE, 0x0D,
    0xD0, 0xEF, 0x10, 0xFF, 0xDF, 0x20, 0xFF, 0x09, 0x90, 0xFF, 0x62, 0xBF, 0xFF, 0x63, 0xFF, 0x04,
    0x40, 0xFF, 0xA6, 0x6F, 0xFB, 0xA7, 0xEF, 0x00, 0x10, 0xFE, 0xEA, 0x1F, 0xF6, 0xDB, 0xAF, 0x00,
    0x00, 0xFB, 0xFF, 0x0C, 0xF2, 0xFF, 0x5F, 0x00, 0x00, 0xF6, 0xFF, 0x08, 0xC0, 0xFF, 0x1F, 0x00,
    0x00, 0xF2, 0xFF, 0x03, 0x80, 0xFF, 0x0B, 0x00,
    // Unicode: [0x0176]
    0x00, 0x00, 0xE6, 0x5E, 0x00, 0x00, 0x00, 0x50, 0xBF, 0xFC, 0x04, 0x00, 0x00, 0xC2, 0x1A, 0xB1,
    0x2C, 0x00, 0x00, 0x00, 0x00, 0x00, 0x00, 0x00, 0xFA, 0xBF, 0x00, 0x00, 0xFC, 0x6F, 0xE1, 0xFF,
    0x04, 0x50, 0xFF, 0x0C, 0x70, 0xFF, 0x0C, 0xD0, 0xFF, 0x04, 0x00, 0xFD, 0x6F, 0xF6, 0xAF, 0x00,
    0x00, 0xF5, 0xDF, 0xFD, 0x2F, 0x00, 0x00, 0xB0, 0xFF, 0xFF, 0x08, 0x00, 0x00, 0x20, 0xFF, 0xDF,
    0x01, 0x00, 0x00, 0x00, 0xFA, 0x7F, 0x00, 0x00, 0x00, 0x00, 0xF8, 0x7F, 0x00, 0x00, 0x00, 0x00,
    0xF8, 0x7F, 0x00, 0x00, 0x00, 0x00, 0xF8, 0x7F, 0x00, 0x00, 0x00, 0x00, 0xF8, 0x7F, 0x00, 0x00,
    // Unicode: [0x0177]
    0x00, 0x30, 0xFE, 0x09, 0x00, 0x00, 0x00, 0xD2, 0xAE, 0x7F, 0x00, 0x00, 0x10, 0xFC, 0x04, 0xFB,
    0x05, 0x00, 0x00, 0x00, 0x00, 0x00, 0x00, 0x00, 0xF9, 0x6F, 0x00, 0xD0, 0xEF, 0x01, 0xF3, 0xBF,
    0x00, 0xF4, 0x9F, 0x00, 0xC0, 0xFF, 0x02, 0xF9, 0x3F, 0x00, 0x60, 0xFF, 0x07, 0xFE, 0x0B, 0x00,
    0x10, 0xFE, 0x4D, 0xFF, 0x05, 0x00, 0x00, 0xF9, 0xDF, 0xEF, 0x00, 0x00, 0x00, 0xF3, 0xFF, 0x8F,
    0x00, 0x00, 0x00, 0xC0, 0xFF, 0x2F, 0x00, 0x00, 0x00, 0x70, 0xFF, 0x0B, 0x00, 0x00, 0x00, 0xA0,
    0xFF, 0x05, 0x00, 0x00, 0x00, 0xF2, 0xEF, 0x00, 0x00, 0x00, 0x00, 0xF8, 0x8F, 0x00, 0x00, 0x00,
    // Unicode: [0x0178]
    0x00, 0xF5, 0x0F, 0xF2, 0x3F, 0x00, 0x00, 0xF5, 0x0F, 0xF2, 0x3F, 0x00, 0x00, 0x21, 0x02, 0x20,
    0x02, 0x00, 0xFA, 0xBF, 0x00, 0x00, 0xFC, 0x6F, 0xE1, 0xFF, 0x04, 0x50, 0xFF, 0x0C, 0x70, 0xFF,
    0x0C, 0xD0, 0xFF, 0x04, 0x00, 0xFD, 0x6F, 0xF6, 0xAF, 0x00, 0x00, 0xF5, 0xDF, 0xFD, 0x2F, 0x00,
    0x00, 0xB0, 0xFF, 0xFF, 0x08, 0x00, 0x00, 0x20, 0xFF, 0xDF, 0x01, 0x00, 0x00, 0x00, 0xFA, 0x7F,
    0x00, 0x00, 0x00, 0x00, 0xF8, 0x7F, 0x00, 0x00, 0x00, 0x00, 0xF8, 0x7F, 0x00, 0x00, 0x00, 0x00,
    0xF8, 0x7F, 0x00, 0x00, 0x00, 0x00, 0xF8, 0x7F, 0x00, 0x00,
    // Unicode: [0x0179]
    0x00, 0x00, 0x50, 0xFF, 0x06, 0x00, 0x00, 0x00, 0xD1, 0x7F, 0x00, 0x00, 0x00, 0x00, 0xF9, 0x07,
    0x00, 0x00, 0x00, 0x00, 0x00, 0x00, 0x00, 0x00, 0xF0, 0xFF, 0xFF, 0xFF, 0xFF, 0x03, 0xF0, 0xFF,
    0xFF, 0xFF, 0xFF, 0x03, 0x40, 0x44, 0x44, 0xFD, 0xDF, 0x01, 0x00, 0x00, 0x70, 0xFF, 0x3F, 0x00,
    0x00, 0x00, 0xF4, 0xFF, 0x06, 0x00, 0x00, 0x10, 0xFD, 0xAF, 0x00, 0x00, 0x00, 0xB0, 0xFF, 0x1D,
    0x00, 0x00, 0x00, 0xF8, 0xEF, 0x02, 0x00, 0x00, 0x40, 0xFF, 0x5F, 0x00, 0x00, 0x00, 0xE2, 0xFF,
    0x4B, 0x44, 0x44, 0x02, 0xF4, 0xFF, 0xFF, 0xFF, 0xFF, 0x07, 0xF4, 0xFF, 0xFF, 0xFF, 0xFF, 0x07,
    // Unicode: [0x017A]
    0x00, 0x00, 0xE2, 0xAF, 0x00, 0x00, 0x00, 0xFB, 0x0A, 0x00, 0x00, 0x50, 0xBF, 0x00, 0x00, 0x00,
    0x00, 0x00, 0x00, 0x00, 0xF2, 0xFF, 0xFF, 0xFF, 0x0C, 0xF2, 0xFF, 0xFF, 0xFF, 0x0C, 0x10, 0x11,
    0xE3, 0xEF, 0x03, 0x00, 0x20, 0xFE, 0x4F, 0x00, 0x00, 0xD1, 0xFF, 0x06, 0x00, 0x10, 0xFC, 0x8F,
    0x00, 0x00, 0xA0, 0xFF, 0x1A, 0x11, 0x01, 0xF5, 0xFF, 0xFF, 0xFF, 0x0E, 0xF5, 0xFF, 0xFF, 0xFF,
    0x0E,
    // Unicode: [0x017B]
    0x00, 0x00, 0xFC, 0x2F, 0x00, 0x00, 0x00, 0x00, 0xFC, 0x2F, 0x00, 0x00, 0x00, 0x00, 0x21, 0x02,
    0x00, 0x00, 0xF0, 0xFF, 0xFF, 0xFF, 0xFF, 0x03, 0xF0, 0xFF, 0xFF, 0xFF, 0xFF, 0x03, 0x40, 0x44,
    0x44, 0xFD, 0xDF, 0x01, 0x00, 0x00, 0x70, 0xFF, 0x3F, 0x00, 0x00, 0x00, 0xF4, 0xFF, 0x06, 0x00,
    0x00, 0x10, 0xFD, 0xAF, 0x00, 0x00, 0x00, 0xB0, 0xFF, 0x1D, 0x00, 0x00, 0x00, 0xF8, 0xEF, 0x02,
    0x00, 0x00, 0x40, 0xFF, 0x5F, 0x00, 0x00, 0x00, 0xE2, 0xFF, 0x4B, 0x44, 0x44, 0x02, 0xF4, 0xFF,
    0xFF, 0xFF, 0xFF, 0x07, 0xF4, 0xFF, 0xFF, 0xFF, 0xFF, 0x07,
    // Unicode: [0x017C]
    0x00, 0x80, 0xFF, 0x06, 0x00, 0x00, 0x80, 0xFF, 0x06, 0x00, 0x00, 0x10, 0x22, 0x01, 0x00, 0xF2,
    0xFF, 0xFF, 0xFF, 0x0C, 0xF2, 0xFF, 0xFF, 0xFF, 0x0C, 0x10, 0x11, 0xE3, 0xEF, 0x03, 0x00, 0x20,
    0xFE, 0x4F, 0x00, 0x00, 0xD1, 0xFF, 0x06, 0x00, 0x10, 0xFC, 0x8F, 0x00, 0x00, 0xA0, 0xFF, 0x1A,
    0x11, 0x01, 0xF5, 0xFF, 0xFF, 0xFF, 0x0E, 0xF5, 0xFF, 0xFF, 0xFF, 0x0E,
    // Unicode: [0x017D]
    0x00, 0xF8, 0x08, 0xF7, 0x09, 0x00, 0x00, 0xA0, 0x9F, 0xBF, 0x00, 0x00, 0x00, 0x10, 0xFC, 0x1D,
    0x00, 0x00, 0x00, 0x00, 0x00, 0x00, 0x00, 0x00, 0xF0, 0xFF, 0xFF, 0xFF, 0xFF, 0x03, 0xF0, 0xFF,
    0xFF, 0xFF, 0xFF, 0x03, 0x40, 0x44, 0x44, 0xFD, 0xDF, 0x01, 0x00, 0x00, 0x70, 0xFF, 0x3F, 0x00,
    0x00, 0x00, 0xF4, 0xFF, 0x06, 0x00, 0x00, 0x10, 0xFD, 0xAF, 0x00, 0x00, 0x00, 0xB0, 0xFF, 0x1D,
    0x00, 0x00, 0x00, 0xF8, 0xEF, 0x02, 0x00, 0x00, 0x40, 0xFF, 0x5F, 0x00, 0x00, 0x00, 0xE2, 0xFF,
    0x4B, 0x44, 0x44, 0x02, 0xF4, 0xFF, 0xFF, 0xFF, 0xFF, 0x07, 0xF4, 0xFF, 0xFF, 0xFF, 0xFF, 0x07,
    // Unicode: [0x017E]
    0x40, 0xBF, 0x30, 0xCF, 0x01, 0x00, 0xF7, 0xEA, 0x2E, 0x00, 0x00, 0x90, 0xFF, 0x03, 0x00, 0x00,
    0x00, 0x00, 0x00, 0x00, 0xF2, 0xFF, 0xFF, 0xFF, 0x0C, 0xF2, 0xFF, 0xFF, 0xFF, 0x0C, 0x10, 0x11,
    0xE3, 0xEF, 0x03, 0x00, 0x20, 0xFE, 0x4F, 0x00, 0x00, 0xD1, 0xFF, 0x06, 0x00, 0x10, 0xFC, 0x8F,
    0x00, 0x00, 0xA0, 0xFF, 0x1A, 0x11, 0x01, 0xF5, 0xFF, 0xFF, 0xFF, 0x0E, 0xF5, 0xFF, 0xFF, 0xFF,
    0x0E,
    // Unicode: [0x017F]
    0x50, 0xEC, 0xBF, 0xF4, 0xFF, 0xCF, 0xF9, 0x8F, 0x22, 0xFA, 0x2F, 0x00, 0xFA, 0x2F, 0x00, 0xFA,
    0x2F, 0x00, 0xFA, 0x2F, 0x00, 0xFA, 0x2F, 0x00, 0xFA, 0x2F, 0x00, 0xFA, 0x2F, 0x00, 0xFA, 0x2F,
    0x00, 0xFA, 0x2F, 0x00
};
